rcsb_1ilp_ck,ccn_1ilp_ck,clean_1ilp_ck,rcsb_1ilp_ckr,bw_1ilp_ckr,clean_1ilp_ckr,rcsb_2mpm_ck,ccn_2mpm_ck,clean_2mpm_ck,rcsb_2mpm_ckr,bw_2mpm_ckr,clean_2mpm_ckr,rcsb_2n55_ck,ccn_2n55_ck,clean_2n55_ck,rcsb_2n55_ckr,bw_2n55_ckr,clean_2n55_ckr,rcsb_4rws_ck,ccn_4rws_ck,clean_4rws_ck,rcsb_4rws_ckr,bw_4rws_ckr,clean_4rws_ckr,rcsb_4xt1_ck,ccn_4xt1_ck,clean_4xt1_ck,rcsb_4xt1_ckr,bw_4xt1_ckr,clean_4xt1_ckr,rcsb_5uiw_ck,ccn_5uiw_ck,clean_5uiw_ck,rcsb_5uiw_ckr,bw_5uiw_ckr,clean_5uiw_ckr,rcsb_2k05_ck,ccn_2k05_ck,clean_2k05_ck,rcsb_2k05_ckr,bw_2k05_ckr,clean_2k05_ckr,rcsb_6fgp_ck,ccn_6fgp_ck,clean_6fgp_ck,rcsb_6fgp_ckr,bw_6fgp_ckr,clean_6fgp_ckr,rcsb_5wb2_ck,ccn_5wb2_ck,clean_5wb2_ck,rcsb_5wb2_ckr,bw_5wb2_ckr,clean_5wb2_ckr,rcsb_6wwz_ck,ccn_6wwz_ck,clean_6wwz_ck,rcsb_6wwz_ckr,bw_6wwz_ckr,clean_6wwz_ckr,rcsb_6lfo_ck,ccn_6lfo_ck,clean_6lfo_ck,rcsb_6lfo_ckr,bw_6lfo_ckr,clean_6lfo_ckr,ccn_ngo_ck,clean_ngo_ck,bw_ngo_ckr,clean_ngo_ckr,ccn_zheng_ck,clean_zheng_ck,bw_zheng_ckr,clean_zheng_ckr,ccn_7o7f_ck,clean_7o7f_ck,bw_7o7f_ckr,clean_7o7f_ckr,ccn_7f1t_ck,clean_7f1t_ck,bw_7f1t_ckr,clean_7f1t_ckr,ccn_7f1r_ck,clean_7f1r_ck,bw_7f1r_ckr,clean_7f1r_ckr,ccn_7f1q_ck,clean_7f1q_ck,bw_7f1q_ckr,clean_7f1q_ckr
1,NTc.Cm5,1,0,NA,1,1,NTc.Cm8,1,208,NTr.Cm16,1,-1,NTc.Cm10,1,199,NA,1,1,NTc.Cm10,1,23,NTr.Cm5,1,1,NTc.Cm7,1,15,NTr.Cm8,1,0,NTc.Cm10,1,16,NTr.Cm4,1,NA,NTc.Cm8,1,NA,NTr.Cm27,1,NA,NTc.Cm9,1,NA,NTr.Cm19,1,NA,NTc.Cm7,1,NA,NTr.Cm6,1,1,NTc.Cm5,1,27,NTr.Cm9,27,1,NTc.Cm6,1,26,NTr.Cm13,26,NTc.Cm8,1,NTr.Cm27,1,NTc.Cm9,1,NTr.Cm7,13,NTc.Cm10,0,NTr.Cm4,16,NTc.Cm7,1,NTr.Cm12,8,NTc.Cm9,1,1x35,128,NTc.Cm9,1,NTr.Cm4,112
2,NTc.Cm4,2,1,NTr.Cm21,2,2,NTc.Cm7,2,209,NTr.Cm15,2,0,NTc.Cm9,2,200,NA,2,2,NTc.Cm9,2,24,NTr.Cm4,2,2,NTc.Cm6,2,16,NTr.Cm7,2,1,NTc.Cm9,2,17,NTr.Cm3,2,NA,NTc.Cm7,2,NA,NTr.Cm26,2,NA,NTc.Cm8,2,NA,NTr.Cm18,2,NA,NTc.Cm6,2,NA,NTr.Cm5,2,2,NTc.Cm4,2,28,NTr.Cm8,28,2,NTc.Cm5,2,27,NTr.Cm12,27,NTc.Cm7,2,NTr.Cm26,2,NTc.Cm8,2,NTr.Cm6,14,NTc.Cm9,1,NTr.Cm3,17,NTc.Cm6,2,NTr.Cm11,9,NTc.Cm8,2,1x36,129,NTc.Cm8,2,NTr.Cm3,113
3,NTc.Cm3,3,2,NTr.Cm20,3,3,NTc.Cm6,3,210,NTr.Cm14,3,1,NTc.Cm8,3,201,NTr.Cm27,3,3,NTc.Cm8,3,25,NTr.Cm3,3,3,NTc.Cm5,3,17,NTr.Cm6,3,2,NTc.Cm8,3,18,NTr.Cm2,3,NA,NTc.Cm6,3,NA,NTr.Cm25,3,NA,NTc.Cm7,3,NA,NTr.Cm17,3,NA,NTc.Cm5,3,NA,NTr.Cm4,3,3,NTc.Cm3,3,29,NTr.Cm7,29,3,NTc.Cm4,3,28,NTr.Cm11,28,NTc.Cm6,3,NTr.Cm25,3,NTc.Cm7,3,NTr.Cm5,15,NTc.Cm8,2,NTr.Cm2,18,NTc.Cm5,3,NTr.Cm10,10,NTc.Cm7,3,1x37,130,NTc.Cm7,3,NTr.Cm2,114
4,NTc.Cm2,4,3,NTr.Cm19,4,4,NTc.Cm5,4,211,NTr.Cm13,4,2,NTc.Cm7,4,202,NTr.Cm26,4,4,NTc.Cm7,4,26,NTr.Cm2,4,4,NTc.Cm4,4,18,NTr.Cm5,4,3,NTc.Cm7,4,19,NTr.Cm1,4,NA,NTc.Cm5,4,NA,NTr.Cm24,4,NA,NTc.Cm6,4,NA,NTr.Cm16,4,NA,NTc.Cm4,4,NA,NTr.Cm3,4,4,NTc.Cm2,4,30,NTr.Cm6,30,4,NTc.Cm3,4,29,NTr.Cm10,29,NTc.Cm5,4,NTr.Cm24,4,NTc.Cm6,4,NTr.Cm4,16,NTc.Cm7,3,NTr.Cm1,19,NTc.Cm4,4,NTr.Cm9,11,NTc.Cm6,4,1x38,131,NTc.Cm6,4,NTr.Cm1,115
5,NTc.Cm1,5,4,NTr.Cm18,5,5,NTc.Cm4,5,212,NTr.Cm12,5,3,NTc.Cm6,5,203,NTr.Cm25,5,5,NTc.Cm6,5,27,NTr.Cm1,5,5,NTc.Cm3,5,19,NTr.Cm4,5,4,NTc.Cm6,5,20,1x22,5,NA,NTc.Cm4,5,NA,NTr.Cm23,5,NA,NTc.Cm5,5,NA,NTr.Cm15,5,NA,NTc.Cm3,5,NA,NTr.Cm2,5,5,NTc.Cm1,5,31,NTr.Cm5,31,5,NTc.Cm2,5,30,NTr.Cm9,30,NTc.Cm4,5,NTr.Cm23,5,NTc.Cm5,5,NTr.Cm3,17,NTc.Cm6,4,1x22,20,NTc.Cm3,5,NTr.Cm8,12,NTc.Cm5,5,1x39,132,NTc.Cm5,5,1x22,116
6,CX.1,6,5,NTr.Cm17,6,6,NTc.Cm3,6,213,NTr.Cm11,6,4,NTc.Cm5,6,204,NTr.Cm24,6,6,NTc.Cm5,6,28,1x22,6,6,NTc.Cm2,6,20,NTr.Cm3,6,5,NTc.Cm5,6,21,1x23,6,NA,NTc.Cm3,6,NA,NTr.Cm22,6,NA,NTc.Cm4,6,NA,NTr.Cm14,6,NA,NTc.Cm2,6,NA,NTr.Cm1,6,6,CX.1,6,32,NTr.Cm4,32,6,NTc.Cm1,6,31,NTr.Cm8,31,NTc.Cm3,6,NTr.Cm22,6,NTc.Cm4,6,NTr.Cm2,18,NTc.Cm5,5,1x23,21,NTc.Cm2,6,NTr.Cm7,13,NTc.Cm4,6,1x40,133,NTc.Cm4,6,1x23,117
7,CX.4,7,6,NTr.Cm16,7,7,NTc.Cm2,7,214,NTr.Cm10,7,5,NTc.Cm4,7,205,NTr.Cm23,7,7,NTc.Cm4,7,29,1x23,7,7,NTc.Cm1,7,21,NTr.Cm2,7,6,NTc.Cm4,7,22,1x24,7,NA,NTc.Cm2,7,NA,NTr.Cm21,7,NA,NTc.Cm3,7,NA,NTr.Cm13,7,NA,NTc.Cm1,7,NA,1x22,7,7,CX.5,7,33,NTr.Cm3,33,7,CX.1,7,32,NTr.Cm7,32,NTc.Cm2,7,NTr.Cm21,7,NTc.Cm3,7,NTr.Cm1,19,NTc.Cm4,6,1x24,22,NTc.Cm1,7,NTr.Cm6,14,NTc.Cm3,7,1x41,134,NTc.Cm3,7,1x24,118
8,CX.5,8,7,NA,8,8,NTc.Cm1,8,215,NTr.Cm9,8,6,NTc.Cm3,8,206,NTr.Cm22,8,8,NTc.Cm3,8,30,1x24,8,8,CX.1,8,22,NTr.Cm1,8,7,NTc.Cm3,8,23,1x25,8,NA,NTc.Cm1,8,NA,NTr.Cm20,8,NA,NTc.Cm2,8,NA,NTr.Cm12,8,NA,CX.1,8,NA,1x23,8,8,cxb1.1,8,34,NTr.Cm2,34,8,CX.4,8,33,NTr.Cm6,33,NTc.Cm1,8,NTr.Cm20,8,NTc.Cm2,8,1x22,20,NTc.Cm3,7,1x25,23,CX.1,8,NTr.Cm5,15,NTc.Cm2,8,1x42,135,NTc.Cm2,8,1x25,119
9,cxb1.1,9,8,NTr.Cm10,9,9,CX.1,9,216,NTr.Cm8,9,7,NTc.Cm2,9,207,NTr.Cm21,9,9,NTc.Cm2,9,31,1x25,9,9,CX.2,9,23,1x22,9,8,NTc.Cm2,9,24,1x26,9,NA,CX.1,9,NA,NTr.Cm19,9,NA,NTc.Cm1,9,NA,NTr.Cm11,9,NA,CX.2,9,NA,1x24,9,9,cxb1.2,9,35,NTr.Cm1,35,9,CX.5,9,34,NTr.Cm5,34,CX.1,9,NTr.Cm19,9,NTc.Cm1,9,1x23,21,NTc.Cm2,8,1x26,24,CX.5,9,NTr.Cm4,16,NTc.Cm1,9,1x43,136,NTc.Cm1,9,1x26,120
10,cxb1.2,10,9,NTr.Cm9,10,10,CX.5,10,217,NTr.Cm7,10,8,NTc.Cm1,10,208,NTr.Cm20,10,10,NTc.Cm1,10,32,1x26,10,10,CX.3,10,24,1x23,10,9,NTc.Cm1,10,25,1x27,10,NA,CX.4,10,NA,NTr.Cm18,10,NA,CX.1,10,NA,NTr.Cm10,10,NA,CX.3,10,NA,1x25,10,10,cxb1.5,10,36,1x22,36,10,cxb1.1,10,35,NTr.Cm4,35,CX.4,10,NTr.Cm18,10,CX.1,10,1x24,22,NTc.Cm1,9,1x27,25,cxb1.1,10,NTr.Cm3,17,CX.1,10,1x44,137,CX.1,10,1x27,121
11,cxb1.5,11,10,NTr.Cm8,11,11,cxb1.1,11,218,NTr.Cm6,11,9,CX.1,11,209,NTr.Cm19,11,11,CX.1,11,33,1x27,11,11,CX.4,11,25,1x24,11,10,CX.1,11,26,1x28,11,NA,CX.5,11,NA,NTr.Cm17,11,NA,CX.5,11,NA,NTr.Cm9,11,NA,CX.4,11,NA,1x26,11,11,cxb1.6,11,37,1x23,37,11,cxb1.2,11,36,NTr.Cm3,36,CX.5,11,NTr.Cm17,11,CX.5,11,1x25,23,CX.1,10,1x28,26,cxb1.2,11,NTr.Cm2,18,CX.5,11,1x45,138,CX.5,11,1x28,122
12,cxb1.6,12,11,NTr.Cm7,12,12,cxb1.2,12,219,NTr.Cm5,12,10,CX.4,12,210,NTr.Cm18,12,12,CX.5,12,34,1x28,12,12,CX.5,12,26,1x25,12,11,CX.5,12,27,1x29,12,NA,cxb1.1,12,NA,NTr.Cm16,12,NA,cxb1.1,12,NA,NTr.Cm8,12,NA,CX.5,12,NA,1x27,12,12,cxb1.7,12,38,1x24,38,12,cxb1.5,12,37,NTr.Cm2,37,cxb1.1,12,NTr.Cm16,12,cxb1.1,12,1x26,24,CX.5,11,1x29,27,cxb1.5,12,NTr.Cm1,19,cxb1.1,12,1x46,139,cxb1.1,12,1x29,123
13,cxb1.7,13,12,NTr.Cm6,13,13,cxb1.5,13,220,NTr.Cm4,13,11,CX.5,13,211,NTr.Cm17,13,13,cxb1.1,13,35,1x29,13,13,cxb1.1,13,27,1x26,13,12,cxb1.1,13,28,1x30,13,NA,cxb1.2,13,NA,NTr.Cm15,13,NA,cxb1.2,13,NA,NTr.Cm7,13,NA,cxb1.1,13,NA,1x28,13,13,cxb1.8,13,39,1x25,39,13,cxb1.6,13,38,NTr.Cm1,38,cxb1.2,13,NTr.Cm15,13,cxb1.2,13,1x27,25,cxb1.1,12,1x30,28,cxb1.6,13,1x22,20,cxb1.2,13,1x47,140,cxb1.2,13,1x30,124
14,cxb1.8,14,13,NTr.Cm5,14,14,cxb1.6,14,221,NTr.Cm3,14,12,cxb1.1,14,212,NTr.Cm16,14,14,cxb1.2,14,36,1x30,14,14,cxb1.2,14,28,1x27,14,13,cxb1.2,14,29,1x31,14,NA,cxb1.5,14,NA,NTr.Cm14,14,NA,cxb1.5,14,NA,NTr.Cm6,14,NA,cxb1.2,14,NA,1x29,14,14,cxb1.10,14,40,1x26,40,14,cxb1.7,14,39,1x22,39,cxb1.5,14,NTr.Cm14,14,cxb1.5,14,1x28,26,cxb1.2,13,1x31,29,cxb1.7,14,1x23,21,cxb1.5,14,1x48,141,cxb1.5,14,1x31,125
15,cxb1.10,15,14,NTr.Cm4,15,15,cxb1.7,15,222,NTr.Cm2,15,13,cxb1.2,15,213,NTr.Cm15,15,15,cxb1.5,15,37,1x31,15,15,cxb1.5,15,29,1x28,15,14,cxb1.5,15,30,1x32,15,NA,cxb1.6,15,NA,NTr.Cm13,15,NA,cxb1.6,15,NA,NTr.Cm5,15,NA,cxb1.5,15,NA,1x30,15,15,cxb1.11,15,41,1x27,41,15,cxb1.8,15,40,1x23,40,cxb1.6,15,NTr.Cm13,15,cxb1.6,15,1x29,27,cxb1.5,14,1x32,30,cxb1.8,15,1x24,22,cxb1.6,15,1x49,142,cxb1.6,15,1x32,126
16,cxb1.11,16,15,NTr.Cm3,16,16,cxb1.8,16,223,NTr.Cm1,16,14,cxb1.5,16,214,NTr.Cm14,16,16,cxb1.6,16,38,1x32,16,16,cxb1.6,16,30,1x29,16,15,cxb1.6,16,31,1x33,16,NA,cxb1.8,16,NA,NTr.Cm12,16,NA,cxb1.7,16,NA,NTr.Cm4,16,NA,cxb1.6,16,NA,1x31,16,16,cxb1.14,16,42,1x28,42,16,cxb1.10,16,41,1x24,41,cxb1.8,16,NTr.Cm12,16,cxb1.7,16,1x30,28,cxb1.6,15,1x33,31,cxb1.10,16,1x25,23,cxb1.7,16,1x50,143,cxb1.7,16,1x33,127
17,cxb1.14,17,16,NTr.Cm2,17,17,cxb1.10,17,NA,NA,NA,15,cxb1.6,17,215,NTr.Cm13,17,17,cxb1.7,17,39,1x33,17,17,cxb1.8,17,31,1x30,17,16,cxb1.7,17,32,1x34,17,NA,cxb1.10,17,NA,NTr.Cm11,17,NA,cxb1.8,17,NA,NTr.Cm3,17,NA,cxb1.8,17,NA,1x32,17,17,cxb1.15,17,43,1x29,43,17,cxb1.11,17,42,1x25,42,cxb1.10,17,NTr.Cm11,17,cxb1.8,17,1x31,29,cxb1.7,16,1x34,32,cxb1.11,17,1x26,24,cxb1.8,17,1x51,144,cxb1.8,17,1x34,128
18,cxb1.15,18,17,NTr.Cm1,18,18,cxb1.11,18,NA,NA,NA,16,cxb1.8,18,216,NTr.Cm12,18,18,cxb1.8,18,40,1x34,18,18,cxb1.10,18,32,1x31,18,17,cxb1.8,18,33,1x35,18,NA,cxb1.11,18,NA,NTr.Cm10,18,NA,cxb1.10,18,NA,NTr.Cm2,18,NA,cxb1.10,18,NA,1x33,18,18,cxb1.16,18,44,1x30,44,18,cxb1.14,18,43,1x26,43,cxb1.11,18,NTr.Cm10,18,cxb1.10,18,1x32,30,cxb1.8,17,1x35,33,cxb1.14,18,1x27,25,cxb1.10,18,1x52,145,cxb1.10,18,1x35,129
19,cxb1.16,19,18,NA,19,19,cxb1.14,19,NA,NA,NA,17,cxb1.10,19,217,NTr.Cm11,19,19,cxb1.10,19,41,1x35,19,19,cxb1.11,19,33,1x32,19,18,cxb1.10,19,34,1x36,19,NA,cxb1.14,19,NA,NTr.Cm9,19,NA,cxb1.11,19,NA,NTr.Cm1,19,NA,cxb1.11,19,NA,1x34,19,19,B1.1,19,45,1x31,45,19,cxb1.15,19,44,1x27,44,cxb1.14,19,NTr.Cm9,19,cxb1.11,19,1x33,31,cxb1.10,18,1x36,34,cxb1.15,19,1x28,26,cxb1.11,19,1x53,146,cxb1.11,19,1x36,130
20,B1.1,20,NA,NA,NA,20,cxb1.15,20,NA,NA,NA,18,cxb1.11,20,218,NTr.Cm10,20,20,cxb1.11,20,42,1x36,20,20,cxb1.14,20,34,1x33,20,19,cxb1.11,20,35,1x37,20,NA,cxb1.15,20,NA,NTr.Cm8,20,NA,cxb1.14,20,NA,1x22,20,NA,cxb1.14,20,NA,1x35,20,20,B1.2,20,46,1x32,46,20,cxb1.16,20,45,1x28,45,cxb1.15,20,NTr.Cm8,20,cxb1.14,20,1x34,32,cxb1.11,19,1x37,35,cxb1.16,20,1x29,27,cxb1.14,20,1x54,147,cxb1.14,20,1x37,131
21,B1.2,21,NA,NA,NA,21,cxb1.16,21,NA,NA,NA,19,cxb1.14,21,219,NTr.Cm9,21,21,cxb1.14,21,43,1x37,21,21,cxb1.15,21,35,1x34,21,20,cxb1.14,21,36,1x38,21,NA,cxb1.16,21,NA,NTr.Cm7,21,NA,cxb1.15,21,NA,1x23,21,NA,cxb1.15,21,NA,1x36,21,21,B1.3,21,47,1x33,47,21,B1.1,21,46,1x30,46,cxb1.16,21,NTr.Cm7,21,cxb1.15,21,1x35,33,cxb1.14,20,1x38,36,B1.1,21,1x30,28,cxb1.15,21,1x55,148,cxb1.15,21,1x38,132
22,B1.3,22,NA,NA,NA,22,B1.1,22,NA,NA,NA,20,cxb1.15,22,220,NTr.Cm8,22,22,cxb1.15,22,44,1x38,22,22,cxb1.16,22,36,1x35,22,21,cxb1.15,22,37,1x39,22,NA,B1.1,22,NA,NTr.Cm6,22,NA,cxb1.16,22,NA,1x24,22,NA,cxb1.16,22,NA,1x37,22,22,B1.4,22,48,1x34,48,22,B1.2,22,47,1x31,47,B1.1,22,NTr.Cm6,22,cxb1.16,22,1x36,34,cxb1.15,21,1x39,37,B1.2,22,1x31,29,cxb1.16,22,1x56,149,cxb1.16,22,1x39,133
23,B1.4,23,NA,NA,NA,23,B1.2,23,NA,NA,NA,21,cxb1.16,23,221,NTr.Cm7,23,23,cxb1.16,23,45,1x39,23,23,B1.1,23,37,1x36,23,22,cxb1.16,23,38,1x40,23,NA,B1.2,23,NA,NTr.Cm5,23,NA,B1.1,23,NA,1x25,23,NA,B1.1,23,NA,1x38,23,23,B1.5,23,49,1x35,49,23,B1.3,23,48,1x32,48,B1.2,23,NTr.Cm5,23,B1.1,23,1x37,35,cxb1.16,22,1x40,38,B1.3,23,1x32,30,B1.1,23,1x57,150,B1.1,23,1x40,134
24,B1.5,24,NA,NA,NA,24,B1.3,24,NA,NA,NA,22,B1.1,24,222,NTr.Cm6,24,24,B1.1,24,46,1x40,24,24,B1.2,24,38,1x37,24,23,B1.1,24,39,1x41,24,NA,B1.3,24,NA,NTr.Cm4,24,NA,B1.2,24,NA,1x26,24,NA,B1.2,24,NA,1x39,24,24,B1.6,24,50,1x36,50,24,B1.4,24,49,1x33,49,B1.3,24,NTr.Cm4,24,B1.2,24,1x38,36,B1.1,23,1x41,39,B1.4,24,1x33,31,B1.2,24,1x58,151,B1.2,24,1x41,135
25,B1.6,25,NA,NA,NA,25,B1.4,25,NA,NA,NA,23,B1.2,25,223,NTr.Cm5,25,25,B1.2,25,47,1x41,25,25,B1.3,25,39,1x38,25,24,B1.2,25,40,1x42,25,NA,B1.4,25,NA,NTr.Cm3,25,NA,B1.3,25,NA,1x27,25,NA,B1.3,25,NA,1x40,25,25,B1.7,25,51,1x37,51,25,B1.5,25,50,1x34,50,B1.4,25,NTr.Cm3,25,B1.3,25,1x39,37,B1.2,24,1x42,40,B1.5,25,1x34,32,B1.3,25,1x59,152,B1.3,25,1x42,136
26,B1.7,26,NA,NA,NA,26,B1.5,26,NA,NA,NA,24,B1.3,26,224,NTr.Cm4,26,26,B1.3,26,48,1x42,26,26,B1.4,26,40,1x39,26,25,B1.3,26,41,1x43,26,NA,B1.5,26,NA,NTr.Cm2,26,NA,B1.4,26,NA,1x28,26,NA,B1.4,26,NA,1x41,26,26,b1b2.4,26,52,1x38,52,26,B1.6,26,51,1x35,51,B1.5,26,NTr.Cm2,26,B1.4,26,1x40,38,B1.3,25,1x43,41,B1.6,26,1x35,33,B1.4,26,1x60,153,B1.4,26,1x43,137
27,b1b2.4,27,NA,NA,NA,27,B1.6,27,NA,NA,NA,25,B1.4,27,225,NTr.Cm3,27,27,B1.4,27,49,1x43,27,27,B1.5,27,41,1x40,27,26,B1.4,27,42,1x44,27,NA,B1.6,27,NA,NTr.Cm1,27,NA,B1.5,27,NA,1x29,27,NA,B1.5,27,NA,1x42,27,27,b1b2.6,27,53,1x39,53,27,B1.7,27,52,1x36,52,B1.6,27,NTr.Cm1,27,B1.5,27,1x41,39,B1.4,26,1x44,42,B1.7,27,1x36,34,B1.5,27,12x48,154,B1.5,27,1x44,138
28,b1b2.6,28,NA,NA,NA,28,B1.7,28,NA,NA,NA,26,B1.5,28,226,NTr.Cm2,28,28,B1.5,28,50,1x44,28,28,B1.6,28,42,1x41,28,27,B1.5,28,43,1x45,28,NA,B1.7,28,NA,1x22,28,NA,B1.6,28,NA,NA,NA,NA,B1.6,28,NA,1x43,28,28,b1b2.7,28,54,1x40,54,28,b1b2.4,28,53,1x37,53,B1.7,28,1x22,28,B1.6,28,1x42,40,B1.5,27,1x45,43,b1b2.4,28,1x37,35,B1.6,28,12x49,155,B1.6,28,1x45,139
29,b1b2.7,29,NA,NA,NA,29,b1b2.4,29,NA,NA,NA,27,B1.6,29,227,NTr.Cm1,29,29,B1.6,29,51,1x45,29,29,B1.7,29,43,1x42,29,28,B1.6,29,44,1x46,29,NA,b1b2.4,29,NA,1x23,29,NA,B1.7,29,NA,NA,NA,NA,B1.7,29,NA,1x44,29,29,b1b2.8,29,55,1x41,55,29,b1b2.6,29,54,1x38,54,b1b2.4,29,1x23,29,B1.7,29,1x43,41,B1.6,28,1x46,44,b1b2.6,29,1x38,36,B1.7,29,12x50,156,B1.7,29,1x46,140
30,b1b2.8,30,NA,NA,NA,30,b1b2.6,30,NA,NA,NA,28,B1.7,30,228,1x22,30,30,B1.7,30,52,1x46,30,30,b1b2.4,30,44,1x43,30,29,B1.7,30,45,1x47,30,NA,b1b2.7,30,NA,1x24,30,NA,b1b2.4,30,NA,NA,NA,NA,b1b2.4,30,NA,1x45,30,30,b1b2.9,30,56,1x42,56,30,b1b2.7,30,55,1x39,55,b1b2.7,30,1x24,30,b1b2.4,30,1x44,42,B1.7,29,1x47,45,b1b2.9,30,1x39,37,b1b2.4,30,12x51,157,b1b2.4,30,1x47,141
31,b1b2.9,31,NA,NA,NA,31,b1b2.7,31,NA,NA,NA,29,b1b2.4,31,229,1x23,31,31,b1b2.4,31,53,1x47,31,31,b1b2.6,31,45,1x44,31,30,b1b2.4,31,46,1x48,31,NA,b1b2.8,31,NA,1x25,31,NA,b1b2.6,31,NA,NA,NA,NA,b1b2.6,31,NA,1x46,31,31,b1b2.10,31,57,1x43,57,31,b1b2.8,31,56,1x40,56,b1b2.8,31,1x25,31,b1b2.6,31,1x45,43,b1b2.4,30,1x48,46,b1b2.10,31,1x40,38,b1b2.6,31,2x37,158,b1b2.6,31,1x48,142
32,b1b2.10,32,NA,NA,NA,32,b1b2.9,32,NA,NA,NA,30,b1b2.7,32,230,1x24,32,32,b1b2.7,32,54,1x48,32,32,b1b2.9,32,46,1x45,32,31,b1b2.6,32,47,1x49,32,NA,b1b2.9,32,NA,1x26,32,NA,b1b2.9,32,NA,NA,NA,NA,b1b2.9,32,NA,1x47,32,32,b1b2.12,32,58,1x44,58,32,b1b2.9,32,57,1x41,57,b1b2.9,32,1x26,32,b1b2.9,32,1x46,44,b1b2.6,31,1x49,47,b1b2.12,32,1x41,39,b1b2.9,32,2x38,159,b1b2.9,32,1x49,143
33,b1b2.12,33,NA,NA,NA,33,b1b2.10,33,NA,NA,NA,31,b1b2.8,33,231,1x25,33,33,b1b2.9,33,55,1x49,33,33,b1b2.10,33,47,1x46,33,32,b1b2.9,33,48,1x50,33,NA,b1b2.10,33,NA,1x27,33,NA,b1b2.10,33,NA,NA,NA,NA,b1b2.10,33,NA,1x48,33,33,b1b2.13,33,59,1x45,59,33,b1b2.10,33,58,1x42,58,b1b2.10,33,1x27,33,b1b2.10,33,1x47,45,b1b2.9,32,1x50,48,b1b2.13,33,1x42,40,b1b2.10,33,2x39,160,b1b2.10,33,1x50,144
34,b1b2.13,34,NA,NA,NA,34,b1b2.12,34,NA,NA,NA,32,b1b2.9,34,232,1x26,34,34,b1b2.10,34,56,1x50,34,34,b1b2.12,34,48,1x47,34,33,b1b2.10,34,49,1x51,34,NA,b1b2.12,34,NA,1x28,34,NA,b1b2.12,34,NA,NA,NA,NA,b1b2.12,34,NA,1x49,34,34,b1b2.14,34,60,1x46,60,34,b1b2.12,34,59,1x43,59,b1b2.12,34,1x28,34,b1b2.12,34,1x48,46,b1b2.10,33,1x51,49,b1b2.14,34,1x43,41,b1b2.12,34,2x40,161,b1b2.12,34,1x51,145
35,b1b2.14,35,NA,NA,NA,35,b1b2.13,35,NA,NA,NA,33,b1b2.10,35,233,1x27,35,35,b1b2.12,35,57,1x51,35,35,b1b2.13,35,49,1x48,35,34,b1b2.12,35,50,1x52,35,NA,b1b2.14,35,NA,1x29,35,NA,b1b2.13,35,NA,NA,NA,NA,b1b2.13,35,NA,1x50,35,35,b1b2.16,35,61,1x47,61,35,b1b2.13,35,60,1x44,60,b1b2.14,35,1x29,35,b1b2.13,35,1x49,47,b1b2.12,34,1x52,50,b1b2.16,35,1x44,42,b1b2.13,35,2x41,162,b1b2.13,35,1x52,146
36,b1b2.16,36,NA,NA,NA,36,b1b2.14,36,NA,NA,NA,34,b1b2.12,36,234,1x28,36,36,b1b2.13,36,58,1x52,36,36,b1b2.14,36,50,1x49,36,35,b1b2.13,36,51,1x53,36,NA,b1b2.16,36,NA,1x30,36,NA,b1b2.14,36,NA,NA,NA,NA,b1b2.14,36,NA,1x51,36,36,B2.1,36,62,1x48,62,36,b1b2.14,36,61,1x45,61,b1b2.16,36,1x30,36,b1b2.14,36,1x50,48,b1b2.13,35,1x53,51,B2.1,36,1x45,43,b1b2.14,36,2x42,163,b1b2.14,36,1x53,147
37,B2.1,37,NA,NA,NA,37,b1b2.16,37,NA,NA,NA,35,b1b2.14,37,235,1x29,37,37,b1b2.14,37,59,1x53,37,37,b1b2.16,37,51,1x50,37,36,b1b2.14,37,52,1x54,37,NA,B2.1,37,NA,1x31,37,NA,b1b2.16,37,NA,NA,NA,NA,b1b2.16,37,NA,1x52,37,37,B2.2,37,63,1x49,63,37,b1b2.16,37,62,1x46,62,B2.1,37,1x31,37,b1b2.16,37,1x51,49,b1b2.14,36,1x54,52,B2.2,37,1x46,44,b1b2.16,37,2x43,164,b1b2.16,37,1x54,148
38,B2.2,38,NA,NA,NA,38,B2.1,38,NA,NA,NA,36,b1b2.16,38,236,1x30,38,38,b1b2.16,38,60,1x54,38,38,b1b2.17,38,52,1x51,38,37,b1b2.16,38,53,1x55,38,NA,B2.2,38,NA,1x32,38,NA,B2.1,38,NA,NA,NA,NA,b1b2.17,38,NA,1x53,38,38,B2.3,38,64,1x50,64,38,B2.1,38,63,1x47,63,B2.2,38,1x32,38,B2.1,38,1x52,50,b1b2.16,37,1x55,53,B2.3,38,1x47,45,B2.1,38,2x44,165,B2.1,38,1x55,149
39,B2.3,39,NA,NA,NA,39,B2.2,39,NA,NA,NA,37,B2.1,39,237,1x31,39,39,B2.1,39,61,1x55,39,39,B2.1,39,53,1x52,39,38,B2.1,39,54,1x56,39,NA,B2.3,39,NA,,,NA,B2.2,39,NA,NA,NA,NA,B2.1,39,NA,1x54,39,39,B2.4,39,65,1x51,65,39,B2.2,39,64,1x48,64,B2.3,39,1x33,39,B2.2,39,1x53,51,B2.1,38,1x56,54,B2.4,39,1x48,46,B2.2,39,2x45,166,B2.2,39,1x56,150
40,B2.4,40,NA,NA,NA,40,B2.3,40,NA,NA,NA,38,B2.2,40,238,1x32,40,40,B2.2,40,62,1x56,40,40,B2.2,40,54,1x53,40,39,B2.2,40,55,1x57,40,NA,B2.4,40,NA,,,NA,B2.3,40,NA,NA,NA,NA,B2.2,40,NA,1x55,40,40,B2.5,40,66,1x52,66,40,B2.3,40,65,1x49,65,B2.4,40,1x34,40,B2.3,40,1x54,52,B2.2,39,1x57,55,B2.5,40,1x49,47,B2.3,40,2x46,167,B2.3,40,1x57,151
41,B2.5,41,NA,NA,NA,41,B2.4,41,NA,NA,NA,39,B2.3,41,NA,NA,NA,41,B2.3,41,63,1x57,41,41,B2.3,41,55,1x54,41,40,B2.3,41,56,1x58,41,NA,B2.5,41,NA,,,NA,B2.4,41,NA,NA,NA,NA,B2.3,41,NA,1x56,41,41,B2.6,41,67,1x53,67,41,B2.4,41,66,1x50,66,B2.5,41,1x35,41,B2.4,41,1x55,53,B2.3,40,1x58,56,B2.6,41,1x50,48,B2.4,41,2x47,168,B2.4,41,1x58,152
42,B2.6,42,NA,NA,NA,42,B2.5,42,NA,NA,NA,40,B2.4,42,NA,NA,NA,42,B2.4,42,64,1x58,42,42,B2.4,42,56,1x55,42,41,B2.4,42,57,1x59,42,NA,B2.6,42,NA,,,NA,B2.5,42,NA,NA,NA,NA,B2.4,42,NA,1x57,42,42,b2b3.2,42,68,1x54,68,42,B2.5,42,67,1x51,67,B2.6,42,1x36,42,B2.5,42,1x56,54,B2.4,41,1x59,57,b2b3.2,42,1x51,49,B2.5,42,2x48,169,B2.5,42,1x59,153
43,b2b3.2,43,NA,NA,NA,43,B2.6,43,NA,NA,NA,41,B2.5,43,NA,NA,NA,43,B2.5,43,65,1x59,43,43,B2.5,43,57,1x56,43,42,B2.5,43,58,1x60,43,NA,b2b3.2,43,NA,,,NA,B2.6,43,NA,NA,NA,NA,B2.5,43,NA,1x58,43,43,b2b3.4,43,69,1x55,69,43,B2.6,43,68,1x52,68,b2b3.2,43,1x37,43,B2.6,43,1x57,55,B2.5,42,1x60,58,b2b3.4,43,1x52,50,B2.6,43,2x49,170,B2.6,43,1x60,154
44,b2b3.4,44,NA,NA,NA,44,b2b3.2,44,NA,NA,NA,42,B2.6,44,NA,NA,NA,44,B2.6,44,66,1x60,44,44,B2.6,44,58,1x57,44,43,B2.6,44,59,12x48,44,NA,b2b3.3,44,NA,,,NA,b2b3.2,44,NA,NA,NA,NA,B2.6,44,NA,1x59,44,44,b2b3.11,44,70,1x56,70,44,b2b3.2,44,69,1x53,69,b2b3.3,44,1x38,44,b2b3.2,44,1x58,56,B2.6,43,12x48,59,b2b3.11,44,1x53,51,b2b3.2,44,2x50,171,b2b3.2,44,12x48,155
45,b2b3.11,45,NA,NA,NA,45,b2b3.4,45,NA,NA,NA,43,b2b3.2,45,NA,NA,NA,45,b2b3.2,45,71,2x37,45,45,b2b3.4,45,59,1x58,45,44,b2b3.2,45,60,12x49,45,NA,b2b3.4,45,NA,,,NA,b2b3.4,45,NA,NA,NA,NA,b2b3.4,45,NA,1x60,45,45,b2b3.12,45,71,1x57,71,45,b2b3.4,45,70,1x54,70,b2b3.4,45,1x39,45,b2b3.4,45,1x59,57,b2b3.2,44,12x49,60,b2b3.12,45,1x54,52,b2b3.4,45,2x51,172,b2b3.4,45,12x49,156
46,b2b3.12,46,NA,NA,NA,46,b2b3.11,46,NA,NA,NA,44,b2b3.3,46,NA,NA,NA,46,b2b3.4,46,72,2x38,46,46,b2b3.11,46,60,1x59,46,45,b2b3.4,46,61,12x50,46,NA,b2b3.11,46,NA,,,NA,b2b3.11,46,NA,NA,NA,NA,b2b3.11,46,NA,12x48,46,46,B3.1,46,72,1x58,72,46,b2b3.11,46,71,1x55,71,b2b3.11,46,1x40,46,b2b3.11,46,1x60,58,b2b3.4,45,12x50,61,B3.1,46,1x55,53,b2b3.11,46,2x52,173,b2b3.11,46,12x50,157
47,B3.1,47,NA,NA,NA,47,b2b3.12,47,NA,NA,NA,45,b2b3.4,47,NA,NA,NA,47,b2b3.11,47,73,2x39,47,47,b2b3.12,47,61,1x60,47,46,b2b3.11,47,62,12x51,47,NA,b2b3.12,47,NA,,,NA,b2b3.12,47,NA,NA,NA,NA,b2b3.12,47,NA,12x49,47,47,B3.2,47,73,1x59,73,47,b2b3.12,47,72,1x56,72,b2b3.12,47,1x41,47,b2b3.12,47,12x48,59,b2b3.11,46,12x51,62,B3.2,47,1x56,54,b2b3.12,47,2x53,174,b2b3.12,47,12x51,158
48,B3.2,48,NA,NA,NA,48,B3.1,48,NA,NA,NA,46,b2b3.11,48,NA,NA,NA,48,b2b3.12,48,74,2x40,48,48,B3.1,48,62,12x48,48,47,b2b3.12,48,63,2x37,48,NA,B3.1,48,NA,,,NA,B3.1,48,NA,NA,NA,NA,B3.1,48,NA,12x50,48,48,B3.3,48,74,1x60,74,48,B3.1,48,73,1x57,73,B3.1,48,1x42,48,B3.1,48,12x49,60,b2b3.12,47,2x37,63,B3.3,48,1x57,55,B3.1,48,2x54,175,B3.1,48,2x37,159
49,B3.3,49,NA,NA,NA,49,B3.2,49,NA,NA,NA,47,b2b3.12,49,NA,NA,NA,49,B3.1,49,75,2x41,49,49,B3.2,49,63,12x49,49,48,B3.1,49,64,2x38,49,NA,B3.2,49,NA,,,NA,B3.2,49,NA,NA,NA,NA,B3.2,49,NA,12x51,49,49,B3.4,49,75,12x48,75,49,B3.2,49,74,1x58,74,B3.2,49,1x43,49,B3.2,49,12x50,61,B3.1,48,2x38,64,B3.4,49,1x58,56,B3.2,49,2x55,176,B3.2,49,2x38,160
50,B3.4,50,NA,NA,NA,50,B3.3,50,NA,NA,NA,48,B3.1,50,NA,NA,NA,50,B3.2,50,76,2x42,50,50,B3.3,50,64,12x50,50,49,B3.2,50,65,2x39,50,NA,B3.3,50,NA,,,NA,B3.3,50,NA,NA,NA,NA,B3.3,50,NA,2x37,50,50,b3h.1,50,76,12x49,76,50,B3.3,50,75,1x59,75,B3.3,50,1x44,50,B3.3,50,12x51,62,B3.2,49,2x39,65,b3h.1,50,1x59,57,B3.3,50,2x56,177,B3.3,50,2x39,161
51,b3h.1,51,NA,NA,NA,51,B3.4,51,NA,NA,NA,49,B3.2,51,NA,NA,NA,51,B3.3,51,77,2x43,51,51,B3.4,51,65,12x51,51,50,B3.3,51,66,2x40,51,NA,B3.4,51,NA,,,NA,B3.4,51,NA,NA,NA,NA,B3.4,51,NA,2x38,51,51,b3h.2,51,77,12x50,77,51,B3.4,51,76,1x60,76,B3.4,51,1x45,51,B3.4,51,2x37,63,B3.3,50,2x40,66,b3h.2,51,1x60,58,B3.4,51,2x57,178,B3.4,51,2x40,162
52,b3h.2,52,NA,NA,NA,52,b3h.1,52,NA,NA,NA,50,B3.3,52,NA,NA,NA,52,B3.4,52,78,2x44,52,52,b3h.1,52,66,2x37,52,51,B3.4,52,67,2x41,52,NA,b3h.1,52,NA,,,NA,b3h.1,52,NA,NA,NA,NA,b3h.1,52,NA,2x39,52,52,b3h.3,52,78,12x51,78,52,b3h.1,52,77,12x48,77,b3h.1,52,1x46,52,b3h.1,52,2x38,64,B3.4,51,2x41,67,b3h.3,52,12x48,59,b3h.1,52,2x58,179,b3h.1,52,2x41,163
53,b3h.3,53,NA,NA,NA,53,b3h.2,53,NA,NA,NA,51,B3.4,53,NA,NA,NA,53,b3h.1,53,79,2x45,53,53,b3h.2,53,67,2x38,53,52,b3h.1,53,68,2x42,53,NA,b3h.2,53,NA,,,NA,b3h.2,53,NA,NA,NA,NA,b3h.2,53,NA,2x40,53,53,b3h.4,53,79,2x37,79,53,b3h.2,53,78,12x49,78,b3h.2,53,1x47,53,b3h.2,53,2x39,65,b3h.1,52,2x42,68,b3h.4,53,12x49,60,b3h.2,53,2x59,180,b3h.2,53,2x42,164
54,b3h.4,54,NA,NA,NA,54,b3h.3,54,NA,NA,NA,52,b3h.1,54,NA,NA,NA,54,b3h.2,54,80,2x46,54,54,b3h.3,54,68,2x39,54,53,b3h.2,54,69,2x43,54,NA,b3h.3,54,NA,,,NA,b3h.3,54,NA,NA,NA,NA,b3h.3,54,NA,2x41,54,54,H.1,54,80,2x38,80,54,b3h.3,54,79,12x50,79,b3h.3,54,1x48,54,b3h.3,54,2x40,66,b3h.2,53,2x43,69,H.1,54,12x50,61,b3h.3,54,2x60,181,b3h.3,54,2x43,165
55,H.1,55,NA,NA,NA,55,b3h.4,55,NA,NA,NA,53,b3h.2,55,NA,NA,NA,55,b3h.3,55,81,2x47,55,55,b3h.4,55,69,2x40,55,54,b3h.3,55,70,2x44,55,NA,b3h.4,55,NA,,,NA,b3h.4,55,NA,NA,NA,NA,b3h.4,55,NA,2x42,55,55,H.2,55,81,2x39,81,55,b3h.4,55,80,12x51,80,b3h.4,55,1x49,55,b3h.4,55,2x41,67,b3h.3,54,2x44,70,H.2,55,12x51,62,b3h.4,55,2x61,182,b3h.4,55,2x44,166
56,H.2,56,NA,NA,NA,56,H.1,56,NA,NA,NA,54,b3h.3,56,NA,NA,NA,56,b3h.4,56,82,2x48,56,56,H.1,56,70,2x41,56,55,b3h.4,56,71,2x45,56,NA,H.1,56,NA,,,NA,H.1,56,NA,NA,NA,NA,H.1,56,NA,2x43,56,56,H.3,56,82,2x40,82,56,H.1,56,81,2x37,81,H.1,56,1x50,56,H.1,56,2x42,68,b3h.4,55,2x45,71,H.3,56,2x37,63,H.1,56,2x62,183,H.1,56,2x45,167
57,H.3,57,NA,NA,NA,57,H.2,57,NA,NA,NA,55,b3h.4,57,NA,NA,NA,57,H.1,57,83,2x49,57,57,H.2,57,71,2x42,57,56,H.1,57,72,2x46,57,NA,H.2,57,NA,,,NA,H.2,57,NA,NA,NA,NA,H.2,57,NA,2x44,57,57,H.4,57,83,2x41,83,57,H.2,57,82,2x38,82,H.2,57,1x51,57,H.2,57,2x43,69,H.1,56,2x46,72,H.4,57,2x38,64,H.2,57,2x63,184,H.2,57,2x46,168
58,H.4,58,NA,NA,NA,58,H.3,58,NA,NA,NA,56,H.1,58,NA,NA,NA,58,H.2,58,84,2x50,58,58,H.3,58,72,2x43,58,57,H.2,58,73,2x47,58,NA,H.3,58,NA,,,NA,H.3,58,NA,NA,NA,NA,H.3,58,NA,2x45,58,58,H.5,58,84,2x42,84,58,H.3,58,83,2x39,83,H.3,58,1x52,58,H.3,58,2x44,70,H.2,57,2x47,73,H.5,58,2x39,65,H.3,58,2x64,185,H.3,58,2x47,169
59,H.5,59,NA,NA,NA,59,H.4,59,NA,NA,NA,57,H.2,59,NA,NA,NA,59,H.3,59,85,2x51,59,59,H.4,59,73,2x44,59,58,H.3,59,74,2x48,59,NA,H.4,59,NA,,,NA,H.4,59,NA,NA,NA,NA,H.4,59,NA,2x46,59,59,H.6,59,85,2x43,85,59,H.4,59,84,2x40,84,H.4,59,1x53,59,H.4,59,2x45,71,H.3,58,2x48,74,H.6,59,2x40,66,H.4,59,2x65,186,H.4,59,2x48,170
60,H.6,60,NA,NA,NA,60,H.5,60,NA,NA,NA,58,H.3,60,NA,NA,NA,60,H.4,60,86,2x52,60,60,H.5,60,74,2x45,60,59,H.4,60,75,2x49,60,NA,H.5,60,NA,,,NA,H.5,60,NA,NA,NA,NA,H.5,60,NA,2x47,60,60,H.7,60,86,2x44,86,60,H.5,60,85,2x41,85,H.5,60,1x54,60,H.5,60,2x46,72,H.4,59,2x49,75,H.7,60,2x41,67,H.5,60,2x66,187,H.5,60,2x49,171
61,H.7,61,NA,NA,NA,61,H.6,61,NA,NA,NA,59,H.4,61,NA,NA,NA,61,H.5,61,87,2x53,61,61,H.6,61,75,2x46,61,60,H.5,61,76,2x50,61,NA,H.6,61,NA,,,NA,H.6,61,NA,NA,NA,NA,H.6,61,NA,2x48,61,61,H.8,61,87,2x45,87,61,H.6,61,86,2x42,86,H.6,61,1x55,61,H.6,61,2x47,73,H.5,60,2x50,76,H.8,61,2x42,68,H.6,61,23x49,188,H.6,61,2x50,172
62,H.8,62,NA,NA,NA,62,H.7,62,NA,NA,NA,60,H.5,62,NA,NA,NA,62,H.6,62,88,2x54,62,62,H.7,62,76,2x47,62,61,H.6,62,77,2x51,62,NA,H.7,62,NA,,,NA,H.7,62,NA,NA,NA,NA,H.7,62,NA,2x49,62,62,H.9,62,88,2x46,88,62,H.7,62,87,2x43,87,H.7,62,1x56,62,H.7,62,2x48,74,H.6,61,2x51,77,H.9,62,2x43,69,H.7,62,23x50,189,H.7,62,2x51,173
63,H.9,63,NA,NA,NA,63,H.8,63,NA,NA,NA,61,H.6,63,NA,NA,NA,63,H.7,63,89,2x55,63,63,H.8,63,77,2x48,63,62,H.7,63,78,2x52,63,NA,H.8,63,NA,,,NA,H.8,63,NA,NA,NA,NA,H.8,63,NA,2x50,63,63,H.10,63,89,2x47,89,63,H.8,63,88,2x44,88,H.8,63,1x57,63,H.8,63,2x49,75,H.7,62,2x52,78,H.10,63,2x44,70,H.8,63,23x51,190,H.8,63,2x52,174
64,H.10,64,NA,NA,NA,64,H.9,64,NA,NA,NA,62,H.7,64,NA,NA,NA,64,H.8,64,90,2x56,64,64,H.9,64,78,2x49,64,63,H.8,64,79,2x53,64,NA,H.9,64,NA,,,NA,H.9,64,NA,NA,NA,NA,H.9,64,NA,2x51,64,64,CT,64,90,2x48,90,64,H.9,64,89,2x45,89,H.9,64,1x58,64,H.9,64,2x50,76,H.8,63,2x53,79,CT,64,2x45,71,H.9,64,23x52,191,H.9,64,2x53,175
65,CT,65,NA,NA,NA,65,H.10,65,NA,NA,NA,63,H.8,65,NA,NA,NA,65,H.9,65,91,2x57,65,65,H.10,65,79,2x50,65,64,H.9,65,80,2x54,65,NA,H.10,65,NA,,,NA,H.10,65,NA,NA,NA,NA,H.10,65,NA,2x52,65,65,CT,65,91,2x49,91,65,H.10,65,90,2x46,90,H.10,65,1x59,65,H.10,65,2x51,77,H.9,64,2x54,80,CT,65,2x46,72,H.10,65,3x21,192,H.10,65,2x54,176
66,CT,66,NA,NA,NA,66,CT,66,NA,NA,NA,64,H.9,66,NA,NA,NA,66,H.10,66,92,2x58,66,66,CT,66,80,2x51,66,65,H.10,66,81,2x55,66,NA,CT,66,NA,,,NA,CT,66,NA,NA,NA,NA,CT,66,NA,2x53,66,66,CT,66,92,2x50,92,NA,NA,NA,91,2x47,91,CT,66,1x60,66,CT,66,2x52,78,H.10,65,2x55,81,CT,66,2x47,73,NA,NA,3x22,193,CT,66,2x55,177
67,CT,67,NA,NA,NA,67,CT,67,NA,NA,NA,65,H.10,67,NA,NA,NA,67,CT,67,93,2x59,67,67,CT,67,81,2x52,67,66,CT,67,82,2x56,67,NA,CT,67,NA,,,NA,CT,67,NA,NA,NA,NA,CT,67,NA,2x54,67,NA,NA,NA,93,2x51,93,NA,NA,NA,92,2x48,92,CT,67,12x48,67,CT,67,2x53,79,CT,66,2x56,82,CT,67,2x48,74,NA,NA,3x23,194,CT,67,2x56,178
68,CT,68,NA,NA,NA,68,CT,68,NA,NA,NA,66,CT,68,NA,NA,NA,68,CT,68,94,2x60,68,68,CT,68,82,2x53,68,67,CT,68,83,2x57,68,NA,CT,68,NA,,,NA,CT,68,NA,NA,NA,NA,CT,68,NA,2x55,68,NA,NA,NA,94,2x52,94,NA,NA,NA,93,2x49,93,CT,68,12x49,68,NA,68,2x54,80,NA,NA,2x57,83,NA,NA,2x49,75,NA,NA,3x24,195,CT,NA,2x57,179
69,CT,69,NA,NA,NA,69,CT,69,NA,NA,NA,67,CT,69,NA,NA,NA,69,CT,69,95,2x61,69,NA,NA,NA,83,2x54,69,NA,NA,NA,84,2x58,69,NA,NA,NA,NA,NA,NA,NA,NA,NA,NA,NA,NA,NA,CT,69,NA,2x56,69,NA,NA,NA,95,2x53,95,NA,NA,NA,94,2x50,94,NA,NA,12x50,69,NA,NA,2x55,81,NA,NA,2x58,84,NA,NA,2x50,76,NA,NA,3x25,196,CT,NA,2x58,180
70,CT,70,NA,NA,NA,70,CT,70,NA,NA,NA,68,CT,70,NA,NA,NA,70,CT,70,96,2x62,70,NA,NA,NA,84,2x55,70,NA,NA,NA,85,2x59,70,NA,NA,NA,NA,NA,NA,NA,NA,NA,NA,NA,NA,NA,CT,70,NA,2x57,70,NA,NA,NA,96,2x54,96,NA,NA,NA,95,2x51,95,NA,NA,12x51,70,NA,NA,2x56,82,NA,NA,2x59,85,NA,NA,2x51,77,NA,NA,3x26,197,NA,NA,2x59,181
71,CT,71,NA,NA,NA,71,CT,71,NA,NA,NA,NA,NA,NA,NA,NA,NA,NA,NA,NA,97,2x63,71,NA,NA,NA,85,2x56,71,NA,NA,NA,86,2x60,71,NA,NA,NA,NA,NA,NA,NA,NA,NA,NA,NA,NA,NA,CT,71,NA,2x58,71,NA,NA,NA,97,2x55,97,NA,NA,NA,96,2x52,96,NA,NA,2x37,71,NA,NA,2x57,83,NA,NA,2x60,86,NA,NA,2x52,78,NA,NA,3x27,198,NA,NA,2x60,182
NA,NA,NA,NA,NA,NA,72,CT,72,NA,NA,NA,NA,NA,NA,NA,NA,NA,NA,NA,NA,98,2x64,72,NA,NA,NA,86,2x57,72,NA,NA,NA,87,2x61,72,NA,NA,NA,NA,NA,NA,NA,NA,NA,NA,NA,NA,NA,CT,72,NA,2x59,72,NA,NA,NA,98,2x56,98,NA,NA,NA,97,2x53,97,NA,NA,2x38,72,NA,NA,2x58,84,NA,NA,2x61,87,NA,NA,2x53,79,NA,NA,3x28,199,NA,NA,2x61,183
NA,NA,NA,NA,NA,NA,73,CT,73,NA,NA,NA,NA,NA,NA,NA,NA,NA,NA,NA,NA,99,2x65,73,NA,NA,NA,87,2x58,73,NA,NA,NA,88,2x62,73,NA,NA,NA,NA,NA,NA,NA,NA,NA,NA,NA,NA,NA,CT,73,NA,2x60,73,NA,NA,NA,99,2x57,99,NA,NA,NA,98,2x54,98,NA,NA,2x39,73,NA,NA,2x59,85,NA,NA,2x62,88,NA,NA,2x54,80,NA,NA,3x29,200,NA,NA,2x62,184
NA,NA,NA,NA,NA,NA,74,CT,74,NA,NA,NA,NA,NA,NA,NA,NA,NA,NA,NA,NA,100,2x66,74,NA,NA,NA,88,2x59,74,NA,NA,NA,89,2x63,74,NA,NA,NA,NA,NA,NA,NA,NA,NA,NA,NA,NA,NA,NA,NA,NA,2x61,74,NA,NA,NA,100,2x58,100,NA,NA,NA,99,2x55,99,NA,NA,2x40,74,NA,NA,2x60,86,NA,NA,2x63,89,NA,NA,2x55,81,NA,NA,3x30,201,NA,NA,2x63,185
NA,NA,NA,NA,NA,NA,NA,NA,NA,NA,NA,NA,NA,NA,NA,NA,NA,NA,NA,NA,NA,101,23x49,75,NA,NA,NA,89,2x60,75,NA,NA,NA,90,2x64,75,NA,NA,NA,NA,NA,NA,NA,NA,NA,NA,NA,NA,NA,NA,NA,NA,2x62,75,NA,NA,NA,101,2x59,101,NA,NA,NA,100,2x56,100,NA,NA,2x41,75,NA,NA,2x61,87,NA,NA,2x64,90,NA,NA,2x56,82,NA,NA,3x31,202,NA,NA,2x64,186
NA,NA,NA,NA,NA,NA,NA,NA,NA,NA,NA,NA,NA,NA,NA,NA,NA,NA,NA,NA,NA,102,23x50,76,NA,NA,NA,90,2x61,76,NA,NA,NA,91,2x65,76,NA,NA,NA,NA,NA,NA,NA,NA,NA,NA,NA,NA,NA,NA,NA,NA,2x63,76,NA,NA,NA,102,2x60,102,NA,NA,NA,101,2x57,101,NA,NA,2x42,76,NA,NA,2x62,88,NA,NA,2x65,91,NA,NA,2x57,83,NA,NA,3x32,203,NA,NA,2x65,187
NA,NA,NA,NA,NA,NA,NA,NA,NA,NA,NA,NA,NA,NA,NA,NA,NA,NA,NA,NA,NA,103,23x51,77,NA,NA,NA,91,2x62,77,NA,NA,NA,92,2x66,77,NA,NA,NA,NA,NA,NA,NA,NA,NA,NA,NA,NA,NA,NA,NA,NA,2x64,77,NA,NA,NA,103,2x61,103,NA,NA,NA,102,2x58,102,NA,NA,2x43,77,NA,NA,2x63,89,NA,NA,2x66,92,NA,NA,2x58,84,NA,NA,3x33,204,NA,NA,2x66,188
NA,NA,NA,NA,NA,NA,NA,NA,NA,NA,NA,NA,NA,NA,NA,NA,NA,NA,NA,NA,NA,104,23x52,78,NA,NA,NA,92,2x63,78,NA,NA,NA,93,23x49,78,NA,NA,NA,NA,NA,NA,NA,NA,NA,NA,NA,NA,NA,NA,NA,NA,2x65,78,NA,NA,NA,104,2x62,104,NA,NA,NA,103,2x59,103,NA,NA,2x44,78,NA,NA,2x64,90,NA,NA,23x49,93,NA,NA,2x59,85,NA,NA,3x34,205,NA,NA,23x49,189
NA,NA,NA,NA,NA,NA,NA,NA,NA,NA,NA,NA,NA,NA,NA,NA,NA,NA,NA,NA,NA,105,3x21,79,NA,NA,NA,93,2x64,79,NA,NA,NA,94,23x50,79,NA,NA,NA,NA,NA,NA,NA,NA,NA,NA,NA,NA,NA,NA,NA,NA,2x66,79,NA,NA,NA,105,2x63,105,NA,NA,NA,104,2x60,104,NA,NA,2x45,79,NA,NA,2x65,91,NA,NA,23x50,94,NA,NA,2x60,86,NA,NA,3x35,206,NA,NA,23x50,190
NA,NA,NA,NA,NA,NA,NA,NA,NA,NA,NA,NA,NA,NA,NA,NA,NA,NA,NA,NA,NA,106,3x22,80,NA,NA,NA,94,2x65,80,NA,NA,NA,95,23x51,80,NA,NA,NA,NA,NA,NA,NA,NA,NA,NA,NA,NA,NA,NA,NA,NA,ECL1,80,NA,NA,NA,106,2x64,106,NA,NA,NA,105,2x61,105,NA,NA,2x46,80,NA,NA,2x66,92,NA,NA,23x51,95,NA,NA,2x61,87,NA,NA,3x36,207,NA,NA,23x51,191
NA,NA,NA,NA,NA,NA,NA,NA,NA,NA,NA,NA,NA,NA,NA,NA,NA,NA,NA,NA,NA,107,3x23,81,NA,NA,NA,95,2x66,81,NA,NA,NA,96,23x52,81,NA,NA,NA,NA,NA,NA,NA,NA,NA,NA,NA,NA,NA,NA,NA,NA,ECL1,81,NA,NA,NA,107,2x65,107,NA,NA,NA,106,2x62,106,NA,NA,2x47,81,NA,NA,23x49,93,NA,NA,23x52,96,NA,NA,2x62,88,NA,NA,3x37,208,NA,NA,23x52,192
NA,NA,NA,NA,NA,NA,NA,NA,NA,NA,NA,NA,NA,NA,NA,NA,NA,NA,NA,NA,NA,108,3x24,82,NA,NA,NA,101,3x22,82,NA,NA,NA,97,3x21,82,NA,NA,NA,NA,NA,NA,NA,NA,NA,NA,NA,NA,NA,NA,NA,NA,ECL1,82,NA,NA,NA,108,2x66,108,NA,NA,NA,107,2x63,107,NA,NA,2x48,82,NA,NA,23x50,94,NA,NA,3x21,97,NA,NA,2x63,89,NA,NA,3x38,209,NA,NA,3x21,193
NA,NA,NA,NA,NA,NA,NA,NA,NA,NA,NA,NA,NA,NA,NA,NA,NA,NA,NA,NA,NA,109,3x25,83,NA,NA,NA,102,3x23,83,NA,NA,NA,98,3x22,83,NA,NA,NA,NA,NA,NA,NA,NA,NA,NA,NA,NA,NA,NA,NA,NA,ECL1,83,NA,NA,NA,109,ECL1,109,NA,NA,NA,108,2x64,108,NA,NA,2x49,83,NA,NA,23x51,95,NA,NA,3x22,98,NA,NA,2x64,90,NA,NA,3x39,210,NA,NA,3x22,194
NA,NA,NA,NA,NA,NA,NA,NA,NA,NA,NA,NA,NA,NA,NA,NA,NA,NA,NA,NA,NA,110,3x26,84,NA,NA,NA,103,3x24,84,NA,NA,NA,99,3x23,84,NA,NA,NA,NA,NA,NA,NA,NA,NA,NA,NA,NA,NA,NA,NA,NA,3x21,84,NA,NA,NA,110,23x49,110,NA,NA,NA,109,2x65,109,NA,NA,2x50,84,NA,NA,23x52,96,NA,NA,3x23,99,NA,NA,2x65,91,NA,NA,3x40,211,NA,NA,3x23,195
NA,NA,NA,NA,NA,NA,NA,NA,NA,NA,NA,NA,NA,NA,NA,NA,NA,NA,NA,NA,NA,111,3x27,85,NA,NA,NA,104,3x25,85,NA,NA,NA,100,3x24,85,NA,NA,NA,NA,NA,NA,NA,NA,NA,NA,NA,NA,NA,NA,NA,NA,3x22,85,NA,NA,NA,111,23x50,111,NA,NA,NA,110,2x66,110,NA,NA,2x51,85,NA,NA,3x21,97,NA,NA,3x24,100,NA,NA,2x66,92,NA,NA,3x41,212,NA,NA,3x24,196
NA,NA,NA,NA,NA,NA,NA,NA,NA,NA,NA,NA,NA,NA,NA,NA,NA,NA,NA,NA,NA,112,3x28,86,NA,NA,NA,105,3x26,86,NA,NA,NA,101,3x25,86,NA,NA,NA,NA,NA,NA,NA,NA,NA,NA,NA,NA,NA,NA,NA,NA,3x23,86,NA,NA,NA,112,23x51,112,NA,NA,NA,111,23x49,111,NA,NA,2x52,86,NA,NA,3x22,98,NA,NA,3x25,101,NA,NA,23x49,93,NA,NA,3x42,213,NA,NA,3x25,197
NA,NA,NA,NA,NA,NA,NA,NA,NA,NA,NA,NA,NA,NA,NA,NA,NA,NA,NA,NA,NA,113,3x29,87,NA,NA,NA,106,3x27,87,NA,NA,NA,102,3x26,87,NA,NA,NA,NA,NA,NA,NA,NA,NA,NA,NA,NA,NA,NA,NA,NA,3x24,87,NA,NA,NA,113,23x52,113,NA,NA,NA,112,23x50,112,NA,NA,2x53,87,NA,NA,3x23,99,NA,NA,3x26,102,NA,NA,23x50,94,NA,NA,3x43,214,NA,NA,3x26,198
NA,NA,NA,NA,NA,NA,NA,NA,NA,NA,NA,NA,NA,NA,NA,NA,NA,NA,NA,NA,NA,114,3x30,88,NA,NA,NA,107,3x28,88,NA,NA,NA,103,3x27,88,NA,NA,NA,NA,NA,NA,NA,NA,NA,NA,NA,NA,NA,NA,NA,NA,3x25,88,NA,NA,NA,114,3x21,114,NA,NA,NA,113,23x51,113,NA,NA,2x54,88,NA,NA,3x24,100,NA,NA,3x27,103,NA,NA,23x51,95,NA,NA,3x44,215,NA,NA,3x27,199
NA,NA,NA,NA,NA,NA,NA,NA,NA,NA,NA,NA,NA,NA,NA,NA,NA,NA,NA,NA,NA,115,3x31,89,NA,NA,NA,108,3x29,89,NA,NA,NA,104,3x28,89,NA,NA,NA,NA,NA,NA,NA,NA,NA,NA,NA,NA,NA,NA,NA,NA,3x26,89,NA,NA,NA,115,3x22,115,NA,NA,NA,114,23x52,114,NA,NA,2x55,89,NA,NA,3x25,101,NA,NA,3x28,104,NA,NA,23x52,96,NA,NA,3x45,216,NA,NA,3x28,200
NA,NA,NA,NA,NA,NA,NA,NA,NA,NA,NA,NA,NA,NA,NA,NA,NA,NA,NA,NA,NA,116,3x32,90,NA,NA,NA,109,3x30,90,NA,NA,NA,105,3x29,90,NA,NA,NA,NA,NA,NA,NA,NA,NA,NA,NA,NA,NA,NA,NA,NA,3x27,90,NA,NA,NA,116,3x23,116,NA,NA,NA,115,3x21,115,NA,NA,2x56,90,NA,NA,3x26,102,NA,NA,3x29,105,NA,NA,3x21,97,NA,NA,3x46,217,NA,NA,3x29,201
NA,NA,NA,NA,NA,NA,NA,NA,NA,NA,NA,NA,NA,NA,NA,NA,NA,NA,NA,NA,NA,117,3x33,91,NA,NA,NA,110,3x31,91,NA,NA,NA,106,3x30,91,NA,NA,NA,NA,NA,NA,NA,NA,NA,NA,NA,NA,NA,NA,NA,NA,3x28,91,NA,NA,NA,117,3x24,117,NA,NA,NA,116,3x22,116,NA,NA,2x57,91,NA,NA,3x27,103,NA,NA,3x30,106,NA,NA,3x22,98,NA,NA,3x47,218,NA,NA,3x30,202
NA,NA,NA,NA,NA,NA,NA,NA,NA,NA,NA,NA,NA,NA,NA,NA,NA,NA,NA,NA,NA,118,3x34,92,NA,NA,NA,111,3x32,92,NA,NA,NA,107,3x31,92,NA,NA,NA,NA,NA,NA,NA,NA,NA,NA,NA,NA,NA,NA,NA,NA,3x29,92,NA,NA,NA,118,3x25,118,NA,NA,NA,117,3x23,117,NA,NA,2x58,92,NA,NA,3x28,104,NA,NA,3x31,107,NA,NA,3x23,99,NA,NA,3x48,219,NA,NA,3x31,203
NA,NA,NA,NA,NA,NA,NA,NA,NA,NA,NA,NA,NA,NA,NA,NA,NA,NA,NA,NA,NA,119,3x35,93,NA,NA,NA,112,3x33,93,NA,NA,NA,108,3x32,93,NA,NA,NA,NA,NA,NA,NA,NA,NA,NA,NA,NA,NA,NA,NA,NA,3x30,93,NA,NA,NA,119,3x26,119,NA,NA,NA,118,3x24,118,NA,NA,2x59,93,NA,NA,3x29,105,NA,NA,3x32,108,NA,NA,3x24,100,NA,NA,3x49,220,NA,NA,3x32,204
NA,NA,NA,NA,NA,NA,NA,NA,NA,NA,NA,NA,NA,NA,NA,NA,NA,NA,NA,NA,NA,120,3x36,94,NA,NA,NA,113,3x34,94,NA,NA,NA,109,3x33,94,NA,NA,NA,NA,NA,NA,NA,NA,NA,NA,NA,NA,NA,NA,NA,NA,3x31,94,NA,NA,NA,120,3x27,120,NA,NA,NA,119,3x25,119,NA,NA,2x60,94,NA,NA,3x30,106,NA,NA,3x33,109,NA,NA,3x25,101,NA,NA,3x50,221,NA,NA,3x33,205
NA,NA,NA,NA,NA,NA,NA,NA,NA,NA,NA,NA,NA,NA,NA,NA,NA,NA,NA,NA,NA,121,3x37,95,NA,NA,NA,114,3x35,95,NA,NA,NA,110,3x34,95,NA,NA,NA,NA,NA,NA,NA,NA,NA,NA,NA,NA,NA,NA,NA,NA,3x32,95,NA,NA,NA,121,3x28,121,NA,NA,NA,120,3x26,120,NA,NA,2x61,95,NA,NA,3x31,107,NA,NA,3x34,110,NA,NA,3x26,102,NA,NA,3x51,222,NA,NA,3x34,206
NA,NA,NA,NA,NA,NA,NA,NA,NA,NA,NA,NA,NA,NA,NA,NA,NA,NA,NA,NA,NA,122,3x38,96,NA,NA,NA,115,3x36,96,NA,NA,NA,111,3x35,96,NA,NA,NA,NA,NA,NA,NA,NA,NA,NA,NA,NA,NA,NA,NA,NA,3x33,96,NA,NA,NA,122,3x29,122,NA,NA,NA,121,3x27,121,NA,NA,2x62,96,NA,NA,3x32,108,NA,NA,3x35,111,NA,NA,3x27,103,NA,NA,3x52,223,NA,NA,3x35,207
NA,NA,NA,NA,NA,NA,NA,NA,NA,NA,NA,NA,NA,NA,NA,NA,NA,NA,NA,NA,NA,123,3x39,97,NA,NA,NA,116,3x37,97,NA,NA,NA,112,3x36,97,NA,NA,NA,NA,NA,NA,NA,NA,NA,NA,NA,NA,NA,NA,NA,NA,3x34,97,NA,NA,NA,123,3x30,123,NA,NA,NA,122,3x28,122,NA,NA,2x63,97,NA,NA,3x33,109,NA,NA,3x36,112,NA,NA,3x28,104,NA,NA,3x53,224,NA,NA,3x36,208
NA,NA,NA,NA,NA,NA,NA,NA,NA,NA,NA,NA,NA,NA,NA,NA,NA,NA,NA,NA,NA,124,3x40,98,NA,NA,NA,117,3x38,98,NA,NA,NA,113,3x37,98,NA,NA,NA,NA,NA,NA,NA,NA,NA,NA,NA,NA,NA,NA,NA,NA,3x35,98,NA,NA,NA,124,3x31,124,NA,NA,NA,123,3x29,123,NA,NA,2x64,98,NA,NA,3x34,110,NA,NA,3x37,113,NA,NA,3x29,105,NA,NA,3x54,225,NA,NA,3x37,209
NA,NA,NA,NA,NA,NA,NA,NA,NA,NA,NA,NA,NA,NA,NA,NA,NA,NA,NA,NA,NA,125,3x41,99,NA,NA,NA,118,3x39,99,NA,NA,NA,114,3x38,99,NA,NA,NA,NA,NA,NA,NA,NA,NA,NA,NA,NA,NA,NA,NA,NA,3x36,99,NA,NA,NA,125,3x32,125,NA,NA,NA,124,3x30,124,NA,NA,2x65,99,NA,NA,3x35,111,NA,NA,3x38,114,NA,NA,3x30,106,NA,NA,3x55,226,NA,NA,3x38,210
NA,NA,NA,NA,NA,NA,NA,NA,NA,NA,NA,NA,NA,NA,NA,NA,NA,NA,NA,NA,NA,126,3x42,100,NA,NA,NA,119,3x40,100,NA,NA,NA,115,3x39,100,NA,NA,NA,NA,NA,NA,NA,NA,NA,NA,NA,NA,NA,NA,NA,NA,3x37,100,NA,NA,NA,126,3x33,126,NA,NA,NA,125,3x31,125,NA,NA,2x66,100,NA,NA,3x36,112,NA,NA,3x39,115,NA,NA,3x31,107,NA,NA,3x56,227,NA,NA,3x39,211
NA,NA,NA,NA,NA,NA,NA,NA,NA,NA,NA,NA,NA,NA,NA,NA,NA,NA,NA,NA,NA,127,3x43,101,NA,NA,NA,120,3x41,101,NA,NA,NA,116,3x40,101,NA,NA,NA,NA,NA,NA,NA,NA,NA,NA,NA,NA,NA,NA,NA,NA,3x38,101,NA,NA,NA,127,3x34,127,NA,NA,NA,126,3x32,126,NA,NA,23x49,101,NA,NA,3x37,113,NA,NA,3x40,116,NA,NA,3x32,108,NA,NA,34x50,228,NA,NA,3x40,212
NA,NA,NA,NA,NA,NA,NA,NA,NA,NA,NA,NA,NA,NA,NA,NA,NA,NA,NA,NA,NA,128,3x44,102,NA,NA,NA,121,3x42,102,NA,NA,NA,117,3x41,102,NA,NA,NA,NA,NA,NA,NA,NA,NA,NA,NA,NA,NA,NA,NA,NA,3x39,102,NA,NA,NA,128,3x35,128,NA,NA,NA,127,3x33,127,NA,NA,23x50,102,NA,NA,3x38,114,NA,NA,3x41,117,NA,NA,3x33,109,NA,NA,34x51,229,NA,NA,3x41,213
NA,NA,NA,NA,NA,NA,NA,NA,NA,NA,NA,NA,NA,NA,NA,NA,NA,NA,NA,NA,NA,129,3x45,103,NA,NA,NA,122,3x43,103,NA,NA,NA,118,3x42,103,NA,NA,NA,NA,NA,NA,NA,NA,NA,NA,NA,NA,NA,NA,NA,NA,3x40,103,NA,NA,NA,129,3x36,129,NA,NA,NA,128,3x34,128,NA,NA,23x51,103,NA,NA,3x39,115,NA,NA,3x42,118,NA,NA,3x34,110,NA,NA,34x52,230,NA,NA,3x42,214
NA,NA,NA,NA,NA,NA,NA,NA,NA,NA,NA,NA,NA,NA,NA,NA,NA,NA,NA,NA,NA,130,3x46,104,NA,NA,NA,123,3x44,104,NA,NA,NA,119,3x43,104,NA,NA,NA,NA,NA,NA,NA,NA,NA,NA,NA,NA,NA,NA,NA,NA,3x41,104,NA,NA,NA,130,3x37,130,NA,NA,NA,129,3x35,129,NA,NA,23x52,104,NA,NA,3x40,116,NA,NA,3x43,119,NA,NA,3x35,111,NA,NA,34x53,231,NA,NA,3x43,215
NA,NA,NA,NA,NA,NA,NA,NA,NA,NA,NA,NA,NA,NA,NA,NA,NA,NA,NA,NA,NA,131,3x47,105,NA,NA,NA,124,3x45,105,NA,NA,NA,120,3x44,105,NA,NA,NA,NA,NA,NA,NA,NA,NA,NA,NA,NA,NA,NA,NA,NA,3x42,105,NA,NA,NA,131,3x38,131,NA,NA,NA,130,3x36,130,NA,NA,3x21,105,NA,NA,3x41,117,NA,NA,3x44,120,NA,NA,3x36,112,NA,NA,34x54,232,NA,NA,3x44,216
NA,NA,NA,NA,NA,NA,NA,NA,NA,NA,NA,NA,NA,NA,NA,NA,NA,NA,NA,NA,NA,132,3x48,106,NA,NA,NA,125,3x46,106,NA,NA,NA,121,3x45,106,NA,NA,NA,NA,NA,NA,NA,NA,NA,NA,NA,NA,NA,NA,NA,NA,3x43,106,NA,NA,NA,132,3x39,132,NA,NA,NA,131,3x37,131,NA,NA,3x22,106,NA,NA,3x42,118,NA,NA,3x45,121,NA,NA,3x37,113,NA,NA,34x55,233,NA,NA,3x45,217
NA,NA,NA,NA,NA,NA,NA,NA,NA,NA,NA,NA,NA,NA,NA,NA,NA,NA,NA,NA,NA,133,3x49,107,NA,NA,NA,126,3x47,107,NA,NA,NA,122,3x46,107,NA,NA,NA,NA,NA,NA,NA,NA,NA,NA,NA,NA,NA,NA,NA,NA,3x44,107,NA,NA,NA,133,3x40,133,NA,NA,NA,132,3x38,132,NA,NA,3x23,107,NA,NA,3x43,119,NA,NA,3x46,122,NA,NA,3x38,114,NA,NA,34x56,234,NA,NA,3x46,218
NA,NA,NA,NA,NA,NA,NA,NA,NA,NA,NA,NA,NA,NA,NA,NA,NA,NA,NA,NA,NA,134,3x50,108,NA,NA,NA,127,3x48,108,NA,NA,NA,123,3x47,108,NA,NA,NA,NA,NA,NA,NA,NA,NA,NA,NA,NA,NA,NA,NA,NA,3x45,108,NA,NA,NA,134,3x41,134,NA,NA,NA,133,3x39,133,NA,NA,3x24,108,NA,NA,3x44,120,NA,NA,3x47,123,NA,NA,3x39,115,NA,NA,34x57,235,NA,NA,3x47,219
NA,NA,NA,NA,NA,NA,NA,NA,NA,NA,NA,NA,NA,NA,NA,NA,NA,NA,NA,NA,NA,135,3x51,109,NA,NA,NA,128,3x49,109,NA,NA,NA,124,3x48,109,NA,NA,NA,NA,NA,NA,NA,NA,NA,NA,NA,NA,NA,NA,NA,NA,3x46,109,NA,NA,NA,135,3x42,135,NA,NA,NA,134,3x40,134,NA,NA,3x25,109,NA,NA,3x45,121,NA,NA,3x48,124,NA,NA,3x40,116,NA,NA,4x38,236,NA,NA,3x48,220
NA,NA,NA,NA,NA,NA,NA,NA,NA,NA,NA,NA,NA,NA,NA,NA,NA,NA,NA,NA,NA,136,3x52,110,NA,NA,NA,129,3x50,110,NA,NA,NA,125,3x49,110,NA,NA,NA,NA,NA,NA,NA,NA,NA,NA,NA,NA,NA,NA,NA,NA,3x47,110,NA,NA,NA,136,3x43,136,NA,NA,NA,135,3x41,135,NA,NA,3x26,110,NA,NA,3x46,122,NA,NA,3x49,125,NA,NA,3x41,117,NA,NA,4x39,237,NA,NA,3x49,221
NA,NA,NA,NA,NA,NA,NA,NA,NA,NA,NA,NA,NA,NA,NA,NA,NA,NA,NA,NA,NA,137,3x53,111,NA,NA,NA,130,3x51,111,NA,NA,NA,126,3x50,111,NA,NA,NA,NA,NA,NA,NA,NA,NA,NA,NA,NA,NA,NA,NA,NA,3x48,111,NA,NA,NA,137,3x44,137,NA,NA,NA,136,3x42,136,NA,NA,3x27,111,NA,NA,3x47,123,NA,NA,3x50,126,NA,NA,3x42,118,NA,NA,4x40,238,NA,NA,3x50,222
NA,NA,NA,NA,NA,NA,NA,NA,NA,NA,NA,NA,NA,NA,NA,NA,NA,NA,NA,NA,NA,138,3x54,112,NA,NA,NA,131,3x52,112,NA,NA,NA,127,3x51,112,NA,NA,NA,NA,NA,NA,NA,NA,NA,NA,NA,NA,NA,NA,NA,NA,3x49,112,NA,NA,NA,138,3x45,138,NA,NA,NA,137,3x43,137,NA,NA,3x28,112,NA,NA,3x48,124,NA,NA,3x51,127,NA,NA,3x43,119,NA,NA,4x41,239,NA,NA,3x51,223
NA,NA,NA,NA,NA,NA,NA,NA,NA,NA,NA,NA,NA,NA,NA,NA,NA,NA,NA,NA,NA,139,3x55,113,NA,NA,NA,132,3x53,113,NA,NA,NA,128,3x52,113,NA,NA,NA,NA,NA,NA,NA,NA,NA,NA,NA,NA,NA,NA,NA,NA,3x50,113,NA,NA,NA,139,3x46,139,NA,NA,NA,138,3x44,138,NA,NA,3x29,113,NA,NA,3x49,125,NA,NA,3x52,128,NA,NA,3x44,120,NA,NA,4x42,240,NA,NA,3x52,224
NA,NA,NA,NA,NA,NA,NA,NA,NA,NA,NA,NA,NA,NA,NA,NA,NA,NA,NA,NA,NA,140,3x56,114,NA,NA,NA,133,3x54,114,NA,NA,NA,129,3x53,114,NA,NA,NA,NA,NA,NA,NA,NA,NA,NA,NA,NA,NA,NA,NA,NA,3x51,114,NA,NA,NA,140,3x47,140,NA,NA,NA,139,3x45,139,NA,NA,3x30,114,NA,NA,3x50,126,NA,NA,3x53,129,NA,NA,3x45,121,NA,NA,4x43,241,NA,NA,3x53,225
NA,NA,NA,NA,NA,NA,NA,NA,NA,NA,NA,NA,NA,NA,NA,NA,NA,NA,NA,NA,NA,141,34x50,115,NA,NA,NA,134,3x55,115,NA,NA,NA,130,3x54,115,NA,NA,NA,NA,NA,NA,NA,NA,NA,NA,NA,NA,NA,NA,NA,NA,3x52,115,NA,NA,NA,141,3x48,141,NA,NA,NA,140,3x46,140,NA,NA,3x31,115,NA,NA,3x51,127,NA,NA,3x54,130,NA,NA,3x46,122,NA,NA,4x44,242,NA,NA,3x54,226
NA,NA,NA,NA,NA,NA,NA,NA,NA,NA,NA,NA,NA,NA,NA,NA,NA,NA,NA,NA,NA,142,34x51,116,NA,NA,NA,135,ICL2,116,NA,NA,NA,131,3x55,116,NA,NA,NA,NA,NA,NA,NA,NA,NA,NA,NA,NA,NA,NA,NA,NA,3x53,116,NA,NA,NA,142,3x49,142,NA,NA,NA,141,3x47,141,NA,NA,3x32,116,NA,NA,3x52,128,NA,NA,3x55,131,NA,NA,3x47,123,NA,NA,4x45,243,NA,NA,3x55,227
NA,NA,NA,NA,NA,NA,NA,NA,NA,NA,NA,NA,NA,NA,NA,NA,NA,NA,NA,NA,NA,143,34x52,117,NA,NA,NA,136,ICL2,117,NA,NA,NA,132,3x56,117,NA,NA,NA,NA,NA,NA,NA,NA,NA,NA,NA,NA,NA,NA,NA,NA,3x54,117,NA,NA,NA,143,3x50,143,NA,NA,NA,142,3x48,142,NA,NA,3x33,117,NA,NA,3x53,129,NA,NA,3x56,132,NA,NA,3x48,124,NA,NA,4x46,244,NA,NA,3x56,228
NA,NA,NA,NA,NA,NA,NA,NA,NA,NA,NA,NA,NA,NA,NA,NA,NA,NA,NA,NA,NA,144,34x53,118,NA,NA,NA,137,ICL2,118,NA,NA,NA,133,34x50,118,NA,NA,NA,NA,NA,NA,NA,NA,NA,NA,NA,NA,NA,NA,NA,NA,3x55,118,NA,NA,NA,144,3x51,144,NA,NA,NA,143,3x49,143,NA,NA,3x34,118,NA,NA,3x54,130,NA,NA,34x50,133,NA,NA,3x49,125,NA,NA,4x47,245,NA,NA,34x50,229
NA,NA,NA,NA,NA,NA,NA,NA,NA,NA,NA,NA,NA,NA,NA,NA,NA,NA,NA,NA,NA,145,34x54,119,NA,NA,NA,138,ICL2,119,NA,NA,NA,134,34x51,119,NA,NA,NA,NA,NA,NA,NA,NA,NA,NA,NA,NA,NA,NA,NA,NA,ICL2,119,NA,NA,NA,145,3x52,145,NA,NA,NA,144,3x50,144,NA,NA,3x35,119,NA,NA,3x55,131,NA,NA,34x51,134,NA,NA,3x50,126,NA,NA,4x48,246,NA,NA,34x51,230
NA,NA,NA,NA,NA,NA,NA,NA,NA,NA,NA,NA,NA,NA,NA,NA,NA,NA,NA,NA,NA,146,34x55,120,NA,NA,NA,139,ICL2,120,NA,NA,NA,135,34x52,120,NA,NA,NA,NA,NA,NA,NA,NA,NA,NA,NA,NA,NA,NA,NA,NA,ICL2,120,NA,NA,NA,146,3x53,146,NA,NA,NA,145,3x51,145,NA,NA,3x36,120,NA,NA,3x56,132,NA,NA,34x52,135,NA,NA,3x51,127,NA,NA,4x49,247,NA,NA,34x52,231
NA,NA,NA,NA,NA,NA,NA,NA,NA,NA,NA,NA,NA,NA,NA,NA,NA,NA,NA,NA,NA,147,34x56,121,NA,NA,NA,140,4x38,121,NA,NA,NA,136,34x53,121,NA,NA,NA,NA,NA,NA,NA,NA,NA,NA,NA,NA,NA,NA,NA,NA,ICL2,121,NA,NA,NA,147,3x54,147,NA,NA,NA,146,3x52,146,NA,NA,3x37,121,NA,NA,34x50,133,NA,NA,34x53,136,NA,NA,3x52,128,NA,NA,4x50,248,NA,NA,34x53,232
NA,NA,NA,NA,NA,NA,NA,NA,NA,NA,NA,NA,NA,NA,NA,NA,NA,NA,NA,NA,NA,148,34x57,122,NA,NA,NA,141,4x39,122,NA,NA,NA,137,34x54,122,NA,NA,NA,NA,NA,NA,NA,NA,NA,NA,NA,NA,NA,NA,NA,NA,ICL2,122,NA,NA,NA,148,3x55,148,NA,NA,NA,147,3x53,147,NA,NA,3x38,122,NA,NA,34x51,134,NA,NA,34x54,137,NA,NA,3x53,129,NA,NA,4x51,249,NA,NA,34x54,233
NA,NA,NA,NA,NA,NA,NA,NA,NA,NA,NA,NA,NA,NA,NA,NA,NA,NA,NA,NA,NA,149,4x38,123,NA,NA,NA,142,4x40,123,NA,NA,NA,138,34x55,123,NA,NA,NA,NA,NA,NA,NA,NA,NA,NA,NA,NA,NA,NA,NA,NA,ICL2,123,NA,NA,NA,149,3x56,149,NA,NA,NA,148,3x54,148,NA,NA,3x39,123,NA,NA,34x52,135,NA,NA,34x55,138,NA,NA,3x54,130,NA,NA,4x52,250,NA,NA,34x55,234
NA,NA,NA,NA,NA,NA,NA,NA,NA,NA,NA,NA,NA,NA,NA,NA,NA,NA,NA,NA,NA,150,4x39,124,NA,NA,NA,143,4x41,124,NA,NA,NA,139,34x56,124,NA,NA,NA,NA,NA,NA,NA,NA,NA,NA,NA,NA,NA,NA,NA,NA,4x38,124,NA,NA,NA,150,34x50,150,NA,NA,NA,149,3x55,149,NA,NA,3x40,124,NA,NA,34x53,136,NA,NA,34x56,139,NA,NA,3x55,131,NA,NA,4x53,251,NA,NA,34x56,235
NA,NA,NA,NA,NA,NA,NA,NA,NA,NA,NA,NA,NA,NA,NA,NA,NA,NA,NA,NA,NA,151,4x40,125,NA,NA,NA,144,4x42,125,NA,NA,NA,140,34x57,125,NA,NA,NA,NA,NA,NA,NA,NA,NA,NA,NA,NA,NA,NA,NA,NA,4x39,125,NA,NA,NA,151,34x51,151,NA,NA,NA,150,3x56,150,NA,NA,3x41,125,NA,NA,34x54,137,NA,NA,34x57,140,NA,NA,3x56,132,NA,NA,4x54,252,NA,NA,34x57,236
NA,NA,NA,NA,NA,NA,NA,NA,NA,NA,NA,NA,NA,NA,NA,NA,NA,NA,NA,NA,NA,152,4x41,126,NA,NA,NA,145,4x43,126,NA,NA,NA,141,4x38,126,NA,NA,NA,NA,NA,NA,NA,NA,NA,NA,NA,NA,NA,NA,NA,NA,4x40,126,NA,NA,NA,152,34x52,152,NA,NA,NA,151,34x50,151,NA,NA,3x42,126,NA,NA,34x55,138,NA,NA,4x38,141,NA,NA,34x50,133,NA,NA,4x55,253,NA,NA,4x38,237
NA,NA,NA,NA,NA,NA,NA,NA,NA,NA,NA,NA,NA,NA,NA,NA,NA,NA,NA,NA,NA,153,4x42,127,NA,NA,NA,146,4x44,127,NA,NA,NA,142,4x39,127,NA,NA,NA,NA,NA,NA,NA,NA,NA,NA,NA,NA,NA,NA,NA,NA,4x41,127,NA,NA,NA,153,34x53,153,NA,NA,NA,152,34x51,152,NA,NA,3x43,127,NA,NA,34x56,139,NA,NA,4x39,142,NA,NA,34x51,134,NA,NA,4x56,254,NA,NA,4x39,238
NA,NA,NA,NA,NA,NA,NA,NA,NA,NA,NA,NA,NA,NA,NA,NA,NA,NA,NA,NA,NA,154,4x43,128,NA,NA,NA,147,4x45,128,NA,NA,NA,143,4x40,128,NA,NA,NA,NA,NA,NA,NA,NA,NA,NA,NA,NA,NA,NA,NA,NA,4x42,128,NA,NA,NA,154,34x54,154,NA,NA,NA,153,34x52,153,NA,NA,3x44,128,NA,NA,34x57,140,NA,NA,4x40,143,NA,NA,34x52,135,NA,NA,4x57,255,NA,NA,4x40,239
NA,NA,NA,NA,NA,NA,NA,NA,NA,NA,NA,NA,NA,NA,NA,NA,NA,NA,NA,NA,NA,155,4x44,129,NA,NA,NA,148,4x46,129,NA,NA,NA,144,4x41,129,NA,NA,NA,NA,NA,NA,NA,NA,NA,NA,NA,NA,NA,NA,NA,NA,4x43,129,NA,NA,NA,155,34x55,155,NA,NA,NA,154,34x53,154,NA,NA,3x45,129,NA,NA,4x38,141,NA,NA,4x41,144,NA,NA,34x53,136,NA,NA,4x59,256,NA,NA,4x41,240
NA,NA,NA,NA,NA,NA,NA,NA,NA,NA,NA,NA,NA,NA,NA,NA,NA,NA,NA,NA,NA,156,4x45,130,NA,NA,NA,149,4x47,130,NA,NA,NA,145,4x42,130,NA,NA,NA,NA,NA,NA,NA,NA,NA,NA,NA,NA,NA,NA,NA,NA,4x44,130,NA,NA,NA,156,34x56,156,NA,NA,NA,155,34x54,155,NA,NA,3x46,130,NA,NA,4x39,142,NA,NA,4x42,145,NA,NA,34x54,137,NA,NA,4x60,257,NA,NA,4x42,241
NA,NA,NA,NA,NA,NA,NA,NA,NA,NA,NA,NA,NA,NA,NA,NA,NA,NA,NA,NA,NA,157,4x46,131,NA,NA,NA,150,4x48,131,NA,NA,NA,146,4x43,131,NA,NA,NA,NA,NA,NA,NA,NA,NA,NA,NA,NA,NA,NA,NA,NA,4x45,131,NA,NA,NA,157,ICL2,157,NA,NA,NA,156,34x55,156,NA,NA,3x47,131,NA,NA,4x40,143,NA,NA,4x43,146,NA,NA,34x55,138,NA,NA,4x61,258,NA,NA,4x43,242
NA,NA,NA,NA,NA,NA,NA,NA,NA,NA,NA,NA,NA,NA,NA,NA,NA,NA,NA,NA,NA,158,4x47,132,NA,NA,NA,151,4x49,132,NA,NA,NA,147,4x44,132,NA,NA,NA,NA,NA,NA,NA,NA,NA,NA,NA,NA,NA,NA,NA,NA,4x46,132,NA,NA,NA,158,ICL2,158,NA,NA,NA,157,34x56,157,NA,NA,3x48,132,NA,NA,4x41,144,NA,NA,4x44,147,NA,NA,34x56,139,NA,NA,4x62,259,NA,NA,4x44,243
NA,NA,NA,NA,NA,NA,NA,NA,NA,NA,NA,NA,NA,NA,NA,NA,NA,NA,NA,NA,NA,159,4x48,133,NA,NA,NA,152,4x50,133,NA,NA,NA,148,4x45,133,NA,NA,NA,NA,NA,NA,NA,NA,NA,NA,NA,NA,NA,NA,NA,NA,4x47,133,NA,NA,NA,159,ICL2,159,NA,NA,NA,158,4x38,158,NA,NA,3x49,133,NA,NA,4x42,145,NA,NA,4x45,148,NA,NA,34x57,140,NA,NA,4x63,260,NA,NA,4x45,244
NA,NA,NA,NA,NA,NA,NA,NA,NA,NA,NA,NA,NA,NA,NA,NA,NA,NA,NA,NA,NA,160,4x49,134,NA,NA,NA,153,4x51,134,NA,NA,NA,149,4x46,134,NA,NA,NA,NA,NA,NA,NA,NA,NA,NA,NA,NA,NA,NA,NA,NA,4x48,134,NA,NA,NA,160,4x38,160,NA,NA,NA,159,4x39,159,NA,NA,3x50,134,NA,NA,4x43,146,NA,NA,4x46,149,NA,NA,4x38,141,NA,NA,4x64,261,NA,NA,4x46,245
NA,NA,NA,NA,NA,NA,NA,NA,NA,NA,NA,NA,NA,NA,NA,NA,NA,NA,NA,NA,NA,161,4x50,135,NA,NA,NA,154,4x52,135,NA,NA,NA,150,4x47,135,NA,NA,NA,NA,NA,NA,NA,NA,NA,NA,NA,NA,NA,NA,NA,NA,4x49,135,NA,NA,NA,161,4x39,161,NA,NA,NA,160,4x40,160,NA,NA,3x51,135,NA,NA,4x44,147,NA,NA,4x47,150,NA,NA,4x39,142,NA,NA,4x65,262,NA,NA,4x47,246
NA,NA,NA,NA,NA,NA,NA,NA,NA,NA,NA,NA,NA,NA,NA,NA,NA,NA,NA,NA,NA,162,4x51,136,NA,NA,NA,155,4x53,136,NA,NA,NA,151,4x48,136,NA,NA,NA,NA,NA,NA,NA,NA,NA,NA,NA,NA,NA,NA,NA,NA,4x50,136,NA,NA,NA,162,4x40,162,NA,NA,NA,161,4x41,161,NA,NA,3x52,136,NA,NA,4x45,148,NA,NA,4x48,151,NA,NA,4x40,143,NA,NA,ECL2.Cm10,263,NA,NA,4x48,247
NA,NA,NA,NA,NA,NA,NA,NA,NA,NA,NA,NA,NA,NA,NA,NA,NA,NA,NA,NA,NA,163,4x52,137,NA,NA,NA,156,4x54,137,NA,NA,NA,152,4x49,137,NA,NA,NA,NA,NA,NA,NA,NA,NA,NA,NA,NA,NA,NA,NA,NA,4x51,137,NA,NA,NA,163,4x41,163,NA,NA,NA,162,4x42,162,NA,NA,3x53,137,NA,NA,4x46,149,NA,NA,4x49,152,NA,NA,4x41,144,NA,NA,ECL2.Cm9,264,NA,NA,4x49,248
NA,NA,NA,NA,NA,NA,NA,NA,NA,NA,NA,NA,NA,NA,NA,NA,NA,NA,NA,NA,NA,164,4x53,138,NA,NA,NA,157,4x55,138,NA,NA,NA,153,4x50,138,NA,NA,NA,NA,NA,NA,NA,NA,NA,NA,NA,NA,NA,NA,NA,NA,4x52,138,NA,NA,NA,164,4x42,164,NA,NA,NA,163,4x43,163,NA,NA,3x54,138,NA,NA,4x47,150,NA,NA,4x50,153,NA,NA,4x42,145,NA,NA,ECL2.Cm8,265,NA,NA,4x50,249
NA,NA,NA,NA,NA,NA,NA,NA,NA,NA,NA,NA,NA,NA,NA,NA,NA,NA,NA,NA,NA,165,4x54,139,NA,NA,NA,158,4x56,139,NA,NA,NA,154,4x51,139,NA,NA,NA,NA,NA,NA,NA,NA,NA,NA,NA,NA,NA,NA,NA,NA,4x53,139,NA,NA,NA,165,4x43,165,NA,NA,NA,164,4x44,164,NA,NA,3x55,139,NA,NA,4x48,151,NA,NA,4x51,154,NA,NA,4x43,146,NA,NA,ECL2.Cm7,266,NA,NA,4x51,250
NA,NA,NA,NA,NA,NA,NA,NA,NA,NA,NA,NA,NA,NA,NA,NA,NA,NA,NA,NA,NA,166,4x55,140,NA,NA,NA,159,4x57,140,NA,NA,NA,155,4x52,140,NA,NA,NA,NA,NA,NA,NA,NA,NA,NA,NA,NA,NA,NA,NA,NA,4x54,140,NA,NA,NA,166,4x44,166,NA,NA,NA,165,4x45,165,NA,NA,3x56,140,NA,NA,4x49,152,NA,NA,4x52,155,NA,NA,4x44,147,NA,NA,ECL2.Cm6,267,NA,NA,4x52,251
NA,NA,NA,NA,NA,NA,NA,NA,NA,NA,NA,NA,NA,NA,NA,NA,NA,NA,NA,NA,NA,167,4x56,141,NA,NA,NA,160,4x59,141,NA,NA,NA,156,4x53,141,NA,NA,NA,NA,NA,NA,NA,NA,NA,NA,NA,NA,NA,NA,NA,NA,4x55,141,NA,NA,NA,167,4x45,167,NA,NA,NA,166,4x46,166,NA,NA,34x50,141,NA,NA,4x50,153,NA,NA,4x53,156,NA,NA,4x45,148,NA,NA,ECL2.Cm5,268,NA,NA,4x53,252
NA,NA,NA,NA,NA,NA,NA,NA,NA,NA,NA,NA,NA,NA,NA,NA,NA,NA,NA,NA,NA,168,4x57,142,NA,NA,NA,161,4x60,142,NA,NA,NA,157,4x54,142,NA,NA,NA,NA,NA,NA,NA,NA,NA,NA,NA,NA,NA,NA,NA,NA,4x56,142,NA,NA,NA,168,4x46,168,NA,NA,NA,167,4x47,167,NA,NA,34x51,142,NA,NA,4x51,154,NA,NA,4x54,157,NA,NA,4x46,149,NA,NA,ECL2.Cm4,269,NA,NA,4x54,253
NA,NA,NA,NA,NA,NA,NA,NA,NA,NA,NA,NA,NA,NA,NA,NA,NA,NA,NA,NA,NA,169,4x59,143,NA,NA,NA,162,4x61,143,NA,NA,NA,158,4x55,143,NA,NA,NA,NA,NA,NA,NA,NA,NA,NA,NA,NA,NA,NA,NA,NA,4x57,143,NA,NA,NA,169,4x47,169,NA,NA,NA,168,4x48,168,NA,NA,34x52,143,NA,NA,4x52,155,NA,NA,4x55,158,NA,NA,4x47,150,NA,NA,ECL2.Cm3,270,NA,NA,4x55,254
NA,NA,NA,NA,NA,NA,NA,NA,NA,NA,NA,NA,NA,NA,NA,NA,NA,NA,NA,NA,NA,170,4x60,144,NA,NA,NA,163,4x62,144,NA,NA,NA,159,4x56,144,NA,NA,NA,NA,NA,NA,NA,NA,NA,NA,NA,NA,NA,NA,NA,NA,4x59,144,NA,NA,NA,170,4x48,170,NA,NA,NA,169,4x49,169,NA,NA,34x53,144,NA,NA,4x53,156,NA,NA,4x56,159,NA,NA,4x48,151,NA,NA,ECL2.Cm2,271,NA,NA,4x56,255
NA,NA,NA,NA,NA,NA,NA,NA,NA,NA,NA,NA,NA,NA,NA,NA,NA,NA,NA,NA,NA,171,4x61,145,NA,NA,NA,164,4x63,145,NA,NA,NA,160,4x57,145,NA,NA,NA,NA,NA,NA,NA,NA,NA,NA,NA,NA,NA,NA,NA,NA,4x60,145,NA,NA,NA,171,4x49,171,NA,NA,NA,170,4x50,170,NA,NA,34x54,145,NA,NA,4x54,157,NA,NA,4x57,160,NA,NA,4x49,152,NA,NA,ECL2.Cm1,272,NA,NA,4x57,256
NA,NA,NA,NA,NA,NA,NA,NA,NA,NA,NA,NA,NA,NA,NA,NA,NA,NA,NA,NA,NA,172,4x62,146,NA,NA,NA,165,ECL2.Cm8,146,NA,NA,NA,161,4x59,146,NA,NA,NA,NA,NA,NA,NA,NA,NA,NA,NA,NA,NA,NA,NA,NA,4x61,146,NA,NA,NA,172,4x50,172,NA,NA,NA,171,4x51,171,NA,NA,34x55,146,NA,NA,4x55,158,NA,NA,4x59,161,NA,NA,4x50,153,NA,NA,45x50,273,NA,NA,4x59,257
NA,NA,NA,NA,NA,NA,NA,NA,NA,NA,NA,NA,NA,NA,NA,NA,NA,NA,NA,NA,NA,173,4x63,147,NA,NA,NA,166,ECL2.Cm7,147,NA,NA,NA,162,4x60,147,NA,NA,NA,NA,NA,NA,NA,NA,NA,NA,NA,NA,NA,NA,NA,NA,4x62,147,NA,NA,NA,173,4x51,173,NA,NA,NA,172,4x52,172,NA,NA,34x56,147,NA,NA,4x56,159,NA,NA,4x60,162,NA,NA,4x51,154,NA,NA,45x51,274,NA,NA,4x60,258
NA,NA,NA,NA,NA,NA,NA,NA,NA,NA,NA,NA,NA,NA,NA,NA,NA,NA,NA,NA,NA,174,4x64,148,NA,NA,NA,167,ECL2.Cm6,148,NA,NA,NA,163,4x61,148,NA,NA,NA,NA,NA,NA,NA,NA,NA,NA,NA,NA,NA,NA,NA,NA,4x63,148,NA,NA,NA,174,4x52,174,NA,NA,NA,173,4x53,173,NA,NA,34x57,148,NA,NA,4x57,160,NA,NA,4x61,163,NA,NA,4x52,155,NA,NA,45x52,275,NA,NA,4x61,259
NA,NA,NA,NA,NA,NA,NA,NA,NA,NA,NA,NA,NA,NA,NA,NA,NA,NA,NA,NA,NA,175,4x65,149,NA,NA,NA,168,ECL2.Cm5,149,NA,NA,NA,164,4x62,149,NA,NA,NA,NA,NA,NA,NA,NA,NA,NA,NA,NA,NA,NA,NA,NA,ECL2.Cm8,149,NA,NA,NA,175,4x53,175,NA,NA,NA,174,4x54,174,NA,NA,4x38,149,NA,NA,4x59,161,NA,NA,4x62,164,NA,NA,4x53,156,NA,NA,ECL2.Cp3,276,NA,NA,4x62,260
NA,NA,NA,NA,NA,NA,NA,NA,NA,NA,NA,NA,NA,NA,NA,NA,NA,NA,NA,NA,NA,176,ECL2.Cm10,150,NA,NA,NA,169,ECL2.Cm4,150,NA,NA,NA,165,4x63,150,NA,NA,NA,NA,NA,NA,NA,NA,NA,NA,NA,NA,NA,NA,NA,NA,ECL2.Cm7,150,NA,NA,NA,176,4x54,176,NA,NA,NA,175,4x55,175,NA,NA,4x39,150,NA,NA,4x60,162,NA,NA,4x63,165,NA,NA,4x54,157,NA,NA,ECL2.Cp4,277,NA,NA,4x63,261
NA,NA,NA,NA,NA,NA,NA,NA,NA,NA,NA,NA,NA,NA,NA,NA,NA,NA,NA,NA,NA,177,ECL2.Cm9,151,NA,NA,NA,170,ECL2.Cm3,151,NA,NA,NA,166,4x64,151,NA,NA,NA,NA,NA,NA,NA,NA,NA,NA,NA,NA,NA,NA,NA,NA,ECL2.Cm6,151,NA,NA,NA,177,4x55,177,NA,NA,NA,176,4x56,176,NA,NA,4x40,151,NA,NA,4x61,163,NA,NA,4x64,166,NA,NA,4x55,158,NA,NA,ECL2.Cp5,278,NA,NA,4x64,262
NA,NA,NA,NA,NA,NA,NA,NA,NA,NA,NA,NA,NA,NA,NA,NA,NA,NA,NA,NA,NA,178,ECL2.Cm8,152,NA,NA,NA,171,ECL2.Cm2,152,NA,NA,NA,167,4x65,152,NA,NA,NA,NA,NA,NA,NA,NA,NA,NA,NA,NA,NA,NA,NA,NA,ECL2.Cm5,152,NA,NA,NA,178,4x56,178,NA,NA,NA,177,4x57,177,NA,NA,4x41,152,NA,NA,4x62,164,NA,NA,4x65,167,NA,NA,4x56,159,NA,NA,ECL2.Cp6,279,NA,NA,4x65,263
NA,NA,NA,NA,NA,NA,NA,NA,NA,NA,NA,NA,NA,NA,NA,NA,NA,NA,NA,NA,NA,179,ECL2.Cm7,153,NA,NA,NA,172,ECL2.Cm1,153,NA,NA,NA,168,ECL2.Cm10,153,NA,NA,NA,NA,NA,NA,NA,NA,NA,NA,NA,NA,NA,NA,NA,NA,ECL2.Cm4,153,NA,NA,NA,179,4x57,179,NA,NA,NA,178,4x59,178,NA,NA,4x42,153,NA,NA,4x63,165,NA,NA,ECL2.Cm10,168,NA,NA,4x57,160,NA,NA,ECL2.Cp7,280,NA,NA,ECL2.Cm10,264
NA,NA,NA,NA,NA,NA,NA,NA,NA,NA,NA,NA,NA,NA,NA,NA,NA,NA,NA,NA,NA,180,ECL2.Cm6,154,NA,NA,NA,173,45x50,154,NA,NA,NA,169,ECL2.Cm9,154,NA,NA,NA,NA,NA,NA,NA,NA,NA,NA,NA,NA,NA,NA,NA,NA,ECL2.Cm3,154,NA,NA,NA,180,4x58,180,NA,NA,NA,179,4x60,179,NA,NA,4x43,154,NA,NA,4x64,166,NA,NA,ECL2.Cm9,169,NA,NA,4x59,161,NA,NA,5x31,281,NA,NA,ECL2.Cm9,265
NA,NA,NA,NA,NA,NA,NA,NA,NA,NA,NA,NA,NA,NA,NA,NA,NA,NA,NA,NA,NA,181,ECL2.Cm5,155,NA,NA,NA,174,45x51,155,NA,NA,NA,170,ECL2.Cm8,155,NA,NA,NA,NA,NA,NA,NA,NA,NA,NA,NA,NA,NA,NA,NA,NA,ECL2.Cm2,155,NA,NA,NA,181,4x59,181,NA,NA,NA,180,4x61,180,NA,NA,4x44,155,NA,NA,4x65,167,NA,NA,ECL2.Cm8,170,NA,NA,4x60,162,NA,NA,5x32,282,NA,NA,ECL2.Cm8,266
NA,NA,NA,NA,NA,NA,NA,NA,NA,NA,NA,NA,NA,NA,NA,NA,NA,NA,NA,NA,NA,182,ECL2.Cm4,156,NA,NA,NA,175,45x52,156,NA,NA,NA,171,ECL2.Cm7,156,NA,NA,NA,NA,NA,NA,NA,NA,NA,NA,NA,NA,NA,NA,NA,NA,ECL2.Cm1,156,NA,NA,NA,182,4x60,182,NA,NA,NA,181,4x62,181,NA,NA,4x45,156,NA,NA,ECL2.Cm10,168,NA,NA,ECL2.Cm7,171,NA,NA,4x61,163,NA,NA,5x33,283,NA,NA,ECL2.Cm7,267
NA,NA,NA,NA,NA,NA,NA,NA,NA,NA,NA,NA,NA,NA,NA,NA,NA,NA,NA,NA,NA,183,ECL2.Cm3,157,NA,NA,NA,176,ECL2.Cp3,157,NA,NA,NA,172,ECL2.Cm6,157,NA,NA,NA,NA,NA,NA,NA,NA,NA,NA,NA,NA,NA,NA,NA,NA,45x50,157,NA,NA,NA,183,4x61,183,NA,NA,NA,182,4x63,182,NA,NA,4x46,157,NA,NA,ECL2.Cm9,169,NA,NA,ECL2.Cm6,172,NA,NA,4x62,164,NA,NA,5x34,284,NA,NA,ECL2.Cm6,268
NA,NA,NA,NA,NA,NA,NA,NA,NA,NA,NA,NA,NA,NA,NA,NA,NA,NA,NA,NA,NA,184,ECL2.Cm2,158,NA,NA,NA,177,ECL2.Cp4,158,NA,NA,NA,173,ECL2.Cm5,158,NA,NA,NA,NA,NA,NA,NA,NA,NA,NA,NA,NA,NA,NA,NA,NA,45x51,158,NA,NA,NA,184,4x62,184,NA,NA,NA,183,4x64,183,NA,NA,4x47,158,NA,NA,ECL2.Cm8,170,NA,NA,ECL2.Cm5,173,NA,NA,4x63,165,NA,NA,5x35,285,NA,NA,ECL2.Cm5,269
NA,NA,NA,NA,NA,NA,NA,NA,NA,NA,NA,NA,NA,NA,NA,NA,NA,NA,NA,NA,NA,185,ECL2.Cm1,159,NA,NA,NA,178,ECL2.Cp5,159,NA,NA,NA,174,ECL2.Cm4,159,NA,NA,NA,NA,NA,NA,NA,NA,NA,NA,NA,NA,NA,NA,NA,NA,45x52,159,NA,NA,NA,185,4x63,185,NA,NA,NA,184,4x65,184,NA,NA,4x48,159,NA,NA,ECL2.Cm7,171,NA,NA,ECL2.Cm4,174,NA,NA,4x64,166,NA,NA,5x36,286,NA,NA,ECL2.Cm4,270
NA,NA,NA,NA,NA,NA,NA,NA,NA,NA,NA,NA,NA,NA,NA,NA,NA,NA,NA,NA,NA,186,45x50,160,NA,NA,NA,179,ECL2.Cp6,160,NA,NA,NA,175,ECL2.Cm3,160,NA,NA,NA,NA,NA,NA,NA,NA,NA,NA,NA,NA,NA,NA,NA,NA,ECL2.Cp3,160,NA,NA,NA,186,4x64,186,NA,NA,NA,185,ECL2.Cm11,185,NA,NA,4x49,160,NA,NA,ECL2.Cm6,172,NA,NA,ECL2.Cm3,175,NA,NA,4x65,167,NA,NA,5x37,287,NA,NA,ECL2.Cm3,271
NA,NA,NA,NA,NA,NA,NA,NA,NA,NA,NA,NA,NA,NA,NA,NA,NA,NA,NA,NA,NA,187,45x51,161,NA,NA,NA,180,ECL2.Cp7,161,NA,NA,NA,176,ECL2.Cm2,161,NA,NA,NA,NA,NA,NA,NA,NA,NA,NA,NA,NA,NA,NA,NA,NA,ECL2.Cp4,161,NA,NA,NA,187,ECL2.Cm10,187,NA,NA,NA,186,ECL2.Cm10,186,NA,NA,4x50,161,NA,NA,ECL2.Cm5,173,NA,NA,ECL2.Cm2,176,NA,NA,ECL2.Cm10,168,NA,NA,5x38,288,NA,NA,ECL2.Cm2,272
NA,NA,NA,NA,NA,NA,NA,NA,NA,NA,NA,NA,NA,NA,NA,NA,NA,NA,NA,NA,NA,188,45x52,162,NA,NA,NA,181,ECL2.Cp8,162,NA,NA,NA,177,ECL2.Cm1,162,NA,NA,NA,NA,NA,NA,NA,NA,NA,NA,NA,NA,NA,NA,NA,NA,ECL2.Cp5,162,NA,NA,NA,188,ECL2.Cm9,188,NA,NA,NA,187,ECL2.Cm9,187,NA,NA,4x51,162,NA,NA,ECL2.Cm4,174,NA,NA,ECL2.Cm1,177,NA,NA,ECL2.Cm9,169,NA,NA,5x39,289,NA,NA,ECL2.Cm1,273
NA,NA,NA,NA,NA,NA,NA,NA,NA,NA,NA,NA,NA,NA,NA,NA,NA,NA,NA,NA,NA,189,ECL2.Cp3,163,NA,NA,NA,182,ECL2.Cp9,163,NA,NA,NA,178,45x50,163,NA,NA,NA,NA,NA,NA,NA,NA,NA,NA,NA,NA,NA,NA,NA,NA,ECL2.Cp6,163,NA,NA,NA,189,ECL2.Cm8,189,NA,NA,NA,188,ECL2.Cm8,188,NA,NA,4x52,163,NA,NA,ECL2.Cm3,175,NA,NA,45x50,178,NA,NA,ECL2.Cm8,170,NA,NA,5x40,290,NA,NA,45x50,274
NA,NA,NA,NA,NA,NA,NA,NA,NA,NA,NA,NA,NA,NA,NA,NA,NA,NA,NA,NA,NA,190,ECL2.Cp4,164,NA,NA,NA,183,5x34,164,NA,NA,NA,179,45x51,164,NA,NA,NA,NA,NA,NA,NA,NA,NA,NA,NA,NA,NA,NA,NA,NA,ECL2.Cp7,164,NA,NA,NA,190,ECL2.Cm7,190,NA,NA,NA,189,ECL2.Cm7,189,NA,NA,4x53,164,NA,NA,ECL2.Cm2,176,NA,NA,45x51,179,NA,NA,ECL2.Cm7,171,NA,NA,5x41,291,NA,NA,45x51,275
NA,NA,NA,NA,NA,NA,NA,NA,NA,NA,NA,NA,NA,NA,NA,NA,NA,NA,NA,NA,NA,191,ECL2.Cp5,165,NA,NA,NA,184,5x35,165,NA,NA,NA,180,45x52,165,NA,NA,NA,NA,NA,NA,NA,NA,NA,NA,NA,NA,NA,NA,NA,NA,ECL2.Cp8,165,NA,NA,NA,191,ECL2.Cm6,191,NA,NA,NA,190,ECL2.Cm6,190,NA,NA,4x54,165,NA,NA,ECL2.Cm1,177,NA,NA,45x52,180,NA,NA,ECL2.Cm6,172,NA,NA,5x42,292,NA,NA,45x52,276
NA,NA,NA,NA,NA,NA,NA,NA,NA,NA,NA,NA,NA,NA,NA,NA,NA,NA,NA,NA,NA,192,ECL2.Cp6,166,NA,NA,NA,185,5x36,166,NA,NA,NA,181,ECL2.Cp3,166,NA,NA,NA,NA,NA,NA,NA,NA,NA,NA,NA,NA,NA,NA,NA,NA,ECL2.Cp9,166,NA,NA,NA,192,ECL2.Cm5,192,NA,NA,NA,191,ECL2.Cm5,191,NA,NA,4x55,166,NA,NA,45x50,178,NA,NA,ECL2.Cp3,181,NA,NA,ECL2.Cm5,173,NA,NA,5x43,293,NA,NA,ECL2.Cp3,277
NA,NA,NA,NA,NA,NA,NA,NA,NA,NA,NA,NA,NA,NA,NA,NA,NA,NA,NA,NA,NA,193,5x33,167,NA,NA,NA,186,5x37,167,NA,NA,NA,182,ECL2.Cp4,167,NA,NA,NA,NA,NA,NA,NA,NA,NA,NA,NA,NA,NA,NA,NA,NA,5x34,167,NA,NA,NA,193,ECL2.Cm4,193,NA,NA,NA,192,ECL2.Cm4,192,NA,NA,4x56,167,NA,NA,45x51,179,NA,NA,ECL2.Cp4,182,NA,NA,ECL2.Cm4,174,NA,NA,5x44,294,NA,NA,ECL2.Cp4,278
NA,NA,NA,NA,NA,NA,NA,NA,NA,NA,NA,NA,NA,NA,NA,NA,NA,NA,NA,NA,NA,194,5x34,168,NA,NA,NA,187,5x38,168,NA,NA,NA,183,ECL2.Cp5,168,NA,NA,NA,NA,NA,NA,NA,NA,NA,NA,NA,NA,NA,NA,NA,NA,5x35,168,NA,NA,NA,194,ECL2.Cm3,194,NA,NA,NA,193,ECL2.Cm3,193,NA,NA,4x57,168,NA,NA,45x52,180,NA,NA,ECL2.Cp5,183,NA,NA,ECL2.Cm3,175,NA,NA,5x45,295,NA,NA,ECL2.Cp5,279
NA,NA,NA,NA,NA,NA,NA,NA,NA,NA,NA,NA,NA,NA,NA,NA,NA,NA,NA,NA,NA,195,5x35,169,NA,NA,NA,188,5x39,169,NA,NA,NA,184,ECL2.Cp6,169,NA,NA,NA,NA,NA,NA,NA,NA,NA,NA,NA,NA,NA,NA,NA,NA,5x36,169,NA,NA,NA,195,ECL2.Cm2,195,NA,NA,NA,194,ECL2.Cm2,194,NA,NA,4x59,169,NA,NA,ECL2.Cp3,181,NA,NA,ECL2.Cp6,184,NA,NA,ECL2.Cm2,176,NA,NA,5x46,296,NA,NA,ECL2.Cp6,280
NA,NA,NA,NA,NA,NA,NA,NA,NA,NA,NA,NA,NA,NA,NA,NA,NA,NA,NA,NA,NA,196,5x36,170,NA,NA,NA,189,5x40,170,NA,NA,NA,185,ECL2.Cp7,170,NA,NA,NA,NA,NA,NA,NA,NA,NA,NA,NA,NA,NA,NA,NA,NA,5x37,170,NA,NA,NA,196,ECL2.Cm1,196,NA,NA,NA,195,ECL2.Cm1,195,NA,NA,4x60,170,NA,NA,ECL2.Cp4,182,NA,NA,ECL2.Cp7,185,NA,NA,ECL2.Cm1,177,NA,NA,5x461,297,NA,NA,ECL2.Cp7,281
NA,NA,NA,NA,NA,NA,NA,NA,NA,NA,NA,NA,NA,NA,NA,NA,NA,NA,NA,NA,NA,197,5x37,171,NA,NA,NA,190,5x41,171,NA,NA,NA,186,5x31,171,NA,NA,NA,NA,NA,NA,NA,NA,NA,NA,NA,NA,NA,NA,NA,NA,5x38,171,NA,NA,NA,197,45x50,197,NA,NA,NA,196,45x50,196,NA,NA,4x61,171,NA,NA,ECL2.Cp5,183,NA,NA,5x31,186,NA,NA,45x50,178,NA,NA,5x47,298,NA,NA,5x31,282
NA,NA,NA,NA,NA,NA,NA,NA,NA,NA,NA,NA,NA,NA,NA,NA,NA,NA,NA,NA,NA,198,5x38,172,NA,NA,NA,191,5x42,172,NA,NA,NA,187,5x32,172,NA,NA,NA,NA,NA,NA,NA,NA,NA,NA,NA,NA,NA,NA,NA,NA,5x39,172,NA,NA,NA,198,45x51,198,NA,NA,NA,197,45x51,197,NA,NA,4x62,172,NA,NA,ECL2.Cp6,184,NA,NA,5x32,187,NA,NA,45x51,179,NA,NA,5x48,299,NA,NA,5x32,283
NA,NA,NA,NA,NA,NA,NA,NA,NA,NA,NA,NA,NA,NA,NA,NA,NA,NA,NA,NA,NA,199,5x39,173,NA,NA,NA,192,5x43,173,NA,NA,NA,188,5x33,173,NA,NA,NA,NA,NA,NA,NA,NA,NA,NA,NA,NA,NA,NA,NA,NA,5x40,173,NA,NA,NA,199,45x52,199,NA,NA,NA,198,45x52,198,NA,NA,4x63,173,NA,NA,ECL2.Cp7,185,NA,NA,5x33,188,NA,NA,45x52,180,NA,NA,5x49,300,NA,NA,5x33,284
NA,NA,NA,NA,NA,NA,NA,NA,NA,NA,NA,NA,NA,NA,NA,NA,NA,NA,NA,NA,NA,200,5x40,174,NA,NA,NA,193,5x44,174,NA,NA,NA,189,5x34,174,NA,NA,NA,NA,NA,NA,NA,NA,NA,NA,NA,NA,NA,NA,NA,NA,5x41,174,NA,NA,NA,200,ECL2.Cp3,200,NA,NA,NA,199,ECL2.Cp3,199,NA,NA,4x64,174,NA,NA,5x31,186,NA,NA,5x34,189,NA,NA,ECL2.Cp3,181,NA,NA,5x50,301,NA,NA,5x34,285
NA,NA,NA,NA,NA,NA,NA,NA,NA,NA,NA,NA,NA,NA,NA,NA,NA,NA,NA,NA,NA,201,5x41,175,NA,NA,NA,194,5x45,175,NA,NA,NA,190,5x35,175,NA,NA,NA,NA,NA,NA,NA,NA,NA,NA,NA,NA,NA,NA,NA,NA,5x42,175,NA,NA,NA,201,ECL2.Cp4,201,NA,NA,NA,200,ECL2.Cp4,200,NA,NA,4x65,175,NA,NA,5x32,187,NA,NA,5x35,190,NA,NA,ECL2.Cp4,182,NA,NA,5x51,302,NA,NA,5x35,286
NA,NA,NA,NA,NA,NA,NA,NA,NA,NA,NA,NA,NA,NA,NA,NA,NA,NA,NA,NA,NA,202,5x42,176,NA,NA,NA,195,5x46,176,NA,NA,NA,191,5x36,176,NA,NA,NA,NA,NA,NA,NA,NA,NA,NA,NA,NA,NA,NA,NA,NA,5x43,176,NA,NA,NA,202,ECL2.Cp5,202,NA,NA,NA,201,ECL2.Cp5,201,NA,NA,ECL2.Cm10,176,NA,NA,5x33,188,NA,NA,5x36,191,NA,NA,ECL2.Cp5,183,NA,NA,5x52,303,NA,NA,5x36,287
NA,NA,NA,NA,NA,NA,NA,NA,NA,NA,NA,NA,NA,NA,NA,NA,NA,NA,NA,NA,NA,203,5x43,177,NA,NA,NA,196,5x461,177,NA,NA,NA,192,5x37,177,NA,NA,NA,NA,NA,NA,NA,NA,NA,NA,NA,NA,NA,NA,NA,NA,5x44,177,NA,NA,NA,203,ECL2.Cp6,203,NA,NA,NA,202,ECL2.Cp6,202,NA,NA,ECL2.Cm9,177,NA,NA,5x34,189,NA,NA,5x37,192,NA,NA,ECL2.Cp6,184,NA,NA,5x53,304,NA,NA,5x37,288
NA,NA,NA,NA,NA,NA,NA,NA,NA,NA,NA,NA,NA,NA,NA,NA,NA,NA,NA,NA,NA,204,5x44,178,NA,NA,NA,197,5x47,178,NA,NA,NA,193,5x38,178,NA,NA,NA,NA,NA,NA,NA,NA,NA,NA,NA,NA,NA,NA,NA,NA,5x45,178,NA,NA,NA,204,ECL2.Cp7,204,NA,NA,NA,203,ECL2.Cp7,203,NA,NA,ECL2.Cm8,178,NA,NA,5x35,190,NA,NA,5x38,193,NA,NA,ECL2.Cp7,185,NA,NA,5x54,305,NA,NA,5x38,289
NA,NA,NA,NA,NA,NA,NA,NA,NA,NA,NA,NA,NA,NA,NA,NA,NA,NA,NA,NA,NA,205,5x45,179,NA,NA,NA,198,5x48,179,NA,NA,NA,194,5x39,179,NA,NA,NA,NA,NA,NA,NA,NA,NA,NA,NA,NA,NA,NA,NA,NA,5x46,179,NA,NA,NA,205,ECL2.Cp8,205,NA,NA,NA,204,ECL2.Cp8,204,NA,NA,ECL2.Cm7,179,NA,NA,5x36,191,NA,NA,5x39,194,NA,NA,5x31,186,NA,NA,5x55,306,NA,NA,5x39,290
NA,NA,NA,NA,NA,NA,NA,NA,NA,NA,NA,NA,NA,NA,NA,NA,NA,NA,NA,NA,NA,206,5x46,180,NA,NA,NA,199,5x49,180,NA,NA,NA,195,5x40,180,NA,NA,NA,NA,NA,NA,NA,NA,NA,NA,NA,NA,NA,NA,NA,NA,5x461,180,NA,NA,NA,206,ECL2.Cp9,206,NA,NA,NA,205,ECL2.Cp9,205,NA,NA,ECL2.Cm6,180,NA,NA,5x37,192,NA,NA,5x40,195,NA,NA,5x32,187,NA,NA,5x56,307,NA,NA,5x40,291
NA,NA,NA,NA,NA,NA,NA,NA,NA,NA,NA,NA,NA,NA,NA,NA,NA,NA,NA,NA,NA,207,5x461,181,NA,NA,NA,200,5x50,181,NA,NA,NA,196,5x41,181,NA,NA,NA,NA,NA,NA,NA,NA,NA,NA,NA,NA,NA,NA,NA,NA,5x47,181,NA,NA,NA,207,ECL2.Cp10,207,NA,NA,NA,206,5x34,206,NA,NA,ECL2.Cm5,181,NA,NA,5x38,193,NA,NA,5x41,196,NA,NA,5x33,188,NA,NA,5x57,308,NA,NA,5x41,292
NA,NA,NA,NA,NA,NA,NA,NA,NA,NA,NA,NA,NA,NA,NA,NA,NA,NA,NA,NA,NA,208,5x47,182,NA,NA,NA,201,5x51,182,NA,NA,NA,197,5x42,182,NA,NA,NA,NA,NA,NA,NA,NA,NA,NA,NA,NA,NA,NA,NA,NA,5x48,182,NA,NA,NA,208,ECL2.Cp11,208,NA,NA,NA,207,5x35,207,NA,NA,ECL2.Cm4,182,NA,NA,5x39,194,NA,NA,5x42,197,NA,NA,5x34,189,NA,NA,5x58,309,NA,NA,5x42,293
NA,NA,NA,NA,NA,NA,NA,NA,NA,NA,NA,NA,NA,NA,NA,NA,NA,NA,NA,NA,NA,209,5x48,183,NA,NA,NA,202,5x52,183,NA,NA,NA,198,5x43,183,NA,NA,NA,NA,NA,NA,NA,NA,NA,NA,NA,NA,NA,NA,NA,NA,5x49,183,NA,NA,NA,209,5x34,209,NA,NA,NA,208,5x36,208,NA,NA,ECL2.Cm3,183,NA,NA,5x40,195,NA,NA,5x43,198,NA,NA,5x35,190,NA,NA,5x59,310,NA,NA,5x43,294
NA,NA,NA,NA,NA,NA,NA,NA,NA,NA,NA,NA,NA,NA,NA,NA,NA,NA,NA,NA,NA,210,5x49,184,NA,NA,NA,203,5x53,184,NA,NA,NA,199,5x44,184,NA,NA,NA,NA,NA,NA,NA,NA,NA,NA,NA,NA,NA,NA,NA,NA,5x50,184,NA,NA,NA,210,5x35,210,NA,NA,NA,209,5x37,209,NA,NA,ECL2.Cm2,184,NA,NA,5x41,196,NA,NA,5x44,199,NA,NA,5x36,191,NA,NA,5x60,311,NA,NA,5x44,295
NA,NA,NA,NA,NA,NA,NA,NA,NA,NA,NA,NA,NA,NA,NA,NA,NA,NA,NA,NA,NA,211,5x50,185,NA,NA,NA,204,5x54,185,NA,NA,NA,200,5x45,185,NA,NA,NA,NA,NA,NA,NA,NA,NA,NA,NA,NA,NA,NA,NA,NA,5x51,185,NA,NA,NA,211,5x36,211,NA,NA,NA,210,5x38,210,NA,NA,ECL2.Cm1,185,NA,NA,5x42,197,NA,NA,5x45,200,NA,NA,5x37,192,NA,NA,5x61,312,NA,NA,5x45,296
NA,NA,NA,NA,NA,NA,NA,NA,NA,NA,NA,NA,NA,NA,NA,NA,NA,NA,NA,NA,NA,212,5x51,186,NA,NA,NA,205,5x55,186,NA,NA,NA,201,5x46,186,NA,NA,NA,NA,NA,NA,NA,NA,NA,NA,NA,NA,NA,NA,NA,NA,5x52,186,NA,NA,NA,212,5x37,212,NA,NA,NA,211,5x39,211,NA,NA,45x50,186,NA,NA,5x43,198,NA,NA,5x46,201,NA,NA,5x38,193,NA,NA,5x62,313,NA,NA,5x46,297
NA,NA,NA,NA,NA,NA,NA,NA,NA,NA,NA,NA,NA,NA,NA,NA,NA,NA,NA,NA,NA,213,5x52,187,NA,NA,NA,206,5x56,187,NA,NA,NA,202,5x461,187,NA,NA,NA,NA,NA,NA,NA,NA,NA,NA,NA,NA,NA,NA,NA,NA,5x53,187,NA,NA,NA,213,5x38,213,NA,NA,NA,212,5x40,212,NA,NA,45x51,187,NA,NA,5x44,199,NA,NA,5x461,202,NA,NA,5x39,194,NA,NA,5x63,314,NA,NA,5x461,298
NA,NA,NA,NA,NA,NA,NA,NA,NA,NA,NA,NA,NA,NA,NA,NA,NA,NA,NA,NA,NA,214,5x53,188,NA,NA,NA,207,5x57,188,NA,NA,NA,203,5x47,188,NA,NA,NA,NA,NA,NA,NA,NA,NA,NA,NA,NA,NA,NA,NA,NA,5x54,188,NA,NA,NA,214,5x39,214,NA,NA,NA,213,5x41,213,NA,NA,45x52,188,NA,NA,5x45,200,NA,NA,5x47,203,NA,NA,5x40,195,NA,NA,5x64,315,NA,NA,5x47,299
NA,NA,NA,NA,NA,NA,NA,NA,NA,NA,NA,NA,NA,NA,NA,NA,NA,NA,NA,NA,NA,215,5x54,189,NA,NA,NA,208,5x58,189,NA,NA,NA,204,5x48,189,NA,NA,NA,NA,NA,NA,NA,NA,NA,NA,NA,NA,NA,NA,NA,NA,5x55,189,NA,NA,NA,215,5x40,215,NA,NA,NA,214,5x42,214,NA,NA,ECL2.Cp3,189,NA,NA,5x46,201,NA,NA,5x48,204,NA,NA,5x41,196,NA,NA,5x65,316,NA,NA,5x48,300
NA,NA,NA,NA,NA,NA,NA,NA,NA,NA,NA,NA,NA,NA,NA,NA,NA,NA,NA,NA,NA,216,5x55,190,NA,NA,NA,209,5x59,190,NA,NA,NA,205,5x49,190,NA,NA,NA,NA,NA,NA,NA,NA,NA,NA,NA,NA,NA,NA,NA,NA,5x56,190,NA,NA,NA,216,5x41,216,NA,NA,NA,215,5x43,215,NA,NA,ECL2.Cp4,190,NA,NA,5x461,202,NA,NA,5x49,205,NA,NA,5x42,197,NA,NA,5x66,317,NA,NA,5x49,301
NA,NA,NA,NA,NA,NA,NA,NA,NA,NA,NA,NA,NA,NA,NA,NA,NA,NA,NA,NA,NA,217,5x56,191,NA,NA,NA,210,5x60,191,NA,NA,NA,206,5x50,191,NA,NA,NA,NA,NA,NA,NA,NA,NA,NA,NA,NA,NA,NA,NA,NA,5x57,191,NA,NA,NA,217,5x42,217,NA,NA,NA,216,5x44,216,NA,NA,ECL2.Cp5,191,NA,NA,5x47,203,NA,NA,5x50,206,NA,NA,5x43,198,NA,NA,5x67,318,NA,NA,5x50,302
NA,NA,NA,NA,NA,NA,NA,NA,NA,NA,NA,NA,NA,NA,NA,NA,NA,NA,NA,NA,NA,218,5x57,192,NA,NA,NA,211,5x61,192,NA,NA,NA,207,5x51,192,NA,NA,NA,NA,NA,NA,NA,NA,NA,NA,NA,NA,NA,NA,NA,NA,5x58,192,NA,NA,NA,218,5x43,218,NA,NA,NA,217,5x45,217,NA,NA,ECL2.Cp6,192,NA,NA,5x48,204,NA,NA,5x51,207,NA,NA,5x44,199,NA,NA,5x68,319,NA,NA,5x51,303
NA,NA,NA,NA,NA,NA,NA,NA,NA,NA,NA,NA,NA,NA,NA,NA,NA,NA,NA,NA,NA,219,5x58,193,NA,NA,NA,212,5x62,193,NA,NA,NA,208,5x52,193,NA,NA,NA,NA,NA,NA,NA,NA,NA,NA,NA,NA,NA,NA,NA,NA,5x59,193,NA,NA,NA,219,5x44,219,NA,NA,NA,218,5x46,218,NA,NA,5x33,193,NA,NA,5x49,205,NA,NA,5x52,208,NA,NA,5x45,200,NA,NA,ICL3,320,NA,NA,5x52,304
NA,NA,NA,NA,NA,NA,NA,NA,NA,NA,NA,NA,NA,NA,NA,NA,NA,NA,NA,NA,NA,220,5x59,194,NA,NA,NA,213,5x63,194,NA,NA,NA,209,5x53,194,NA,NA,NA,NA,NA,NA,NA,NA,NA,NA,NA,NA,NA,NA,NA,NA,5x60,194,NA,NA,NA,220,5x45,220,NA,NA,NA,219,5x461,219,NA,NA,5x34,194,NA,NA,5x50,206,NA,NA,5x53,209,NA,NA,5x46,201,NA,NA,ICL3,321,NA,NA,5x53,305
NA,NA,NA,NA,NA,NA,NA,NA,NA,NA,NA,NA,NA,NA,NA,NA,NA,NA,NA,NA,NA,221,5x60,195,NA,NA,NA,214,5x64,195,NA,NA,NA,210,5x54,195,NA,NA,NA,NA,NA,NA,NA,NA,NA,NA,NA,NA,NA,NA,NA,NA,5x61,195,NA,NA,NA,221,5x46,221,NA,NA,NA,220,5x47,220,NA,NA,5x35,195,NA,NA,5x51,207,NA,NA,5x54,210,NA,NA,5x461,202,NA,NA,ICL3,322,NA,NA,5x54,306
NA,NA,NA,NA,NA,NA,NA,NA,NA,NA,NA,NA,NA,NA,NA,NA,NA,NA,NA,NA,NA,222,5x61,196,NA,NA,NA,215,5x65,196,NA,NA,NA,211,5x55,196,NA,NA,NA,NA,NA,NA,NA,NA,NA,NA,NA,NA,NA,NA,NA,NA,5x62,196,NA,NA,NA,222,5x461,222,NA,NA,NA,221,5x48,221,NA,NA,5x36,196,NA,NA,5x52,208,NA,NA,5x55,211,NA,NA,5x47,203,NA,NA,6x28,323,NA,NA,5x55,307
NA,NA,NA,NA,NA,NA,NA,NA,NA,NA,NA,NA,NA,NA,NA,NA,NA,NA,NA,NA,NA,223,5x62,197,NA,NA,NA,216,5x66,197,NA,NA,NA,212,5x56,197,NA,NA,NA,NA,NA,NA,NA,NA,NA,NA,NA,NA,NA,NA,NA,NA,5x63,197,NA,NA,NA,223,5x47,223,NA,NA,NA,222,5x49,222,NA,NA,5x37,197,NA,NA,5x53,209,NA,NA,5x56,212,NA,NA,5x48,204,NA,NA,6x29,324,NA,NA,5x56,308
NA,NA,NA,NA,NA,NA,NA,NA,NA,NA,NA,NA,NA,NA,NA,NA,NA,NA,NA,NA,NA,224,5x63,198,NA,NA,NA,217,5x67,198,NA,NA,NA,213,5x57,198,NA,NA,NA,NA,NA,NA,NA,NA,NA,NA,NA,NA,NA,NA,NA,NA,5x64,198,NA,NA,NA,224,5x48,224,NA,NA,NA,223,5x50,223,NA,NA,5x38,198,NA,NA,5x54,210,NA,NA,5x57,213,NA,NA,5x49,205,NA,NA,6x30,325,NA,NA,5x57,309
NA,NA,NA,NA,NA,NA,NA,NA,NA,NA,NA,NA,NA,NA,NA,NA,NA,NA,NA,NA,NA,225,5x64,199,NA,NA,NA,218,5x68,199,NA,NA,NA,214,5x58,199,NA,NA,NA,NA,NA,NA,NA,NA,NA,NA,NA,NA,NA,NA,NA,NA,5x65,199,NA,NA,NA,225,5x49,225,NA,NA,NA,224,5x51,224,NA,NA,5x39,199,NA,NA,5x55,211,NA,NA,5x58,214,NA,NA,5x50,206,NA,NA,6x31,326,NA,NA,5x58,310
NA,NA,NA,NA,NA,NA,NA,NA,NA,NA,NA,NA,NA,NA,NA,NA,NA,NA,NA,NA,NA,226,5x65,200,NA,NA,NA,219,ICL3,200,NA,NA,NA,215,5x59,200,NA,NA,NA,NA,NA,NA,NA,NA,NA,NA,NA,NA,NA,NA,NA,NA,5x66,200,NA,NA,NA,226,5x50,226,NA,NA,NA,225,5x52,225,NA,NA,5x40,200,NA,NA,5x56,212,NA,NA,5x59,215,NA,NA,5x51,207,NA,NA,6x32,327,NA,NA,5x59,311
NA,NA,NA,NA,NA,NA,NA,NA,NA,NA,NA,NA,NA,NA,NA,NA,NA,NA,NA,NA,NA,227,5x66,201,NA,NA,NA,220,ICL3,201,NA,NA,NA,216,5x60,201,NA,NA,NA,NA,NA,NA,NA,NA,NA,NA,NA,NA,NA,NA,NA,NA,5x67,201,NA,NA,NA,227,5x51,227,NA,NA,NA,226,5x53,226,NA,NA,5x41,201,NA,NA,5x57,213,NA,NA,5x60,216,NA,NA,5x52,208,NA,NA,6x33,328,NA,NA,5x60,312
NA,NA,NA,NA,NA,NA,NA,NA,NA,NA,NA,NA,NA,NA,NA,NA,NA,NA,NA,NA,NA,228,5x67,202,NA,NA,NA,221,ICL3,202,NA,NA,NA,217,5x61,202,NA,NA,NA,NA,NA,NA,NA,NA,NA,NA,NA,NA,NA,NA,NA,NA,5x68,202,NA,NA,NA,228,5x52,228,NA,NA,NA,227,5x54,227,NA,NA,5x42,202,NA,NA,5x58,214,NA,NA,5x61,217,NA,NA,5x53,209,NA,NA,6x34,329,NA,NA,5x61,313
NA,NA,NA,NA,NA,NA,NA,NA,NA,NA,NA,NA,NA,NA,NA,NA,NA,NA,NA,NA,NA,231,ICL3,203,NA,NA,NA,222,6x29,203,NA,NA,NA,218,5x62,203,NA,NA,NA,NA,NA,NA,NA,NA,NA,NA,NA,NA,NA,NA,NA,NA,ECL3,203,NA,NA,NA,229,5x53,229,NA,NA,NA,228,5x55,228,NA,NA,5x43,203,NA,NA,5x59,215,NA,NA,5x62,218,NA,NA,5x54,210,NA,NA,6x35,330,NA,NA,5x62,314
NA,NA,NA,NA,NA,NA,NA,NA,NA,NA,NA,NA,NA,NA,NA,NA,NA,NA,NA,NA,NA,232,ICL3,204,NA,NA,NA,223,6x30,204,NA,NA,NA,219,5x63,204,NA,NA,NA,NA,NA,NA,NA,NA,NA,NA,NA,NA,NA,NA,NA,NA,ECL3,204,NA,NA,NA,230,5x54,230,NA,NA,NA,229,5x56,229,NA,NA,5x44,204,NA,NA,5x60,216,NA,NA,5x63,219,NA,NA,5x55,211,NA,NA,6x36,331,NA,NA,5x63,315
NA,NA,NA,NA,NA,NA,NA,NA,NA,NA,NA,NA,NA,NA,NA,NA,NA,NA,NA,NA,NA,233,ICL3,205,NA,NA,NA,224,6x31,205,NA,NA,NA,220,5x64,205,NA,NA,NA,NA,NA,NA,NA,NA,NA,NA,NA,NA,NA,NA,NA,NA,ECL3,205,NA,NA,NA,231,5x55,231,NA,NA,NA,230,5x57,230,NA,NA,5x45,205,NA,NA,5x61,217,NA,NA,5x64,220,NA,NA,5x56,212,NA,NA,6x37,332,NA,NA,5x64,316
NA,NA,NA,NA,NA,NA,NA,NA,NA,NA,NA,NA,NA,NA,NA,NA,NA,NA,NA,NA,NA,234,6x30,206,NA,NA,NA,225,6x32,206,NA,NA,NA,221,5x65,206,NA,NA,NA,NA,NA,NA,NA,NA,NA,NA,NA,NA,NA,NA,NA,NA,6x29,206,NA,NA,NA,232,5x56,232,NA,NA,NA,231,5x58,231,NA,NA,5x46,206,NA,NA,5x62,218,NA,NA,5x65,221,NA,NA,5x57,213,NA,NA,6x38,333,NA,NA,5x65,317
NA,NA,NA,NA,NA,NA,NA,NA,NA,NA,NA,NA,NA,NA,NA,NA,NA,NA,NA,NA,NA,235,6x31,207,NA,NA,NA,226,6x33,207,NA,NA,NA,222,5x66,207,NA,NA,NA,NA,NA,NA,NA,NA,NA,NA,NA,NA,NA,NA,NA,NA,6x30,207,NA,NA,NA,233,5x57,233,NA,NA,NA,232,5x59,232,NA,NA,5x461,207,NA,NA,5x63,219,NA,NA,5x66,222,NA,NA,5x58,214,NA,NA,6x39,334,NA,NA,5x66,318
NA,NA,NA,NA,NA,NA,NA,NA,NA,NA,NA,NA,NA,NA,NA,NA,NA,NA,NA,NA,NA,236,6x32,208,NA,NA,NA,227,6x34,208,NA,NA,NA,223,5x67,208,NA,NA,NA,NA,NA,NA,NA,NA,NA,NA,NA,NA,NA,NA,NA,NA,6x31,208,NA,NA,NA,234,5x58,234,NA,NA,NA,233,5x60,233,NA,NA,5x47,208,NA,NA,5x64,220,NA,NA,5x67,223,NA,NA,5x59,215,NA,NA,6x40,335,NA,NA,5x67,319
NA,NA,NA,NA,NA,NA,NA,NA,NA,NA,NA,NA,NA,NA,NA,NA,NA,NA,NA,NA,NA,237,6x33,209,NA,NA,NA,228,6x35,209,NA,NA,NA,227,ICL3,209,NA,NA,NA,NA,NA,NA,NA,NA,NA,NA,NA,NA,NA,NA,NA,NA,6x32,209,NA,NA,NA,235,5x59,235,NA,NA,NA,234,5x61,234,NA,NA,5x48,209,NA,NA,5x65,221,NA,NA,ICL3,227,NA,NA,5x60,216,NA,NA,6x41,336,NA,NA,5x68,320
NA,NA,NA,NA,NA,NA,NA,NA,NA,NA,NA,NA,NA,NA,NA,NA,NA,NA,NA,NA,NA,238,6x34,210,NA,NA,NA,229,6x36,210,NA,NA,NA,228,6x28,210,NA,NA,NA,NA,NA,NA,NA,NA,NA,NA,NA,NA,NA,NA,NA,NA,6x33,210,NA,NA,NA,236,5x60,236,NA,NA,NA,235,5x62,235,NA,NA,5x49,210,NA,NA,5x66,222,NA,NA,6x28,228,NA,NA,5x61,217,NA,NA,6x42,337,NA,NA,ICL3,321
NA,NA,NA,NA,NA,NA,NA,NA,NA,NA,NA,NA,NA,NA,NA,NA,NA,NA,NA,NA,NA,239,6x35,211,NA,NA,NA,230,6x37,211,NA,NA,NA,229,6x29,211,NA,NA,NA,NA,NA,NA,NA,NA,NA,NA,NA,NA,NA,NA,NA,NA,6x34,211,NA,NA,NA,237,5x61,237,NA,NA,NA,236,5x63,236,NA,NA,5x50,211,NA,NA,5x67,223,NA,NA,6x29,229,NA,NA,5x62,218,NA,NA,6x43,338,NA,NA,ICL3,322
NA,NA,NA,NA,NA,NA,NA,NA,NA,NA,NA,NA,NA,NA,NA,NA,NA,NA,NA,NA,NA,240,6x36,212,NA,NA,NA,231,6x38,212,NA,NA,NA,230,6x30,212,NA,NA,NA,NA,NA,NA,NA,NA,NA,NA,NA,NA,NA,NA,NA,NA,6x35,212,NA,NA,NA,238,5x62,238,NA,NA,NA,237,5x64,237,NA,NA,5x51,212,NA,NA,5x68,224,NA,NA,6x30,230,NA,NA,5x63,219,NA,NA,6x44,339,NA,NA,ICL3,323
NA,NA,NA,NA,NA,NA,NA,NA,NA,NA,NA,NA,NA,NA,NA,NA,NA,NA,NA,NA,NA,241,6x37,213,NA,NA,NA,232,6x39,213,NA,NA,NA,231,6x31,213,NA,NA,NA,NA,NA,NA,NA,NA,NA,NA,NA,NA,NA,NA,NA,NA,6x36,213,NA,NA,NA,239,5x63,239,NA,NA,NA,238,5x65,238,NA,NA,5x52,213,NA,NA,ICL3,225,NA,NA,6x31,231,NA,NA,5x64,220,NA,NA,6x45,340,NA,NA,6x28,324
NA,NA,NA,NA,NA,NA,NA,NA,NA,NA,NA,NA,NA,NA,NA,NA,NA,NA,NA,NA,NA,242,6x38,214,NA,NA,NA,233,6x40,214,NA,NA,NA,232,6x32,214,NA,NA,NA,NA,NA,NA,NA,NA,NA,NA,NA,NA,NA,NA,NA,NA,6x37,214,NA,NA,NA,240,5x64,240,NA,NA,NA,239,5x66,239,NA,NA,5x53,214,NA,NA,ICL3,226,NA,NA,6x32,232,NA,NA,5x65,221,NA,NA,6x46,341,NA,NA,6x29,325
NA,NA,NA,NA,NA,NA,NA,NA,NA,NA,NA,NA,NA,NA,NA,NA,NA,NA,NA,NA,NA,243,6x39,215,NA,NA,NA,234,6x41,215,NA,NA,NA,233,6x33,215,NA,NA,NA,NA,NA,NA,NA,NA,NA,NA,NA,NA,NA,NA,NA,NA,6x38,215,NA,NA,NA,241,5x65,241,NA,NA,NA,240,5x67,240,NA,NA,5x54,215,NA,NA,ICL3,227,NA,NA,6x33,233,NA,NA,5x66,222,NA,NA,6x47,342,NA,NA,6x30,326
NA,NA,NA,NA,NA,NA,NA,NA,NA,NA,NA,NA,NA,NA,NA,NA,NA,NA,NA,NA,NA,244,6x40,216,NA,NA,NA,235,6x42,216,NA,NA,NA,234,6x34,216,NA,NA,NA,NA,NA,NA,NA,NA,NA,NA,NA,NA,NA,NA,NA,NA,6x39,216,NA,NA,NA,242,5x66,242,NA,NA,NA,241,5x68,241,NA,NA,5x55,216,NA,NA,6x28,228,NA,NA,6x34,234,NA,NA,5x67,223,NA,NA,6x48,343,NA,NA,6x31,327
NA,NA,NA,NA,NA,NA,NA,NA,NA,NA,NA,NA,NA,NA,NA,NA,NA,NA,NA,NA,NA,245,6x41,217,NA,NA,NA,236,6x43,217,NA,NA,NA,235,6x35,217,NA,NA,NA,NA,NA,NA,NA,NA,NA,NA,NA,NA,NA,NA,NA,NA,6x40,217,NA,NA,NA,243,5x67,243,NA,NA,NA,242,ICL3,242,NA,NA,5x56,217,NA,NA,6x29,229,NA,NA,6x35,235,NA,NA,ICL3,227,NA,NA,6x49,344,NA,NA,6x32,328
NA,NA,NA,NA,NA,NA,NA,NA,NA,NA,NA,NA,NA,NA,NA,NA,NA,NA,NA,NA,NA,246,6x42,218,NA,NA,NA,237,6x44,218,NA,NA,NA,236,6x36,218,NA,NA,NA,NA,NA,NA,NA,NA,NA,NA,NA,NA,NA,NA,NA,NA,6x41,218,NA,NA,NA,244,5x68,244,NA,NA,NA,243,ICL3,243,NA,NA,5x57,218,NA,NA,6x30,230,NA,NA,6x36,236,NA,NA,6x28,228,NA,NA,6x50,345,NA,NA,6x33,329
NA,NA,NA,NA,NA,NA,NA,NA,NA,NA,NA,NA,NA,NA,NA,NA,NA,NA,NA,NA,NA,247,6x43,219,NA,NA,NA,238,6x45,219,NA,NA,NA,237,6x37,219,NA,NA,NA,NA,NA,NA,NA,NA,NA,NA,NA,NA,NA,NA,NA,NA,6x42,219,NA,NA,NA,245,ICL3,245,NA,NA,NA,244,ICL3,244,NA,NA,5x58,219,NA,NA,6x31,231,NA,NA,6x37,237,NA,NA,6x29,229,NA,NA,6x51,346,NA,NA,6x34,330
NA,NA,NA,NA,NA,NA,NA,NA,NA,NA,NA,NA,NA,NA,NA,NA,NA,NA,NA,NA,NA,248,6x44,220,NA,NA,NA,239,6x46,220,NA,NA,NA,238,6x38,220,NA,NA,NA,NA,NA,NA,NA,NA,NA,NA,NA,NA,NA,NA,NA,NA,6x43,220,NA,NA,NA,246,ICL3,246,NA,NA,NA,245,ICL3,245,NA,NA,5x59,220,NA,NA,6x32,232,NA,NA,6x38,238,NA,NA,6x30,230,NA,NA,6x52,347,NA,NA,6x35,331
NA,NA,NA,NA,NA,NA,NA,NA,NA,NA,NA,NA,NA,NA,NA,NA,NA,NA,NA,NA,NA,249,6x45,221,NA,NA,NA,240,6x47,221,NA,NA,NA,239,6x39,221,NA,NA,NA,NA,NA,NA,NA,NA,NA,NA,NA,NA,NA,NA,NA,NA,6x44,221,NA,NA,NA,247,ICL3,247,NA,NA,NA,246,6x30,246,NA,NA,5x60,221,NA,NA,6x33,233,NA,NA,6x39,239,NA,NA,6x31,231,NA,NA,6x53,348,NA,NA,6x36,332
NA,NA,NA,NA,NA,NA,NA,NA,NA,NA,NA,NA,NA,NA,NA,NA,NA,NA,NA,NA,NA,250,6x46,222,NA,NA,NA,241,6x48,222,NA,NA,NA,240,6x40,222,NA,NA,NA,NA,NA,NA,NA,NA,NA,NA,NA,NA,NA,NA,NA,NA,6x45,222,NA,NA,NA,248,ICL3,248,NA,NA,NA,247,6x31,247,NA,NA,5x61,222,NA,NA,6x34,234,NA,NA,6x40,240,NA,NA,6x32,232,NA,NA,6x54,349,NA,NA,6x37,333
NA,NA,NA,NA,NA,NA,NA,NA,NA,NA,NA,NA,NA,NA,NA,NA,NA,NA,NA,NA,NA,251,6x47,223,NA,NA,NA,242,6x49,223,NA,NA,NA,241,6x41,223,NA,NA,NA,NA,NA,NA,NA,NA,NA,NA,NA,NA,NA,NA,NA,NA,6x46,223,NA,NA,NA,249,6x30,249,NA,NA,NA,248,6x32,248,NA,NA,5x62,223,NA,NA,6x35,235,NA,NA,6x41,241,NA,NA,6x33,233,NA,NA,6x55,350,NA,NA,6x38,334
NA,NA,NA,NA,NA,NA,NA,NA,NA,NA,NA,NA,NA,NA,NA,NA,NA,NA,NA,NA,NA,252,6x48,224,NA,NA,NA,243,6x50,224,NA,NA,NA,242,6x42,224,NA,NA,NA,NA,NA,NA,NA,NA,NA,NA,NA,NA,NA,NA,NA,NA,6x47,224,NA,NA,NA,250,6x31,250,NA,NA,NA,249,6x33,249,NA,NA,5x63,224,NA,NA,6x36,236,NA,NA,6x42,242,NA,NA,6x34,234,NA,NA,6x56,351,NA,NA,6x39,335
NA,NA,NA,NA,NA,NA,NA,NA,NA,NA,NA,NA,NA,NA,NA,NA,NA,NA,NA,NA,NA,253,6x49,225,NA,NA,NA,244,6x51,225,NA,NA,NA,243,6x43,225,NA,NA,NA,NA,NA,NA,NA,NA,NA,NA,NA,NA,NA,NA,NA,NA,6x48,225,NA,NA,NA,251,6x32,251,NA,NA,NA,250,6x34,250,NA,NA,5x64,225,NA,NA,6x37,237,NA,NA,6x43,243,NA,NA,6x35,235,NA,NA,6x57,352,NA,NA,6x40,336
NA,NA,NA,NA,NA,NA,NA,NA,NA,NA,NA,NA,NA,NA,NA,NA,NA,NA,NA,NA,NA,254,6x50,226,NA,NA,NA,245,6x52,226,NA,NA,NA,244,6x44,226,NA,NA,NA,NA,NA,NA,NA,NA,NA,NA,NA,NA,NA,NA,NA,NA,6x49,226,NA,NA,NA,252,6x33,252,NA,NA,NA,251,6x35,251,NA,NA,5x65,226,NA,NA,6x38,238,NA,NA,6x44,244,NA,NA,6x36,236,NA,NA,6x58,353,NA,NA,6x41,337
NA,NA,NA,NA,NA,NA,NA,NA,NA,NA,NA,NA,NA,NA,NA,NA,NA,NA,NA,NA,NA,255,6x51,227,NA,NA,NA,246,6x53,227,NA,NA,NA,245,6x45,227,NA,NA,NA,NA,NA,NA,NA,NA,NA,NA,NA,NA,NA,NA,NA,NA,6x50,227,NA,NA,NA,253,6x34,253,NA,NA,NA,252,6x36,252,NA,NA,5x66,227,NA,NA,6x39,239,NA,NA,6x45,245,NA,NA,6x37,237,NA,NA,6x59,354,NA,NA,6x42,338
NA,NA,NA,NA,NA,NA,NA,NA,NA,NA,NA,NA,NA,NA,NA,NA,NA,NA,NA,NA,NA,256,6x52,228,NA,NA,NA,247,6x54,228,NA,NA,NA,246,6x46,228,NA,NA,NA,NA,NA,NA,NA,NA,NA,NA,NA,NA,NA,NA,NA,NA,6x51,228,NA,NA,NA,254,6x35,254,NA,NA,NA,253,6x37,253,NA,NA,5x67,228,NA,NA,6x40,240,NA,NA,6x46,246,NA,NA,6x38,238,NA,NA,6x60,355,NA,NA,6x43,339
NA,NA,NA,NA,NA,NA,NA,NA,NA,NA,NA,NA,NA,NA,NA,NA,NA,NA,NA,NA,NA,257,6x53,229,NA,NA,NA,248,6x55,229,NA,NA,NA,247,6x47,229,NA,NA,NA,NA,NA,NA,NA,NA,NA,NA,NA,NA,NA,NA,NA,NA,6x52,229,NA,NA,NA,255,6x36,255,NA,NA,NA,254,6x38,254,NA,NA,5x68,229,NA,NA,6x41,241,NA,NA,6x47,247,NA,NA,6x39,239,NA,NA,6x61,356,NA,NA,6x44,340
NA,NA,NA,NA,NA,NA,NA,NA,NA,NA,NA,NA,NA,NA,NA,NA,NA,NA,NA,NA,NA,258,6x54,230,NA,NA,NA,249,6x56,230,NA,NA,NA,248,6x48,230,NA,NA,NA,NA,NA,NA,NA,NA,NA,NA,NA,NA,NA,NA,NA,NA,6x53,230,NA,NA,NA,256,6x37,256,NA,NA,NA,255,6x39,255,NA,NA,ICL3,230,NA,NA,6x42,242,NA,NA,6x48,248,NA,NA,6x40,240,NA,NA,6x62,357,NA,NA,6x45,341
NA,NA,NA,NA,NA,NA,NA,NA,NA,NA,NA,NA,NA,NA,NA,NA,NA,NA,NA,NA,NA,259,6x55,231,NA,NA,NA,250,6x57,231,NA,NA,NA,249,6x49,231,NA,NA,NA,NA,NA,NA,NA,NA,NA,NA,NA,NA,NA,NA,NA,NA,6x54,231,NA,NA,NA,257,6x38,257,NA,NA,NA,256,6x40,256,NA,NA,ICL3,231,NA,NA,6x43,243,NA,NA,6x49,249,NA,NA,6x41,241,NA,NA,6x63,358,NA,NA,6x46,342
NA,NA,NA,NA,NA,NA,NA,NA,NA,NA,NA,NA,NA,NA,NA,NA,NA,NA,NA,NA,NA,260,6x56,232,NA,NA,NA,251,6x58,232,NA,NA,NA,250,6x50,232,NA,NA,NA,NA,NA,NA,NA,NA,NA,NA,NA,NA,NA,NA,NA,NA,6x55,232,NA,NA,NA,258,6x39,258,NA,NA,NA,257,6x41,257,NA,NA,ICL3,232,NA,NA,6x44,244,NA,NA,6x50,250,NA,NA,6x42,242,NA,NA,6x64,359,NA,NA,6x47,343
NA,NA,NA,NA,NA,NA,NA,NA,NA,NA,NA,NA,NA,NA,NA,NA,NA,NA,NA,NA,NA,261,6x57,233,NA,NA,NA,252,6x59,233,NA,NA,NA,251,6x51,233,NA,NA,NA,NA,NA,NA,NA,NA,NA,NA,NA,NA,NA,NA,NA,NA,6x56,233,NA,NA,NA,259,6x40,259,NA,NA,NA,258,6x42,258,NA,NA,ICL3,233,NA,NA,6x45,245,NA,NA,6x51,251,NA,NA,6x43,243,NA,NA,6x65,360,NA,NA,6x48,344
NA,NA,NA,NA,NA,NA,NA,NA,NA,NA,NA,NA,NA,NA,NA,NA,NA,NA,NA,NA,NA,262,6x58,234,NA,NA,NA,253,6x60,234,NA,NA,NA,252,6x52,234,NA,NA,NA,NA,NA,NA,NA,NA,NA,NA,NA,NA,NA,NA,NA,NA,6x57,234,NA,NA,NA,260,6x41,260,NA,NA,NA,259,6x43,259,NA,NA,6x30,234,NA,NA,6x46,246,NA,NA,6x52,252,NA,NA,6x44,244,NA,NA,ECL3.Cm3,361,NA,NA,6x49,345
NA,NA,NA,NA,NA,NA,NA,NA,NA,NA,NA,NA,NA,NA,NA,NA,NA,NA,NA,NA,NA,263,6x59,235,NA,NA,NA,254,6x61,235,NA,NA,NA,253,6x53,235,NA,NA,NA,NA,NA,NA,NA,NA,NA,NA,NA,NA,NA,NA,NA,NA,6x58,235,NA,NA,NA,261,6x42,261,NA,NA,NA,260,6x44,260,NA,NA,6x31,235,NA,NA,6x47,247,NA,NA,6x53,253,NA,NA,6x45,245,NA,NA,ECL3.Cm2,362,NA,NA,6x50,346
NA,NA,NA,NA,NA,NA,NA,NA,NA,NA,NA,NA,NA,NA,NA,NA,NA,NA,NA,NA,NA,264,6x60,236,NA,NA,NA,255,6x62,236,NA,NA,NA,254,6x54,236,NA,NA,NA,NA,NA,NA,NA,NA,NA,NA,NA,NA,NA,NA,NA,NA,6x59,236,NA,NA,NA,262,6x43,262,NA,NA,NA,261,6x45,261,NA,NA,6x32,236,NA,NA,6x48,248,NA,NA,6x54,254,NA,NA,6x46,246,NA,NA,7x23,363,NA,NA,6x51,347
NA,NA,NA,NA,NA,NA,NA,NA,NA,NA,NA,NA,NA,NA,NA,NA,NA,NA,NA,NA,NA,265,6x61,237,NA,NA,NA,256,6x63,237,NA,NA,NA,255,6x55,237,NA,NA,NA,NA,NA,NA,NA,NA,NA,NA,NA,NA,NA,NA,NA,NA,6x60,237,NA,NA,NA,263,6x44,263,NA,NA,NA,262,6x46,262,NA,NA,6x33,237,NA,NA,6x49,249,NA,NA,6x55,255,NA,NA,6x47,247,NA,NA,7x24,364,NA,NA,6x52,348
NA,NA,NA,NA,NA,NA,NA,NA,NA,NA,NA,NA,NA,NA,NA,NA,NA,NA,NA,NA,NA,266,6x62,238,NA,NA,NA,257,6x64,238,NA,NA,NA,256,6x56,238,NA,NA,NA,NA,NA,NA,NA,NA,NA,NA,NA,NA,NA,NA,NA,NA,6x61,238,NA,NA,NA,264,6x45,264,NA,NA,NA,263,6x47,263,NA,NA,6x34,238,NA,NA,6x50,250,NA,NA,6x56,256,NA,NA,6x48,248,NA,NA,7x25,365,NA,NA,6x53,349
NA,NA,NA,NA,NA,NA,NA,NA,NA,NA,NA,NA,NA,NA,NA,NA,NA,NA,NA,NA,NA,267,6x63,239,NA,NA,NA,258,ECL3.Cm5,239,NA,NA,NA,257,6x57,239,NA,NA,NA,NA,NA,NA,NA,NA,NA,NA,NA,NA,NA,NA,NA,NA,6x62,239,NA,NA,NA,265,6x46,265,NA,NA,NA,264,6x48,264,NA,NA,6x35,239,NA,NA,6x51,251,NA,NA,6x57,257,NA,NA,6x49,249,NA,NA,7x26,366,NA,NA,6x54,350
NA,NA,NA,NA,NA,NA,NA,NA,NA,NA,NA,NA,NA,NA,NA,NA,NA,NA,NA,NA,NA,268,6x64,240,NA,NA,NA,259,ECL3.Cm4,240,NA,NA,NA,258,6x58,240,NA,NA,NA,NA,NA,NA,NA,NA,NA,NA,NA,NA,NA,NA,NA,NA,6x63,240,NA,NA,NA,266,6x47,266,NA,NA,NA,265,6x49,265,NA,NA,6x36,240,NA,NA,6x52,252,NA,NA,6x58,258,NA,NA,6x50,250,NA,NA,7x27,367,NA,NA,6x55,351
NA,NA,NA,NA,NA,NA,NA,NA,NA,NA,NA,NA,NA,NA,NA,NA,NA,NA,NA,NA,NA,269,ECL3.Cm5,241,NA,NA,NA,260,ECL3.Cm3,241,NA,NA,NA,259,6x59,241,NA,NA,NA,NA,NA,NA,NA,NA,NA,NA,NA,NA,NA,NA,NA,NA,6x64,241,NA,NA,NA,267,6x48,267,NA,NA,NA,266,6x50,266,NA,NA,6x37,241,NA,NA,6x53,253,NA,NA,6x59,259,NA,NA,6x51,251,NA,NA,7x28,368,NA,NA,6x56,352
NA,NA,NA,NA,NA,NA,NA,NA,NA,NA,NA,NA,NA,NA,NA,NA,NA,NA,NA,NA,NA,270,ECL3.Cm4,242,NA,NA,NA,261,ECL3.Cm2,242,NA,NA,NA,260,6x60,242,NA,NA,NA,NA,NA,NA,NA,NA,NA,NA,NA,NA,NA,NA,NA,NA,ECL3.Cm5,242,NA,NA,NA,268,6x49,268,NA,NA,NA,267,6x51,267,NA,NA,6x38,242,NA,NA,6x54,254,NA,NA,6x60,260,NA,NA,6x52,252,NA,NA,7x29,369,NA,NA,6x57,353
NA,NA,NA,NA,NA,NA,NA,NA,NA,NA,NA,NA,NA,NA,NA,NA,NA,NA,NA,NA,NA,271,ECL3.Cm3,243,NA,NA,NA,262,7x23,243,NA,NA,NA,261,6x61,243,NA,NA,NA,NA,NA,NA,NA,NA,NA,NA,NA,NA,NA,NA,NA,NA,ECL3.Cm4,243,NA,NA,NA,269,6x50,269,NA,NA,NA,268,6x52,268,NA,NA,6x39,243,NA,NA,6x55,255,NA,NA,6x61,261,NA,NA,6x53,253,NA,NA,7x30,370,NA,NA,6x58,354
NA,NA,NA,NA,NA,NA,NA,NA,NA,NA,NA,NA,NA,NA,NA,NA,NA,NA,NA,NA,NA,272,ECL3.Cm2,244,NA,NA,NA,263,7x24,244,NA,NA,NA,262,6x62,244,NA,NA,NA,NA,NA,NA,NA,NA,NA,NA,NA,NA,NA,NA,NA,NA,ECL3.Cm3,244,NA,NA,NA,270,6x51,270,NA,NA,NA,269,6x53,269,NA,NA,6x40,244,NA,NA,6x56,256,NA,NA,6x62,262,NA,NA,6x54,254,NA,NA,7x31,371,NA,NA,6x59,355
NA,NA,NA,NA,NA,NA,NA,NA,NA,NA,NA,NA,NA,NA,NA,NA,NA,NA,NA,NA,NA,273,7x23,245,NA,NA,NA,264,7x25,245,NA,NA,NA,263,6x63,245,NA,NA,NA,NA,NA,NA,NA,NA,NA,NA,NA,NA,NA,NA,NA,NA,ECL3.Cm2,245,NA,NA,NA,271,6x52,271,NA,NA,NA,270,6x54,270,NA,NA,6x41,245,NA,NA,6x57,257,NA,NA,6x63,263,NA,NA,6x55,255,NA,NA,7x32,372,NA,NA,6x60,356
NA,NA,NA,NA,NA,NA,NA,NA,NA,NA,NA,NA,NA,NA,NA,NA,NA,NA,NA,NA,NA,274,7x24,246,NA,NA,NA,265,7x26,246,NA,NA,NA,264,6x64,246,NA,NA,NA,NA,NA,NA,NA,NA,NA,NA,NA,NA,NA,NA,NA,NA,7x23,246,NA,NA,NA,272,6x53,272,NA,NA,NA,271,6x55,271,NA,NA,6x42,246,NA,NA,6x58,258,NA,NA,6x64,264,NA,NA,6x56,256,NA,NA,7x33,373,NA,NA,6x61,357
NA,NA,NA,NA,NA,NA,NA,NA,NA,NA,NA,NA,NA,NA,NA,NA,NA,NA,NA,NA,NA,275,7x25,247,NA,NA,NA,266,7x27,247,NA,NA,NA,265,6x65,247,NA,NA,NA,NA,NA,NA,NA,NA,NA,NA,NA,NA,NA,NA,NA,NA,7x24,247,NA,NA,NA,273,6x54,273,NA,NA,NA,272,6x56,272,NA,NA,6x43,247,NA,NA,6x59,259,NA,NA,6x65,265,NA,NA,6x57,257,NA,NA,7x34,374,NA,NA,6x62,358
NA,NA,NA,NA,NA,NA,NA,NA,NA,NA,NA,NA,NA,NA,NA,NA,NA,NA,NA,NA,NA,276,7x26,248,NA,NA,NA,267,7x28,248,NA,NA,NA,266,ECL3.Cm3,248,NA,NA,NA,NA,NA,NA,NA,NA,NA,NA,NA,NA,NA,NA,NA,NA,7x25,248,NA,NA,NA,274,6x55,274,NA,NA,NA,273,6x57,273,NA,NA,6x44,248,NA,NA,6x60,260,NA,NA,ECL3.Cm3,266,NA,NA,6x58,258,NA,NA,7x35,375,NA,NA,6x63,359
NA,NA,NA,NA,NA,NA,NA,NA,NA,NA,NA,NA,NA,NA,NA,NA,NA,NA,NA,NA,NA,277,7x27,249,NA,NA,NA,268,7x29,249,NA,NA,NA,267,ECL3.Cm2,249,NA,NA,NA,NA,NA,NA,NA,NA,NA,NA,NA,NA,NA,NA,NA,NA,7x26,249,NA,NA,NA,275,6x56,275,NA,NA,NA,274,6x58,274,NA,NA,6x45,249,NA,NA,6x61,261,NA,NA,ECL3.Cm2,267,NA,NA,6x59,259,NA,NA,7x36,376,NA,NA,6x64,360
NA,NA,NA,NA,NA,NA,NA,NA,NA,NA,NA,NA,NA,NA,NA,NA,NA,NA,NA,NA,NA,278,7x28,250,NA,NA,NA,269,7x30,250,NA,NA,NA,268,7x23,250,NA,NA,NA,NA,NA,NA,NA,NA,NA,NA,NA,NA,NA,NA,NA,NA,7x27,250,NA,NA,NA,276,6x57,276,NA,NA,NA,275,6x59,275,NA,NA,6x46,250,NA,NA,6x62,262,NA,NA,7x23,268,NA,NA,6x60,260,NA,NA,7x37,377,NA,NA,6x65,361
NA,NA,NA,NA,NA,NA,NA,NA,NA,NA,NA,NA,NA,NA,NA,NA,NA,NA,NA,NA,NA,279,7x29,251,NA,NA,NA,270,7x31,251,NA,NA,NA,269,7x24,251,NA,NA,NA,NA,NA,NA,NA,NA,NA,NA,NA,NA,NA,NA,NA,NA,7x28,251,NA,NA,NA,277,6x58,277,NA,NA,NA,276,6x60,276,NA,NA,6x47,251,NA,NA,6x63,263,NA,NA,7x24,269,NA,NA,6x61,261,NA,NA,7x38,378,NA,NA,ECL3.Cm3,362
NA,NA,NA,NA,NA,NA,NA,NA,NA,NA,NA,NA,NA,NA,NA,NA,NA,NA,NA,NA,NA,280,7x30,252,NA,NA,NA,271,7x32,252,NA,NA,NA,270,7x25,252,NA,NA,NA,NA,NA,NA,NA,NA,NA,NA,NA,NA,NA,NA,NA,NA,7x29,252,NA,NA,NA,278,6x59,278,NA,NA,NA,277,6x61,277,NA,NA,6x48,252,NA,NA,6x64,264,NA,NA,7x25,270,NA,NA,6x62,262,NA,NA,7x39,379,NA,NA,ECL3.Cm2,363
NA,NA,NA,NA,NA,NA,NA,NA,NA,NA,NA,NA,NA,NA,NA,NA,NA,NA,NA,NA,NA,281,7x31,253,NA,NA,NA,272,7x33,253,NA,NA,NA,271,7x26,253,NA,NA,NA,NA,NA,NA,NA,NA,NA,NA,NA,NA,NA,NA,NA,NA,7x30,253,NA,NA,NA,279,6x60,279,NA,NA,NA,278,6x62,278,NA,NA,6x49,253,NA,NA,6x65,265,NA,NA,7x26,271,NA,NA,6x63,263,NA,NA,7x40,380,NA,NA,7x23,364
NA,NA,NA,NA,NA,NA,NA,NA,NA,NA,NA,NA,NA,NA,NA,NA,NA,NA,NA,NA,NA,282,7x32,254,NA,NA,NA,273,7x34,254,NA,NA,NA,272,7x27,254,NA,NA,NA,NA,NA,NA,NA,NA,NA,NA,NA,NA,NA,NA,NA,NA,7x31,254,NA,NA,NA,280,6x61,280,NA,NA,NA,279,6x63,279,NA,NA,6x50,254,NA,NA,ECL3.Cm3,266,NA,NA,7x27,272,NA,NA,6x64,264,NA,NA,7x41,381,NA,NA,7x24,365
NA,NA,NA,NA,NA,NA,NA,NA,NA,NA,NA,NA,NA,NA,NA,NA,NA,NA,NA,NA,NA,283,7x33,255,NA,NA,NA,274,7x35,255,NA,NA,NA,273,7x28,255,NA,NA,NA,NA,NA,NA,NA,NA,NA,NA,NA,NA,NA,NA,NA,NA,7x32,255,NA,NA,NA,281,6x62,281,NA,NA,NA,280,6x64,280,NA,NA,6x51,255,NA,NA,ECL3.Cm2,267,NA,NA,7x28,273,NA,NA,6x65,265,NA,NA,7x42,382,NA,NA,7x25,366
NA,NA,NA,NA,NA,NA,NA,NA,NA,NA,NA,NA,NA,NA,NA,NA,NA,NA,NA,NA,NA,284,7x34,256,NA,NA,NA,275,7x36,256,NA,NA,NA,274,7x29,256,NA,NA,NA,NA,NA,NA,NA,NA,NA,NA,NA,NA,NA,NA,NA,NA,7x33,256,NA,NA,NA,282,6x63,282,NA,NA,NA,281,ECL3.Cm5,281,NA,NA,6x52,256,NA,NA,7x23,268,NA,NA,7x29,274,NA,NA,ECL3.Cm3,266,NA,NA,7x43,383,NA,NA,7x26,367
NA,NA,NA,NA,NA,NA,NA,NA,NA,NA,NA,NA,NA,NA,NA,NA,NA,NA,NA,NA,NA,285,7x35,257,NA,NA,NA,276,7x37,257,NA,NA,NA,275,7x30,257,NA,NA,NA,NA,NA,NA,NA,NA,NA,NA,NA,NA,NA,NA,NA,NA,7x34,257,NA,NA,NA,283,6x64,283,NA,NA,NA,282,ECL3.Cm4,282,NA,NA,6x53,257,NA,NA,7x24,269,NA,NA,7x30,275,NA,NA,ECL3.Cm2,267,NA,NA,7x45,384,NA,NA,7x27,368
NA,NA,NA,NA,NA,NA,NA,NA,NA,NA,NA,NA,NA,NA,NA,NA,NA,NA,NA,NA,NA,286,7x36,258,NA,NA,NA,277,7x38,258,NA,NA,NA,276,7x31,258,NA,NA,NA,NA,NA,NA,NA,NA,NA,NA,NA,NA,NA,NA,NA,NA,7x35,258,NA,NA,NA,284,6x65,284,NA,NA,NA,283,ECL3.Cm3,283,NA,NA,6x54,258,NA,NA,7x25,270,NA,NA,7x31,276,NA,NA,7x23,268,NA,NA,7x46,385,NA,NA,7x28,369
NA,NA,NA,NA,NA,NA,NA,NA,NA,NA,NA,NA,NA,NA,NA,NA,NA,NA,NA,NA,NA,287,7x37,259,NA,NA,NA,278,7x39,259,NA,NA,NA,277,7x32,259,NA,NA,NA,NA,NA,NA,NA,NA,NA,NA,NA,NA,NA,NA,NA,NA,7x36,259,NA,NA,NA,285,ECL3.Cm3,285,NA,NA,NA,284,ECL3.Cm2,284,NA,NA,6x55,259,NA,NA,7x26,271,NA,NA,7x32,277,NA,NA,7x24,269,NA,NA,7x47,386,NA,NA,7x29,370
NA,NA,NA,NA,NA,NA,NA,NA,NA,NA,NA,NA,NA,NA,NA,NA,NA,NA,NA,NA,NA,288,7x38,260,NA,NA,NA,279,7x40,260,NA,NA,NA,278,7x33,260,NA,NA,NA,NA,NA,NA,NA,NA,NA,NA,NA,NA,NA,NA,NA,NA,7x37,260,NA,NA,NA,286,ECL3.Cm2,286,NA,NA,NA,285,7x23,285,NA,NA,6x56,260,NA,NA,7x27,272,NA,NA,7x33,278,NA,NA,7x25,270,NA,NA,7x48,387,NA,NA,7x30,371
NA,NA,NA,NA,NA,NA,NA,NA,NA,NA,NA,NA,NA,NA,NA,NA,NA,NA,NA,NA,NA,289,7x39,261,NA,NA,NA,280,7x41,261,NA,NA,NA,279,7x34,261,NA,NA,NA,NA,NA,NA,NA,NA,NA,NA,NA,NA,NA,NA,NA,NA,7x38,261,NA,NA,NA,287,7x23,287,NA,NA,NA,286,7x24,286,NA,NA,6x57,261,NA,NA,7x28,273,NA,NA,7x34,279,NA,NA,7x26,271,NA,NA,7x49,388,NA,NA,7x31,372
NA,NA,NA,NA,NA,NA,NA,NA,NA,NA,NA,NA,NA,NA,NA,NA,NA,NA,NA,NA,NA,290,7x40,262,NA,NA,NA,281,7x42,262,NA,NA,NA,280,7x35,262,NA,NA,NA,NA,NA,NA,NA,NA,NA,NA,NA,NA,NA,NA,NA,NA,7x39,262,NA,NA,NA,288,7x24,288,NA,NA,NA,287,7x25,287,NA,NA,6x58,262,NA,NA,7x29,274,NA,NA,7x35,280,NA,NA,7x27,272,NA,NA,7x50,389,NA,NA,7x32,373
NA,NA,NA,NA,NA,NA,NA,NA,NA,NA,NA,NA,NA,NA,NA,NA,NA,NA,NA,NA,NA,291,7x41,263,NA,NA,NA,282,7x43,263,NA,NA,NA,281,7x36,263,NA,NA,NA,NA,NA,NA,NA,NA,NA,NA,NA,NA,NA,NA,NA,NA,7x40,263,NA,NA,NA,289,7x25,289,NA,NA,NA,288,7x26,288,NA,NA,6x59,263,NA,NA,7x30,275,NA,NA,7x36,281,NA,NA,7x28,273,NA,NA,7x51,390,NA,NA,7x33,374
NA,NA,NA,NA,NA,NA,NA,NA,NA,NA,NA,NA,NA,NA,NA,NA,NA,NA,NA,NA,NA,292,7x42,264,NA,NA,NA,283,7x45,264,NA,NA,NA,282,7x37,264,NA,NA,NA,NA,NA,NA,NA,NA,NA,NA,NA,NA,NA,NA,NA,NA,7x41,264,NA,NA,NA,290,7x26,290,NA,NA,NA,289,7x27,289,NA,NA,6x60,264,NA,NA,7x31,276,NA,NA,7x37,282,NA,NA,7x29,274,NA,NA,7x52,391,NA,NA,7x34,375
NA,NA,NA,NA,NA,NA,NA,NA,NA,NA,NA,NA,NA,NA,NA,NA,NA,NA,NA,NA,NA,293,7x43,265,NA,NA,NA,284,7x46,265,NA,NA,NA,283,7x38,265,NA,NA,NA,NA,NA,NA,NA,NA,NA,NA,NA,NA,NA,NA,NA,NA,7x42,265,NA,NA,NA,291,7x27,291,NA,NA,NA,290,7x28,290,NA,NA,6x61,265,NA,NA,7x32,277,NA,NA,7x38,283,NA,NA,7x30,275,NA,NA,7x53,392,NA,NA,7x35,376
NA,NA,NA,NA,NA,NA,NA,NA,NA,NA,NA,NA,NA,NA,NA,NA,NA,NA,NA,NA,NA,294,7x45,266,NA,NA,NA,285,7x47,266,NA,NA,NA,284,7x39,266,NA,NA,NA,NA,NA,NA,NA,NA,NA,NA,NA,NA,NA,NA,NA,NA,7x43,266,NA,NA,NA,292,7x28,292,NA,NA,NA,291,7x29,291,NA,NA,6x62,266,NA,NA,7x33,278,NA,NA,7x39,284,NA,NA,7x31,276,NA,NA,7x54,393,NA,NA,7x36,377
NA,NA,NA,NA,NA,NA,NA,NA,NA,NA,NA,NA,NA,NA,NA,NA,NA,NA,NA,NA,NA,295,7x46,267,NA,NA,NA,286,7x48,267,NA,NA,NA,285,7x40,267,NA,NA,NA,NA,NA,NA,NA,NA,NA,NA,NA,NA,NA,NA,NA,NA,7x45,267,NA,NA,NA,293,7x29,293,NA,NA,NA,292,7x30,292,NA,NA,6x63,267,NA,NA,7x34,279,NA,NA,7x40,285,NA,NA,7x32,277,NA,NA,7x55,394,NA,NA,7x37,378
NA,NA,NA,NA,NA,NA,NA,NA,NA,NA,NA,NA,NA,NA,NA,NA,NA,NA,NA,NA,NA,296,7x47,268,NA,NA,NA,287,7x49,268,NA,NA,NA,286,7x41,268,NA,NA,NA,NA,NA,NA,NA,NA,NA,NA,NA,NA,NA,NA,NA,NA,7x46,268,NA,NA,NA,294,7x30,294,NA,NA,NA,293,7x31,293,NA,NA,6x64,268,NA,NA,7x35,280,NA,NA,7x41,286,NA,NA,7x33,278,NA,NA,7x56,395,NA,NA,7x38,379
NA,NA,NA,NA,NA,NA,NA,NA,NA,NA,NA,NA,NA,NA,NA,NA,NA,NA,NA,NA,NA,297,7x48,269,NA,NA,NA,288,7x50,269,NA,NA,NA,287,7x42,269,NA,NA,NA,NA,NA,NA,NA,NA,NA,NA,NA,NA,NA,NA,NA,NA,7x47,269,NA,NA,NA,295,7x31,295,NA,NA,NA,294,7x32,294,NA,NA,ECL3.Cm5,269,NA,NA,7x36,281,NA,NA,7x42,287,NA,NA,7x34,279,NA,NA,8x47,396,NA,NA,7x39,380
NA,NA,NA,NA,NA,NA,NA,NA,NA,NA,NA,NA,NA,NA,NA,NA,NA,NA,NA,NA,NA,298,7x49,270,NA,NA,NA,289,7x51,270,NA,NA,NA,288,7x43,270,NA,NA,NA,NA,NA,NA,NA,NA,NA,NA,NA,NA,NA,NA,NA,NA,7x48,270,NA,NA,NA,296,7x32,296,NA,NA,NA,295,7x33,295,NA,NA,ECL3.Cm4,270,NA,NA,7x37,282,NA,NA,7x43,288,NA,NA,7x35,280,NA,NA,8x48,397,NA,NA,7x40,381
NA,NA,NA,NA,NA,NA,NA,NA,NA,NA,NA,NA,NA,NA,NA,NA,NA,NA,NA,NA,NA,299,7x50,271,NA,NA,NA,290,7x52,271,NA,NA,NA,289,7x45,271,NA,NA,NA,NA,NA,NA,NA,NA,NA,NA,NA,NA,NA,NA,NA,NA,7x49,271,NA,NA,NA,297,7x33,297,NA,NA,NA,296,7x34,296,NA,NA,ECL3.Cm3,271,NA,NA,7x38,283,NA,NA,7x45,289,NA,NA,7x36,281,NA,NA,8x49,398,NA,NA,7x41,382
NA,NA,NA,NA,NA,NA,NA,NA,NA,NA,NA,NA,NA,NA,NA,NA,NA,NA,NA,NA,NA,300,7x51,272,NA,NA,NA,291,7x53,272,NA,NA,NA,290,7x46,272,NA,NA,NA,NA,NA,NA,NA,NA,NA,NA,NA,NA,NA,NA,NA,NA,7x50,272,NA,NA,NA,298,7x34,298,NA,NA,NA,297,7x35,297,NA,NA,ECL3.Cm2,272,NA,NA,7x39,284,NA,NA,7x46,290,NA,NA,7x37,282,NA,NA,8x50,399,NA,NA,7x42,383
NA,NA,NA,NA,NA,NA,NA,NA,NA,NA,NA,NA,NA,NA,NA,NA,NA,NA,NA,NA,NA,301,7x52,273,NA,NA,NA,292,7x54,273,NA,NA,NA,291,7x47,273,NA,NA,NA,NA,NA,NA,NA,NA,NA,NA,NA,NA,NA,NA,NA,NA,7x51,273,NA,NA,NA,299,7x35,299,NA,NA,NA,298,7x36,298,NA,NA,7x23,273,NA,NA,7x40,285,NA,NA,7x47,291,NA,NA,7x38,283,NA,NA,8x51,400,NA,NA,7x43,384
NA,NA,NA,NA,NA,NA,NA,NA,NA,NA,NA,NA,NA,NA,NA,NA,NA,NA,NA,NA,NA,302,7x53,274,NA,NA,NA,293,7x55,274,NA,NA,NA,292,7x48,274,NA,NA,NA,NA,NA,NA,NA,NA,NA,NA,NA,NA,NA,NA,NA,NA,7x52,274,NA,NA,NA,300,7x36,300,NA,NA,NA,299,7x37,299,NA,NA,7x24,274,NA,NA,7x41,286,NA,NA,7x48,292,NA,NA,7x39,284,NA,NA,8x52,401,NA,NA,7x45,385
NA,NA,NA,NA,NA,NA,NA,NA,NA,NA,NA,NA,NA,NA,NA,NA,NA,NA,NA,NA,NA,303,7x54,275,NA,NA,NA,294,7x56,275,NA,NA,NA,293,7x49,275,NA,NA,NA,NA,NA,NA,NA,NA,NA,NA,NA,NA,NA,NA,NA,NA,7x53,275,NA,NA,NA,301,7x37,301,NA,NA,NA,300,7x38,300,NA,NA,7x25,275,NA,NA,7x42,287,NA,NA,7x49,293,NA,NA,7x40,285,NA,NA,8x53,402,NA,NA,7x46,386
NA,NA,NA,NA,NA,NA,NA,NA,NA,NA,NA,NA,NA,NA,NA,NA,NA,NA,NA,NA,NA,NA,NA,NA,NA,NA,NA,295,8x47,276,NA,NA,NA,294,7x50,276,NA,NA,NA,NA,NA,NA,NA,NA,NA,NA,NA,NA,NA,NA,NA,NA,7x54,276,NA,NA,NA,302,7x38,302,NA,NA,NA,301,7x39,301,NA,NA,7x26,276,NA,NA,7x43,288,NA,NA,7x50,294,NA,NA,7x41,286,NA,NA,8x54,403,NA,NA,7x47,387
NA,NA,NA,NA,NA,NA,NA,NA,NA,NA,NA,NA,NA,NA,NA,NA,NA,NA,NA,NA,NA,NA,NA,NA,NA,NA,NA,296,8x48,277,NA,NA,NA,295,7x51,277,NA,NA,NA,NA,NA,NA,NA,NA,NA,NA,NA,NA,NA,NA,NA,NA,7x55,277,NA,NA,NA,303,7x39,303,NA,NA,NA,302,7x40,302,NA,NA,7x27,277,NA,NA,7x45,289,NA,NA,7x51,295,NA,NA,7x42,287,NA,NA,8x55,404,NA,NA,7x48,388
NA,NA,NA,NA,NA,NA,NA,NA,NA,NA,NA,NA,NA,NA,NA,NA,NA,NA,NA,NA,NA,NA,NA,NA,NA,NA,NA,297,8x49,278,NA,NA,NA,296,7x52,278,NA,NA,NA,NA,NA,NA,NA,NA,NA,NA,NA,NA,NA,NA,NA,NA,7x56,278,NA,NA,NA,304,7x40,304,NA,NA,NA,303,7x41,303,NA,NA,7x28,278,NA,NA,7x46,290,NA,NA,7x52,296,NA,NA,7x43,288,NA,NA,8x56,405,NA,NA,7x49,389
NA,NA,NA,NA,NA,NA,NA,NA,NA,NA,NA,NA,NA,NA,NA,NA,NA,NA,NA,NA,NA,NA,NA,NA,NA,NA,NA,298,8x50,279,NA,NA,NA,297,7x53,279,NA,NA,NA,NA,NA,NA,NA,NA,NA,NA,NA,NA,NA,NA,NA,NA,8x47,279,NA,NA,NA,305,7x41,305,NA,NA,NA,304,7x42,304,NA,NA,7x29,279,NA,NA,7x47,291,NA,NA,7x53,297,NA,NA,7x45,289,NA,NA,8x57,406,NA,NA,7x50,390
NA,NA,NA,NA,NA,NA,NA,NA,NA,NA,NA,NA,NA,NA,NA,NA,NA,NA,NA,NA,NA,NA,NA,NA,NA,NA,NA,299,8x51,280,NA,NA,NA,298,7x54,280,NA,NA,NA,NA,NA,NA,NA,NA,NA,NA,NA,NA,NA,NA,NA,NA,8x48,280,NA,NA,NA,306,7x42,306,NA,NA,NA,305,7x43,305,NA,NA,7x30,280,NA,NA,7x48,292,NA,NA,7x54,298,NA,NA,7x46,290,NA,NA,8x58,407,NA,NA,7x51,391
NA,NA,NA,NA,NA,NA,NA,NA,NA,NA,NA,NA,NA,NA,NA,NA,NA,NA,NA,NA,NA,NA,NA,NA,NA,NA,NA,300,8x52,281,NA,NA,NA,299,7x55,281,NA,NA,NA,NA,NA,NA,NA,NA,NA,NA,NA,NA,NA,NA,NA,NA,8x49,281,NA,NA,NA,307,7x43,307,NA,NA,NA,306,7x45,306,NA,NA,7x31,281,NA,NA,7x49,293,NA,NA,7x55,299,NA,NA,7x47,291,NA,NA,8x59,408,NA,NA,7x52,392
NA,NA,NA,NA,NA,NA,NA,NA,NA,NA,NA,NA,NA,NA,NA,NA,NA,NA,NA,NA,NA,NA,NA,NA,NA,NA,NA,301,8x53,282,NA,NA,NA,300,7x56,282,NA,NA,NA,NA,NA,NA,NA,NA,NA,NA,NA,NA,NA,NA,NA,NA,8x50,282,NA,NA,NA,308,7x45,308,NA,NA,NA,307,7x46,307,NA,NA,7x32,282,NA,NA,7x50,294,NA,NA,7x56,300,NA,NA,7x48,292,NA,NA,NA,NA,NA,NA,7x53,393
NA,NA,NA,NA,NA,NA,NA,NA,NA,NA,NA,NA,NA,NA,NA,NA,NA,NA,NA,NA,NA,NA,NA,NA,NA,NA,NA,302,8x54,283,NA,NA,NA,301,8x47,283,NA,NA,NA,NA,NA,NA,NA,NA,NA,NA,NA,NA,NA,NA,NA,NA,8x51,283,NA,NA,NA,309,7x46,309,NA,NA,NA,308,7x47,308,NA,NA,7x33,283,NA,NA,7x51,295,NA,NA,8x47,301,NA,NA,7x49,293,NA,NA,NA,NA,NA,NA,7x54,394
NA,NA,NA,NA,NA,NA,NA,NA,NA,NA,NA,NA,NA,NA,NA,NA,NA,NA,NA,NA,NA,NA,NA,NA,NA,NA,NA,303,8x55,284,NA,NA,NA,302,8x48,284,NA,NA,NA,NA,NA,NA,NA,NA,NA,NA,NA,NA,NA,NA,NA,NA,8x52,284,NA,NA,NA,310,7x47,310,NA,NA,NA,309,7x48,309,NA,NA,7x34,284,NA,NA,7x52,296,NA,NA,8x48,302,NA,NA,7x50,294,NA,NA,NA,NA,NA,NA,7x55,395
NA,NA,NA,NA,NA,NA,NA,NA,NA,NA,NA,NA,NA,NA,NA,NA,NA,NA,NA,NA,NA,NA,NA,NA,NA,NA,NA,304,8x56,285,NA,NA,NA,303,8x49,285,NA,NA,NA,NA,NA,NA,NA,NA,NA,NA,NA,NA,NA,NA,NA,NA,8x53,285,NA,NA,NA,311,7x48,311,NA,NA,NA,310,7x49,310,NA,NA,7x35,285,NA,NA,7x53,297,NA,NA,8x49,303,NA,NA,7x51,295,NA,NA,NA,NA,NA,NA,7x56,396
NA,NA,NA,NA,NA,NA,NA,NA,NA,NA,NA,NA,NA,NA,NA,NA,NA,NA,NA,NA,NA,NA,NA,NA,NA,NA,NA,305,8x57,286,NA,NA,NA,304,8x50,286,NA,NA,NA,NA,NA,NA,NA,NA,NA,NA,NA,NA,NA,NA,NA,NA,8x54,286,NA,NA,NA,312,7x49,312,NA,NA,NA,311,7x50,311,NA,NA,7x36,286,NA,NA,7x54,298,NA,NA,8x50,304,NA,NA,7x52,296,NA,NA,NA,NA,NA,NA,8x47,397
NA,NA,NA,NA,NA,NA,NA,NA,NA,NA,NA,NA,NA,NA,NA,NA,NA,NA,NA,NA,NA,NA,NA,NA,NA,NA,NA,306,8x58,287,NA,NA,NA,305,8x51,287,NA,NA,NA,NA,NA,NA,NA,NA,NA,NA,NA,NA,NA,NA,NA,NA,8x55,287,NA,NA,NA,313,7x50,313,NA,NA,NA,312,7x51,312,NA,NA,7x37,287,NA,NA,7x55,299,NA,NA,8x51,305,NA,NA,7x53,297,NA,NA,NA,NA,NA,NA,8x48,398
NA,NA,NA,NA,NA,NA,NA,NA,NA,NA,NA,NA,NA,NA,NA,NA,NA,NA,NA,NA,NA,NA,NA,NA,NA,NA,NA,307,8x59,288,NA,NA,NA,306,8x52,288,NA,NA,NA,NA,NA,NA,NA,NA,NA,NA,NA,NA,NA,NA,NA,NA,8x56,288,NA,NA,NA,314,7x51,314,NA,NA,NA,313,7x52,313,NA,NA,7x38,288,NA,NA,7x56,300,NA,NA,8x52,306,NA,NA,7x54,298,NA,NA,NA,NA,NA,NA,8x49,399
NA,NA,NA,NA,NA,NA,NA,NA,NA,NA,NA,NA,NA,NA,NA,NA,NA,NA,NA,NA,NA,NA,NA,NA,NA,NA,NA,308,8x60,289,NA,NA,NA,307,8x53,289,NA,NA,NA,NA,NA,NA,NA,NA,NA,NA,NA,NA,NA,NA,NA,NA,8x57,289,NA,NA,NA,315,7x52,315,NA,NA,NA,314,7x53,314,NA,NA,7x39,289,NA,NA,8x47,301,NA,NA,8x53,307,NA,NA,7x55,299,NA,NA,NA,NA,NA,NA,8x50,400
NA,NA,NA,NA,NA,NA,NA,NA,NA,NA,NA,NA,NA,NA,NA,NA,NA,NA,NA,NA,NA,NA,NA,NA,NA,NA,NA,309,8x61,290,NA,NA,NA,308,8x54,290,NA,NA,NA,NA,NA,NA,NA,NA,NA,NA,NA,NA,NA,NA,NA,NA,8x58,290,NA,NA,NA,316,7x53,316,NA,NA,NA,315,7x54,315,NA,NA,7x40,290,NA,NA,8x48,302,NA,NA,8x54,308,NA,NA,7x56,300,NA,NA,NA,NA,NA,NA,8x51,401
NA,NA,NA,NA,NA,NA,NA,NA,NA,NA,NA,NA,NA,NA,NA,NA,NA,NA,NA,NA,NA,NA,NA,NA,NA,NA,NA,310,8x62,291,NA,NA,NA,309,8x55,291,NA,NA,NA,NA,NA,NA,NA,NA,NA,NA,NA,NA,NA,NA,NA,NA,8x59,291,NA,NA,NA,317,7x54,317,NA,NA,NA,316,7x55,316,NA,NA,7x41,291,NA,NA,8x49,303,NA,NA,8x55,309,NA,NA,8x47,301,NA,NA,NA,NA,NA,NA,8x52,402
NA,NA,NA,NA,NA,NA,NA,NA,NA,NA,NA,NA,NA,NA,NA,NA,NA,NA,NA,NA,NA,NA,NA,NA,NA,NA,NA,NA,NA,NA,NA,NA,NA,310,8x56,292,NA,NA,NA,NA,NA,NA,NA,NA,NA,NA,NA,NA,NA,NA,NA,NA,8x60,292,NA,NA,NA,318,7x55,318,NA,NA,NA,317,7x56,317,NA,NA,7x42,292,NA,NA,8x50,304,NA,NA,8x56,310,NA,NA,8x48,302,NA,NA,NA,NA,NA,NA,8x53,403
NA,NA,NA,NA,NA,NA,NA,NA,NA,NA,NA,NA,NA,NA,NA,NA,NA,NA,NA,NA,NA,NA,NA,NA,NA,NA,NA,NA,NA,NA,NA,NA,NA,311,8x57,293,NA,NA,NA,NA,NA,NA,NA,NA,NA,NA,NA,NA,NA,NA,NA,NA,NA,NA,NA,NA,NA,319,7x56,319,NA,NA,NA,318,8x47,318,NA,NA,7x43,293,NA,NA,8x51,305,NA,NA,8x57,311,NA,NA,8x49,303,NA,NA,NA,NA,NA,NA,8x54,404
NA,NA,NA,NA,NA,NA,NA,NA,NA,NA,NA,NA,NA,NA,NA,NA,NA,NA,NA,NA,NA,NA,NA,NA,NA,NA,NA,NA,NA,NA,NA,NA,NA,312,8x58,294,NA,NA,NA,NA,NA,NA,NA,NA,NA,NA,NA,NA,NA,NA,NA,NA,NA,NA,NA,NA,NA,320,8x47,320,NA,NA,NA,319,8x48,319,NA,NA,7x45,294,NA,NA,8x52,306,NA,NA,8x58,312,NA,NA,8x50,304,NA,NA,NA,NA,NA,NA,8x55,405
NA,NA,NA,NA,NA,NA,NA,NA,NA,NA,NA,NA,NA,NA,NA,NA,NA,NA,NA,NA,NA,NA,NA,NA,NA,NA,NA,NA,NA,NA,NA,NA,NA,313,8x59,295,NA,NA,NA,NA,NA,NA,NA,NA,NA,NA,NA,NA,NA,NA,NA,NA,NA,NA,NA,NA,NA,321,8x48,321,NA,NA,NA,320,8x49,320,NA,NA,7x46,295,NA,NA,8x53,307,NA,NA,8x59,313,NA,NA,8x51,305,NA,NA,NA,NA,NA,NA,8x56,406
NA,NA,NA,NA,NA,NA,NA,NA,NA,NA,NA,NA,NA,NA,NA,NA,NA,NA,NA,NA,NA,NA,NA,NA,NA,NA,NA,NA,NA,NA,NA,NA,NA,314,CT,296,NA,NA,NA,NA,NA,NA,NA,NA,NA,NA,NA,NA,NA,NA,NA,NA,NA,NA,NA,NA,NA,322,8x49,322,NA,NA,NA,321,8x50,321,NA,NA,7x47,296,NA,NA,8x54,308,NA,NA,CT,314,NA,NA,8x52,306,NA,NA,NA,NA,NA,NA,8x57,407
NA,NA,NA,NA,NA,NA,NA,NA,NA,NA,NA,NA,NA,NA,NA,NA,NA,NA,NA,NA,NA,NA,NA,NA,NA,NA,NA,NA,NA,NA,NA,NA,NA,315,CT,297,NA,NA,NA,NA,NA,NA,NA,NA,NA,NA,NA,NA,NA,NA,NA,NA,NA,NA,NA,NA,NA,323,8x50,323,NA,NA,NA,322,8x51,322,NA,NA,7x48,297,NA,NA,8x55,309,NA,NA,CT,315,NA,NA,8x53,307,NA,NA,NA,NA,NA,NA,8x58,408
NA,NA,NA,NA,NA,NA,NA,NA,NA,NA,NA,NA,NA,NA,NA,NA,NA,NA,NA,NA,NA,NA,NA,NA,NA,NA,NA,NA,NA,NA,NA,NA,NA,316,CT,298,NA,NA,NA,NA,NA,NA,NA,NA,NA,NA,NA,NA,NA,NA,NA,NA,NA,NA,NA,NA,NA,324,8x51,324,NA,NA,NA,323,8x52,323,NA,NA,7x49,298,NA,NA,8x56,310,NA,NA,CT,316,NA,NA,8x54,308,NA,NA,NA,NA,NA,NA,8x59,409
NA,NA,NA,NA,NA,NA,NA,NA,NA,NA,NA,NA,NA,NA,NA,NA,NA,NA,NA,NA,NA,NA,NA,NA,NA,NA,NA,NA,NA,NA,NA,NA,NA,NA,NA,NA,NA,NA,NA,NA,NA,NA,NA,NA,NA,NA,NA,NA,NA,NA,NA,NA,NA,NA,NA,NA,NA,325,8x52,325,NA,NA,NA,324,8x53,324,NA,NA,7x50,299,NA,NA,8x57,311,NA,NA,NA,NA,NA,NA,8x55,309,NA,NA,NA,NA,NA,NA,NA,NA
NA,NA,NA,NA,NA,NA,NA,NA,NA,NA,NA,NA,NA,NA,NA,NA,NA,NA,NA,NA,NA,NA,NA,NA,NA,NA,NA,NA,NA,NA,NA,NA,NA,NA,NA,NA,NA,NA,NA,NA,NA,NA,NA,NA,NA,NA,NA,NA,NA,NA,NA,NA,NA,NA,NA,NA,NA,326,8x53,326,NA,NA,NA,325,8x54,325,NA,NA,7x51,300,NA,NA,8x58,312,NA,NA,NA,NA,NA,NA,8x56,310,NA,NA,NA,NA,NA,NA,NA,NA
NA,NA,NA,NA,NA,NA,NA,NA,NA,NA,NA,NA,NA,NA,NA,NA,NA,NA,NA,NA,NA,NA,NA,NA,NA,NA,NA,NA,NA,NA,NA,NA,NA,NA,NA,NA,NA,NA,NA,NA,NA,NA,NA,NA,NA,NA,NA,NA,NA,NA,NA,NA,NA,NA,NA,NA,NA,327,8x54,327,NA,NA,NA,326,8x55,326,NA,NA,7x52,301,NA,NA,8x59,313,NA,NA,NA,NA,NA,NA,8x57,311,NA,NA,NA,NA,NA,NA,NA,NA
NA,NA,NA,NA,NA,NA,NA,NA,NA,NA,NA,NA,NA,NA,NA,NA,NA,NA,NA,NA,NA,NA,NA,NA,NA,NA,NA,NA,NA,NA,NA,NA,NA,NA,NA,NA,NA,NA,NA,NA,NA,NA,NA,NA,NA,NA,NA,NA,NA,NA,NA,NA,NA,NA,NA,NA,NA,328,8x55,328,NA,NA,NA,327,8x56,327,NA,NA,7x53,302,NA,NA,CT,314,NA,NA,NA,NA,NA,NA,8x58,312,NA,NA,NA,NA,NA,NA,NA,NA
NA,NA,NA,NA,NA,NA,NA,NA,NA,NA,NA,NA,NA,NA,NA,NA,NA,NA,NA,NA,NA,NA,NA,NA,NA,NA,NA,NA,NA,NA,NA,NA,NA,NA,NA,NA,NA,NA,NA,NA,NA,NA,NA,NA,NA,NA,NA,NA,NA,NA,NA,NA,NA,NA,NA,NA,NA,329,8x56,329,NA,NA,NA,328,8x57,328,NA,NA,7x54,303,NA,NA,CT,315,NA,NA,NA,NA,NA,NA,8x59,313,NA,NA,NA,NA,NA,NA,NA,NA
NA,NA,NA,NA,NA,NA,NA,NA,NA,NA,NA,NA,NA,NA,NA,NA,NA,NA,NA,NA,NA,NA,NA,NA,NA,NA,NA,NA,NA,NA,NA,NA,NA,NA,NA,NA,NA,NA,NA,NA,NA,NA,NA,NA,NA,NA,NA,NA,NA,NA,NA,NA,NA,NA,NA,NA,NA,330,8x57,330,NA,NA,NA,329,8x58,329,NA,NA,7x55,304,NA,NA,CT,316,NA,NA,NA,NA,NA,NA,CT,314,NA,NA,NA,NA,NA,NA,NA,NA
NA,NA,NA,NA,NA,NA,NA,NA,NA,NA,NA,NA,NA,NA,NA,NA,NA,NA,NA,NA,NA,NA,NA,NA,NA,NA,NA,NA,NA,NA,NA,NA,NA,NA,NA,NA,NA,NA,NA,NA,NA,NA,NA,NA,NA,NA,NA,NA,NA,NA,NA,NA,NA,NA,NA,NA,NA,331,8x58,331,NA,NA,NA,330,8x59,330,NA,NA,NA,NA,NA,NA,NA,NA,NA,NA,NA,NA,NA,NA,CT,315,NA,NA,NA,NA,NA,NA,NA,NA
NA,NA,NA,NA,NA,NA,NA,NA,NA,NA,NA,NA,NA,NA,NA,NA,NA,NA,NA,NA,NA,NA,NA,NA,NA,NA,NA,NA,NA,NA,NA,NA,NA,NA,NA,NA,NA,NA,NA,NA,NA,NA,NA,NA,NA,NA,NA,NA,NA,NA,NA,NA,NA,NA,NA,NA,NA,332,8x59,332,NA,NA,NA,331,CT,331,NA,NA,NA,NA,NA,NA,NA,NA,NA,NA,NA,NA,NA,NA,CT,316,NA,NA,NA,NA,NA,NA,NA,NA
NA,NA,NA,NA,NA,NA,NA,NA,NA,NA,NA,NA,NA,NA,NA,NA,NA,NA,NA,NA,NA,NA,NA,NA,NA,NA,NA,NA,NA,NA,NA,NA,NA,NA,NA,NA,NA,NA,NA,NA,NA,NA,NA,NA,NA,NA,NA,NA,NA,NA,NA,NA,NA,NA,NA,NA,NA,333,CT,333,NA,NA,NA,332,CT,332,NA,NA,NA,NA,NA,NA,NA,NA,NA,NA,NA,NA,NA,NA,NA,NA,NA,NA,NA,NA,NA,NA,NA,NA
NA,NA,NA,NA,NA,NA,NA,NA,NA,NA,NA,NA,NA,NA,NA,NA,NA,NA,NA,NA,NA,NA,NA,NA,NA,NA,NA,NA,NA,NA,NA,NA,NA,NA,NA,NA,NA,NA,NA,NA,NA,NA,NA,NA,NA,NA,NA,NA,NA,NA,NA,NA,NA,NA,NA,NA,NA,334,CT,334,NA,NA,NA,NA,NA,NA,NA,NA,NA,NA,NA,NA,NA,NA,NA,NA,NA,NA,NA,NA,NA,NA,NA,NA,NA,NA,NA,NA,NA,NA
NA,NA,NA,NA,NA,NA,NA,NA,NA,NA,NA,NA,NA,NA,NA,NA,NA,NA,NA,NA,NA,NA,NA,NA,NA,NA,NA,NA,NA,NA,NA,NA,NA,NA,NA,NA,NA,NA,NA,NA,NA,NA,NA,NA,NA,NA,NA,NA,NA,NA,NA,NA,NA,NA,NA,NA,NA,335,CT,335,NA,NA,NA,NA,NA,NA,NA,NA,NA,NA,NA,NA,NA,NA,NA,NA,NA,NA,NA,NA,NA,NA,NA,NA,NA,NA,NA,NA,NA,NA
NA,NA,NA,NA,NA,NA,NA,NA,NA,NA,NA,NA,NA,NA,NA,NA,NA,NA,NA,NA,NA,NA,NA,NA,NA,NA,NA,NA,NA,NA,NA,NA,NA,NA,NA,NA,NA,NA,NA,NA,NA,NA,NA,NA,NA,NA,NA,NA,NA,NA,NA,NA,NA,NA,NA,NA,NA,336,CT,336,NA,NA,NA,NA,NA,NA,NA,NA,NA,NA,NA,NA,NA,NA,NA,NA,NA,NA,NA,NA,NA,NA,NA,NA,NA,NA,NA,NA,NA,NA