a,b,dist,dist_nl,sim_nl
CCL3,CCL3,0,0,1
CCL3,CCL4,0,0,1
CCL3,CCL5,1.4142135623730951,0.47140452079103173,0.5285954792089682
CCL3,CCL7,1.7320508075688772,0.5773502691896257,0.42264973081037427
CCL3,CCL8,1.7320508075688772,0.5773502691896257,0.42264973081037427
CCL3,CCL14,1.4142135623730951,0.47140452079103173,0.5285954792089682
CCL3,CCL15,1.7320508075688772,0.5773502691896257,0.42264973081037427
CCL3,CCL16,2,0.6666666666666666,0.33333333333333337
CCL3,CCL23,1.4142135623730951,0.47140452079103173,0.5285954792089682
CCL3,CCL26,2,0.6666666666666666,0.33333333333333337
CCL3,CXCL4,1.7320508075688772,0.5773502691896257,0.42264973081037427
CCL3,CCL3L1,1.4142135623730951,0.47140452079103173,0.5285954792089682
CCL3,CCL2,2.23606797749979,0.7453559924999299,0.2546440075000701
CCL3,CCL13,2,0.6666666666666666,0.33333333333333337
CCL3,CCL11,1.7320508075688772,0.5773502691896257,0.42264973081037427
CCL3,CCL18,2.449489742783178,0.8164965809277259,0.18350341907227408
CCL3,CCL24,2,0.6666666666666666,0.33333333333333337
CCL3,CCL28,2.23606797749979,0.7453559924999299,0.2546440075000701
CCL3,CXCL9,2.449489742783178,0.8164965809277259,0.18350341907227408
CCL3,CXCL10,2.449489742783178,0.8164965809277259,0.18350341907227408
CCL3,CXCL11,2.449489742783178,0.8164965809277259,0.18350341907227408
CCL3,CCL17,2,0.6666666666666666,0.33333333333333337
CCL3,CCL22,1.7320508075688772,0.5773502691896257,0.42264973081037427
CCL3,CCL20,2,0.6666666666666666,0.33333333333333337
CCL3,CCL19,2.449489742783178,0.8164965809277259,0.18350341907227408
CCL3,CCL21,2.23606797749979,0.7453559924999299,0.2546440075000701
CCL3,CCL1,2.23606797749979,0.7453559924999299,0.2546440075000701
CCL3,CCL25,2.23606797749979,0.7453559924999299,0.2546440075000701
CCL3,CCL27,2,0.6666666666666666,0.33333333333333337
CCL3,CXCL1,2.449489742783178,0.8164965809277259,0.18350341907227408
CCL3,CXCL3,2.23606797749979,0.7453559924999299,0.2546440075000701
CCL3,CXCL6,2,0.6666666666666666,0.33333333333333337
CCL3,CXCL8,2.449489742783178,0.8164965809277259,0.18350341907227408
CCL3,CXCL2,2,0.6666666666666666,0.33333333333333337
CCL3,CXCL5,2.23606797749979,0.7453559924999299,0.2546440075000701
CCL3,CXCL7,2,0.6666666666666666,0.33333333333333337
CCL3,CXCL13,2.449489742783178,0.8164965809277259,0.18350341907227408
CCL3,CXCL12,2.23606797749979,0.7453559924999299,0.2546440075000701
CCL3,CXCL16,2,0.6666666666666666,0.33333333333333337
CCL3,CX3CL1,2,0.6666666666666666,0.33333333333333337
CCL3,XCL1,2,0.6666666666666666,0.33333333333333337
CCL3,XCL2,2,0.6666666666666666,0.33333333333333337
CCL4,CCL3,0,0,1
CCL4,CCL4,0,0,1
CCL4,CCL5,1.4142135623730951,0.47140452079103173,0.5285954792089682
CCL4,CCL7,1.7320508075688772,0.5773502691896257,0.42264973081037427
CCL4,CCL8,1.7320508075688772,0.5773502691896257,0.42264973081037427
CCL4,CCL14,1.4142135623730951,0.47140452079103173,0.5285954792089682
CCL4,CCL15,1.7320508075688772,0.5773502691896257,0.42264973081037427
CCL4,CCL16,2,0.6666666666666666,0.33333333333333337
CCL4,CCL23,1.4142135623730951,0.47140452079103173,0.5285954792089682
CCL4,CCL26,2,0.6666666666666666,0.33333333333333337
CCL4,CXCL4,1.7320508075688772,0.5773502691896257,0.42264973081037427
CCL4,CCL3L1,1.4142135623730951,0.47140452079103173,0.5285954792089682
CCL4,CCL2,2.23606797749979,0.7453559924999299,0.2546440075000701
CCL4,CCL13,2,0.6666666666666666,0.33333333333333337
CCL4,CCL11,1.7320508075688772,0.5773502691896257,0.42264973081037427
CCL4,CCL18,2.449489742783178,0.8164965809277259,0.18350341907227408
CCL4,CCL24,2,0.6666666666666666,0.33333333333333337
CCL4,CCL28,2.23606797749979,0.7453559924999299,0.2546440075000701
CCL4,CXCL9,2.449489742783178,0.8164965809277259,0.18350341907227408
CCL4,CXCL10,2.449489742783178,0.8164965809277259,0.18350341907227408
CCL4,CXCL11,2.449489742783178,0.8164965809277259,0.18350341907227408
CCL4,CCL17,2,0.6666666666666666,0.33333333333333337
CCL4,CCL22,1.7320508075688772,0.5773502691896257,0.42264973081037427
CCL4,CCL20,2,0.6666666666666666,0.33333333333333337
CCL4,CCL19,2.449489742783178,0.8164965809277259,0.18350341907227408
CCL4,CCL21,2.23606797749979,0.7453559924999299,0.2546440075000701
CCL4,CCL1,2.23606797749979,0.7453559924999299,0.2546440075000701
CCL4,CCL25,2.23606797749979,0.7453559924999299,0.2546440075000701
CCL4,CCL27,2,0.6666666666666666,0.33333333333333337
CCL4,CXCL1,2.449489742783178,0.8164965809277259,0.18350341907227408
CCL4,CXCL3,2.23606797749979,0.7453559924999299,0.2546440075000701
CCL4,CXCL6,2,0.6666666666666666,0.33333333333333337
CCL4,CXCL8,2.449489742783178,0.8164965809277259,0.18350341907227408
CCL4,CXCL2,2,0.6666666666666666,0.33333333333333337
CCL4,CXCL5,2.23606797749979,0.7453559924999299,0.2546440075000701
CCL4,CXCL7,2,0.6666666666666666,0.33333333333333337
CCL4,CXCL13,2.449489742783178,0.8164965809277259,0.18350341907227408
CCL4,CXCL12,2.23606797749979,0.7453559924999299,0.2546440075000701
CCL4,CXCL16,2,0.6666666666666666,0.33333333333333337
CCL4,CX3CL1,2,0.6666666666666666,0.33333333333333337
CCL4,XCL1,2,0.6666666666666666,0.33333333333333337
CCL4,XCL2,2,0.6666666666666666,0.33333333333333337
CCL5,CCL3,1.4142135623730951,0.47140452079103173,0.5285954792089682
CCL5,CCL4,1.4142135623730951,0.47140452079103173,0.5285954792089682
CCL5,CCL5,0,0,1
CCL5,CCL7,1,0.3333333333333333,0.6666666666666667
CCL5,CCL8,1,0.3333333333333333,0.6666666666666667
CCL5,CCL14,0,0,1
CCL5,CCL15,1.7320508075688772,0.5773502691896257,0.42264973081037427
CCL5,CCL16,2,0.6666666666666666,0.33333333333333337
CCL5,CCL23,2,0.6666666666666666,0.33333333333333337
CCL5,CCL26,2,0.6666666666666666,0.33333333333333337
CCL5,CXCL4,2.23606797749979,0.7453559924999299,0.2546440075000701
CCL5,CCL3L1,1.4142135623730951,0.47140452079103173,0.5285954792089682
CCL5,CCL2,1.7320508075688772,0.5773502691896257,0.42264973081037427
CCL5,CCL13,1.4142135623730951,0.47140452079103173,0.5285954792089682
CCL5,CCL11,1,0.3333333333333333,0.6666666666666667
CCL5,CCL18,2,0.6666666666666666,0.33333333333333337
CCL5,CCL24,2,0.6666666666666666,0.33333333333333337
CCL5,CCL28,2.23606797749979,0.7453559924999299,0.2546440075000701
CCL5,CXCL9,2,0.6666666666666666,0.33333333333333337
CCL5,CXCL10,2,0.6666666666666666,0.33333333333333337
CCL5,CXCL11,2,0.6666666666666666,0.33333333333333337
CCL5,CCL17,2,0.6666666666666666,0.33333333333333337
CCL5,CCL22,2.23606797749979,0.7453559924999299,0.2546440075000701
CCL5,CCL20,2.449489742783178,0.8164965809277259,0.18350341907227408
CCL5,CCL19,2.8284271247461903,0.9428090415820635,0.05719095841793653
CCL5,CCL21,2.6457513110645907,0.8819171036881969,0.11808289631180313
CCL5,CCL1,2.23606797749979,0.7453559924999299,0.2546440075000701
CCL5,CCL25,2.6457513110645907,0.8819171036881969,0.11808289631180313
CCL5,CCL27,2.449489742783178,0.8164965809277259,0.18350341907227408
CCL5,CXCL1,2.449489742783178,0.8164965809277259,0.18350341907227408
CCL5,CXCL3,2.6457513110645907,0.8819171036881969,0.11808289631180313
CCL5,CXCL6,2.449489742783178,0.8164965809277259,0.18350341907227408
CCL5,CXCL8,2.449489742783178,0.8164965809277259,0.18350341907227408
CCL5,CXCL2,2.449489742783178,0.8164965809277259,0.18350341907227408
CCL5,CXCL5,2.23606797749979,0.7453559924999299,0.2546440075000701
CCL5,CXCL7,2.449489742783178,0.8164965809277259,0.18350341907227408
CCL5,CXCL13,2.449489742783178,0.8164965809277259,0.18350341907227408
CCL5,CXCL12,2.6457513110645907,0.8819171036881969,0.11808289631180313
CCL5,CXCL16,2.449489742783178,0.8164965809277259,0.18350341907227408
CCL5,CX3CL1,2.449489742783178,0.8164965809277259,0.18350341907227408
CCL5,XCL1,2.449489742783178,0.8164965809277259,0.18350341907227408
CCL5,XCL2,2.449489742783178,0.8164965809277259,0.18350341907227408
CCL7,CCL3,1.7320508075688772,0.5773502691896257,0.42264973081037427
CCL7,CCL4,1.7320508075688772,0.5773502691896257,0.42264973081037427
CCL7,CCL5,1,0.3333333333333333,0.6666666666666667
CCL7,CCL7,0,0,1
CCL7,CCL8,0,0,1
CCL7,CCL14,1,0.3333333333333333,0.6666666666666667
CCL7,CCL15,2,0.6666666666666666,0.33333333333333337
CCL7,CCL16,1.7320508075688772,0.5773502691896257,0.42264973081037427
CCL7,CCL23,2.23606797749979,0.7453559924999299,0.2546440075000701
CCL7,CCL26,1.7320508075688772,0.5773502691896257,0.42264973081037427
CCL7,CXCL4,2.449489742783178,0.8164965809277259,0.18350341907227408
CCL7,CCL3L1,1.7320508075688772,0.5773502691896257,0.42264973081037427
CCL7,CCL2,1.4142135623730951,0.47140452079103173,0.5285954792089682
CCL7,CCL13,1,0.3333333333333333,0.6666666666666667
CCL7,CCL11,1.4142135623730951,0.47140452079103173,0.5285954792089682
CCL7,CCL18,2.23606797749979,0.7453559924999299,0.2546440075000701
CCL7,CCL24,2.23606797749979,0.7453559924999299,0.2546440075000701
CCL7,CCL28,2.449489742783178,0.8164965809277259,0.18350341907227408
CCL7,CXCL9,2.23606797749979,0.7453559924999299,0.2546440075000701
CCL7,CXCL10,2.23606797749979,0.7453559924999299,0.2546440075000701
CCL7,CXCL11,2.23606797749979,0.7453559924999299,0.2546440075000701
CCL7,CCL17,2.23606797749979,0.7453559924999299,0.2546440075000701
CCL7,CCL22,2.449489742783178,0.8164965809277259,0.18350341907227408
CCL7,CCL20,2.6457513110645907,0.8819171036881969,0.11808289631180313
CCL7,CCL19,3,1,0
CCL7,CCL21,2.8284271247461903,0.9428090415820635,0.05719095841793653
CCL7,CCL1,2.449489742783178,0.8164965809277259,0.18350341907227408
CCL7,CCL25,2.8284271247461903,0.9428090415820635,0.05719095841793653
CCL7,CCL27,2.6457513110645907,0.8819171036881969,0.11808289631180313
CCL7,CXCL1,2.6457513110645907,0.8819171036881969,0.11808289631180313
CCL7,CXCL3,2.8284271247461903,0.9428090415820635,0.05719095841793653
CCL7,CXCL6,2.6457513110645907,0.8819171036881969,0.11808289631180313
CCL7,CXCL8,2.6457513110645907,0.8819171036881969,0.11808289631180313
CCL7,CXCL2,2.6457513110645907,0.8819171036881969,0.11808289631180313
CCL7,CXCL5,2.449489742783178,0.8164965809277259,0.18350341907227408
CCL7,CXCL7,2.6457513110645907,0.8819171036881969,0.11808289631180313
CCL7,CXCL13,2.6457513110645907,0.8819171036881969,0.11808289631180313
CCL7,CXCL12,2.8284271247461903,0.9428090415820635,0.05719095841793653
CCL7,CXCL16,2.6457513110645907,0.8819171036881969,0.11808289631180313
CCL7,CX3CL1,2.6457513110645907,0.8819171036881969,0.11808289631180313
CCL7,XCL1,2.6457513110645907,0.8819171036881969,0.11808289631180313
CCL7,XCL2,2.6457513110645907,0.8819171036881969,0.11808289631180313
CCL8,CCL3,1.7320508075688772,0.5773502691896257,0.42264973081037427
CCL8,CCL4,1.7320508075688772,0.5773502691896257,0.42264973081037427
CCL8,CCL5,1,0.3333333333333333,0.6666666666666667
CCL8,CCL7,0,0,1
CCL8,CCL8,0,0,1
CCL8,CCL14,1,0.3333333333333333,0.6666666666666667
CCL8,CCL15,2,0.6666666666666666,0.33333333333333337
CCL8,CCL16,1.7320508075688772,0.5773502691896257,0.42264973081037427
CCL8,CCL23,2.23606797749979,0.7453559924999299,0.2546440075000701
CCL8,CCL26,1.7320508075688772,0.5773502691896257,0.42264973081037427
CCL8,CXCL4,2.449489742783178,0.8164965809277259,0.18350341907227408
CCL8,CCL3L1,1.7320508075688772,0.5773502691896257,0.42264973081037427
CCL8,CCL2,1.4142135623730951,0.47140452079103173,0.5285954792089682
CCL8,CCL13,1,0.3333333333333333,0.6666666666666667
CCL8,CCL11,1.4142135623730951,0.47140452079103173,0.5285954792089682
CCL8,CCL18,2.23606797749979,0.7453559924999299,0.2546440075000701
CCL8,CCL24,2.23606797749979,0.7453559924999299,0.2546440075000701
CCL8,CCL28,2.449489742783178,0.8164965809277259,0.18350341907227408
CCL8,CXCL9,2.23606797749979,0.7453559924999299,0.2546440075000701
CCL8,CXCL10,2.23606797749979,0.7453559924999299,0.2546440075000701
CCL8,CXCL11,2.23606797749979,0.7453559924999299,0.2546440075000701
CCL8,CCL17,2.23606797749979,0.7453559924999299,0.2546440075000701
CCL8,CCL22,2.449489742783178,0.8164965809277259,0.18350341907227408
CCL8,CCL20,2.6457513110645907,0.8819171036881969,0.11808289631180313
CCL8,CCL19,3,1,0
CCL8,CCL21,2.8284271247461903,0.9428090415820635,0.05719095841793653
CCL8,CCL1,2.449489742783178,0.8164965809277259,0.18350341907227408
CCL8,CCL25,2.8284271247461903,0.9428090415820635,0.05719095841793653
CCL8,CCL27,2.6457513110645907,0.8819171036881969,0.11808289631180313
CCL8,CXCL1,2.6457513110645907,0.8819171036881969,0.11808289631180313
CCL8,CXCL3,2.8284271247461903,0.9428090415820635,0.05719095841793653
CCL8,CXCL6,2.6457513110645907,0.8819171036881969,0.11808289631180313
CCL8,CXCL8,2.6457513110645907,0.8819171036881969,0.11808289631180313
CCL8,CXCL2,2.6457513110645907,0.8819171036881969,0.11808289631180313
CCL8,CXCL5,2.449489742783178,0.8164965809277259,0.18350341907227408
CCL8,CXCL7,2.6457513110645907,0.8819171036881969,0.11808289631180313
CCL8,CXCL13,2.6457513110645907,0.8819171036881969,0.11808289631180313
CCL8,CXCL12,2.8284271247461903,0.9428090415820635,0.05719095841793653
CCL8,CXCL16,2.6457513110645907,0.8819171036881969,0.11808289631180313
CCL8,CX3CL1,2.6457513110645907,0.8819171036881969,0.11808289631180313
CCL8,XCL1,2.6457513110645907,0.8819171036881969,0.11808289631180313
CCL8,XCL2,2.6457513110645907,0.8819171036881969,0.11808289631180313
CCL14,CCL3,1.4142135623730951,0.47140452079103173,0.5285954792089682
CCL14,CCL4,1.4142135623730951,0.47140452079103173,0.5285954792089682
CCL14,CCL5,0,0,1
CCL14,CCL7,1,0.3333333333333333,0.6666666666666667
CCL14,CCL8,1,0.3333333333333333,0.6666666666666667
CCL14,CCL14,0,0,1
CCL14,CCL15,1.7320508075688772,0.5773502691896257,0.42264973081037427
CCL14,CCL16,2,0.6666666666666666,0.33333333333333337
CCL14,CCL23,2,0.6666666666666666,0.33333333333333337
CCL14,CCL26,2,0.6666666666666666,0.33333333333333337
CCL14,CXCL4,2.23606797749979,0.7453559924999299,0.2546440075000701
CCL14,CCL3L1,1.4142135623730951,0.47140452079103173,0.5285954792089682
CCL14,CCL2,1.7320508075688772,0.5773502691896257,0.42264973081037427
CCL14,CCL13,1.4142135623730951,0.47140452079103173,0.5285954792089682
CCL14,CCL11,1,0.3333333333333333,0.6666666666666667
CCL14,CCL18,2,0.6666666666666666,0.33333333333333337
CCL14,CCL24,2,0.6666666666666666,0.33333333333333337
CCL14,CCL28,2.23606797749979,0.7453559924999299,0.2546440075000701
CCL14,CXCL9,2,0.6666666666666666,0.33333333333333337
CCL14,CXCL10,2,0.6666666666666666,0.33333333333333337
CCL14,CXCL11,2,0.6666666666666666,0.33333333333333337
CCL14,CCL17,2,0.6666666666666666,0.33333333333333337
CCL14,CCL22,2.23606797749979,0.7453559924999299,0.2546440075000701
CCL14,CCL20,2.449489742783178,0.8164965809277259,0.18350341907227408
CCL14,CCL19,2.8284271247461903,0.9428090415820635,0.05719095841793653
CCL14,CCL21,2.6457513110645907,0.8819171036881969,0.11808289631180313
CCL14,CCL1,2.23606797749979,0.7453559924999299,0.2546440075000701
CCL14,CCL25,2.6457513110645907,0.8819171036881969,0.11808289631180313
CCL14,CCL27,2.449489742783178,0.8164965809277259,0.18350341907227408
CCL14,CXCL1,2.449489742783178,0.8164965809277259,0.18350341907227408
CCL14,CXCL3,2.6457513110645907,0.8819171036881969,0.11808289631180313
CCL14,CXCL6,2.449489742783178,0.8164965809277259,0.18350341907227408
CCL14,CXCL8,2.449489742783178,0.8164965809277259,0.18350341907227408
CCL14,CXCL2,2.449489742783178,0.8164965809277259,0.18350341907227408
CCL14,CXCL5,2.23606797749979,0.7453559924999299,0.2546440075000701
CCL14,CXCL7,2.449489742783178,0.8164965809277259,0.18350341907227408
CCL14,CXCL13,2.449489742783178,0.8164965809277259,0.18350341907227408
CCL14,CXCL12,2.6457513110645907,0.8819171036881969,0.11808289631180313
CCL14,CXCL16,2.449489742783178,0.8164965809277259,0.18350341907227408
CCL14,CX3CL1,2.449489742783178,0.8164965809277259,0.18350341907227408
CCL14,XCL1,2.449489742783178,0.8164965809277259,0.18350341907227408
CCL14,XCL2,2.449489742783178,0.8164965809277259,0.18350341907227408
CCL15,CCL3,1.7320508075688772,0.5773502691896257,0.42264973081037427
CCL15,CCL4,1.7320508075688772,0.5773502691896257,0.42264973081037427
CCL15,CCL5,1.7320508075688772,0.5773502691896257,0.42264973081037427
CCL15,CCL7,2,0.6666666666666666,0.33333333333333337
CCL15,CCL8,2,0.6666666666666666,0.33333333333333337
CCL15,CCL14,1.7320508075688772,0.5773502691896257,0.42264973081037427
CCL15,CCL15,0,0,1
CCL15,CCL16,1.7320508075688772,0.5773502691896257,0.42264973081037427
CCL15,CCL23,1,0.3333333333333333,0.6666666666666667
CCL15,CCL26,1.7320508075688772,0.5773502691896257,0.42264973081037427
CCL15,CXCL4,1.4142135623730951,0.47140452079103173,0.5285954792089682
CCL15,CCL3L1,1,0.3333333333333333,0.6666666666666667
CCL15,CCL2,2,0.6666666666666666,0.33333333333333337
CCL15,CCL13,2.23606797749979,0.7453559924999299,0.2546440075000701
CCL15,CCL11,2,0.6666666666666666,0.33333333333333337
CCL15,CCL18,1.7320508075688772,0.5773502691896257,0.42264973081037427
CCL15,CCL24,1,0.3333333333333333,0.6666666666666667
CCL15,CCL28,1.4142135623730951,0.47140452079103173,0.5285954792089682
CCL15,CXCL9,1.7320508075688772,0.5773502691896257,0.42264973081037427
CCL15,CXCL10,1.7320508075688772,0.5773502691896257,0.42264973081037427
CCL15,CXCL11,2.23606797749979,0.7453559924999299,0.2546440075000701
CCL15,CCL17,2.23606797749979,0.7453559924999299,0.2546440075000701
CCL15,CCL22,2,0.6666666666666666,0.33333333333333337
CCL15,CCL20,1.7320508075688772,0.5773502691896257,0.42264973081037427
CCL15,CCL19,2.23606797749979,0.7453559924999299,0.2546440075000701
CCL15,CCL21,2,0.6666666666666666,0.33333333333333337
CCL15,CCL1,2,0.6666666666666666,0.33333333333333337
CCL15,CCL25,2,0.6666666666666666,0.33333333333333337
CCL15,CCL27,1.7320508075688772,0.5773502691896257,0.42264973081037427
CCL15,CXCL1,2.23606797749979,0.7453559924999299,0.2546440075000701
CCL15,CXCL3,2,0.6666666666666666,0.33333333333333337
CCL15,CXCL6,1.7320508075688772,0.5773502691896257,0.42264973081037427
CCL15,CXCL8,2.23606797749979,0.7453559924999299,0.2546440075000701
CCL15,CXCL2,1.7320508075688772,0.5773502691896257,0.42264973081037427
CCL15,CXCL5,2,0.6666666666666666,0.33333333333333337
CCL15,CXCL7,1.7320508075688772,0.5773502691896257,0.42264973081037427
CCL15,CXCL13,2.23606797749979,0.7453559924999299,0.2546440075000701
CCL15,CXCL12,2,0.6666666666666666,0.33333333333333337
CCL15,CXCL16,1.7320508075688772,0.5773502691896257,0.42264973081037427
CCL15,CX3CL1,1.7320508075688772,0.5773502691896257,0.42264973081037427
CCL15,XCL1,1.7320508075688772,0.5773502691896257,0.42264973081037427
CCL15,XCL2,1.7320508075688772,0.5773502691896257,0.42264973081037427
CCL16,CCL3,2,0.6666666666666666,0.33333333333333337
CCL16,CCL4,2,0.6666666666666666,0.33333333333333337
CCL16,CCL5,2,0.6666666666666666,0.33333333333333337
CCL16,CCL7,1.7320508075688772,0.5773502691896257,0.42264973081037427
CCL16,CCL8,1.7320508075688772,0.5773502691896257,0.42264973081037427
CCL16,CCL14,2,0.6666666666666666,0.33333333333333337
CCL16,CCL15,1.7320508075688772,0.5773502691896257,0.42264973081037427
CCL16,CCL16,0,0,1
CCL16,CCL23,1.4142135623730951,0.47140452079103173,0.5285954792089682
CCL16,CCL26,2,0.6666666666666666,0.33333333333333337
CCL16,CXCL4,1.7320508075688772,0.5773502691896257,0.42264973081037427
CCL16,CCL3L1,2,0.6666666666666666,0.33333333333333337
CCL16,CCL2,1.7320508075688772,0.5773502691896257,0.42264973081037427
CCL16,CCL13,2,0.6666666666666666,0.33333333333333337
CCL16,CCL11,2.23606797749979,0.7453559924999299,0.2546440075000701
CCL16,CCL18,2,0.6666666666666666,0.33333333333333337
CCL16,CCL24,2,0.6666666666666666,0.33333333333333337
CCL16,CCL28,2.23606797749979,0.7453559924999299,0.2546440075000701
CCL16,CXCL9,2,0.6666666666666666,0.33333333333333337
CCL16,CXCL10,2,0.6666666666666666,0.33333333333333337
CCL16,CXCL11,2.449489742783178,0.8164965809277259,0.18350341907227408
CCL16,CCL17,2,0.6666666666666666,0.33333333333333337
CCL16,CCL22,2.23606797749979,0.7453559924999299,0.2546440075000701
CCL16,CCL20,2,0.6666666666666666,0.33333333333333337
CCL16,CCL19,2.449489742783178,0.8164965809277259,0.18350341907227408
CCL16,CCL21,2.23606797749979,0.7453559924999299,0.2546440075000701
CCL16,CCL1,1.7320508075688772,0.5773502691896257,0.42264973081037427
CCL16,CCL25,2.23606797749979,0.7453559924999299,0.2546440075000701
CCL16,CCL27,2,0.6666666666666666,0.33333333333333337
CCL16,CXCL1,2,0.6666666666666666,0.33333333333333337
CCL16,CXCL3,2.23606797749979,0.7453559924999299,0.2546440075000701
CCL16,CXCL6,2,0.6666666666666666,0.33333333333333337
CCL16,CXCL8,2,0.6666666666666666,0.33333333333333337
CCL16,CXCL2,2,0.6666666666666666,0.33333333333333337
CCL16,CXCL5,1.7320508075688772,0.5773502691896257,0.42264973081037427
CCL16,CXCL7,2,0.6666666666666666,0.33333333333333337
CCL16,CXCL13,2,0.6666666666666666,0.33333333333333337
CCL16,CXCL12,2.23606797749979,0.7453559924999299,0.2546440075000701
CCL16,CXCL16,2,0.6666666666666666,0.33333333333333337
CCL16,CX3CL1,2,0.6666666666666666,0.33333333333333337
CCL16,XCL1,2,0.6666666666666666,0.33333333333333337
CCL16,XCL2,2,0.6666666666666666,0.33333333333333337
CCL23,CCL3,1.4142135623730951,0.47140452079103173,0.5285954792089682
CCL23,CCL4,1.4142135623730951,0.47140452079103173,0.5285954792089682
CCL23,CCL5,2,0.6666666666666666,0.33333333333333337
CCL23,CCL7,2.23606797749979,0.7453559924999299,0.2546440075000701
CCL23,CCL8,2.23606797749979,0.7453559924999299,0.2546440075000701
CCL23,CCL14,2,0.6666666666666666,0.33333333333333337
CCL23,CCL15,1,0.3333333333333333,0.6666666666666667
CCL23,CCL16,1.4142135623730951,0.47140452079103173,0.5285954792089682
CCL23,CCL23,0,0,1
CCL23,CCL26,2,0.6666666666666666,0.33333333333333337
CCL23,CXCL4,1,0.3333333333333333,0.6666666666666667
CCL23,CCL3L1,1.4142135623730951,0.47140452079103173,0.5285954792089682
CCL23,CCL2,2.23606797749979,0.7453559924999299,0.2546440075000701
CCL23,CCL13,2.449489742783178,0.8164965809277259,0.18350341907227408
CCL23,CCL11,2.23606797749979,0.7453559924999299,0.2546440075000701
CCL23,CCL18,2,0.6666666666666666,0.33333333333333337
CCL23,CCL24,1.4142135623730951,0.47140452079103173,0.5285954792089682
CCL23,CCL28,1.7320508075688772,0.5773502691896257,0.42264973081037427
CCL23,CXCL9,2,0.6666666666666666,0.33333333333333337
CCL23,CXCL10,2,0.6666666666666666,0.33333333333333337
CCL23,CXCL11,2.449489742783178,0.8164965809277259,0.18350341907227408
CCL23,CCL17,2,0.6666666666666666,0.33333333333333337
CCL23,CCL22,1.7320508075688772,0.5773502691896257,0.42264973081037427
CCL23,CCL20,1.4142135623730951,0.47140452079103173,0.5285954792089682
CCL23,CCL19,2,0.6666666666666666,0.33333333333333337
CCL23,CCL21,1.7320508075688772,0.5773502691896257,0.42264973081037427
CCL23,CCL1,1.7320508075688772,0.5773502691896257,0.42264973081037427
CCL23,CCL25,1.7320508075688772,0.5773502691896257,0.42264973081037427
CCL23,CCL27,1.4142135623730951,0.47140452079103173,0.5285954792089682
CCL23,CXCL1,2,0.6666666666666666,0.33333333333333337
CCL23,CXCL3,1.7320508075688772,0.5773502691896257,0.42264973081037427
CCL23,CXCL6,1.4142135623730951,0.47140452079103173,0.5285954792089682
CCL23,CXCL8,2,0.6666666666666666,0.33333333333333337
CCL23,CXCL2,1.4142135623730951,0.47140452079103173,0.5285954792089682
CCL23,CXCL5,1.7320508075688772,0.5773502691896257,0.42264973081037427
CCL23,CXCL7,1.4142135623730951,0.47140452079103173,0.5285954792089682
CCL23,CXCL13,2,0.6666666666666666,0.33333333333333337
CCL23,CXCL12,1.7320508075688772,0.5773502691896257,0.42264973081037427
CCL23,CXCL16,1.4142135623730951,0.47140452079103173,0.5285954792089682
CCL23,CX3CL1,1.4142135623730951,0.47140452079103173,0.5285954792089682
CCL23,XCL1,1.4142135623730951,0.47140452079103173,0.5285954792089682
CCL23,XCL2,1.4142135623730951,0.47140452079103173,0.5285954792089682
CCL26,CCL3,2,0.6666666666666666,0.33333333333333337
CCL26,CCL4,2,0.6666666666666666,0.33333333333333337
CCL26,CCL5,2,0.6666666666666666,0.33333333333333337
CCL26,CCL7,1.7320508075688772,0.5773502691896257,0.42264973081037427
CCL26,CCL8,1.7320508075688772,0.5773502691896257,0.42264973081037427
CCL26,CCL14,2,0.6666666666666666,0.33333333333333337
CCL26,CCL15,1.7320508075688772,0.5773502691896257,0.42264973081037427
CCL26,CCL16,2,0.6666666666666666,0.33333333333333337
CCL26,CCL23,2,0.6666666666666666,0.33333333333333337
CCL26,CCL26,0,0,1
CCL26,CXCL4,2.23606797749979,0.7453559924999299,0.2546440075000701
CCL26,CCL3L1,1.4142135623730951,0.47140452079103173,0.5285954792089682
CCL26,CCL2,2.23606797749979,0.7453559924999299,0.2546440075000701
CCL26,CCL13,2,0.6666666666666666,0.33333333333333337
CCL26,CCL11,2.23606797749979,0.7453559924999299,0.2546440075000701
CCL26,CCL18,2.449489742783178,0.8164965809277259,0.18350341907227408
CCL26,CCL24,2,0.6666666666666666,0.33333333333333337
CCL26,CCL28,2.23606797749979,0.7453559924999299,0.2546440075000701
CCL26,CXCL9,2.449489742783178,0.8164965809277259,0.18350341907227408
CCL26,CXCL10,2.449489742783178,0.8164965809277259,0.18350341907227408
CCL26,CXCL11,2.449489742783178,0.8164965809277259,0.18350341907227408
CCL26,CCL17,2.8284271247461903,0.9428090415820635,0.05719095841793653
CCL26,CCL22,2.6457513110645907,0.8819171036881969,0.11808289631180313
CCL26,CCL20,2.449489742783178,0.8164965809277259,0.18350341907227408
CCL26,CCL19,2.8284271247461903,0.9428090415820635,0.05719095841793653
CCL26,CCL21,2.6457513110645907,0.8819171036881969,0.11808289631180313
CCL26,CCL1,2.6457513110645907,0.8819171036881969,0.11808289631180313
CCL26,CCL25,2.6457513110645907,0.8819171036881969,0.11808289631180313
CCL26,CCL27,2.449489742783178,0.8164965809277259,0.18350341907227408
CCL26,CXCL1,2.8284271247461903,0.9428090415820635,0.05719095841793653
CCL26,CXCL3,2.6457513110645907,0.8819171036881969,0.11808289631180313
CCL26,CXCL6,2.449489742783178,0.8164965809277259,0.18350341907227408
CCL26,CXCL8,2.8284271247461903,0.9428090415820635,0.05719095841793653
CCL26,CXCL2,2.449489742783178,0.8164965809277259,0.18350341907227408
CCL26,CXCL5,2.6457513110645907,0.8819171036881969,0.11808289631180313
CCL26,CXCL7,2.449489742783178,0.8164965809277259,0.18350341907227408
CCL26,CXCL13,2.8284271247461903,0.9428090415820635,0.05719095841793653
CCL26,CXCL12,2.6457513110645907,0.8819171036881969,0.11808289631180313
CCL26,CXCL16,2.449489742783178,0.8164965809277259,0.18350341907227408
CCL26,CX3CL1,2,0.6666666666666666,0.33333333333333337
CCL26,XCL1,2.449489742783178,0.8164965809277259,0.18350341907227408
CCL26,XCL2,2.449489742783178,0.8164965809277259,0.18350341907227408
CXCL4,CCL3,1.7320508075688772,0.5773502691896257,0.42264973081037427
CXCL4,CCL4,1.7320508075688772,0.5773502691896257,0.42264973081037427
CXCL4,CCL5,2.23606797749979,0.7453559924999299,0.2546440075000701
CXCL4,CCL7,2.449489742783178,0.8164965809277259,0.18350341907227408
CXCL4,CCL8,2.449489742783178,0.8164965809277259,0.18350341907227408
CXCL4,CCL14,2.23606797749979,0.7453559924999299,0.2546440075000701
CXCL4,CCL15,1.4142135623730951,0.47140452079103173,0.5285954792089682
CXCL4,CCL16,1.7320508075688772,0.5773502691896257,0.42264973081037427
CXCL4,CCL23,1,0.3333333333333333,0.6666666666666667
CXCL4,CCL26,2.23606797749979,0.7453559924999299,0.2546440075000701
CXCL4,CXCL4,0,0,1
CXCL4,CCL3L1,1.7320508075688772,0.5773502691896257,0.42264973081037427
CXCL4,CCL2,2.449489742783178,0.8164965809277259,0.18350341907227408
CXCL4,CCL13,2.6457513110645907,0.8819171036881969,0.11808289631180313
CXCL4,CCL11,2.449489742783178,0.8164965809277259,0.18350341907227408
CXCL4,CCL18,2.23606797749979,0.7453559924999299,0.2546440075000701
CXCL4,CCL24,1.7320508075688772,0.5773502691896257,0.42264973081037427
CXCL4,CCL28,2,0.6666666666666666,0.33333333333333337
CXCL4,CXCL9,1.7320508075688772,0.5773502691896257,0.42264973081037427
CXCL4,CXCL10,1.7320508075688772,0.5773502691896257,0.42264973081037427
CXCL4,CXCL11,2.23606797749979,0.7453559924999299,0.2546440075000701
CXCL4,CCL17,2.23606797749979,0.7453559924999299,0.2546440075000701
CXCL4,CCL22,2,0.6666666666666666,0.33333333333333337
CXCL4,CCL20,1.7320508075688772,0.5773502691896257,0.42264973081037427
CXCL4,CCL19,2.23606797749979,0.7453559924999299,0.2546440075000701
CXCL4,CCL21,2,0.6666666666666666,0.33333333333333337
CXCL4,CCL1,2,0.6666666666666666,0.33333333333333337
CXCL4,CCL25,2,0.6666666666666666,0.33333333333333337
CXCL4,CCL27,1.7320508075688772,0.5773502691896257,0.42264973081037427
CXCL4,CXCL1,2.23606797749979,0.7453559924999299,0.2546440075000701
CXCL4,CXCL3,2,0.6666666666666666,0.33333333333333337
CXCL4,CXCL6,1.7320508075688772,0.5773502691896257,0.42264973081037427
CXCL4,CXCL8,2.23606797749979,0.7453559924999299,0.2546440075000701
CXCL4,CXCL2,1.7320508075688772,0.5773502691896257,0.42264973081037427
CXCL4,CXCL5,2,0.6666666666666666,0.33333333333333337
CXCL4,CXCL7,1.7320508075688772,0.5773502691896257,0.42264973081037427
CXCL4,CXCL13,1.7320508075688772,0.5773502691896257,0.42264973081037427
CXCL4,CXCL12,2,0.6666666666666666,0.33333333333333337
CXCL4,CXCL16,1.7320508075688772,0.5773502691896257,0.42264973081037427
CXCL4,CX3CL1,1.7320508075688772,0.5773502691896257,0.42264973081037427
CXCL4,XCL1,1.7320508075688772,0.5773502691896257,0.42264973081037427
CXCL4,XCL2,1.7320508075688772,0.5773502691896257,0.42264973081037427
CCL3L1,CCL3,1.4142135623730951,0.47140452079103173,0.5285954792089682
CCL3L1,CCL4,1.4142135623730951,0.47140452079103173,0.5285954792089682
CCL3L1,CCL5,1.4142135623730951,0.47140452079103173,0.5285954792089682
CCL3L1,CCL7,1.7320508075688772,0.5773502691896257,0.42264973081037427
CCL3L1,CCL8,1.7320508075688772,0.5773502691896257,0.42264973081037427
CCL3L1,CCL14,1.4142135623730951,0.47140452079103173,0.5285954792089682
CCL3L1,CCL15,1,0.3333333333333333,0.6666666666666667
CCL3L1,CCL16,2,0.6666666666666666,0.33333333333333337
CCL3L1,CCL23,1.4142135623730951,0.47140452079103173,0.5285954792089682
CCL3L1,CCL26,1.4142135623730951,0.47140452079103173,0.5285954792089682
CCL3L1,CXCL4,1.7320508075688772,0.5773502691896257,0.42264973081037427
CCL3L1,CCL3L1,0,0,1
CCL3L1,CCL2,2.23606797749979,0.7453559924999299,0.2546440075000701
CCL3L1,CCL13,2,0.6666666666666666,0.33333333333333337
CCL3L1,CCL11,1.7320508075688772,0.5773502691896257,0.42264973081037427
CCL3L1,CCL18,2,0.6666666666666666,0.33333333333333337
CCL3L1,CCL24,1.4142135623730951,0.47140452079103173,0.5285954792089682
CCL3L1,CCL28,1.7320508075688772,0.5773502691896257,0.42264973081037427
CCL3L1,CXCL9,2,0.6666666666666666,0.33333333333333337
CCL3L1,CXCL10,2,0.6666666666666666,0.33333333333333337
CCL3L1,CXCL11,2,0.6666666666666666,0.33333333333333337
CCL3L1,CCL17,2.449489742783178,0.8164965809277259,0.18350341907227408
CCL3L1,CCL22,2.23606797749979,0.7453559924999299,0.2546440075000701
CCL3L1,CCL20,2,0.6666666666666666,0.33333333333333337
CCL3L1,CCL19,2.449489742783178,0.8164965809277259,0.18350341907227408
CCL3L1,CCL21,2.23606797749979,0.7453559924999299,0.2546440075000701
CCL3L1,CCL1,2.23606797749979,0.7453559924999299,0.2546440075000701
CCL3L1,CCL25,2.23606797749979,0.7453559924999299,0.2546440075000701
CCL3L1,CCL27,2,0.6666666666666666,0.33333333333333337
CCL3L1,CXCL1,2.449489742783178,0.8164965809277259,0.18350341907227408
CCL3L1,CXCL3,2.23606797749979,0.7453559924999299,0.2546440075000701
CCL3L1,CXCL6,2,0.6666666666666666,0.33333333333333337
CCL3L1,CXCL8,2.449489742783178,0.8164965809277259,0.18350341907227408
CCL3L1,CXCL2,2,0.6666666666666666,0.33333333333333337
CCL3L1,CXCL5,2.23606797749979,0.7453559924999299,0.2546440075000701
CCL3L1,CXCL7,2,0.6666666666666666,0.33333333333333337
CCL3L1,CXCL13,2.449489742783178,0.8164965809277259,0.18350341907227408
CCL3L1,CXCL12,2.23606797749979,0.7453559924999299,0.2546440075000701
CCL3L1,CXCL16,2,0.6666666666666666,0.33333333333333337
CCL3L1,CX3CL1,2,0.6666666666666666,0.33333333333333337
CCL3L1,XCL1,2,0.6666666666666666,0.33333333333333337
CCL3L1,XCL2,2,0.6666666666666666,0.33333333333333337
CCL2,CCL3,2.23606797749979,0.7453559924999299,0.2546440075000701
CCL2,CCL4,2.23606797749979,0.7453559924999299,0.2546440075000701
CCL2,CCL5,1.7320508075688772,0.5773502691896257,0.42264973081037427
CCL2,CCL7,1.4142135623730951,0.47140452079103173,0.5285954792089682
CCL2,CCL8,1.4142135623730951,0.47140452079103173,0.5285954792089682
CCL2,CCL14,1.7320508075688772,0.5773502691896257,0.42264973081037427
CCL2,CCL15,2,0.6666666666666666,0.33333333333333337
CCL2,CCL16,1.7320508075688772,0.5773502691896257,0.42264973081037427
CCL2,CCL23,2.23606797749979,0.7453559924999299,0.2546440075000701
CCL2,CCL26,2.23606797749979,0.7453559924999299,0.2546440075000701
CCL2,CXCL4,2.449489742783178,0.8164965809277259,0.18350341907227408
CCL2,CCL3L1,2.23606797749979,0.7453559924999299,0.2546440075000701
CCL2,CCL2,0,0,1
CCL2,CCL13,1,0.3333333333333333,0.6666666666666667
CCL2,CCL11,1.4142135623730951,0.47140452079103173,0.5285954792089682
CCL2,CCL18,1.7320508075688772,0.5773502691896257,0.42264973081037427
CCL2,CCL24,1.7320508075688772,0.5773502691896257,0.42264973081037427
CCL2,CCL28,2,0.6666666666666666,0.33333333333333337
CCL2,CXCL9,1.7320508075688772,0.5773502691896257,0.42264973081037427
CCL2,CXCL10,1.7320508075688772,0.5773502691896257,0.42264973081037427
CCL2,CXCL11,2.23606797749979,0.7453559924999299,0.2546440075000701
CCL2,CCL17,1.7320508075688772,0.5773502691896257,0.42264973081037427
CCL2,CCL22,2,0.6666666666666666,0.33333333333333337
CCL2,CCL20,2.23606797749979,0.7453559924999299,0.2546440075000701
CCL2,CCL19,2.6457513110645907,0.8819171036881969,0.11808289631180313
CCL2,CCL21,2.449489742783178,0.8164965809277259,0.18350341907227408
CCL2,CCL1,2,0.6666666666666666,0.33333333333333337
CCL2,CCL25,2.449489742783178,0.8164965809277259,0.18350341907227408
CCL2,CCL27,2.23606797749979,0.7453559924999299,0.2546440075000701
CCL2,CXCL1,2.23606797749979,0.7453559924999299,0.2546440075000701
CCL2,CXCL3,2.449489742783178,0.8164965809277259,0.18350341907227408
CCL2,CXCL6,2.23606797749979,0.7453559924999299,0.2546440075000701
CCL2,CXCL8,2.23606797749979,0.7453559924999299,0.2546440075000701
CCL2,CXCL2,2.23606797749979,0.7453559924999299,0.2546440075000701
CCL2,CXCL5,2,0.6666666666666666,0.33333333333333337
CCL2,CXCL7,2.23606797749979,0.7453559924999299,0.2546440075000701
CCL2,CXCL13,2.23606797749979,0.7453559924999299,0.2546440075000701
CCL2,CXCL12,2.449489742783178,0.8164965809277259,0.18350341907227408
CCL2,CXCL16,2.23606797749979,0.7453559924999299,0.2546440075000701
CCL2,CX3CL1,2.23606797749979,0.7453559924999299,0.2546440075000701
CCL2,XCL1,2.23606797749979,0.7453559924999299,0.2546440075000701
CCL2,XCL2,2.23606797749979,0.7453559924999299,0.2546440075000701
CCL13,CCL3,2,0.6666666666666666,0.33333333333333337
CCL13,CCL4,2,0.6666666666666666,0.33333333333333337
CCL13,CCL5,1.4142135623730951,0.47140452079103173,0.5285954792089682
CCL13,CCL7,1,0.3333333333333333,0.6666666666666667
CCL13,CCL8,1,0.3333333333333333,0.6666666666666667
CCL13,CCL14,1.4142135623730951,0.47140452079103173,0.5285954792089682
CCL13,CCL15,2.23606797749979,0.7453559924999299,0.2546440075000701
CCL13,CCL16,2,0.6666666666666666,0.33333333333333337
CCL13,CCL23,2.449489742783178,0.8164965809277259,0.18350341907227408
CCL13,CCL26,2,0.6666666666666666,0.33333333333333337
CCL13,CXCL4,2.6457513110645907,0.8819171036881969,0.11808289631180313
CCL13,CCL3L1,2,0.6666666666666666,0.33333333333333337
CCL13,CCL2,1,0.3333333333333333,0.6666666666666667
CCL13,CCL13,0,0,1
CCL13,CCL11,1,0.3333333333333333,0.6666666666666667
CCL13,CCL18,2,0.6666666666666666,0.33333333333333337
CCL13,CCL24,2,0.6666666666666666,0.33333333333333337
CCL13,CCL28,2.23606797749979,0.7453559924999299,0.2546440075000701
CCL13,CXCL9,2,0.6666666666666666,0.33333333333333337
CCL13,CXCL10,2,0.6666666666666666,0.33333333333333337
CCL13,CXCL11,2,0.6666666666666666,0.33333333333333337
CCL13,CCL17,2,0.6666666666666666,0.33333333333333337
CCL13,CCL22,2.23606797749979,0.7453559924999299,0.2546440075000701
CCL13,CCL20,2.449489742783178,0.8164965809277259,0.18350341907227408
CCL13,CCL19,2.8284271247461903,0.9428090415820635,0.05719095841793653
CCL13,CCL21,2.6457513110645907,0.8819171036881969,0.11808289631180313
CCL13,CCL1,2.23606797749979,0.7453559924999299,0.2546440075000701
CCL13,CCL25,2.6457513110645907,0.8819171036881969,0.11808289631180313
CCL13,CCL27,2.449489742783178,0.8164965809277259,0.18350341907227408
CCL13,CXCL1,2.449489742783178,0.8164965809277259,0.18350341907227408
CCL13,CXCL3,2.6457513110645907,0.8819171036881969,0.11808289631180313
CCL13,CXCL6,2.449489742783178,0.8164965809277259,0.18350341907227408
CCL13,CXCL8,2.449489742783178,0.8164965809277259,0.18350341907227408
CCL13,CXCL2,2.449489742783178,0.8164965809277259,0.18350341907227408
CCL13,CXCL5,2.23606797749979,0.7453559924999299,0.2546440075000701
CCL13,CXCL7,2.449489742783178,0.8164965809277259,0.18350341907227408
CCL13,CXCL13,2.449489742783178,0.8164965809277259,0.18350341907227408
CCL13,CXCL12,2.6457513110645907,0.8819171036881969,0.11808289631180313
CCL13,CXCL16,2.449489742783178,0.8164965809277259,0.18350341907227408
CCL13,CX3CL1,2.449489742783178,0.8164965809277259,0.18350341907227408
CCL13,XCL1,2.449489742783178,0.8164965809277259,0.18350341907227408
CCL13,XCL2,2.449489742783178,0.8164965809277259,0.18350341907227408
CCL11,CCL3,1.7320508075688772,0.5773502691896257,0.42264973081037427
CCL11,CCL4,1.7320508075688772,0.5773502691896257,0.42264973081037427
CCL11,CCL5,1,0.3333333333333333,0.6666666666666667
CCL11,CCL7,1.4142135623730951,0.47140452079103173,0.5285954792089682
CCL11,CCL8,1.4142135623730951,0.47140452079103173,0.5285954792089682
CCL11,CCL14,1,0.3333333333333333,0.6666666666666667
CCL11,CCL15,2,0.6666666666666666,0.33333333333333337
CCL11,CCL16,2.23606797749979,0.7453559924999299,0.2546440075000701
CCL11,CCL23,2.23606797749979,0.7453559924999299,0.2546440075000701
CCL11,CCL26,2.23606797749979,0.7453559924999299,0.2546440075000701
CCL11,CXCL4,2.449489742783178,0.8164965809277259,0.18350341907227408
CCL11,CCL3L1,1.7320508075688772,0.5773502691896257,0.42264973081037427
CCL11,CCL2,1.4142135623730951,0.47140452079103173,0.5285954792089682
CCL11,CCL13,1,0.3333333333333333,0.6666666666666667
CCL11,CCL11,0,0,1
CCL11,CCL18,1.7320508075688772,0.5773502691896257,0.42264973081037427
CCL11,CCL24,1.7320508075688772,0.5773502691896257,0.42264973081037427
CCL11,CCL28,2,0.6666666666666666,0.33333333333333337
CCL11,CXCL9,1.7320508075688772,0.5773502691896257,0.42264973081037427
CCL11,CXCL10,1.7320508075688772,0.5773502691896257,0.42264973081037427
CCL11,CXCL11,1.7320508075688772,0.5773502691896257,0.42264973081037427
CCL11,CCL17,1.7320508075688772,0.5773502691896257,0.42264973081037427
CCL11,CCL22,2,0.6666666666666666,0.33333333333333337
CCL11,CCL20,2.23606797749979,0.7453559924999299,0.2546440075000701
CCL11,CCL19,2.6457513110645907,0.8819171036881969,0.11808289631180313
CCL11,CCL21,2.449489742783178,0.8164965809277259,0.18350341907227408
CCL11,CCL1,2,0.6666666666666666,0.33333333333333337
CCL11,CCL25,2.449489742783178,0.8164965809277259,0.18350341907227408
CCL11,CCL27,2.23606797749979,0.7453559924999299,0.2546440075000701
CCL11,CXCL1,2.23606797749979,0.7453559924999299,0.2546440075000701
CCL11,CXCL3,2.449489742783178,0.8164965809277259,0.18350341907227408
CCL11,CXCL6,2.23606797749979,0.7453559924999299,0.2546440075000701
CCL11,CXCL8,2.23606797749979,0.7453559924999299,0.2546440075000701
CCL11,CXCL2,2.23606797749979,0.7453559924999299,0.2546440075000701
CCL11,CXCL5,2,0.6666666666666666,0.33333333333333337
CCL11,CXCL7,2.23606797749979,0.7453559924999299,0.2546440075000701
CCL11,CXCL13,2.23606797749979,0.7453559924999299,0.2546440075000701
CCL11,CXCL12,2.449489742783178,0.8164965809277259,0.18350341907227408
CCL11,CXCL16,2.23606797749979,0.7453559924999299,0.2546440075000701
CCL11,CX3CL1,2.23606797749979,0.7453559924999299,0.2546440075000701
CCL11,XCL1,2.23606797749979,0.7453559924999299,0.2546440075000701
CCL11,XCL2,2.23606797749979,0.7453559924999299,0.2546440075000701
CCL18,CCL3,2.449489742783178,0.8164965809277259,0.18350341907227408
CCL18,CCL4,2.449489742783178,0.8164965809277259,0.18350341907227408
CCL18,CCL5,2,0.6666666666666666,0.33333333333333337
CCL18,CCL7,2.23606797749979,0.7453559924999299,0.2546440075000701
CCL18,CCL8,2.23606797749979,0.7453559924999299,0.2546440075000701
CCL18,CCL14,2,0.6666666666666666,0.33333333333333337
CCL18,CCL15,1.7320508075688772,0.5773502691896257,0.42264973081037427
CCL18,CCL16,2,0.6666666666666666,0.33333333333333337
CCL18,CCL23,2,0.6666666666666666,0.33333333333333337
CCL18,CCL26,2.449489742783178,0.8164965809277259,0.18350341907227408
CCL18,CXCL4,2.23606797749979,0.7453559924999299,0.2546440075000701
CCL18,CCL3L1,2,0.6666666666666666,0.33333333333333337
CCL18,CCL2,1.7320508075688772,0.5773502691896257,0.42264973081037427
CCL18,CCL13,2,0.6666666666666666,0.33333333333333337
CCL18,CCL11,1.7320508075688772,0.5773502691896257,0.42264973081037427
CCL18,CCL18,0,0,1
CCL18,CCL24,1.4142135623730951,0.47140452079103173,0.5285954792089682
CCL18,CCL28,1.7320508075688772,0.5773502691896257,0.42264973081037427
CCL18,CXCL9,1.4142135623730951,0.47140452079103173,0.5285954792089682
CCL18,CXCL10,1.4142135623730951,0.47140452079103173,0.5285954792089682
CCL18,CXCL11,2,0.6666666666666666,0.33333333333333337
CCL18,CCL17,2,0.6666666666666666,0.33333333333333337
CCL18,CCL22,2.23606797749979,0.7453559924999299,0.2546440075000701
CCL18,CCL20,2,0.6666666666666666,0.33333333333333337
CCL18,CCL19,2.449489742783178,0.8164965809277259,0.18350341907227408
CCL18,CCL21,2.23606797749979,0.7453559924999299,0.2546440075000701
CCL18,CCL1,1,0.3333333333333333,0.6666666666666667
CCL18,CCL25,2.23606797749979,0.7453559924999299,0.2546440075000701
CCL18,CCL27,2,0.6666666666666666,0.33333333333333337
CCL18,CXCL1,2,0.6666666666666666,0.33333333333333337
CCL18,CXCL3,2.23606797749979,0.7453559924999299,0.2546440075000701
CCL18,CXCL6,2,0.6666666666666666,0.33333333333333337
CCL18,CXCL8,2,0.6666666666666666,0.33333333333333337
CCL18,CXCL2,2,0.6666666666666666,0.33333333333333337
CCL18,CXCL5,1.7320508075688772,0.5773502691896257,0.42264973081037427
CCL18,CXCL7,2,0.6666666666666666,0.33333333333333337
CCL18,CXCL13,2,0.6666666666666666,0.33333333333333337
CCL18,CXCL12,2.23606797749979,0.7453559924999299,0.2546440075000701
CCL18,CXCL16,2,0.6666666666666666,0.33333333333333337
CCL18,CX3CL1,2,0.6666666666666666,0.33333333333333337
CCL18,XCL1,2,0.6666666666666666,0.33333333333333337
CCL18,XCL2,2,0.6666666666666666,0.33333333333333337
CCL24,CCL3,2,0.6666666666666666,0.33333333333333337
CCL24,CCL4,2,0.6666666666666666,0.33333333333333337
CCL24,CCL5,2,0.6666666666666666,0.33333333333333337
CCL24,CCL7,2.23606797749979,0.7453559924999299,0.2546440075000701
CCL24,CCL8,2.23606797749979,0.7453559924999299,0.2546440075000701
CCL24,CCL14,2,0.6666666666666666,0.33333333333333337
CCL24,CCL15,1,0.3333333333333333,0.6666666666666667
CCL24,CCL16,2,0.6666666666666666,0.33333333333333337
CCL24,CCL23,1.4142135623730951,0.47140452079103173,0.5285954792089682
CCL24,CCL26,2,0.6666666666666666,0.33333333333333337
CCL24,CXCL4,1.7320508075688772,0.5773502691896257,0.42264973081037427
CCL24,CCL3L1,1.4142135623730951,0.47140452079103173,0.5285954792089682
CCL24,CCL2,1.7320508075688772,0.5773502691896257,0.42264973081037427
CCL24,CCL13,2,0.6666666666666666,0.33333333333333337
CCL24,CCL11,1.7320508075688772,0.5773502691896257,0.42264973081037427
CCL24,CCL18,1.4142135623730951,0.47140452079103173,0.5285954792089682
CCL24,CCL24,0,0,1
CCL24,CCL28,1,0.3333333333333333,0.6666666666666667
CCL24,CXCL9,1.4142135623730951,0.47140452079103173,0.5285954792089682
CCL24,CXCL10,1.4142135623730951,0.47140452079103173,0.5285954792089682
CCL24,CXCL11,2,0.6666666666666666,0.33333333333333337
CCL24,CCL17,2,0.6666666666666666,0.33333333333333337
CCL24,CCL22,1.7320508075688772,0.5773502691896257,0.42264973081037427
CCL24,CCL20,1.4142135623730951,0.47140452079103173,0.5285954792089682
CCL24,CCL19,2,0.6666666666666666,0.33333333333333337
CCL24,CCL21,1.7320508075688772,0.5773502691896257,0.42264973081037427
CCL24,CCL1,1.7320508075688772,0.5773502691896257,0.42264973081037427
CCL24,CCL25,1.7320508075688772,0.5773502691896257,0.42264973081037427
CCL24,CCL27,1.4142135623730951,0.47140452079103173,0.5285954792089682
CCL24,CXCL1,2,0.6666666666666666,0.33333333333333337
CCL24,CXCL3,1.7320508075688772,0.5773502691896257,0.42264973081037427
CCL24,CXCL6,1.4142135623730951,0.47140452079103173,0.5285954792089682
CCL24,CXCL8,2,0.6666666666666666,0.33333333333333337
CCL24,CXCL2,1.4142135623730951,0.47140452079103173,0.5285954792089682
CCL24,CXCL5,1.7320508075688772,0.5773502691896257,0.42264973081037427
CCL24,CXCL7,1.4142135623730951,0.47140452079103173,0.5285954792089682
CCL24,CXCL13,2,0.6666666666666666,0.33333333333333337
CCL24,CXCL12,1.7320508075688772,0.5773502691896257,0.42264973081037427
CCL24,CXCL16,1.4142135623730951,0.47140452079103173,0.5285954792089682
CCL24,CX3CL1,1.4142135623730951,0.47140452079103173,0.5285954792089682
CCL24,XCL1,1.4142135623730951,0.47140452079103173,0.5285954792089682
CCL24,XCL2,1.4142135623730951,0.47140452079103173,0.5285954792089682
CCL28,CCL3,2.23606797749979,0.7453559924999299,0.2546440075000701
CCL28,CCL4,2.23606797749979,0.7453559924999299,0.2546440075000701
CCL28,CCL5,2.23606797749979,0.7453559924999299,0.2546440075000701
CCL28,CCL7,2.449489742783178,0.8164965809277259,0.18350341907227408
CCL28,CCL8,2.449489742783178,0.8164965809277259,0.18350341907227408
CCL28,CCL14,2.23606797749979,0.7453559924999299,0.2546440075000701
CCL28,CCL15,1.4142135623730951,0.47140452079103173,0.5285954792089682
CCL28,CCL16,2.23606797749979,0.7453559924999299,0.2546440075000701
CCL28,CCL23,1.7320508075688772,0.5773502691896257,0.42264973081037427
CCL28,CCL26,2.23606797749979,0.7453559924999299,0.2546440075000701
CCL28,CXCL4,2,0.6666666666666666,0.33333333333333337
CCL28,CCL3L1,1.7320508075688772,0.5773502691896257,0.42264973081037427
CCL28,CCL2,2,0.6666666666666666,0.33333333333333337
CCL28,CCL13,2.23606797749979,0.7453559924999299,0.2546440075000701
CCL28,CCL11,2,0.6666666666666666,0.33333333333333337
CCL28,CCL18,1.7320508075688772,0.5773502691896257,0.42264973081037427
CCL28,CCL24,1,0.3333333333333333,0.6666666666666667
CCL28,CCL28,0,0,1
CCL28,CXCL9,1.7320508075688772,0.5773502691896257,0.42264973081037427
CCL28,CXCL10,1.7320508075688772,0.5773502691896257,0.42264973081037427
CCL28,CXCL11,2.23606797749979,0.7453559924999299,0.2546440075000701
CCL28,CCL17,2.23606797749979,0.7453559924999299,0.2546440075000701
CCL28,CCL22,2,0.6666666666666666,0.33333333333333337
CCL28,CCL20,1.7320508075688772,0.5773502691896257,0.42264973081037427
CCL28,CCL19,2.23606797749979,0.7453559924999299,0.2546440075000701
CCL28,CCL21,2,0.6666666666666666,0.33333333333333337
CCL28,CCL1,2,0.6666666666666666,0.33333333333333337
CCL28,CCL25,2,0.6666666666666666,0.33333333333333337
CCL28,CCL27,1,0.3333333333333333,0.6666666666666667
CCL28,CXCL1,2.23606797749979,0.7453559924999299,0.2546440075000701
CCL28,CXCL3,2,0.6666666666666666,0.33333333333333337
CCL28,CXCL6,1.7320508075688772,0.5773502691896257,0.42264973081037427
CCL28,CXCL8,2.23606797749979,0.7453559924999299,0.2546440075000701
CCL28,CXCL2,1.7320508075688772,0.5773502691896257,0.42264973081037427
CCL28,CXCL5,2,0.6666666666666666,0.33333333333333337
CCL28,CXCL7,1.7320508075688772,0.5773502691896257,0.42264973081037427
CCL28,CXCL13,2.23606797749979,0.7453559924999299,0.2546440075000701
CCL28,CXCL12,2,0.6666666666666666,0.33333333333333337
CCL28,CXCL16,1.7320508075688772,0.5773502691896257,0.42264973081037427
CCL28,CX3CL1,1.7320508075688772,0.5773502691896257,0.42264973081037427
CCL28,XCL1,1.7320508075688772,0.5773502691896257,0.42264973081037427
CCL28,XCL2,1.7320508075688772,0.5773502691896257,0.42264973081037427
CXCL9,CCL3,2.449489742783178,0.8164965809277259,0.18350341907227408
CXCL9,CCL4,2.449489742783178,0.8164965809277259,0.18350341907227408
CXCL9,CCL5,2,0.6666666666666666,0.33333333333333337
CXCL9,CCL7,2.23606797749979,0.7453559924999299,0.2546440075000701
CXCL9,CCL8,2.23606797749979,0.7453559924999299,0.2546440075000701
CXCL9,CCL14,2,0.6666666666666666,0.33333333333333337
CXCL9,CCL15,1.7320508075688772,0.5773502691896257,0.42264973081037427
CXCL9,CCL16,2,0.6666666666666666,0.33333333333333337
CXCL9,CCL23,2,0.6666666666666666,0.33333333333333337
CXCL9,CCL26,2.449489742783178,0.8164965809277259,0.18350341907227408
CXCL9,CXCL4,1.7320508075688772,0.5773502691896257,0.42264973081037427
CXCL9,CCL3L1,2,0.6666666666666666,0.33333333333333337
CXCL9,CCL2,1.7320508075688772,0.5773502691896257,0.42264973081037427
CXCL9,CCL13,2,0.6666666666666666,0.33333333333333337
CXCL9,CCL11,1.7320508075688772,0.5773502691896257,0.42264973081037427
CXCL9,CCL18,1.4142135623730951,0.47140452079103173,0.5285954792089682
CXCL9,CCL24,1.4142135623730951,0.47140452079103173,0.5285954792089682
CXCL9,CCL28,1.7320508075688772,0.5773502691896257,0.42264973081037427
CXCL9,CXCL9,0,0,1
CXCL9,CXCL10,0,0,1
CXCL9,CXCL11,1.4142135623730951,0.47140452079103173,0.5285954792089682
CXCL9,CCL17,2,0.6666666666666666,0.33333333333333337
CXCL9,CCL22,2.23606797749979,0.7453559924999299,0.2546440075000701
CXCL9,CCL20,2,0.6666666666666666,0.33333333333333337
CXCL9,CCL19,2.449489742783178,0.8164965809277259,0.18350341907227408
CXCL9,CCL21,2.23606797749979,0.7453559924999299,0.2546440075000701
CXCL9,CCL1,1.7320508075688772,0.5773502691896257,0.42264973081037427
CXCL9,CCL25,2.23606797749979,0.7453559924999299,0.2546440075000701
CXCL9,CCL27,2,0.6666666666666666,0.33333333333333337
CXCL9,CXCL1,2,0.6666666666666666,0.33333333333333337
CXCL9,CXCL3,2.23606797749979,0.7453559924999299,0.2546440075000701
CXCL9,CXCL6,2,0.6666666666666666,0.33333333333333337
CXCL9,CXCL8,2,0.6666666666666666,0.33333333333333337
CXCL9,CXCL2,2,0.6666666666666666,0.33333333333333337
CXCL9,CXCL5,1.7320508075688772,0.5773502691896257,0.42264973081037427
CXCL9,CXCL7,2,0.6666666666666666,0.33333333333333337
CXCL9,CXCL13,1.4142135623730951,0.47140452079103173,0.5285954792089682
CXCL9,CXCL12,2.23606797749979,0.7453559924999299,0.2546440075000701
CXCL9,CXCL16,2,0.6666666666666666,0.33333333333333337
CXCL9,CX3CL1,2,0.6666666666666666,0.33333333333333337
CXCL9,XCL1,2,0.6666666666666666,0.33333333333333337
CXCL9,XCL2,2,0.6666666666666666,0.33333333333333337
CXCL10,CCL3,2.449489742783178,0.8164965809277259,0.18350341907227408
CXCL10,CCL4,2.449489742783178,0.8164965809277259,0.18350341907227408
CXCL10,CCL5,2,0.6666666666666666,0.33333333333333337
CXCL10,CCL7,2.23606797749979,0.7453559924999299,0.2546440075000701
CXCL10,CCL8,2.23606797749979,0.7453559924999299,0.2546440075000701
CXCL10,CCL14,2,0.6666666666666666,0.33333333333333337
CXCL10,CCL15,1.7320508075688772,0.5773502691896257,0.42264973081037427
CXCL10,CCL16,2,0.6666666666666666,0.33333333333333337
CXCL10,CCL23,2,0.6666666666666666,0.33333333333333337
CXCL10,CCL26,2.449489742783178,0.8164965809277259,0.18350341907227408
CXCL10,CXCL4,1.7320508075688772,0.5773502691896257,0.42264973081037427
CXCL10,CCL3L1,2,0.6666666666666666,0.33333333333333337
CXCL10,CCL2,1.7320508075688772,0.5773502691896257,0.42264973081037427
CXCL10,CCL13,2,0.6666666666666666,0.33333333333333337
CXCL10,CCL11,1.7320508075688772,0.5773502691896257,0.42264973081037427
CXCL10,CCL18,1.4142135623730951,0.47140452079103173,0.5285954792089682
CXCL10,CCL24,1.4142135623730951,0.47140452079103173,0.5285954792089682
CXCL10,CCL28,1.7320508075688772,0.5773502691896257,0.42264973081037427
CXCL10,CXCL9,0,0,1
CXCL10,CXCL10,0,0,1
CXCL10,CXCL11,1.4142135623730951,0.47140452079103173,0.5285954792089682
CXCL10,CCL17,2,0.6666666666666666,0.33333333333333337
CXCL10,CCL22,2.23606797749979,0.7453559924999299,0.2546440075000701
CXCL10,CCL20,2,0.6666666666666666,0.33333333333333337
CXCL10,CCL19,2.449489742783178,0.8164965809277259,0.18350341907227408
CXCL10,CCL21,2.23606797749979,0.7453559924999299,0.2546440075000701
CXCL10,CCL1,1.7320508075688772,0.5773502691896257,0.42264973081037427
CXCL10,CCL25,2.23606797749979,0.7453559924999299,0.2546440075000701
CXCL10,CCL27,2,0.6666666666666666,0.33333333333333337
CXCL10,CXCL1,2,0.6666666666666666,0.33333333333333337
CXCL10,CXCL3,2.23606797749979,0.7453559924999299,0.2546440075000701
CXCL10,CXCL6,2,0.6666666666666666,0.33333333333333337
CXCL10,CXCL8,2,0.6666666666666666,0.33333333333333337
CXCL10,CXCL2,2,0.6666666666666666,0.33333333333333337
CXCL10,CXCL5,1.7320508075688772,0.5773502691896257,0.42264973081037427
CXCL10,CXCL7,2,0.6666666666666666,0.33333333333333337
CXCL10,CXCL13,1.4142135623730951,0.47140452079103173,0.5285954792089682
CXCL10,CXCL12,2.23606797749979,0.7453559924999299,0.2546440075000701
CXCL10,CXCL16,2,0.6666666666666666,0.33333333333333337
CXCL10,CX3CL1,2,0.6666666666666666,0.33333333333333337
CXCL10,XCL1,2,0.6666666666666666,0.33333333333333337
CXCL10,XCL2,2,0.6666666666666666,0.33333333333333337
CXCL11,CCL3,2.449489742783178,0.8164965809277259,0.18350341907227408
CXCL11,CCL4,2.449489742783178,0.8164965809277259,0.18350341907227408
CXCL11,CCL5,2,0.6666666666666666,0.33333333333333337
CXCL11,CCL7,2.23606797749979,0.7453559924999299,0.2546440075000701
CXCL11,CCL8,2.23606797749979,0.7453559924999299,0.2546440075000701
CXCL11,CCL14,2,0.6666666666666666,0.33333333333333337
CXCL11,CCL15,2.23606797749979,0.7453559924999299,0.2546440075000701
CXCL11,CCL16,2.449489742783178,0.8164965809277259,0.18350341907227408
CXCL11,CCL23,2.449489742783178,0.8164965809277259,0.18350341907227408
CXCL11,CCL26,2.449489742783178,0.8164965809277259,0.18350341907227408
CXCL11,CXCL4,2.23606797749979,0.7453559924999299,0.2546440075000701
CXCL11,CCL3L1,2,0.6666666666666666,0.33333333333333337
CXCL11,CCL2,2.23606797749979,0.7453559924999299,0.2546440075000701
CXCL11,CCL13,2,0.6666666666666666,0.33333333333333337
CXCL11,CCL11,1.7320508075688772,0.5773502691896257,0.42264973081037427
CXCL11,CCL18,2,0.6666666666666666,0.33333333333333337
CXCL11,CCL24,2,0.6666666666666666,0.33333333333333337
CXCL11,CCL28,2.23606797749979,0.7453559924999299,0.2546440075000701
CXCL11,CXCL9,1.4142135623730951,0.47140452079103173,0.5285954792089682
CXCL11,CXCL10,1.4142135623730951,0.47140452079103173,0.5285954792089682
CXCL11,CXCL11,0,0,1
CXCL11,CCL17,2.449489742783178,0.8164965809277259,0.18350341907227408
CXCL11,CCL22,2.6457513110645907,0.8819171036881969,0.11808289631180313
CXCL11,CCL20,2.449489742783178,0.8164965809277259,0.18350341907227408
CXCL11,CCL19,2.8284271247461903,0.9428090415820635,0.05719095841793653
CXCL11,CCL21,2.6457513110645907,0.8819171036881969,0.11808289631180313
CXCL11,CCL1,2.23606797749979,0.7453559924999299,0.2546440075000701
CXCL11,CCL25,2.6457513110645907,0.8819171036881969,0.11808289631180313
CXCL11,CCL27,2.449489742783178,0.8164965809277259,0.18350341907227408
CXCL11,CXCL1,2.449489742783178,0.8164965809277259,0.18350341907227408
CXCL11,CXCL3,2.6457513110645907,0.8819171036881969,0.11808289631180313
CXCL11,CXCL6,2.449489742783178,0.8164965809277259,0.18350341907227408
CXCL11,CXCL8,2.449489742783178,0.8164965809277259,0.18350341907227408
CXCL11,CXCL2,2.449489742783178,0.8164965809277259,0.18350341907227408
CXCL11,CXCL5,2.23606797749979,0.7453559924999299,0.2546440075000701
CXCL11,CXCL7,2.449489742783178,0.8164965809277259,0.18350341907227408
CXCL11,CXCL13,2,0.6666666666666666,0.33333333333333337
CXCL11,CXCL12,2.23606797749979,0.7453559924999299,0.2546440075000701
CXCL11,CXCL16,2.449489742783178,0.8164965809277259,0.18350341907227408
CXCL11,CX3CL1,2.449489742783178,0.8164965809277259,0.18350341907227408
CXCL11,XCL1,2.449489742783178,0.8164965809277259,0.18350341907227408
CXCL11,XCL2,2.449489742783178,0.8164965809277259,0.18350341907227408
CCL17,CCL3,2,0.6666666666666666,0.33333333333333337
CCL17,CCL4,2,0.6666666666666666,0.33333333333333337
CCL17,CCL5,2,0.6666666666666666,0.33333333333333337
CCL17,CCL7,2.23606797749979,0.7453559924999299,0.2546440075000701
CCL17,CCL8,2.23606797749979,0.7453559924999299,0.2546440075000701
CCL17,CCL14,2,0.6666666666666666,0.33333333333333337
CCL17,CCL15,2.23606797749979,0.7453559924999299,0.2546440075000701
CCL17,CCL16,2,0.6666666666666666,0.33333333333333337
CCL17,CCL23,2,0.6666666666666666,0.33333333333333337
CCL17,CCL26,2.8284271247461903,0.9428090415820635,0.05719095841793653
CCL17,CXCL4,2.23606797749979,0.7453559924999299,0.2546440075000701
CCL17,CCL3L1,2.449489742783178,0.8164965809277259,0.18350341907227408
CCL17,CCL2,1.7320508075688772,0.5773502691896257,0.42264973081037427
CCL17,CCL13,2,0.6666666666666666,0.33333333333333337
CCL17,CCL11,1.7320508075688772,0.5773502691896257,0.42264973081037427
CCL17,CCL18,2,0.6666666666666666,0.33333333333333337
CCL17,CCL24,2,0.6666666666666666,0.33333333333333337
CCL17,CCL28,2.23606797749979,0.7453559924999299,0.2546440075000701
CCL17,CXCL9,2,0.6666666666666666,0.33333333333333337
CCL17,CXCL10,2,0.6666666666666666,0.33333333333333337
CCL17,CXCL11,2.449489742783178,0.8164965809277259,0.18350341907227408
CCL17,CCL17,0,0,1
CCL17,CCL22,1,0.3333333333333333,0.6666666666666667
CCL17,CCL20,2,0.6666666666666666,0.33333333333333337
CCL17,CCL19,2.449489742783178,0.8164965809277259,0.18350341907227408
CCL17,CCL21,2.23606797749979,0.7453559924999299,0.2546440075000701
CCL17,CCL1,1.7320508075688772,0.5773502691896257,0.42264973081037427
CCL17,CCL25,2.23606797749979,0.7453559924999299,0.2546440075000701
CCL17,CCL27,2,0.6666666666666666,0.33333333333333337
CCL17,CXCL1,2,0.6666666666666666,0.33333333333333337
CCL17,CXCL3,2.23606797749979,0.7453559924999299,0.2546440075000701
CCL17,CXCL6,2,0.6666666666666666,0.33333333333333337
CCL17,CXCL8,2,0.6666666666666666,0.33333333333333337
CCL17,CXCL2,2,0.6666666666666666,0.33333333333333337
CCL17,CXCL5,1.7320508075688772,0.5773502691896257,0.42264973081037427
CCL17,CXCL7,2,0.6666666666666666,0.33333333333333337
CCL17,CXCL13,2,0.6666666666666666,0.33333333333333337
CCL17,CXCL12,2.23606797749979,0.7453559924999299,0.2546440075000701
CCL17,CXCL16,2,0.6666666666666666,0.33333333333333337
CCL17,CX3CL1,2,0.6666666666666666,0.33333333333333337
CCL17,XCL1,2,0.6666666666666666,0.33333333333333337
CCL17,XCL2,2,0.6666666666666666,0.33333333333333337
CCL22,CCL3,1.7320508075688772,0.5773502691896257,0.42264973081037427
CCL22,CCL4,1.7320508075688772,0.5773502691896257,0.42264973081037427
CCL22,CCL5,2.23606797749979,0.7453559924999299,0.2546440075000701
CCL22,CCL7,2.449489742783178,0.8164965809277259,0.18350341907227408
CCL22,CCL8,2.449489742783178,0.8164965809277259,0.18350341907227408
CCL22,CCL14,2.23606797749979,0.7453559924999299,0.2546440075000701
CCL22,CCL15,2,0.6666666666666666,0.33333333333333337
CCL22,CCL16,2.23606797749979,0.7453559924999299,0.2546440075000701
CCL22,CCL23,1.7320508075688772,0.5773502691896257,0.42264973081037427
CCL22,CCL26,2.6457513110645907,0.8819171036881969,0.11808289631180313
CCL22,CXCL4,2,0.6666666666666666,0.33333333333333337
CCL22,CCL3L1,2.23606797749979,0.7453559924999299,0.2546440075000701
CCL22,CCL2,2,0.6666666666666666,0.33333333333333337
CCL22,CCL13,2.23606797749979,0.7453559924999299,0.2546440075000701
CCL22,CCL11,2,0.6666666666666666,0.33333333333333337
CCL22,CCL18,2.23606797749979,0.7453559924999299,0.2546440075000701
CCL22,CCL24,1.7320508075688772,0.5773502691896257,0.42264973081037427
CCL22,CCL28,2,0.6666666666666666,0.33333333333333337
CCL22,CXCL9,2.23606797749979,0.7453559924999299,0.2546440075000701
CCL22,CXCL10,2.23606797749979,0.7453559924999299,0.2546440075000701
CCL22,CXCL11,2.6457513110645907,0.8819171036881969,0.11808289631180313
CCL22,CCL17,1,0.3333333333333333,0.6666666666666667
CCL22,CCL22,0,0,1
CCL22,CCL20,1.7320508075688772,0.5773502691896257,0.42264973081037427
CCL22,CCL19,2.23606797749979,0.7453559924999299,0.2546440075000701
CCL22,CCL21,2,0.6666666666666666,0.33333333333333337
CCL22,CCL1,2,0.6666666666666666,0.33333333333333337
CCL22,CCL25,2,0.6666666666666666,0.33333333333333337
CCL22,CCL27,1.7320508075688772,0.5773502691896257,0.42264973081037427
CCL22,CXCL1,2.23606797749979,0.7453559924999299,0.2546440075000701
CCL22,CXCL3,2,0.6666666666666666,0.33333333333333337
CCL22,CXCL6,1.7320508075688772,0.5773502691896257,0.42264973081037427
CCL22,CXCL8,2.23606797749979,0.7453559924999299,0.2546440075000701
CCL22,CXCL2,1.7320508075688772,0.5773502691896257,0.42264973081037427
CCL22,CXCL5,2,0.6666666666666666,0.33333333333333337
CCL22,CXCL7,1.7320508075688772,0.5773502691896257,0.42264973081037427
CCL22,CXCL13,2.23606797749979,0.7453559924999299,0.2546440075000701
CCL22,CXCL12,2,0.6666666666666666,0.33333333333333337
CCL22,CXCL16,1.7320508075688772,0.5773502691896257,0.42264973081037427
CCL22,CX3CL1,1.7320508075688772,0.5773502691896257,0.42264973081037427
CCL22,XCL1,1.7320508075688772,0.5773502691896257,0.42264973081037427
CCL22,XCL2,1.7320508075688772,0.5773502691896257,0.42264973081037427
CCL20,CCL3,2,0.6666666666666666,0.33333333333333337
CCL20,CCL4,2,0.6666666666666666,0.33333333333333337
CCL20,CCL5,2.449489742783178,0.8164965809277259,0.18350341907227408
CCL20,CCL7,2.6457513110645907,0.8819171036881969,0.11808289631180313
CCL20,CCL8,2.6457513110645907,0.8819171036881969,0.11808289631180313
CCL20,CCL14,2.449489742783178,0.8164965809277259,0.18350341907227408
CCL20,CCL15,1.7320508075688772,0.5773502691896257,0.42264973081037427
CCL20,CCL16,2,0.6666666666666666,0.33333333333333337
CCL20,CCL23,1.4142135623730951,0.47140452079103173,0.5285954792089682
CCL20,CCL26,2.449489742783178,0.8164965809277259,0.18350341907227408
CCL20,CXCL4,1.7320508075688772,0.5773502691896257,0.42264973081037427
CCL20,CCL3L1,2,0.6666666666666666,0.33333333333333337
CCL20,CCL2,2.23606797749979,0.7453559924999299,0.2546440075000701
CCL20,CCL13,2.449489742783178,0.8164965809277259,0.18350341907227408
CCL20,CCL11,2.23606797749979,0.7453559924999299,0.2546440075000701
CCL20,CCL18,2,0.6666666666666666,0.33333333333333337
CCL20,CCL24,1.4142135623730951,0.47140452079103173,0.5285954792089682
CCL20,CCL28,1.7320508075688772,0.5773502691896257,0.42264973081037427
CCL20,CXCL9,2,0.6666666666666666,0.33333333333333337
CCL20,CXCL10,2,0.6666666666666666,0.33333333333333337
CCL20,CXCL11,2.449489742783178,0.8164965809277259,0.18350341907227408
CCL20,CCL17,2,0.6666666666666666,0.33333333333333337
CCL20,CCL22,1.7320508075688772,0.5773502691896257,0.42264973081037427
CCL20,CCL20,0,0,1
CCL20,CCL19,2,0.6666666666666666,0.33333333333333337
CCL20,CCL21,1.7320508075688772,0.5773502691896257,0.42264973081037427
CCL20,CCL1,1.7320508075688772,0.5773502691896257,0.42264973081037427
CCL20,CCL25,1.7320508075688772,0.5773502691896257,0.42264973081037427
CCL20,CCL27,1.4142135623730951,0.47140452079103173,0.5285954792089682
CCL20,CXCL1,2,0.6666666666666666,0.33333333333333337
CCL20,CXCL3,1.7320508075688772,0.5773502691896257,0.42264973081037427
CCL20,CXCL6,1.4142135623730951,0.47140452079103173,0.5285954792089682
CCL20,CXCL8,2,0.6666666666666666,0.33333333333333337
CCL20,CXCL2,1.4142135623730951,0.47140452079103173,0.5285954792089682
CCL20,CXCL5,1.7320508075688772,0.5773502691896257,0.42264973081037427
CCL20,CXCL7,1.4142135623730951,0.47140452079103173,0.5285954792089682
CCL20,CXCL13,2,0.6666666666666666,0.33333333333333337
CCL20,CXCL12,1.7320508075688772,0.5773502691896257,0.42264973081037427
CCL20,CXCL16,1.4142135623730951,0.47140452079103173,0.5285954792089682
CCL20,CX3CL1,1.4142135623730951,0.47140452079103173,0.5285954792089682
CCL20,XCL1,1.4142135623730951,0.47140452079103173,0.5285954792089682
CCL20,XCL2,1.4142135623730951,0.47140452079103173,0.5285954792089682
CCL19,CCL3,2.449489742783178,0.8164965809277259,0.18350341907227408
CCL19,CCL4,2.449489742783178,0.8164965809277259,0.18350341907227408
CCL19,CCL5,2.8284271247461903,0.9428090415820635,0.05719095841793653
CCL19,CCL7,3,1,0
CCL19,CCL8,3,1,0
CCL19,CCL14,2.8284271247461903,0.9428090415820635,0.05719095841793653
CCL19,CCL15,2.23606797749979,0.7453559924999299,0.2546440075000701
CCL19,CCL16,2.449489742783178,0.8164965809277259,0.18350341907227408
CCL19,CCL23,2,0.6666666666666666,0.33333333333333337
CCL19,CCL26,2.8284271247461903,0.9428090415820635,0.05719095841793653
CCL19,CXCL4,2.23606797749979,0.7453559924999299,0.2546440075000701
CCL19,CCL3L1,2.449489742783178,0.8164965809277259,0.18350341907227408
CCL19,CCL2,2.6457513110645907,0.8819171036881969,0.11808289631180313
CCL19,CCL13,2.8284271247461903,0.9428090415820635,0.05719095841793653
CCL19,CCL11,2.6457513110645907,0.8819171036881969,0.11808289631180313
CCL19,CCL18,2.449489742783178,0.8164965809277259,0.18350341907227408
CCL19,CCL24,2,0.6666666666666666,0.33333333333333337
CCL19,CCL28,2.23606797749979,0.7453559924999299,0.2546440075000701
CCL19,CXCL9,2.449489742783178,0.8164965809277259,0.18350341907227408
CCL19,CXCL10,2.449489742783178,0.8164965809277259,0.18350341907227408
CCL19,CXCL11,2.8284271247461903,0.9428090415820635,0.05719095841793653
CCL19,CCL17,2.449489742783178,0.8164965809277259,0.18350341907227408
CCL19,CCL22,2.23606797749979,0.7453559924999299,0.2546440075000701
CCL19,CCL20,2,0.6666666666666666,0.33333333333333337
CCL19,CCL19,0,0,1
CCL19,CCL21,1,0.3333333333333333,0.6666666666666667
CCL19,CCL1,2.23606797749979,0.7453559924999299,0.2546440075000701
CCL19,CCL25,1.7320508075688772,0.5773502691896257,0.42264973081037427
CCL19,CCL27,2,0.6666666666666666,0.33333333333333337
CCL19,CXCL1,2.449489742783178,0.8164965809277259,0.18350341907227408
CCL19,CXCL3,2.23606797749979,0.7453559924999299,0.2546440075000701
CCL19,CXCL6,2,0.6666666666666666,0.33333333333333337
CCL19,CXCL8,2.449489742783178,0.8164965809277259,0.18350341907227408
CCL19,CXCL2,2,0.6666666666666666,0.33333333333333337
CCL19,CXCL5,2.23606797749979,0.7453559924999299,0.2546440075000701
CCL19,CXCL7,2,0.6666666666666666,0.33333333333333337
CCL19,CXCL13,2.449489742783178,0.8164965809277259,0.18350341907227408
CCL19,CXCL12,2.23606797749979,0.7453559924999299,0.2546440075000701
CCL19,CXCL16,2,0.6666666666666666,0.33333333333333337
CCL19,CX3CL1,2,0.6666666666666666,0.33333333333333337
CCL19,XCL1,2,0.6666666666666666,0.33333333333333337
CCL19,XCL2,2,0.6666666666666666,0.33333333333333337
CCL21,CCL3,2.23606797749979,0.7453559924999299,0.2546440075000701
CCL21,CCL4,2.23606797749979,0.7453559924999299,0.2546440075000701
CCL21,CCL5,2.6457513110645907,0.8819171036881969,0.11808289631180313
CCL21,CCL7,2.8284271247461903,0.9428090415820635,0.05719095841793653
CCL21,CCL8,2.8284271247461903,0.9428090415820635,0.05719095841793653
CCL21,CCL14,2.6457513110645907,0.8819171036881969,0.11808289631180313
CCL21,CCL15,2,0.6666666666666666,0.33333333333333337
CCL21,CCL16,2.23606797749979,0.7453559924999299,0.2546440075000701
CCL21,CCL23,1.7320508075688772,0.5773502691896257,0.42264973081037427
CCL21,CCL26,2.6457513110645907,0.8819171036881969,0.11808289631180313
CCL21,CXCL4,2,0.6666666666666666,0.33333333333333337
CCL21,CCL3L1,2.23606797749979,0.7453559924999299,0.2546440075000701
CCL21,CCL2,2.449489742783178,0.8164965809277259,0.18350341907227408
CCL21,CCL13,2.6457513110645907,0.8819171036881969,0.11808289631180313
CCL21,CCL11,2.449489742783178,0.8164965809277259,0.18350341907227408
CCL21,CCL18,2.23606797749979,0.7453559924999299,0.2546440075000701
CCL21,CCL24,1.7320508075688772,0.5773502691896257,0.42264973081037427
CCL21,CCL28,2,0.6666666666666666,0.33333333333333337
CCL21,CXCL9,2.23606797749979,0.7453559924999299,0.2546440075000701
CCL21,CXCL10,2.23606797749979,0.7453559924999299,0.2546440075000701
CCL21,CXCL11,2.6457513110645907,0.8819171036881969,0.11808289631180313
CCL21,CCL17,2.23606797749979,0.7453559924999299,0.2546440075000701
CCL21,CCL22,2,0.6666666666666666,0.33333333333333337
CCL21,CCL20,1.7320508075688772,0.5773502691896257,0.42264973081037427
CCL21,CCL19,1,0.3333333333333333,0.6666666666666667
CCL21,CCL21,0,0,1
CCL21,CCL1,2,0.6666666666666666,0.33333333333333337
CCL21,CCL25,1.4142135623730951,0.47140452079103173,0.5285954792089682
CCL21,CCL27,1.7320508075688772,0.5773502691896257,0.42264973081037427
CCL21,CXCL1,2.23606797749979,0.7453559924999299,0.2546440075000701
CCL21,CXCL3,2,0.6666666666666666,0.33333333333333337
CCL21,CXCL6,1.7320508075688772,0.5773502691896257,0.42264973081037427
CCL21,CXCL8,2.23606797749979,0.7453559924999299,0.2546440075000701
CCL21,CXCL2,1.7320508075688772,0.5773502691896257,0.42264973081037427
CCL21,CXCL5,2,0.6666666666666666,0.33333333333333337
CCL21,CXCL7,1.7320508075688772,0.5773502691896257,0.42264973081037427
CCL21,CXCL13,2.23606797749979,0.7453559924999299,0.2546440075000701
CCL21,CXCL12,2,0.6666666666666666,0.33333333333333337
CCL21,CXCL16,1.7320508075688772,0.5773502691896257,0.42264973081037427
CCL21,CX3CL1,1.7320508075688772,0.5773502691896257,0.42264973081037427
CCL21,XCL1,1.7320508075688772,0.5773502691896257,0.42264973081037427
CCL21,XCL2,1.7320508075688772,0.5773502691896257,0.42264973081037427
CCL1,CCL3,2.23606797749979,0.7453559924999299,0.2546440075000701
CCL1,CCL4,2.23606797749979,0.7453559924999299,0.2546440075000701
CCL1,CCL5,2.23606797749979,0.7453559924999299,0.2546440075000701
CCL1,CCL7,2.449489742783178,0.8164965809277259,0.18350341907227408
CCL1,CCL8,2.449489742783178,0.8164965809277259,0.18350341907227408
CCL1,CCL14,2.23606797749979,0.7453559924999299,0.2546440075000701
CCL1,CCL15,2,0.6666666666666666,0.33333333333333337
CCL1,CCL16,1.7320508075688772,0.5773502691896257,0.42264973081037427
CCL1,CCL23,1.7320508075688772,0.5773502691896257,0.42264973081037427
CCL1,CCL26,2.6457513110645907,0.8819171036881969,0.11808289631180313
CCL1,CXCL4,2,0.6666666666666666,0.33333333333333337
CCL1,CCL3L1,2.23606797749979,0.7453559924999299,0.2546440075000701
CCL1,CCL2,2,0.6666666666666666,0.33333333333333337
CCL1,CCL13,2.23606797749979,0.7453559924999299,0.2546440075000701
CCL1,CCL11,2,0.6666666666666666,0.33333333333333337
CCL1,CCL18,1,0.3333333333333333,0.6666666666666667
CCL1,CCL24,1.7320508075688772,0.5773502691896257,0.42264973081037427
CCL1,CCL28,2,0.6666666666666666,0.33333333333333337
CCL1,CXCL9,1.7320508075688772,0.5773502691896257,0.42264973081037427
CCL1,CXCL10,1.7320508075688772,0.5773502691896257,0.42264973081037427
CCL1,CXCL11,2.23606797749979,0.7453559924999299,0.2546440075000701
CCL1,CCL17,1.7320508075688772,0.5773502691896257,0.42264973081037427
CCL1,CCL22,2,0.6666666666666666,0.33333333333333337
CCL1,CCL20,1.7320508075688772,0.5773502691896257,0.42264973081037427
CCL1,CCL19,2.23606797749979,0.7453559924999299,0.2546440075000701
CCL1,CCL21,2,0.6666666666666666,0.33333333333333337
CCL1,CCL1,0,0,1
CCL1,CCL25,2,0.6666666666666666,0.33333333333333337
CCL1,CCL27,1.7320508075688772,0.5773502691896257,0.42264973081037427
CCL1,CXCL1,1.7320508075688772,0.5773502691896257,0.42264973081037427
CCL1,CXCL3,2,0.6666666666666666,0.33333333333333337
CCL1,CXCL6,1.7320508075688772,0.5773502691896257,0.42264973081037427
CCL1,CXCL8,1.7320508075688772,0.5773502691896257,0.42264973081037427
CCL1,CXCL2,1.7320508075688772,0.5773502691896257,0.42264973081037427
CCL1,CXCL5,1.4142135623730951,0.47140452079103173,0.5285954792089682
CCL1,CXCL7,1.7320508075688772,0.5773502691896257,0.42264973081037427
CCL1,CXCL13,1.7320508075688772,0.5773502691896257,0.42264973081037427
CCL1,CXCL12,2,0.6666666666666666,0.33333333333333337
CCL1,CXCL16,1.7320508075688772,0.5773502691896257,0.42264973081037427
CCL1,CX3CL1,1.7320508075688772,0.5773502691896257,0.42264973081037427
CCL1,XCL1,1.7320508075688772,0.5773502691896257,0.42264973081037427
CCL1,XCL2,1.7320508075688772,0.5773502691896257,0.42264973081037427
CCL25,CCL3,2.23606797749979,0.7453559924999299,0.2546440075000701
CCL25,CCL4,2.23606797749979,0.7453559924999299,0.2546440075000701
CCL25,CCL5,2.6457513110645907,0.8819171036881969,0.11808289631180313
CCL25,CCL7,2.8284271247461903,0.9428090415820635,0.05719095841793653
CCL25,CCL8,2.8284271247461903,0.9428090415820635,0.05719095841793653
CCL25,CCL14,2.6457513110645907,0.8819171036881969,0.11808289631180313
CCL25,CCL15,2,0.6666666666666666,0.33333333333333337
CCL25,CCL16,2.23606797749979,0.7453559924999299,0.2546440075000701
CCL25,CCL23,1.7320508075688772,0.5773502691896257,0.42264973081037427
CCL25,CCL26,2.6457513110645907,0.8819171036881969,0.11808289631180313
CCL25,CXCL4,2,0.6666666666666666,0.33333333333333337
CCL25,CCL3L1,2.23606797749979,0.7453559924999299,0.2546440075000701
CCL25,CCL2,2.449489742783178,0.8164965809277259,0.18350341907227408
CCL25,CCL13,2.6457513110645907,0.8819171036881969,0.11808289631180313
CCL25,CCL11,2.449489742783178,0.8164965809277259,0.18350341907227408
CCL25,CCL18,2.23606797749979,0.7453559924999299,0.2546440075000701
CCL25,CCL24,1.7320508075688772,0.5773502691896257,0.42264973081037427
CCL25,CCL28,2,0.6666666666666666,0.33333333333333337
CCL25,CXCL9,2.23606797749979,0.7453559924999299,0.2546440075000701
CCL25,CXCL10,2.23606797749979,0.7453559924999299,0.2546440075000701
CCL25,CXCL11,2.6457513110645907,0.8819171036881969,0.11808289631180313
CCL25,CCL17,2.23606797749979,0.7453559924999299,0.2546440075000701
CCL25,CCL22,2,0.6666666666666666,0.33333333333333337
CCL25,CCL20,1.7320508075688772,0.5773502691896257,0.42264973081037427
CCL25,CCL19,1.7320508075688772,0.5773502691896257,0.42264973081037427
CCL25,CCL21,1.4142135623730951,0.47140452079103173,0.5285954792089682
CCL25,CCL1,2,0.6666666666666666,0.33333333333333337
CCL25,CCL25,0,0,1
CCL25,CCL27,1.7320508075688772,0.5773502691896257,0.42264973081037427
CCL25,CXCL1,2.23606797749979,0.7453559924999299,0.2546440075000701
CCL25,CXCL3,2,0.6666666666666666,0.33333333333333337
CCL25,CXCL6,1.7320508075688772,0.5773502691896257,0.42264973081037427
CCL25,CXCL8,2.23606797749979,0.7453559924999299,0.2546440075000701
CCL25,CXCL2,1.7320508075688772,0.5773502691896257,0.42264973081037427
CCL25,CXCL5,2,0.6666666666666666,0.33333333333333337
CCL25,CXCL7,1.7320508075688772,0.5773502691896257,0.42264973081037427
CCL25,CXCL13,2.23606797749979,0.7453559924999299,0.2546440075000701
CCL25,CXCL12,2,0.6666666666666666,0.33333333333333337
CCL25,CXCL16,1.7320508075688772,0.5773502691896257,0.42264973081037427
CCL25,CX3CL1,1.7320508075688772,0.5773502691896257,0.42264973081037427
CCL25,XCL1,1.7320508075688772,0.5773502691896257,0.42264973081037427
CCL25,XCL2,1.7320508075688772,0.5773502691896257,0.42264973081037427
CCL27,CCL3,2,0.6666666666666666,0.33333333333333337
CCL27,CCL4,2,0.6666666666666666,0.33333333333333337
CCL27,CCL5,2.449489742783178,0.8164965809277259,0.18350341907227408
CCL27,CCL7,2.6457513110645907,0.8819171036881969,0.11808289631180313
CCL27,CCL8,2.6457513110645907,0.8819171036881969,0.11808289631180313
CCL27,CCL14,2.449489742783178,0.8164965809277259,0.18350341907227408
CCL27,CCL15,1.7320508075688772,0.5773502691896257,0.42264973081037427
CCL27,CCL16,2,0.6666666666666666,0.33333333333333337
CCL27,CCL23,1.4142135623730951,0.47140452079103173,0.5285954792089682
CCL27,CCL26,2.449489742783178,0.8164965809277259,0.18350341907227408
CCL27,CXCL4,1.7320508075688772,0.5773502691896257,0.42264973081037427
CCL27,CCL3L1,2,0.6666666666666666,0.33333333333333337
CCL27,CCL2,2.23606797749979,0.7453559924999299,0.2546440075000701
CCL27,CCL13,2.449489742783178,0.8164965809277259,0.18350341907227408
CCL27,CCL11,2.23606797749979,0.7453559924999299,0.2546440075000701
CCL27,CCL18,2,0.6666666666666666,0.33333333333333337
CCL27,CCL24,1.4142135623730951,0.47140452079103173,0.5285954792089682
CCL27,CCL28,1,0.3333333333333333,0.6666666666666667
CCL27,CXCL9,2,0.6666666666666666,0.33333333333333337
CCL27,CXCL10,2,0.6666666666666666,0.33333333333333337
CCL27,CXCL11,2.449489742783178,0.8164965809277259,0.18350341907227408
CCL27,CCL17,2,0.6666666666666666,0.33333333333333337
CCL27,CCL22,1.7320508075688772,0.5773502691896257,0.42264973081037427
CCL27,CCL20,1.4142135623730951,0.47140452079103173,0.5285954792089682
CCL27,CCL19,2,0.6666666666666666,0.33333333333333337
CCL27,CCL21,1.7320508075688772,0.5773502691896257,0.42264973081037427
CCL27,CCL1,1.7320508075688772,0.5773502691896257,0.42264973081037427
CCL27,CCL25,1.7320508075688772,0.5773502691896257,0.42264973081037427
CCL27,CCL27,0,0,1
CCL27,CXCL1,2,0.6666666666666666,0.33333333333333337
CCL27,CXCL3,1.7320508075688772,0.5773502691896257,0.42264973081037427
CCL27,CXCL6,1.4142135623730951,0.47140452079103173,0.5285954792089682
CCL27,CXCL8,2,0.6666666666666666,0.33333333333333337
CCL27,CXCL2,1.4142135623730951,0.47140452079103173,0.5285954792089682
CCL27,CXCL5,1.7320508075688772,0.5773502691896257,0.42264973081037427
CCL27,CXCL7,1.4142135623730951,0.47140452079103173,0.5285954792089682
CCL27,CXCL13,2,0.6666666666666666,0.33333333333333337
CCL27,CXCL12,1.7320508075688772,0.5773502691896257,0.42264973081037427
CCL27,CXCL16,1.4142135623730951,0.47140452079103173,0.5285954792089682
CCL27,CX3CL1,1.4142135623730951,0.47140452079103173,0.5285954792089682
CCL27,XCL1,1.4142135623730951,0.47140452079103173,0.5285954792089682
CCL27,XCL2,1.4142135623730951,0.47140452079103173,0.5285954792089682
CXCL1,CCL3,2.449489742783178,0.8164965809277259,0.18350341907227408
CXCL1,CCL4,2.449489742783178,0.8164965809277259,0.18350341907227408
CXCL1,CCL5,2.449489742783178,0.8164965809277259,0.18350341907227408
CXCL1,CCL7,2.6457513110645907,0.8819171036881969,0.11808289631180313
CXCL1,CCL8,2.6457513110645907,0.8819171036881969,0.11808289631180313
CXCL1,CCL14,2.449489742783178,0.8164965809277259,0.18350341907227408
CXCL1,CCL15,2.23606797749979,0.7453559924999299,0.2546440075000701
CXCL1,CCL16,2,0.6666666666666666,0.33333333333333337
CXCL1,CCL23,2,0.6666666666666666,0.33333333333333337
CXCL1,CCL26,2.8284271247461903,0.9428090415820635,0.05719095841793653
CXCL1,CXCL4,2.23606797749979,0.7453559924999299,0.2546440075000701
CXCL1,CCL3L1,2.449489742783178,0.8164965809277259,0.18350341907227408
CXCL1,CCL2,2.23606797749979,0.7453559924999299,0.2546440075000701
CXCL1,CCL13,2.449489742783178,0.8164965809277259,0.18350341907227408
CXCL1,CCL11,2.23606797749979,0.7453559924999299,0.2546440075000701
CXCL1,CCL18,2,0.6666666666666666,0.33333333333333337
CXCL1,CCL24,2,0.6666666666666666,0.33333333333333337
CXCL1,CCL28,2.23606797749979,0.7453559924999299,0.2546440075000701
CXCL1,CXCL9,2,0.6666666666666666,0.33333333333333337
CXCL1,CXCL10,2,0.6666666666666666,0.33333333333333337
CXCL1,CXCL11,2.449489742783178,0.8164965809277259,0.18350341907227408
CXCL1,CCL17,2,0.6666666666666666,0.33333333333333337
CXCL1,CCL22,2.23606797749979,0.7453559924999299,0.2546440075000701
CXCL1,CCL20,2,0.6666666666666666,0.33333333333333337
CXCL1,CCL19,2.449489742783178,0.8164965809277259,0.18350341907227408
CXCL1,CCL21,2.23606797749979,0.7453559924999299,0.2546440075000701
CXCL1,CCL1,1.7320508075688772,0.5773502691896257,0.42264973081037427
CXCL1,CCL25,2.23606797749979,0.7453559924999299,0.2546440075000701
CXCL1,CCL27,2,0.6666666666666666,0.33333333333333337
CXCL1,CXCL1,0,0,1
CXCL1,CXCL3,1,0.3333333333333333,0.6666666666666667
CXCL1,CXCL6,1.4142135623730951,0.47140452079103173,0.5285954792089682
CXCL1,CXCL8,0,0,1
CXCL1,CXCL2,1.4142135623730951,0.47140452079103173,0.5285954792089682
CXCL1,CXCL5,1,0.3333333333333333,0.6666666666666667
CXCL1,CXCL7,1.4142135623730951,0.47140452079103173,0.5285954792089682
CXCL1,CXCL13,2,0.6666666666666666,0.33333333333333337
CXCL1,CXCL12,2.23606797749979,0.7453559924999299,0.2546440075000701
CXCL1,CXCL16,2,0.6666666666666666,0.33333333333333337
CXCL1,CX3CL1,2,0.6666666666666666,0.33333333333333337
CXCL1,XCL1,2,0.6666666666666666,0.33333333333333337
CXCL1,XCL2,2,0.6666666666666666,0.33333333333333337
CXCL3,CCL3,2.23606797749979,0.7453559924999299,0.2546440075000701
CXCL3,CCL4,2.23606797749979,0.7453559924999299,0.2546440075000701
CXCL3,CCL5,2.6457513110645907,0.8819171036881969,0.11808289631180313
CXCL3,CCL7,2.8284271247461903,0.9428090415820635,0.05719095841793653
CXCL3,CCL8,2.8284271247461903,0.9428090415820635,0.05719095841793653
CXCL3,CCL14,2.6457513110645907,0.8819171036881969,0.11808289631180313
CXCL3,CCL15,2,0.6666666666666666,0.33333333333333337
CXCL3,CCL16,2.23606797749979,0.7453559924999299,0.2546440075000701
CXCL3,CCL23,1.7320508075688772,0.5773502691896257,0.42264973081037427
CXCL3,CCL26,2.6457513110645907,0.8819171036881969,0.11808289631180313
CXCL3,CXCL4,2,0.6666666666666666,0.33333333333333337
CXCL3,CCL3L1,2.23606797749979,0.7453559924999299,0.2546440075000701
CXCL3,CCL2,2.449489742783178,0.8164965809277259,0.18350341907227408
CXCL3,CCL13,2.6457513110645907,0.8819171036881969,0.11808289631180313
CXCL3,CCL11,2.449489742783178,0.8164965809277259,0.18350341907227408
CXCL3,CCL18,2.23606797749979,0.7453559924999299,0.2546440075000701
CXCL3,CCL24,1.7320508075688772,0.5773502691896257,0.42264973081037427
CXCL3,CCL28,2,0.6666666666666666,0.33333333333333337
CXCL3,CXCL9,2.23606797749979,0.7453559924999299,0.2546440075000701
CXCL3,CXCL10,2.23606797749979,0.7453559924999299,0.2546440075000701
CXCL3,CXCL11,2.6457513110645907,0.8819171036881969,0.11808289631180313
CXCL3,CCL17,2.23606797749979,0.7453559924999299,0.2546440075000701
CXCL3,CCL22,2,0.6666666666666666,0.33333333333333337
CXCL3,CCL20,1.7320508075688772,0.5773502691896257,0.42264973081037427
CXCL3,CCL19,2.23606797749979,0.7453559924999299,0.2546440075000701
CXCL3,CCL21,2,0.6666666666666666,0.33333333333333337
CXCL3,CCL1,2,0.6666666666666666,0.33333333333333337
CXCL3,CCL25,2,0.6666666666666666,0.33333333333333337
CXCL3,CCL27,1.7320508075688772,0.5773502691896257,0.42264973081037427
CXCL3,CXCL1,1,0.3333333333333333,0.6666666666666667
CXCL3,CXCL3,0,0,1
CXCL3,CXCL6,1,0.3333333333333333,0.6666666666666667
CXCL3,CXCL8,1,0.3333333333333333,0.6666666666666667
CXCL3,CXCL2,1,0.3333333333333333,0.6666666666666667
CXCL3,CXCL5,1.4142135623730951,0.47140452079103173,0.5285954792089682
CXCL3,CXCL7,1,0.3333333333333333,0.6666666666666667
CXCL3,CXCL13,2.23606797749979,0.7453559924999299,0.2546440075000701
CXCL3,CXCL12,2,0.6666666666666666,0.33333333333333337
CXCL3,CXCL16,1.7320508075688772,0.5773502691896257,0.42264973081037427
CXCL3,CX3CL1,1.7320508075688772,0.5773502691896257,0.42264973081037427
CXCL3,XCL1,1.7320508075688772,0.5773502691896257,0.42264973081037427
CXCL3,XCL2,1.7320508075688772,0.5773502691896257,0.42264973081037427
CXCL6,CCL3,2,0.6666666666666666,0.33333333333333337
CXCL6,CCL4,2,0.6666666666666666,0.33333333333333337
CXCL6,CCL5,2.449489742783178,0.8164965809277259,0.18350341907227408
CXCL6,CCL7,2.6457513110645907,0.8819171036881969,0.11808289631180313
CXCL6,CCL8,2.6457513110645907,0.8819171036881969,0.11808289631180313
CXCL6,CCL14,2.449489742783178,0.8164965809277259,0.18350341907227408
CXCL6,CCL15,1.7320508075688772,0.5773502691896257,0.42264973081037427
CXCL6,CCL16,2,0.6666666666666666,0.33333333333333337
CXCL6,CCL23,1.4142135623730951,0.47140452079103173,0.5285954792089682
CXCL6,CCL26,2.449489742783178,0.8164965809277259,0.18350341907227408
CXCL6,CXCL4,1.7320508075688772,0.5773502691896257,0.42264973081037427
CXCL6,CCL3L1,2,0.6666666666666666,0.33333333333333337
CXCL6,CCL2,2.23606797749979,0.7453559924999299,0.2546440075000701
CXCL6,CCL13,2.449489742783178,0.8164965809277259,0.18350341907227408
CXCL6,CCL11,2.23606797749979,0.7453559924999299,0.2546440075000701
CXCL6,CCL18,2,0.6666666666666666,0.33333333333333337
CXCL6,CCL24,1.4142135623730951,0.47140452079103173,0.5285954792089682
CXCL6,CCL28,1.7320508075688772,0.5773502691896257,0.42264973081037427
CXCL6,CXCL9,2,0.6666666666666666,0.33333333333333337
CXCL6,CXCL10,2,0.6666666666666666,0.33333333333333337
CXCL6,CXCL11,2.449489742783178,0.8164965809277259,0.18350341907227408
CXCL6,CCL17,2,0.6666666666666666,0.33333333333333337
CXCL6,CCL22,1.7320508075688772,0.5773502691896257,0.42264973081037427
CXCL6,CCL20,1.4142135623730951,0.47140452079103173,0.5285954792089682
CXCL6,CCL19,2,0.6666666666666666,0.33333333333333337
CXCL6,CCL21,1.7320508075688772,0.5773502691896257,0.42264973081037427
CXCL6,CCL1,1.7320508075688772,0.5773502691896257,0.42264973081037427
CXCL6,CCL25,1.7320508075688772,0.5773502691896257,0.42264973081037427
CXCL6,CCL27,1.4142135623730951,0.47140452079103173,0.5285954792089682
CXCL6,CXCL1,1.4142135623730951,0.47140452079103173,0.5285954792089682
CXCL6,CXCL3,1,0.3333333333333333,0.6666666666666667
CXCL6,CXCL6,0,0,1
CXCL6,CXCL8,1.4142135623730951,0.47140452079103173,0.5285954792089682
CXCL6,CXCL2,1.4142135623730951,0.47140452079103173,0.5285954792089682
CXCL6,CXCL5,1.7320508075688772,0.5773502691896257,0.42264973081037427
CXCL6,CXCL7,1.4142135623730951,0.47140452079103173,0.5285954792089682
CXCL6,CXCL13,2,0.6666666666666666,0.33333333333333337
CXCL6,CXCL12,1.7320508075688772,0.5773502691896257,0.42264973081037427
CXCL6,CXCL16,1.4142135623730951,0.47140452079103173,0.5285954792089682
CXCL6,CX3CL1,1.4142135623730951,0.47140452079103173,0.5285954792089682
CXCL6,XCL1,1.4142135623730951,0.47140452079103173,0.5285954792089682
CXCL6,XCL2,1.4142135623730951,0.47140452079103173,0.5285954792089682
CXCL8,CCL3,2.449489742783178,0.8164965809277259,0.18350341907227408
CXCL8,CCL4,2.449489742783178,0.8164965809277259,0.18350341907227408
CXCL8,CCL5,2.449489742783178,0.8164965809277259,0.18350341907227408
CXCL8,CCL7,2.6457513110645907,0.8819171036881969,0.11808289631180313
CXCL8,CCL8,2.6457513110645907,0.8819171036881969,0.11808289631180313
CXCL8,CCL14,2.449489742783178,0.8164965809277259,0.18350341907227408
CXCL8,CCL15,2.23606797749979,0.7453559924999299,0.2546440075000701
CXCL8,CCL16,2,0.6666666666666666,0.33333333333333337
CXCL8,CCL23,2,0.6666666666666666,0.33333333333333337
CXCL8,CCL26,2.8284271247461903,0.9428090415820635,0.05719095841793653
CXCL8,CXCL4,2.23606797749979,0.7453559924999299,0.2546440075000701
CXCL8,CCL3L1,2.449489742783178,0.8164965809277259,0.18350341907227408
CXCL8,CCL2,2.23606797749979,0.7453559924999299,0.2546440075000701
CXCL8,CCL13,2.449489742783178,0.8164965809277259,0.18350341907227408
CXCL8,CCL11,2.23606797749979,0.7453559924999299,0.2546440075000701
CXCL8,CCL18,2,0.6666666666666666,0.33333333333333337
CXCL8,CCL24,2,0.6666666666666666,0.33333333333333337
CXCL8,CCL28,2.23606797749979,0.7453559924999299,0.2546440075000701
CXCL8,CXCL9,2,0.6666666666666666,0.33333333333333337
CXCL8,CXCL10,2,0.6666666666666666,0.33333333333333337
CXCL8,CXCL11,2.449489742783178,0.8164965809277259,0.18350341907227408
CXCL8,CCL17,2,0.6666666666666666,0.33333333333333337
CXCL8,CCL22,2.23606797749979,0.7453559924999299,0.2546440075000701
CXCL8,CCL20,2,0.6666666666666666,0.33333333333333337
CXCL8,CCL19,2.449489742783178,0.8164965809277259,0.18350341907227408
CXCL8,CCL21,2.23606797749979,0.7453559924999299,0.2546440075000701
CXCL8,CCL1,1.7320508075688772,0.5773502691896257,0.42264973081037427
CXCL8,CCL25,2.23606797749979,0.7453559924999299,0.2546440075000701
CXCL8,CCL27,2,0.6666666666666666,0.33333333333333337
CXCL8,CXCL1,0,0,1
CXCL8,CXCL3,1,0.3333333333333333,0.6666666666666667
CXCL8,CXCL6,1.4142135623730951,0.47140452079103173,0.5285954792089682
CXCL8,CXCL8,0,0,1
CXCL8,CXCL2,1.4142135623730951,0.47140452079103173,0.5285954792089682
CXCL8,CXCL5,1,0.3333333333333333,0.6666666666666667
CXCL8,CXCL7,1.4142135623730951,0.47140452079103173,0.5285954792089682
CXCL8,CXCL13,2,0.6666666666666666,0.33333333333333337
CXCL8,CXCL12,2.23606797749979,0.7453559924999299,0.2546440075000701
CXCL8,CXCL16,2,0.6666666666666666,0.33333333333333337
CXCL8,CX3CL1,2,0.6666666666666666,0.33333333333333337
CXCL8,XCL1,2,0.6666666666666666,0.33333333333333337
CXCL8,XCL2,2,0.6666666666666666,0.33333333333333337
CXCL2,CCL3,2,0.6666666666666666,0.33333333333333337
CXCL2,CCL4,2,0.6666666666666666,0.33333333333333337
CXCL2,CCL5,2.449489742783178,0.8164965809277259,0.18350341907227408
CXCL2,CCL7,2.6457513110645907,0.8819171036881969,0.11808289631180313
CXCL2,CCL8,2.6457513110645907,0.8819171036881969,0.11808289631180313
CXCL2,CCL14,2.449489742783178,0.8164965809277259,0.18350341907227408
CXCL2,CCL15,1.7320508075688772,0.5773502691896257,0.42264973081037427
CXCL2,CCL16,2,0.6666666666666666,0.33333333333333337
CXCL2,CCL23,1.4142135623730951,0.47140452079103173,0.5285954792089682
CXCL2,CCL26,2.449489742783178,0.8164965809277259,0.18350341907227408
CXCL2,CXCL4,1.7320508075688772,0.5773502691896257,0.42264973081037427
CXCL2,CCL3L1,2,0.6666666666666666,0.33333333333333337
CXCL2,CCL2,2.23606797749979,0.7453559924999299,0.2546440075000701
CXCL2,CCL13,2.449489742783178,0.8164965809277259,0.18350341907227408
CXCL2,CCL11,2.23606797749979,0.7453559924999299,0.2546440075000701
CXCL2,CCL18,2,0.6666666666666666,0.33333333333333337
CXCL2,CCL24,1.4142135623730951,0.47140452079103173,0.5285954792089682
CXCL2,CCL28,1.7320508075688772,0.5773502691896257,0.42264973081037427
CXCL2,CXCL9,2,0.6666666666666666,0.33333333333333337
CXCL2,CXCL10,2,0.6666666666666666,0.33333333333333337
CXCL2,CXCL11,2.449489742783178,0.8164965809277259,0.18350341907227408
CXCL2,CCL17,2,0.6666666666666666,0.33333333333333337
CXCL2,CCL22,1.7320508075688772,0.5773502691896257,0.42264973081037427
CXCL2,CCL20,1.4142135623730951,0.47140452079103173,0.5285954792089682
CXCL2,CCL19,2,0.6666666666666666,0.33333333333333337
CXCL2,CCL21,1.7320508075688772,0.5773502691896257,0.42264973081037427
CXCL2,CCL1,1.7320508075688772,0.5773502691896257,0.42264973081037427
CXCL2,CCL25,1.7320508075688772,0.5773502691896257,0.42264973081037427
CXCL2,CCL27,1.4142135623730951,0.47140452079103173,0.5285954792089682
CXCL2,CXCL1,1.4142135623730951,0.47140452079103173,0.5285954792089682
CXCL2,CXCL3,1,0.3333333333333333,0.6666666666666667
CXCL2,CXCL6,1.4142135623730951,0.47140452079103173,0.5285954792089682
CXCL2,CXCL8,1.4142135623730951,0.47140452079103173,0.5285954792089682
CXCL2,CXCL2,0,0,1
CXCL2,CXCL5,1,0.3333333333333333,0.6666666666666667
CXCL2,CXCL7,0,0,1
CXCL2,CXCL13,2,0.6666666666666666,0.33333333333333337
CXCL2,CXCL12,1.7320508075688772,0.5773502691896257,0.42264973081037427
CXCL2,CXCL16,1.4142135623730951,0.47140452079103173,0.5285954792089682
CXCL2,CX3CL1,1.4142135623730951,0.47140452079103173,0.5285954792089682
CXCL2,XCL1,1.4142135623730951,0.47140452079103173,0.5285954792089682
CXCL2,XCL2,1.4142135623730951,0.47140452079103173,0.5285954792089682
CXCL5,CCL3,2.23606797749979,0.7453559924999299,0.2546440075000701
CXCL5,CCL4,2.23606797749979,0.7453559924999299,0.2546440075000701
CXCL5,CCL5,2.23606797749979,0.7453559924999299,0.2546440075000701
CXCL5,CCL7,2.449489742783178,0.8164965809277259,0.18350341907227408
CXCL5,CCL8,2.449489742783178,0.8164965809277259,0.18350341907227408
CXCL5,CCL14,2.23606797749979,0.7453559924999299,0.2546440075000701
CXCL5,CCL15,2,0.6666666666666666,0.33333333333333337
CXCL5,CCL16,1.7320508075688772,0.5773502691896257,0.42264973081037427
CXCL5,CCL23,1.7320508075688772,0.5773502691896257,0.42264973081037427
CXCL5,CCL26,2.6457513110645907,0.8819171036881969,0.11808289631180313
CXCL5,CXCL4,2,0.6666666666666666,0.33333333333333337
CXCL5,CCL3L1,2.23606797749979,0.7453559924999299,0.2546440075000701
CXCL5,CCL2,2,0.6666666666666666,0.33333333333333337
CXCL5,CCL13,2.23606797749979,0.7453559924999299,0.2546440075000701
CXCL5,CCL11,2,0.6666666666666666,0.33333333333333337
CXCL5,CCL18,1.7320508075688772,0.5773502691896257,0.42264973081037427
CXCL5,CCL24,1.7320508075688772,0.5773502691896257,0.42264973081037427
CXCL5,CCL28,2,0.6666666666666666,0.33333333333333337
CXCL5,CXCL9,1.7320508075688772,0.5773502691896257,0.42264973081037427
CXCL5,CXCL10,1.7320508075688772,0.5773502691896257,0.42264973081037427
CXCL5,CXCL11,2.23606797749979,0.7453559924999299,0.2546440075000701
CXCL5,CCL17,1.7320508075688772,0.5773502691896257,0.42264973081037427
CXCL5,CCL22,2,0.6666666666666666,0.33333333333333337
CXCL5,CCL20,1.7320508075688772,0.5773502691896257,0.42264973081037427
CXCL5,CCL19,2.23606797749979,0.7453559924999299,0.2546440075000701
CXCL5,CCL21,2,0.6666666666666666,0.33333333333333337
CXCL5,CCL1,1.4142135623730951,0.47140452079103173,0.5285954792089682
CXCL5,CCL25,2,0.6666666666666666,0.33333333333333337
CXCL5,CCL27,1.7320508075688772,0.5773502691896257,0.42264973081037427
CXCL5,CXCL1,1,0.3333333333333333,0.6666666666666667
CXCL5,CXCL3,1.4142135623730951,0.47140452079103173,0.5285954792089682
CXCL5,CXCL6,1.7320508075688772,0.5773502691896257,0.42264973081037427
CXCL5,CXCL8,1,0.3333333333333333,0.6666666666666667
CXCL5,CXCL2,1,0.3333333333333333,0.6666666666666667
CXCL5,CXCL5,0,0,1
CXCL5,CXCL7,1,0.3333333333333333,0.6666666666666667
CXCL5,CXCL13,1.7320508075688772,0.5773502691896257,0.42264973081037427
CXCL5,CXCL12,2,0.6666666666666666,0.33333333333333337
CXCL5,CXCL16,1.7320508075688772,0.5773502691896257,0.42264973081037427
CXCL5,CX3CL1,1.7320508075688772,0.5773502691896257,0.42264973081037427
CXCL5,XCL1,1.7320508075688772,0.5773502691896257,0.42264973081037427
CXCL5,XCL2,1.7320508075688772,0.5773502691896257,0.42264973081037427
CXCL7,CCL3,2,0.6666666666666666,0.33333333333333337
CXCL7,CCL4,2,0.6666666666666666,0.33333333333333337
CXCL7,CCL5,2.449489742783178,0.8164965809277259,0.18350341907227408
CXCL7,CCL7,2.6457513110645907,0.8819171036881969,0.11808289631180313
CXCL7,CCL8,2.6457513110645907,0.8819171036881969,0.11808289631180313
CXCL7,CCL14,2.449489742783178,0.8164965809277259,0.18350341907227408
CXCL7,CCL15,1.7320508075688772,0.5773502691896257,0.42264973081037427
CXCL7,CCL16,2,0.6666666666666666,0.33333333333333337
CXCL7,CCL23,1.4142135623730951,0.47140452079103173,0.5285954792089682
CXCL7,CCL26,2.449489742783178,0.8164965809277259,0.18350341907227408
CXCL7,CXCL4,1.7320508075688772,0.5773502691896257,0.42264973081037427
CXCL7,CCL3L1,2,0.6666666666666666,0.33333333333333337
CXCL7,CCL2,2.23606797749979,0.7453559924999299,0.2546440075000701
CXCL7,CCL13,2.449489742783178,0.8164965809277259,0.18350341907227408
CXCL7,CCL11,2.23606797749979,0.7453559924999299,0.2546440075000701
CXCL7,CCL18,2,0.6666666666666666,0.33333333333333337
CXCL7,CCL24,1.4142135623730951,0.47140452079103173,0.5285954792089682
CXCL7,CCL28,1.7320508075688772,0.5773502691896257,0.42264973081037427
CXCL7,CXCL9,2,0.6666666666666666,0.33333333333333337
CXCL7,CXCL10,2,0.6666666666666666,0.33333333333333337
CXCL7,CXCL11,2.449489742783178,0.8164965809277259,0.18350341907227408
CXCL7,CCL17,2,0.6666666666666666,0.33333333333333337
CXCL7,CCL22,1.7320508075688772,0.5773502691896257,0.42264973081037427
CXCL7,CCL20,1.4142135623730951,0.47140452079103173,0.5285954792089682
CXCL7,CCL19,2,0.6666666666666666,0.33333333333333337
CXCL7,CCL21,1.7320508075688772,0.5773502691896257,0.42264973081037427
CXCL7,CCL1,1.7320508075688772,0.5773502691896257,0.42264973081037427
CXCL7,CCL25,1.7320508075688772,0.5773502691896257,0.42264973081037427
CXCL7,CCL27,1.4142135623730951,0.47140452079103173,0.5285954792089682
CXCL7,CXCL1,1.4142135623730951,0.47140452079103173,0.5285954792089682
CXCL7,CXCL3,1,0.3333333333333333,0.6666666666666667
CXCL7,CXCL6,1.4142135623730951,0.47140452079103173,0.5285954792089682
CXCL7,CXCL8,1.4142135623730951,0.47140452079103173,0.5285954792089682
CXCL7,CXCL2,0,0,1
CXCL7,CXCL5,1,0.3333333333333333,0.6666666666666667
CXCL7,CXCL7,0,0,1
CXCL7,CXCL13,2,0.6666666666666666,0.33333333333333337
CXCL7,CXCL12,1.7320508075688772,0.5773502691896257,0.42264973081037427
CXCL7,CXCL16,1.4142135623730951,0.47140452079103173,0.5285954792089682
CXCL7,CX3CL1,1.4142135623730951,0.47140452079103173,0.5285954792089682
CXCL7,XCL1,1.4142135623730951,0.47140452079103173,0.5285954792089682
CXCL7,XCL2,1.4142135623730951,0.47140452079103173,0.5285954792089682
CXCL13,CCL3,2.449489742783178,0.8164965809277259,0.18350341907227408
CXCL13,CCL4,2.449489742783178,0.8164965809277259,0.18350341907227408
CXCL13,CCL5,2.449489742783178,0.8164965809277259,0.18350341907227408
CXCL13,CCL7,2.6457513110645907,0.8819171036881969,0.11808289631180313
CXCL13,CCL8,2.6457513110645907,0.8819171036881969,0.11808289631180313
CXCL13,CCL14,2.449489742783178,0.8164965809277259,0.18350341907227408
CXCL13,CCL15,2.23606797749979,0.7453559924999299,0.2546440075000701
CXCL13,CCL16,2,0.6666666666666666,0.33333333333333337
CXCL13,CCL23,2,0.6666666666666666,0.33333333333333337
CXCL13,CCL26,2.8284271247461903,0.9428090415820635,0.05719095841793653
CXCL13,CXCL4,1.7320508075688772,0.5773502691896257,0.42264973081037427
CXCL13,CCL3L1,2.449489742783178,0.8164965809277259,0.18350341907227408
CXCL13,CCL2,2.23606797749979,0.7453559924999299,0.2546440075000701
CXCL13,CCL13,2.449489742783178,0.8164965809277259,0.18350341907227408
CXCL13,CCL11,2.23606797749979,0.7453559924999299,0.2546440075000701
CXCL13,CCL18,2,0.6666666666666666,0.33333333333333337
CXCL13,CCL24,2,0.6666666666666666,0.33333333333333337
CXCL13,CCL28,2.23606797749979,0.7453559924999299,0.2546440075000701
CXCL13,CXCL9,1.4142135623730951,0.47140452079103173,0.5285954792089682
CXCL13,CXCL10,1.4142135623730951,0.47140452079103173,0.5285954792089682
CXCL13,CXCL11,2,0.6666666666666666,0.33333333333333337
CXCL13,CCL17,2,0.6666666666666666,0.33333333333333337
CXCL13,CCL22,2.23606797749979,0.7453559924999299,0.2546440075000701
CXCL13,CCL20,2,0.6666666666666666,0.33333333333333337
CXCL13,CCL19,2.449489742783178,0.8164965809277259,0.18350341907227408
CXCL13,CCL21,2.23606797749979,0.7453559924999299,0.2546440075000701
CXCL13,CCL1,1.7320508075688772,0.5773502691896257,0.42264973081037427
CXCL13,CCL25,2.23606797749979,0.7453559924999299,0.2546440075000701
CXCL13,CCL27,2,0.6666666666666666,0.33333333333333337
CXCL13,CXCL1,2,0.6666666666666666,0.33333333333333337
CXCL13,CXCL3,2.23606797749979,0.7453559924999299,0.2546440075000701
CXCL13,CXCL6,2,0.6666666666666666,0.33333333333333337
CXCL13,CXCL8,2,0.6666666666666666,0.33333333333333337
CXCL13,CXCL2,2,0.6666666666666666,0.33333333333333337
CXCL13,CXCL5,1.7320508075688772,0.5773502691896257,0.42264973081037427
CXCL13,CXCL7,2,0.6666666666666666,0.33333333333333337
CXCL13,CXCL13,0,0,1
CXCL13,CXCL12,2.23606797749979,0.7453559924999299,0.2546440075000701
CXCL13,CXCL16,2,0.6666666666666666,0.33333333333333337
CXCL13,CX3CL1,2,0.6666666666666666,0.33333333333333337
CXCL13,XCL1,2,0.6666666666666666,0.33333333333333337
CXCL13,XCL2,2,0.6666666666666666,0.33333333333333337
CXCL12,CCL3,2.23606797749979,0.7453559924999299,0.2546440075000701
CXCL12,CCL4,2.23606797749979,0.7453559924999299,0.2546440075000701
CXCL12,CCL5,2.6457513110645907,0.8819171036881969,0.11808289631180313
CXCL12,CCL7,2.8284271247461903,0.9428090415820635,0.05719095841793653
CXCL12,CCL8,2.8284271247461903,0.9428090415820635,0.05719095841793653
CXCL12,CCL14,2.6457513110645907,0.8819171036881969,0.11808289631180313
CXCL12,CCL15,2,0.6666666666666666,0.33333333333333337
CXCL12,CCL16,2.23606797749979,0.7453559924999299,0.2546440075000701
CXCL12,CCL23,1.7320508075688772,0.5773502691896257,0.42264973081037427
CXCL12,CCL26,2.6457513110645907,0.8819171036881969,0.11808289631180313
CXCL12,CXCL4,2,0.6666666666666666,0.33333333333333337
CXCL12,CCL3L1,2.23606797749979,0.7453559924999299,0.2546440075000701
CXCL12,CCL2,2.449489742783178,0.8164965809277259,0.18350341907227408
CXCL12,CCL13,2.6457513110645907,0.8819171036881969,0.11808289631180313
CXCL12,CCL11,2.449489742783178,0.8164965809277259,0.18350341907227408
CXCL12,CCL18,2.23606797749979,0.7453559924999299,0.2546440075000701
CXCL12,CCL24,1.7320508075688772,0.5773502691896257,0.42264973081037427
CXCL12,CCL28,2,0.6666666666666666,0.33333333333333337
CXCL12,CXCL9,2.23606797749979,0.7453559924999299,0.2546440075000701
CXCL12,CXCL10,2.23606797749979,0.7453559924999299,0.2546440075000701
CXCL12,CXCL11,2.23606797749979,0.7453559924999299,0.2546440075000701
CXCL12,CCL17,2.23606797749979,0.7453559924999299,0.2546440075000701
CXCL12,CCL22,2,0.6666666666666666,0.33333333333333337
CXCL12,CCL20,1.7320508075688772,0.5773502691896257,0.42264973081037427
CXCL12,CCL19,2.23606797749979,0.7453559924999299,0.2546440075000701
CXCL12,CCL21,2,0.6666666666666666,0.33333333333333337
CXCL12,CCL1,2,0.6666666666666666,0.33333333333333337
CXCL12,CCL25,2,0.6666666666666666,0.33333333333333337
CXCL12,CCL27,1.7320508075688772,0.5773502691896257,0.42264973081037427
CXCL12,CXCL1,2.23606797749979,0.7453559924999299,0.2546440075000701
CXCL12,CXCL3,2,0.6666666666666666,0.33333333333333337
CXCL12,CXCL6,1.7320508075688772,0.5773502691896257,0.42264973081037427
CXCL12,CXCL8,2.23606797749979,0.7453559924999299,0.2546440075000701
CXCL12,CXCL2,1.7320508075688772,0.5773502691896257,0.42264973081037427
CXCL12,CXCL5,2,0.6666666666666666,0.33333333333333337
CXCL12,CXCL7,1.7320508075688772,0.5773502691896257,0.42264973081037427
CXCL12,CXCL13,2.23606797749979,0.7453559924999299,0.2546440075000701
CXCL12,CXCL12,0,0,1
CXCL12,CXCL16,1.7320508075688772,0.5773502691896257,0.42264973081037427
CXCL12,CX3CL1,1.7320508075688772,0.5773502691896257,0.42264973081037427
CXCL12,XCL1,1.7320508075688772,0.5773502691896257,0.42264973081037427
CXCL12,XCL2,1.7320508075688772,0.5773502691896257,0.42264973081037427
CXCL16,CCL3,2,0.6666666666666666,0.33333333333333337
CXCL16,CCL4,2,0.6666666666666666,0.33333333333333337
CXCL16,CCL5,2.449489742783178,0.8164965809277259,0.18350341907227408
CXCL16,CCL7,2.6457513110645907,0.8819171036881969,0.11808289631180313
CXCL16,CCL8,2.6457513110645907,0.8819171036881969,0.11808289631180313
CXCL16,CCL14,2.449489742783178,0.8164965809277259,0.18350341907227408
CXCL16,CCL15,1.7320508075688772,0.5773502691896257,0.42264973081037427
CXCL16,CCL16,2,0.6666666666666666,0.33333333333333337
CXCL16,CCL23,1.4142135623730951,0.47140452079103173,0.5285954792089682
CXCL16,CCL26,2.449489742783178,0.8164965809277259,0.18350341907227408
CXCL16,CXCL4,1.7320508075688772,0.5773502691896257,0.42264973081037427
CXCL16,CCL3L1,2,0.6666666666666666,0.33333333333333337
CXCL16,CCL2,2.23606797749979,0.7453559924999299,0.2546440075000701
CXCL16,CCL13,2.449489742783178,0.8164965809277259,0.18350341907227408
CXCL16,CCL11,2.23606797749979,0.7453559924999299,0.2546440075000701
CXCL16,CCL18,2,0.6666666666666666,0.33333333333333337
CXCL16,CCL24,1.4142135623730951,0.47140452079103173,0.5285954792089682
CXCL16,CCL28,1.7320508075688772,0.5773502691896257,0.42264973081037427
CXCL16,CXCL9,2,0.6666666666666666,0.33333333333333337
CXCL16,CXCL10,2,0.6666666666666666,0.33333333333333337
CXCL16,CXCL11,2.449489742783178,0.8164965809277259,0.18350341907227408
CXCL16,CCL17,2,0.6666666666666666,0.33333333333333337
CXCL16,CCL22,1.7320508075688772,0.5773502691896257,0.42264973081037427
CXCL16,CCL20,1.4142135623730951,0.47140452079103173,0.5285954792089682
CXCL16,CCL19,2,0.6666666666666666,0.33333333333333337
CXCL16,CCL21,1.7320508075688772,0.5773502691896257,0.42264973081037427
CXCL16,CCL1,1.7320508075688772,0.5773502691896257,0.42264973081037427
CXCL16,CCL25,1.7320508075688772,0.5773502691896257,0.42264973081037427
CXCL16,CCL27,1.4142135623730951,0.47140452079103173,0.5285954792089682
CXCL16,CXCL1,2,0.6666666666666666,0.33333333333333337
CXCL16,CXCL3,1.7320508075688772,0.5773502691896257,0.42264973081037427
CXCL16,CXCL6,1.4142135623730951,0.47140452079103173,0.5285954792089682
CXCL16,CXCL8,2,0.6666666666666666,0.33333333333333337
CXCL16,CXCL2,1.4142135623730951,0.47140452079103173,0.5285954792089682
CXCL16,CXCL5,1.7320508075688772,0.5773502691896257,0.42264973081037427
CXCL16,CXCL7,1.4142135623730951,0.47140452079103173,0.5285954792089682
CXCL16,CXCL13,2,0.6666666666666666,0.33333333333333337
CXCL16,CXCL12,1.7320508075688772,0.5773502691896257,0.42264973081037427
CXCL16,CXCL16,0,0,1
CXCL16,CX3CL1,1.4142135623730951,0.47140452079103173,0.5285954792089682
CXCL16,XCL1,1.4142135623730951,0.47140452079103173,0.5285954792089682
CXCL16,XCL2,1.4142135623730951,0.47140452079103173,0.5285954792089682
CX3CL1,CCL3,2,0.6666666666666666,0.33333333333333337
CX3CL1,CCL4,2,0.6666666666666666,0.33333333333333337
CX3CL1,CCL5,2.449489742783178,0.8164965809277259,0.18350341907227408
CX3CL1,CCL7,2.6457513110645907,0.8819171036881969,0.11808289631180313
CX3CL1,CCL8,2.6457513110645907,0.8819171036881969,0.11808289631180313
CX3CL1,CCL14,2.449489742783178,0.8164965809277259,0.18350341907227408
CX3CL1,CCL15,1.7320508075688772,0.5773502691896257,0.42264973081037427
CX3CL1,CCL16,2,0.6666666666666666,0.33333333333333337
CX3CL1,CCL23,1.4142135623730951,0.47140452079103173,0.5285954792089682
CX3CL1,CCL26,2,0.6666666666666666,0.33333333333333337
CX3CL1,CXCL4,1.7320508075688772,0.5773502691896257,0.42264973081037427
CX3CL1,CCL3L1,2,0.6666666666666666,0.33333333333333337
CX3CL1,CCL2,2.23606797749979,0.7453559924999299,0.2546440075000701
CX3CL1,CCL13,2.449489742783178,0.8164965809277259,0.18350341907227408
CX3CL1,CCL11,2.23606797749979,0.7453559924999299,0.2546440075000701
CX3CL1,CCL18,2,0.6666666666666666,0.33333333333333337
CX3CL1,CCL24,1.4142135623730951,0.47140452079103173,0.5285954792089682
CX3CL1,CCL28,1.7320508075688772,0.5773502691896257,0.42264973081037427
CX3CL1,CXCL9,2,0.6666666666666666,0.33333333333333337
CX3CL1,CXCL10,2,0.6666666666666666,0.33333333333333337
CX3CL1,CXCL11,2.449489742783178,0.8164965809277259,0.18350341907227408
CX3CL1,CCL17,2,0.6666666666666666,0.33333333333333337
CX3CL1,CCL22,1.7320508075688772,0.5773502691896257,0.42264973081037427
CX3CL1,CCL20,1.4142135623730951,0.47140452079103173,0.5285954792089682
CX3CL1,CCL19,2,0.6666666666666666,0.33333333333333337
CX3CL1,CCL21,1.7320508075688772,0.5773502691896257,0.42264973081037427
CX3CL1,CCL1,1.7320508075688772,0.5773502691896257,0.42264973081037427
CX3CL1,CCL25,1.7320508075688772,0.5773502691896257,0.42264973081037427
CX3CL1,CCL27,1.4142135623730951,0.47140452079103173,0.5285954792089682
CX3CL1,CXCL1,2,0.6666666666666666,0.33333333333333337
CX3CL1,CXCL3,1.7320508075688772,0.5773502691896257,0.42264973081037427
CX3CL1,CXCL6,1.4142135623730951,0.47140452079103173,0.5285954792089682
CX3CL1,CXCL8,2,0.6666666666666666,0.33333333333333337
CX3CL1,CXCL2,1.4142135623730951,0.47140452079103173,0.5285954792089682
CX3CL1,CXCL5,1.7320508075688772,0.5773502691896257,0.42264973081037427
CX3CL1,CXCL7,1.4142135623730951,0.47140452079103173,0.5285954792089682
CX3CL1,CXCL13,2,0.6666666666666666,0.33333333333333337
CX3CL1,CXCL12,1.7320508075688772,0.5773502691896257,0.42264973081037427
CX3CL1,CXCL16,1.4142135623730951,0.47140452079103173,0.5285954792089682
CX3CL1,CX3CL1,0,0,1
CX3CL1,XCL1,1.4142135623730951,0.47140452079103173,0.5285954792089682
CX3CL1,XCL2,1.4142135623730951,0.47140452079103173,0.5285954792089682
XCL1,CCL3,2,0.6666666666666666,0.33333333333333337
XCL1,CCL4,2,0.6666666666666666,0.33333333333333337
XCL1,CCL5,2.449489742783178,0.8164965809277259,0.18350341907227408
XCL1,CCL7,2.6457513110645907,0.8819171036881969,0.11808289631180313
XCL1,CCL8,2.6457513110645907,0.8819171036881969,0.11808289631180313
XCL1,CCL14,2.449489742783178,0.8164965809277259,0.18350341907227408
XCL1,CCL15,1.7320508075688772,0.5773502691896257,0.42264973081037427
XCL1,CCL16,2,0.6666666666666666,0.33333333333333337
XCL1,CCL23,1.4142135623730951,0.47140452079103173,0.5285954792089682
XCL1,CCL26,2.449489742783178,0.8164965809277259,0.18350341907227408
XCL1,CXCL4,1.7320508075688772,0.5773502691896257,0.42264973081037427
XCL1,CCL3L1,2,0.6666666666666666,0.33333333333333337
XCL1,CCL2,2.23606797749979,0.7453559924999299,0.2546440075000701
XCL1,CCL13,2.449489742783178,0.8164965809277259,0.18350341907227408
XCL1,CCL11,2.23606797749979,0.7453559924999299,0.2546440075000701
XCL1,CCL18,2,0.6666666666666666,0.33333333333333337
XCL1,CCL24,1.4142135623730951,0.47140452079103173,0.5285954792089682
XCL1,CCL28,1.7320508075688772,0.5773502691896257,0.42264973081037427
XCL1,CXCL9,2,0.6666666666666666,0.33333333333333337
XCL1,CXCL10,2,0.6666666666666666,0.33333333333333337
XCL1,CXCL11,2.449489742783178,0.8164965809277259,0.18350341907227408
XCL1,CCL17,2,0.6666666666666666,0.33333333333333337
XCL1,CCL22,1.7320508075688772,0.5773502691896257,0.42264973081037427
XCL1,CCL20,1.4142135623730951,0.47140452079103173,0.5285954792089682
XCL1,CCL19,2,0.6666666666666666,0.33333333333333337
XCL1,CCL21,1.7320508075688772,0.5773502691896257,0.42264973081037427
XCL1,CCL1,1.7320508075688772,0.5773502691896257,0.42264973081037427
XCL1,CCL25,1.7320508075688772,0.5773502691896257,0.42264973081037427
XCL1,CCL27,1.4142135623730951,0.47140452079103173,0.5285954792089682
XCL1,CXCL1,2,0.6666666666666666,0.33333333333333337
XCL1,CXCL3,1.7320508075688772,0.5773502691896257,0.42264973081037427
XCL1,CXCL6,1.4142135623730951,0.47140452079103173,0.5285954792089682
XCL1,CXCL8,2,0.6666666666666666,0.33333333333333337
XCL1,CXCL2,1.4142135623730951,0.47140452079103173,0.5285954792089682
XCL1,CXCL5,1.7320508075688772,0.5773502691896257,0.42264973081037427
XCL1,CXCL7,1.4142135623730951,0.47140452079103173,0.5285954792089682
XCL1,CXCL13,2,0.6666666666666666,0.33333333333333337
XCL1,CXCL12,1.7320508075688772,0.5773502691896257,0.42264973081037427
XCL1,CXCL16,1.4142135623730951,0.47140452079103173,0.5285954792089682
XCL1,CX3CL1,1.4142135623730951,0.47140452079103173,0.5285954792089682
XCL1,XCL1,0,0,1
XCL1,XCL2,0,0,1
XCL2,CCL3,2,0.6666666666666666,0.33333333333333337
XCL2,CCL4,2,0.6666666666666666,0.33333333333333337
XCL2,CCL5,2.449489742783178,0.8164965809277259,0.18350341907227408
XCL2,CCL7,2.6457513110645907,0.8819171036881969,0.11808289631180313
XCL2,CCL8,2.6457513110645907,0.8819171036881969,0.11808289631180313
XCL2,CCL14,2.449489742783178,0.8164965809277259,0.18350341907227408
XCL2,CCL15,1.7320508075688772,0.5773502691896257,0.42264973081037427
XCL2,CCL16,2,0.6666666666666666,0.33333333333333337
XCL2,CCL23,1.4142135623730951,0.47140452079103173,0.5285954792089682
XCL2,CCL26,2.449489742783178,0.8164965809277259,0.18350341907227408
XCL2,CXCL4,1.7320508075688772,0.5773502691896257,0.42264973081037427
XCL2,CCL3L1,2,0.6666666666666666,0.33333333333333337
XCL2,CCL2,2.23606797749979,0.7453559924999299,0.2546440075000701
XCL2,CCL13,2.449489742783178,0.8164965809277259,0.18350341907227408
XCL2,CCL11,2.23606797749979,0.7453559924999299,0.2546440075000701
XCL2,CCL18,2,0.6666666666666666,0.33333333333333337
XCL2,CCL24,1.4142135623730951,0.47140452079103173,0.5285954792089682
XCL2,CCL28,1.7320508075688772,0.5773502691896257,0.42264973081037427
XCL2,CXCL9,2,0.6666666666666666,0.33333333333333337
XCL2,CXCL10,2,0.6666666666666666,0.33333333333333337
XCL2,CXCL11,2.449489742783178,0.8164965809277259,0.18350341907227408
XCL2,CCL17,2,0.6666666666666666,0.33333333333333337
XCL2,CCL22,1.7320508075688772,0.5773502691896257,0.42264973081037427
XCL2,CCL20,1.4142135623730951,0.47140452079103173,0.5285954792089682
XCL2,CCL19,2,0.6666666666666666,0.33333333333333337
XCL2,CCL21,1.7320508075688772,0.5773502691896257,0.42264973081037427
XCL2,CCL1,1.7320508075688772,0.5773502691896257,0.42264973081037427
XCL2,CCL25,1.7320508075688772,0.5773502691896257,0.42264973081037427
XCL2,CCL27,1.4142135623730951,0.47140452079103173,0.5285954792089682
XCL2,CXCL1,2,0.6666666666666666,0.33333333333333337
XCL2,CXCL3,1.7320508075688772,0.5773502691896257,0.42264973081037427
XCL2,CXCL6,1.4142135623730951,0.47140452079103173,0.5285954792089682
XCL2,CXCL8,2,0.6666666666666666,0.33333333333333337
XCL2,CXCL2,1.4142135623730951,0.47140452079103173,0.5285954792089682
XCL2,CXCL5,1.7320508075688772,0.5773502691896257,0.42264973081037427
XCL2,CXCL7,1.4142135623730951,0.47140452079103173,0.5285954792089682
XCL2,CXCL13,2,0.6666666666666666,0.33333333333333337
XCL2,CXCL12,1.7320508075688772,0.5773502691896257,0.42264973081037427
XCL2,CXCL16,1.4142135623730951,0.47140452079103173,0.5285954792089682
XCL2,CX3CL1,1.4142135623730951,0.47140452079103173,0.5285954792089682
XCL2,XCL1,0,0,1
XCL2,XCL2,0,0,1
