chemokine,ackr1,ec50
ccl7,wt,1.344E-08
cxcl11,wt,3.679E-07
ccl2,wt,7.405E-08
cxcl8,wt,5.119E-07
cxcl1,wt,3.354E-08
cxcl12,wt,0.000001117
ccl7,g42d,5.701E-09
cxcl11,g42d,2.074E-07
ccl2,g42d,2.296E-08
cxcl8,g42d,1.611E-07
cxcl1,g42d,1.466E-08
cxcl12,g42d,0.000007176