gnccn,RMSD,file1,file2
NTr.Cm4,3.714,5uiw,7o7f
NTr.Cm3,5.098,5uiw,7o7f
NTr.Cm2,1.477,5uiw,7o7f
NTr.Cm1,2.119,5uiw,7o7f
1x22,2.206,5uiw,7o7f
1x23,2.124,5uiw,7o7f
1x24,1.985,5uiw,7o7f
1x25,0.71,5uiw,7o7f
1x26,2.615,5uiw,7o7f
1x27,2.538,5uiw,7o7f
1x28,1.755,5uiw,7o7f
1x29,0.77,5uiw,7o7f
1x30,1.179,5uiw,7o7f
1x31,2.056,5uiw,7o7f
1x32,2.153,5uiw,7o7f
1x33,1.518,5uiw,7o7f
1x34,1.34,5uiw,7o7f
1x35,1.382,5uiw,7o7f
1x36,1.341,5uiw,7o7f
1x37,1.773,5uiw,7o7f
1x38,1.521,5uiw,7o7f
1x39,1.094,5uiw,7o7f
1x40,1.322,5uiw,7o7f
1x41,1.637,5uiw,7o7f
1x42,1.925,5uiw,7o7f
1x43,1.935,5uiw,7o7f
1x44,1.559,5uiw,7o7f
1x45,1.844,5uiw,7o7f
1x46,1.638,5uiw,7o7f
1x47,1.545,5uiw,7o7f
1x48,1.731,5uiw,7o7f
1x49,1.096,5uiw,7o7f
1x50,0.444,5uiw,7o7f
1x51,0.802,5uiw,7o7f
1x52,0.34,5uiw,7o7f
1x53,0.495,5uiw,7o7f
1x54,0.938,5uiw,7o7f
1x55,1.475,5uiw,7o7f
1x56,1.618,5uiw,7o7f
1x57,1.607,5uiw,7o7f
1x58,2.123,5uiw,7o7f
1x59,2.233,5uiw,7o7f
1x60,2.531,5uiw,7o7f
12x48,3.304,5uiw,7o7f
12x49,3.157,5uiw,7o7f
12x50,3.254,5uiw,7o7f
12x51,1.886,5uiw,7o7f
2x37,1.908,5uiw,7o7f
2x38,1.166,5uiw,7o7f
2x39,1.001,5uiw,7o7f
2x40,1.296,5uiw,7o7f
2x41,1.203,5uiw,7o7f
2x42,0.987,5uiw,7o7f
2x43,0.896,5uiw,7o7f
2x44,0.807,5uiw,7o7f
2x45,0.802,5uiw,7o7f
2x46,0.834,5uiw,7o7f
2x47,0.671,5uiw,7o7f
2x48,0.729,5uiw,7o7f
2x49,1.088,5uiw,7o7f
2x50,0.569,5uiw,7o7f
2x51,0.646,5uiw,7o7f
2x52,1.051,5uiw,7o7f
2x53,0.414,5uiw,7o7f
2x54,0.817,5uiw,7o7f
2x55,1.172,5uiw,7o7f
2x56,0.816,5uiw,7o7f
2x57,1.064,5uiw,7o7f
2x58,1.132,5uiw,7o7f
2x59,0.662,5uiw,7o7f
2x60,0.409,5uiw,7o7f
2x61,0.63,5uiw,7o7f
2x62,0.903,5uiw,7o7f
2x63,0.665,5uiw,7o7f
2x64,0.604,5uiw,7o7f
2x65,0.621,5uiw,7o7f
2x66,1.588,5uiw,7o7f
23x49,1.496,5uiw,7o7f
23x50,1.453,5uiw,7o7f
23x51,0.923,5uiw,7o7f
23x52,1.018,5uiw,7o7f
3x21,0.438,5uiw,7o7f
3x22,0.629,5uiw,7o7f
3x23,0.708,5uiw,7o7f
3x24,0.372,5uiw,7o7f
3x25,0.774,5uiw,7o7f
3x26,0.726,5uiw,7o7f
3x27,0.632,5uiw,7o7f
3x28,0.654,5uiw,7o7f
3x29,0.501,5uiw,7o7f
3x30,0.651,5uiw,7o7f
3x31,0.679,5uiw,7o7f
3x32,0.647,5uiw,7o7f
3x33,0.686,5uiw,7o7f
3x34,0.73,5uiw,7o7f
3x35,0.651,5uiw,7o7f
3x36,0.686,5uiw,7o7f
3x37,0.706,5uiw,7o7f
3x38,0.701,5uiw,7o7f
3x39,0.75,5uiw,7o7f
3x40,0.787,5uiw,7o7f
3x41,0.675,5uiw,7o7f
3x42,0.794,5uiw,7o7f
3x43,0.779,5uiw,7o7f
3x44,0.795,5uiw,7o7f
3x45,0.801,5uiw,7o7f
3x46,0.89,5uiw,7o7f
3x47,0.774,5uiw,7o7f
3x48,0.712,5uiw,7o7f
3x49,0.558,5uiw,7o7f
3x50,0.599,5uiw,7o7f
3x51,0.811,5uiw,7o7f
3x52,1.148,5uiw,7o7f
3x53,1.519,5uiw,7o7f
3x54,1.822,5uiw,7o7f
3x55,1.683,5uiw,7o7f
3x56,1.984,5uiw,7o7f
34x50,1.948,5uiw,7o7f
34x51,2.388,5uiw,7o7f
34x52,2.21,5uiw,7o7f
34x53,1.257,5uiw,7o7f
34x54,1.949,5uiw,7o7f
34x55,2.195,5uiw,7o7f
34x56,1.848,5uiw,7o7f
34x57,1.5,5uiw,7o7f
4x38,1.019,5uiw,7o7f
4x39,1.648,5uiw,7o7f
4x40,1.541,5uiw,7o7f
4x41,0.86,5uiw,7o7f
4x42,0.97,5uiw,7o7f
4x43,1.043,5uiw,7o7f
4x44,0.899,5uiw,7o7f
4x45,0.705,5uiw,7o7f
4x46,0.73,5uiw,7o7f
4x47,0.872,5uiw,7o7f
4x48,0.583,5uiw,7o7f
4x49,0.721,5uiw,7o7f
4x50,0.768,5uiw,7o7f
4x51,0.86,5uiw,7o7f
4x52,0.567,5uiw,7o7f
4x53,0.646,5uiw,7o7f
4x54,0.695,5uiw,7o7f
4x55,0.562,5uiw,7o7f
4x56,0.611,5uiw,7o7f
4x57,0.319,5uiw,7o7f
4x59,0.36,5uiw,7o7f
4x60,0.405,5uiw,7o7f
4x61,0.429,5uiw,7o7f
4x62,0.264,5uiw,7o7f
4x63,0.432,5uiw,7o7f
4x64,0.922,5uiw,7o7f
4x65,0.789,5uiw,7o7f
ECL2.Cm10,0.663,5uiw,7o7f
ECL2.Cm9,0.686,5uiw,7o7f
ECL2.Cm8,0.323,5uiw,7o7f
ECL2.Cm7,2.034,5uiw,7o7f
ECL2.Cm6,3.598,5uiw,7o7f
ECL2.Cm5,3.786,5uiw,7o7f
ECL2.Cm4,0.876,5uiw,7o7f
ECL2.Cm3,0.909,5uiw,7o7f
ECL2.Cm2,0.495,5uiw,7o7f
ECL2.Cm1,0.83,5uiw,7o7f
45x50,0.818,5uiw,7o7f
45x51,0.628,5uiw,7o7f
45x52,1.15,5uiw,7o7f
ECL2.Cp3,1.084,5uiw,7o7f
ECL2.Cp4,1.182,5uiw,7o7f
ECL2.Cp5,1.336,5uiw,7o7f
ECL2.Cp6,1.642,5uiw,7o7f
ECL2.Cp7,1.27,5uiw,7o7f
5x31,1.643,5uiw,7o7f
5x32,2.041,5uiw,7o7f
5x33,1.886,5uiw,7o7f
5x34,1.107,5uiw,7o7f
5x35,0.803,5uiw,7o7f
5x36,1.158,5uiw,7o7f
5x37,0.67,5uiw,7o7f
5x38,0.578,5uiw,7o7f
5x39,0.571,5uiw,7o7f
5x40,0.267,5uiw,7o7f
5x41,0.375,5uiw,7o7f
5x42,0.444,5uiw,7o7f
5x43,0.549,5uiw,7o7f
5x44,0.636,5uiw,7o7f
5x45,0.498,5uiw,7o7f
5x46,0.502,5uiw,7o7f
5x461,0.761,5uiw,7o7f
5x47,0.913,5uiw,7o7f
5x48,0.638,5uiw,7o7f
5x49,0.512,5uiw,7o7f
5x50,0.558,5uiw,7o7f
5x51,1.147,5uiw,7o7f
5x52,0.77,5uiw,7o7f
5x53,0.771,5uiw,7o7f
5x54,1.576,5uiw,7o7f
5x55,1.879,5uiw,7o7f
5x56,1.85,5uiw,7o7f
5x57,1.758,5uiw,7o7f
5x58,2.311,5uiw,7o7f
5x59,2.275,5uiw,7o7f
5x60,2.051,5uiw,7o7f
5x61,2.219,5uiw,7o7f
5x62,2.12,5uiw,7o7f
5x63,2.079,5uiw,7o7f
5x64,2.049,5uiw,7o7f
5x65,2.075,5uiw,7o7f
5x66,1.667,5uiw,7o7f
5x67,2.483,5uiw,7o7f
ICL3,9.413,5uiw,7o7f
6x28,7.491,5uiw,7o7f
6x29,7.221,5uiw,7o7f
6x30,7.41,5uiw,7o7f
6x31,6.947,5uiw,7o7f
6x32,6.369,5uiw,7o7f
6x33,6.488,5uiw,7o7f
6x34,6.508,5uiw,7o7f
6x35,5.687,5uiw,7o7f
6x36,5.156,5uiw,7o7f
6x37,5.822,5uiw,7o7f
6x38,5.172,5uiw,7o7f
6x39,3.799,5uiw,7o7f
6x40,3.999,5uiw,7o7f
6x41,4.516,5uiw,7o7f
6x42,3.515,5uiw,7o7f
6x43,2.385,5uiw,7o7f
6x44,2.661,5uiw,7o7f
6x45,2.347,5uiw,7o7f
6x46,2.152,5uiw,7o7f
6x47,1.863,5uiw,7o7f
6x48,2.02,5uiw,7o7f
6x49,1.557,5uiw,7o7f
6x50,0.7,5uiw,7o7f
6x51,0.394,5uiw,7o7f
6x52,0.325,5uiw,7o7f
6x53,0.432,5uiw,7o7f
6x54,0.42,5uiw,7o7f
6x55,0.319,5uiw,7o7f
6x56,0.536,5uiw,7o7f
6x57,0.595,5uiw,7o7f
6x58,0.593,5uiw,7o7f
6x59,0.64,5uiw,7o7f
6x60,0.461,5uiw,7o7f
6x61,0.617,5uiw,7o7f
6x62,0.353,5uiw,7o7f
6x63,0.654,5uiw,7o7f
6x64,0.69,5uiw,7o7f
6x65,0.683,5uiw,7o7f
ECL3.Cm3,0.968,5uiw,7o7f
ECL3.Cm2,2.374,5uiw,7o7f
7x23,1.671,5uiw,7o7f
7x24,0.875,5uiw,7o7f
7x25,1.217,5uiw,7o7f
7x26,0.976,5uiw,7o7f
7x27,0.864,5uiw,7o7f
7x28,0.665,5uiw,7o7f
7x29,0.998,5uiw,7o7f
7x30,1.337,5uiw,7o7f
7x31,1.092,5uiw,7o7f
7x32,0.823,5uiw,7o7f
7x33,0.824,5uiw,7o7f
7x34,1.117,5uiw,7o7f
7x35,1.052,5uiw,7o7f
7x36,0.591,5uiw,7o7f
7x37,0.3,5uiw,7o7f
7x38,0.991,5uiw,7o7f
7x39,1.493,5uiw,7o7f
7x40,1.429,5uiw,7o7f
7x41,0.889,5uiw,7o7f
7x42,1.519,5uiw,7o7f
7x43,2.161,5uiw,7o7f
7x45,2.004,5uiw,7o7f
7x46,2.051,5uiw,7o7f
7x47,1.484,5uiw,7o7f
7x48,0.948,5uiw,7o7f
7x49,2.399,5uiw,7o7f
7x50,3.558,5uiw,7o7f
7x51,3.479,5uiw,7o7f
7x52,3.07,5uiw,7o7f
7x53,5.44,5uiw,7o7f
7x54,7.066,5uiw,7o7f
7x55,5.635,5uiw,7o7f
7x56,2.925,5uiw,7o7f
8x47,2.961,5uiw,7o7f
8x48,3.638,5uiw,7o7f
8x49,2.692,5uiw,7o7f
8x50,3.444,5uiw,7o7f
8x51,3.137,5uiw,7o7f
8x52,2.592,5uiw,7o7f
8x53,2.517,5uiw,7o7f
8x54,2.601,5uiw,7o7f
8x55,2.104,5uiw,7o7f
8x56,1.6,5uiw,7o7f
8x57,2.812,5uiw,7o7f
8x58,2.785,5uiw,7o7f
8x59,1.77,5uiw,7o7f
CT,25.371,5uiw,7o7f
1x35,5.607,5uiw,7f1r
1x36,4.294,5uiw,7f1r
1x37,3.046,5uiw,7f1r
1x38,3.516,5uiw,7f1r
1x39,3.671,5uiw,7f1r
1x40,2.457,5uiw,7f1r
1x41,1.701,5uiw,7f1r
1x42,3.041,5uiw,7f1r
1x43,3.056,5uiw,7f1r
1x44,1.667,5uiw,7f1r
1x45,1.673,5uiw,7f1r
1x46,1.795,5uiw,7f1r
1x47,1.74,5uiw,7f1r
1x48,1.657,5uiw,7f1r
1x49,1.24,5uiw,7f1r
1x50,0.806,5uiw,7f1r
1x51,0.709,5uiw,7f1r
1x52,0.593,5uiw,7f1r
1x53,0.284,5uiw,7f1r
1x54,0.77,5uiw,7f1r
1x55,0.963,5uiw,7f1r
1x56,1.048,5uiw,7f1r
1x57,1.69,5uiw,7f1r
1x58,1.865,5uiw,7f1r
1x59,1.46,5uiw,7f1r
1x60,1.184,5uiw,7f1r
12x48,2.263,5uiw,7f1r
12x49,2.471,5uiw,7f1r
12x50,2.193,5uiw,7f1r
12x51,2.702,5uiw,7f1r
2x37,2.194,5uiw,7f1r
2x38,2.291,5uiw,7f1r
2x39,1.719,5uiw,7f1r
2x40,1.528,5uiw,7f1r
2x41,1.943,5uiw,7f1r
2x42,1.119,5uiw,7f1r
2x43,0.958,5uiw,7f1r
2x44,1.107,5uiw,7f1r
2x45,1.15,5uiw,7f1r
2x46,0.83,5uiw,7f1r
2x47,0.776,5uiw,7f1r
2x48,1.151,5uiw,7f1r
2x49,0.717,5uiw,7f1r
2x50,0.696,5uiw,7f1r
2x51,1.23,5uiw,7f1r
2x52,1.633,5uiw,7f1r
2x53,1.684,5uiw,7f1r
2x54,2.311,5uiw,7f1r
2x55,2.246,5uiw,7f1r
2x56,1.399,5uiw,7f1r
2x57,2.128,5uiw,7f1r
2x58,0.387,5uiw,7f1r
2x59,1.298,5uiw,7f1r
2x60,2.247,5uiw,7f1r
2x61,3.287,5uiw,7f1r
2x62,3.521,5uiw,7f1r
2x63,4.653,5uiw,7f1r
2x64,6.233,5uiw,7f1r
2x65,5.937,5uiw,7f1r
2x66,6.28,5uiw,7f1r
3x21,0.968,5uiw,7f1r
3x22,0.98,5uiw,7f1r
3x23,1.264,5uiw,7f1r
3x24,1.038,5uiw,7f1r
3x25,0.421,5uiw,7f1r
3x26,0.741,5uiw,7f1r
3x27,0.739,5uiw,7f1r
3x28,0.828,5uiw,7f1r
3x29,0.682,5uiw,7f1r
3x30,0.943,5uiw,7f1r
3x31,0.829,5uiw,7f1r
3x32,0.467,5uiw,7f1r
3x33,0.791,5uiw,7f1r
3x34,0.906,5uiw,7f1r
3x35,0.613,5uiw,7f1r
3x36,0.231,5uiw,7f1r
3x37,0.526,5uiw,7f1r
3x38,0.593,5uiw,7f1r
3x39,0.361,5uiw,7f1r
3x40,0.776,5uiw,7f1r
3x41,0.559,5uiw,7f1r
3x42,0.815,5uiw,7f1r
3x43,0.653,5uiw,7f1r
3x44,0.697,5uiw,7f1r
3x45,0.768,5uiw,7f1r
3x46,0.823,5uiw,7f1r
3x47,0.688,5uiw,7f1r
3x48,0.998,5uiw,7f1r
3x49,0.866,5uiw,7f1r
3x50,0.867,5uiw,7f1r
3x51,0.886,5uiw,7f1r
3x52,1.402,5uiw,7f1r
3x53,1.647,5uiw,7f1r
3x54,1.674,5uiw,7f1r
3x55,1.778,5uiw,7f1r
3x56,2.477,5uiw,7f1r
34x50,2.623,5uiw,7f1r
34x51,2.916,5uiw,7f1r
34x52,2.385,5uiw,7f1r
34x53,2.177,5uiw,7f1r
34x54,2.561,5uiw,7f1r
34x55,1.836,5uiw,7f1r
34x56,2.032,5uiw,7f1r
34x57,1.792,5uiw,7f1r
4x38,2.168,5uiw,7f1r
4x39,2.372,5uiw,7f1r
4x40,2.433,5uiw,7f1r
4x41,1.508,5uiw,7f1r
4x42,1.575,5uiw,7f1r
4x43,1.705,5uiw,7f1r
4x44,1.321,5uiw,7f1r
4x45,1.161,5uiw,7f1r
4x46,1.228,5uiw,7f1r
4x47,1.401,5uiw,7f1r
4x48,1.087,5uiw,7f1r
4x49,0.999,5uiw,7f1r
4x50,1.134,5uiw,7f1r
4x51,1.075,5uiw,7f1r
4x52,0.959,5uiw,7f1r
4x53,1.149,5uiw,7f1r
4x54,1.055,5uiw,7f1r
4x55,0.761,5uiw,7f1r
4x56,1.148,5uiw,7f1r
4x57,1.136,5uiw,7f1r
4x59,0.882,5uiw,7f1r
4x60,1.069,5uiw,7f1r
4x61,1.634,5uiw,7f1r
4x62,1.651,5uiw,7f1r
4x63,1.754,5uiw,7f1r
4x64,1.902,5uiw,7f1r
4x65,2.177,5uiw,7f1r
ECL2.Cm10,1.744,5uiw,7f1r
ECL2.Cm9,1.028,5uiw,7f1r
ECL2.Cm8,1.438,5uiw,7f1r
ECL2.Cm7,1.973,5uiw,7f1r
ECL2.Cm6,2.631,5uiw,7f1r
ECL2.Cm5,3.253,5uiw,7f1r
ECL2.Cm4,3.365,5uiw,7f1r
ECL2.Cm3,3.058,5uiw,7f1r
ECL2.Cm2,2.369,5uiw,7f1r
ECL2.Cm1,1.084,5uiw,7f1r
45x50,0.788,5uiw,7f1r
45x51,1.24,5uiw,7f1r
45x52,0.562,5uiw,7f1r
ECL2.Cp3,0.635,5uiw,7f1r
ECL2.Cp4,0.953,5uiw,7f1r
ECL2.Cp5,1.782,5uiw,7f1r
ECL2.Cp6,2.055,5uiw,7f1r
ECL2.Cp7,2.467,5uiw,7f1r
5x31,1.29,5uiw,7f1r
5x32,1.229,5uiw,7f1r
5x33,1.324,5uiw,7f1r
5x34,1.455,5uiw,7f1r
5x35,1.888,5uiw,7f1r
5x36,1.431,5uiw,7f1r
5x37,1.045,5uiw,7f1r
5x38,1.484,5uiw,7f1r
5x39,1.496,5uiw,7f1r
5x40,1.245,5uiw,7f1r
5x41,1.255,5uiw,7f1r
5x42,1.347,5uiw,7f1r
5x43,1.065,5uiw,7f1r
5x44,0.629,5uiw,7f1r
5x45,0.44,5uiw,7f1r
5x46,0.442,5uiw,7f1r
5x461,0.829,5uiw,7f1r
5x47,0.787,5uiw,7f1r
5x48,0.864,5uiw,7f1r
5x49,0.599,5uiw,7f1r
5x50,0.631,5uiw,7f1r
5x51,1.163,5uiw,7f1r
5x52,1.195,5uiw,7f1r
5x53,0.983,5uiw,7f1r
5x54,1.776,5uiw,7f1r
5x55,2.243,5uiw,7f1r
5x56,1.955,5uiw,7f1r
5x57,2.026,5uiw,7f1r
5x58,2.232,5uiw,7f1r
5x59,2.215,5uiw,7f1r
5x60,2.155,5uiw,7f1r
5x61,2.289,5uiw,7f1r
5x62,2.027,5uiw,7f1r
5x63,2.063,5uiw,7f1r
5x64,2.192,5uiw,7f1r
5x65,2.203,5uiw,7f1r
5x66,1.951,5uiw,7f1r
5x67,3.24,5uiw,7f1r
ICL3,6.419,5uiw,7f1r
6x28,7.151,5uiw,7f1r
6x29,6.848,5uiw,7f1r
6x30,7.31,5uiw,7f1r
6x31,6.871,5uiw,7f1r
6x32,6.325,5uiw,7f1r
6x33,6.474,5uiw,7f1r
6x34,6.368,5uiw,7f1r
6x35,5.919,5uiw,7f1r
6x36,5.548,5uiw,7f1r
6x37,5.967,5uiw,7f1r
6x38,5.541,5uiw,7f1r
6x39,4.307,5uiw,7f1r
6x40,4.245,5uiw,7f1r
6x41,4.636,5uiw,7f1r
6x42,3.86,5uiw,7f1r
6x43,2.523,5uiw,7f1r
6x44,2.762,5uiw,7f1r
6x45,2.558,5uiw,7f1r
6x46,2.362,5uiw,7f1r
6x47,1.811,5uiw,7f1r
6x48,1.694,5uiw,7f1r
6x49,1.348,5uiw,7f1r
6x50,1.102,5uiw,7f1r
6x51,0.937,5uiw,7f1r
6x52,1.089,5uiw,7f1r
6x53,0.829,5uiw,7f1r
6x54,0.36,5uiw,7f1r
6x55,0.687,5uiw,7f1r
6x56,0.653,5uiw,7f1r
6x57,0.453,5uiw,7f1r
6x58,0.393,5uiw,7f1r
6x59,0.252,5uiw,7f1r
6x60,1.073,5uiw,7f1r
6x61,1.537,5uiw,7f1r
6x62,3.221,5uiw,7f1r
6x63,4.278,5uiw,7f1r
6x64,4.149,5uiw,7f1r
6x65,4.112,5uiw,7f1r
ECL3.Cm3,5.756,5uiw,7f1r
ECL3.Cm2,4.579,5uiw,7f1r
7x23,3.098,5uiw,7f1r
7x24,2.449,5uiw,7f1r
7x25,1.413,5uiw,7f1r
7x26,2.009,5uiw,7f1r
7x27,2.482,5uiw,7f1r
7x28,2.209,5uiw,7f1r
7x29,1.703,5uiw,7f1r
7x30,1.878,5uiw,7f1r
7x31,1.98,5uiw,7f1r
7x32,1.742,5uiw,7f1r
7x33,1.314,5uiw,7f1r
7x34,1.631,5uiw,7f1r
7x35,1.755,5uiw,7f1r
7x36,1.454,5uiw,7f1r
7x37,1.15,5uiw,7f1r
7x38,1.699,5uiw,7f1r
7x39,2.038,5uiw,7f1r
7x40,1.645,5uiw,7f1r
7x41,1.372,5uiw,7f1r
7x42,2.371,5uiw,7f1r
7x43,2.86,5uiw,7f1r
7x45,2.703,5uiw,7f1r
7x46,2.751,5uiw,7f1r
7x47,1.782,5uiw,7f1r
7x48,1.506,5uiw,7f1r
7x49,2.095,5uiw,7f1r
7x50,3.103,5uiw,7f1r
7x51,3.516,5uiw,7f1r
7x52,3.072,5uiw,7f1r
7x53,5.229,5uiw,7f1r
7x54,7.087,5uiw,7f1r
7x55,5.667,5uiw,7f1r
7x56,2.429,5uiw,7f1r
8x47,2.593,5uiw,7f1r
8x48,2.08,5uiw,7f1r
8x49,2.728,5uiw,7f1r
8x50,3.135,5uiw,7f1r
8x51,2.769,5uiw,7f1r
8x52,2.498,5uiw,7f1r
8x53,2.052,5uiw,7f1r
8x54,2.044,5uiw,7f1r
8x55,1.819,5uiw,7f1r
8x56,1.775,5uiw,7f1r
8x57,2.144,5uiw,7f1r
8x58,1.875,5uiw,7f1r
8x59,1.117,5uiw,7f1r
NTr.Cm4,1.726,5uiw,zheng
NTr.Cm3,0.468,5uiw,zheng
NTr.Cm2,0.171,5uiw,zheng
NTr.Cm1,0.383,5uiw,zheng
1x22,0.241,5uiw,zheng
1x23,0.277,5uiw,zheng
1x24,0.6,5uiw,zheng
1x25,0.216,5uiw,zheng
1x26,0.144,5uiw,zheng
1x27,0.307,5uiw,zheng
1x28,0.136,5uiw,zheng
1x29,0.07,5uiw,zheng
1x30,0.071,5uiw,zheng
1x31,0.238,5uiw,zheng
1x32,0.057,5uiw,zheng
1x33,0.097,5uiw,zheng
1x34,0.18,5uiw,zheng
1x35,0.136,5uiw,zheng
1x36,0.157,5uiw,zheng
1x37,0.249,5uiw,zheng
1x38,0.115,5uiw,zheng
1x39,0.053,5uiw,zheng
1x40,0.018,5uiw,zheng
1x41,0.057,5uiw,zheng
1x42,0.061,5uiw,zheng
1x43,0.106,5uiw,zheng
1x44,0.291,5uiw,zheng
1x45,0.18,5uiw,zheng
1x46,0.092,5uiw,zheng
1x47,0.185,5uiw,zheng
1x48,0.058,5uiw,zheng
1x49,0.116,5uiw,zheng
1x50,0.107,5uiw,zheng
1x51,0.085,5uiw,zheng
1x52,0.036,5uiw,zheng
1x53,0.038,5uiw,zheng
1x54,0.09,5uiw,zheng
1x55,0.161,5uiw,zheng
1x56,0.098,5uiw,zheng
1x57,0.078,5uiw,zheng
1x58,0.111,5uiw,zheng
1x59,0.223,5uiw,zheng
1x60,0.254,5uiw,zheng
12x48,0.271,5uiw,zheng
12x49,0.187,5uiw,zheng
12x50,0.142,5uiw,zheng
12x51,0.377,5uiw,zheng
2x37,0.302,5uiw,zheng
2x38,0.39,5uiw,zheng
2x39,0.218,5uiw,zheng
2x40,0.237,5uiw,zheng
2x41,0.254,5uiw,zheng
2x42,0.201,5uiw,zheng
2x43,0.146,5uiw,zheng
2x44,0.203,5uiw,zheng
2x45,0.178,5uiw,zheng
2x46,0.174,5uiw,zheng
2x47,0.151,5uiw,zheng
2x48,0.19,5uiw,zheng
2x49,0.312,5uiw,zheng
2x50,0.038,5uiw,zheng
2x51,0.108,5uiw,zheng
2x52,0.196,5uiw,zheng
2x53,0.234,5uiw,zheng
2x54,0.186,5uiw,zheng
2x55,0.054,5uiw,zheng
2x56,0.085,5uiw,zheng
2x57,0.335,5uiw,zheng
2x58,0.394,5uiw,zheng
2x59,0.047,5uiw,zheng
2x60,0.063,5uiw,zheng
2x61,0.035,5uiw,zheng
2x62,0.099,5uiw,zheng
2x63,0.122,5uiw,zheng
2x64,0.132,5uiw,zheng
2x65,0.163,5uiw,zheng
2x66,0.184,5uiw,zheng
23x49,0.409,5uiw,zheng
23x50,0.216,5uiw,zheng
23x51,0.27,5uiw,zheng
23x52,0.199,5uiw,zheng
3x21,0.235,5uiw,zheng
3x22,0.156,5uiw,zheng
3x23,0.097,5uiw,zheng
3x24,0.166,5uiw,zheng
3x25,0.076,5uiw,zheng
3x26,0.178,5uiw,zheng
3x27,0.117,5uiw,zheng
3x28,0.106,5uiw,zheng
3x29,0.177,5uiw,zheng
3x30,0.194,5uiw,zheng
3x31,0.136,5uiw,zheng
3x32,0.045,5uiw,zheng
3x33,0.191,5uiw,zheng
3x34,0.08,5uiw,zheng
3x35,0.184,5uiw,zheng
3x36,0.238,5uiw,zheng
3x37,0.141,5uiw,zheng
3x38,0.048,5uiw,zheng
3x39,0.141,5uiw,zheng
3x40,0.055,5uiw,zheng
3x41,0.117,5uiw,zheng
3x42,0.137,5uiw,zheng
3x43,0.16,5uiw,zheng
3x44,0.072,5uiw,zheng
3x45,0.107,5uiw,zheng
3x46,0.061,5uiw,zheng
3x47,0.133,5uiw,zheng
3x48,0.126,5uiw,zheng
3x49,0.116,5uiw,zheng
3x50,0.309,5uiw,zheng
3x51,0.173,5uiw,zheng
3x52,0.105,5uiw,zheng
3x53,0.154,5uiw,zheng
3x54,0.155,5uiw,zheng
3x55,0.3,5uiw,zheng
3x56,0.416,5uiw,zheng
34x50,0.533,5uiw,zheng
34x51,0.542,5uiw,zheng
34x52,0.478,5uiw,zheng
34x53,0.498,5uiw,zheng
34x54,0.711,5uiw,zheng
34x55,0.661,5uiw,zheng
34x56,0.242,5uiw,zheng
34x57,0.194,5uiw,zheng
4x38,0.309,5uiw,zheng
4x39,0.248,5uiw,zheng
4x40,0.373,5uiw,zheng
4x41,0.351,5uiw,zheng
4x42,0.268,5uiw,zheng
4x43,0.195,5uiw,zheng
4x44,0.183,5uiw,zheng
4x45,0.342,5uiw,zheng
4x46,0.152,5uiw,zheng
4x47,0.21,5uiw,zheng
4x48,0.168,5uiw,zheng
4x49,0.156,5uiw,zheng
4x50,0.076,5uiw,zheng
4x51,0.165,5uiw,zheng
4x52,0.134,5uiw,zheng
4x53,0.116,5uiw,zheng
4x54,0.132,5uiw,zheng
4x55,0.191,5uiw,zheng
4x56,0.127,5uiw,zheng
4x57,0.062,5uiw,zheng
4x59,0.117,5uiw,zheng
4x60,0.114,5uiw,zheng
4x61,0.169,5uiw,zheng
4x62,0.223,5uiw,zheng
4x63,0.188,5uiw,zheng
4x64,0.101,5uiw,zheng
4x65,0.128,5uiw,zheng
ECL2.Cm10,0.284,5uiw,zheng
ECL2.Cm9,0.255,5uiw,zheng
ECL2.Cm8,0.178,5uiw,zheng
ECL2.Cm7,0.184,5uiw,zheng
ECL2.Cm6,0.029,5uiw,zheng
ECL2.Cm5,0.093,5uiw,zheng
ECL2.Cm4,0.094,5uiw,zheng
ECL2.Cm3,0.031,5uiw,zheng
ECL2.Cm2,0.13,5uiw,zheng
ECL2.Cm1,0.095,5uiw,zheng
45x50,0.155,5uiw,zheng
45x51,0.123,5uiw,zheng
45x52,0.192,5uiw,zheng
ECL2.Cp3,0.184,5uiw,zheng
ECL2.Cp4,0.073,5uiw,zheng
ECL2.Cp5,0.22,5uiw,zheng
ECL2.Cp6,0.41,5uiw,zheng
ECL2.Cp7,0.095,5uiw,zheng
5x31,0.215,5uiw,zheng
5x32,0.352,5uiw,zheng
5x33,0.287,5uiw,zheng
5x34,0.293,5uiw,zheng
5x35,0.177,5uiw,zheng
5x36,0.107,5uiw,zheng
5x37,0.096,5uiw,zheng
5x38,0.145,5uiw,zheng
5x39,0.192,5uiw,zheng
5x40,0.221,5uiw,zheng
5x41,0.278,5uiw,zheng
5x42,0.357,5uiw,zheng
5x43,0.192,5uiw,zheng
5x44,0.098,5uiw,zheng
5x45,0.151,5uiw,zheng
5x46,0.105,5uiw,zheng
5x461,0.088,5uiw,zheng
5x47,0.104,5uiw,zheng
5x48,0.146,5uiw,zheng
5x49,0.1,5uiw,zheng
5x50,0.205,5uiw,zheng
5x51,0.126,5uiw,zheng
5x52,0.516,5uiw,zheng
5x53,0.156,5uiw,zheng
5x54,0.148,5uiw,zheng
5x55,0.304,5uiw,zheng
5x56,0.286,5uiw,zheng
5x57,0.165,5uiw,zheng
5x58,0.62,5uiw,zheng
5x59,0.458,5uiw,zheng
5x60,0.349,5uiw,zheng
5x61,0.192,5uiw,zheng
5x62,0.322,5uiw,zheng
5x63,0.708,5uiw,zheng
5x64,0.218,5uiw,zheng
5x65,0.074,5uiw,zheng
5x66,0.614,5uiw,zheng
5x67,0.91,5uiw,zheng
ICL3,4.633,5uiw,zheng
6x28,0.175,5uiw,zheng
6x29,0.081,5uiw,zheng
6x30,0.069,5uiw,zheng
6x31,0.196,5uiw,zheng
6x32,0.112,5uiw,zheng
6x33,0.177,5uiw,zheng
6x34,0.144,5uiw,zheng
6x35,0.108,5uiw,zheng
6x36,0.134,5uiw,zheng
6x37,0.198,5uiw,zheng
6x38,0.185,5uiw,zheng
6x39,0.166,5uiw,zheng
6x40,0.086,5uiw,zheng
6x41,0.131,5uiw,zheng
6x42,0.134,5uiw,zheng
6x43,0.16,5uiw,zheng
6x44,0.273,5uiw,zheng
6x45,0.267,5uiw,zheng
6x46,0.201,5uiw,zheng
6x47,0.189,5uiw,zheng
6x48,0.077,5uiw,zheng
6x49,0.158,5uiw,zheng
6x50,0.099,5uiw,zheng
6x51,0.186,5uiw,zheng
6x52,0.15,5uiw,zheng
6x53,0.178,5uiw,zheng
6x54,0.122,5uiw,zheng
6x55,0.087,5uiw,zheng
6x56,0.063,5uiw,zheng
6x57,0.086,5uiw,zheng
6x58,0.098,5uiw,zheng
6x59,0.14,5uiw,zheng
6x60,0.135,5uiw,zheng
6x61,0.135,5uiw,zheng
6x62,0.214,5uiw,zheng
6x63,0.208,5uiw,zheng
6x64,0.233,5uiw,zheng
6x65,0.294,5uiw,zheng
ECL3.Cm3,0.176,5uiw,zheng
ECL3.Cm2,0.137,5uiw,zheng
7x23,0.183,5uiw,zheng
7x24,0.223,5uiw,zheng
7x25,0.311,5uiw,zheng
7x26,0.333,5uiw,zheng
7x27,0.275,5uiw,zheng
7x28,0.139,5uiw,zheng
7x29,0.135,5uiw,zheng
7x30,0.105,5uiw,zheng
7x31,0.279,5uiw,zheng
7x32,0.102,5uiw,zheng
7x33,0.089,5uiw,zheng
7x34,0.094,5uiw,zheng
7x35,0.036,5uiw,zheng
7x36,0.084,5uiw,zheng
7x37,0.138,5uiw,zheng
7x38,0.136,5uiw,zheng
7x39,0.095,5uiw,zheng
7x40,0.114,5uiw,zheng
7x41,0.106,5uiw,zheng
7x42,0.11,5uiw,zheng
7x43,0.338,5uiw,zheng
7x45,0.157,5uiw,zheng
7x46,0.116,5uiw,zheng
7x47,0.101,5uiw,zheng
7x48,0.085,5uiw,zheng
7x49,0.111,5uiw,zheng
7x50,0.041,5uiw,zheng
7x51,0.182,5uiw,zheng
7x52,0.173,5uiw,zheng
7x53,0.155,5uiw,zheng
7x54,0.136,5uiw,zheng
7x55,0.122,5uiw,zheng
7x56,0.201,5uiw,zheng
8x47,0.397,5uiw,zheng
8x48,0.866,5uiw,zheng
8x49,0.421,5uiw,zheng
8x50,0.21,5uiw,zheng
8x51,0.393,5uiw,zheng
8x52,0.244,5uiw,zheng
8x53,0.268,5uiw,zheng
8x54,0.23,5uiw,zheng
8x55,0.206,5uiw,zheng
8x56,0.175,5uiw,zheng
8x57,0.172,5uiw,zheng
8x58,0.373,5uiw,zheng
8x59,0.532,5uiw,zheng
CT,24.973,5uiw,zheng
NTr.Cm4,3.872,5uiw,7vl9
NTr.Cm3,1.272,5uiw,7vl9
NTr.Cm2,1.493,5uiw,7vl9
NTr.Cm1,1.33,5uiw,7vl9
1x22,1.472,5uiw,7vl9
1x23,1.889,5uiw,7vl9
1x24,1.515,5uiw,7vl9
1x25,0.721,5uiw,7vl9
1x26,0.887,5uiw,7vl9
1x27,1.249,5uiw,7vl9
1x28,0.721,5uiw,7vl9
1x29,1.404,5uiw,7vl9
1x30,1.881,5uiw,7vl9
1x31,1.498,5uiw,7vl9
1x32,1.816,5uiw,7vl9
1x33,3.196,5uiw,7vl9
1x34,2.658,5uiw,7vl9
1x35,2.063,5uiw,7vl9
1x36,2.046,5uiw,7vl9
1x37,2.732,5uiw,7vl9
1x38,2.31,5uiw,7vl9
1x39,1.54,5uiw,7vl9
1x40,2.099,5uiw,7vl9
1x41,1.991,5uiw,7vl9
1x42,2.021,5uiw,7vl9
1x43,1.99,5uiw,7vl9
1x44,1.68,5uiw,7vl9
1x45,1.564,5uiw,7vl9
1x46,1.472,5uiw,7vl9
1x47,1.307,5uiw,7vl9
1x48,2.043,5uiw,7vl9
1x49,1.508,5uiw,7vl9
1x50,0.597,5uiw,7vl9
1x51,0.807,5uiw,7vl9
1x52,0.552,5uiw,7vl9
1x53,0.531,5uiw,7vl9
1x54,0.649,5uiw,7vl9
1x55,0.695,5uiw,7vl9
1x56,0.645,5uiw,7vl9
1x57,1.604,5uiw,7vl9
1x58,1.736,5uiw,7vl9
1x59,1.018,5uiw,7vl9
1x60,4.277,5uiw,7vl9
12x48,7.586,5uiw,7vl9
12x49,4.598,5uiw,7vl9
12x50,4.471,5uiw,7vl9
12x51,2.313,5uiw,7vl9
2x37,1.862,5uiw,7vl9
2x38,1.157,5uiw,7vl9
2x39,1.047,5uiw,7vl9
2x40,1.357,5uiw,7vl9
2x41,1.244,5uiw,7vl9
2x42,0.834,5uiw,7vl9
2x43,0.881,5uiw,7vl9
2x44,0.9,5uiw,7vl9
2x45,0.75,5uiw,7vl9
2x46,0.568,5uiw,7vl9
2x47,0.627,5uiw,7vl9
2x48,0.684,5uiw,7vl9
2x49,0.636,5uiw,7vl9
2x50,0.369,5uiw,7vl9
2x51,0.317,5uiw,7vl9
2x52,0.112,5uiw,7vl9
2x53,0.523,5uiw,7vl9
2x54,0.853,5uiw,7vl9
2x55,0.816,5uiw,7vl9
2x56,0.725,5uiw,7vl9
2x57,0.904,5uiw,7vl9
2x58,0.525,5uiw,7vl9
2x59,0.421,5uiw,7vl9
2x60,0.98,5uiw,7vl9
2x61,0.94,5uiw,7vl9
2x62,0.542,5uiw,7vl9
2x63,0.882,5uiw,7vl9
2x64,0.765,5uiw,7vl9
2x65,0.712,5uiw,7vl9
2x66,1.114,5uiw,7vl9
23x49,1.904,5uiw,7vl9
23x50,1.299,5uiw,7vl9
23x51,1.028,5uiw,7vl9
23x52,0.641,5uiw,7vl9
3x21,1.461,5uiw,7vl9
3x22,0.948,5uiw,7vl9
3x23,0.6,5uiw,7vl9
3x24,0.205,5uiw,7vl9
3x25,0.384,5uiw,7vl9
3x26,0.918,5uiw,7vl9
3x27,0.358,5uiw,7vl9
3x28,0.568,5uiw,7vl9
3x29,0.768,5uiw,7vl9
3x30,0.449,5uiw,7vl9
3x31,0.555,5uiw,7vl9
3x32,0.724,5uiw,7vl9
3x33,0.827,5uiw,7vl9
3x34,0.786,5uiw,7vl9
3x35,0.715,5uiw,7vl9
3x36,0.468,5uiw,7vl9
3x37,0.345,5uiw,7vl9
3x38,0.399,5uiw,7vl9
3x39,0.264,5uiw,7vl9
3x40,0.534,5uiw,7vl9
3x41,0.34,5uiw,7vl9
3x42,0.603,5uiw,7vl9
3x43,0.502,5uiw,7vl9
3x44,0.666,5uiw,7vl9
3x45,0.725,5uiw,7vl9
3x46,0.767,5uiw,7vl9
3x47,0.752,5uiw,7vl9
3x48,0.901,5uiw,7vl9
3x49,0.952,5uiw,7vl9
3x50,0.858,5uiw,7vl9
3x51,1.022,5uiw,7vl9
3x52,1.462,5uiw,7vl9
3x53,1.85,5uiw,7vl9
3x54,2.146,5uiw,7vl9
3x55,2.059,5uiw,7vl9
3x56,2.389,5uiw,7vl9
34x50,2.568,5uiw,7vl9
34x51,2.889,5uiw,7vl9
34x52,2.634,5uiw,7vl9
34x53,1.967,5uiw,7vl9
34x54,2.197,5uiw,7vl9
34x55,1.468,5uiw,7vl9
34x56,1.57,5uiw,7vl9
34x57,1.191,5uiw,7vl9
4x38,1.172,5uiw,7vl9
4x39,1.581,5uiw,7vl9
4x40,1.296,5uiw,7vl9
4x41,0.505,5uiw,7vl9
4x42,0.854,5uiw,7vl9
4x43,1.082,5uiw,7vl9
4x44,0.749,5uiw,7vl9
4x45,0.611,5uiw,7vl9
4x46,0.492,5uiw,7vl9
4x47,0.775,5uiw,7vl9
4x48,0.657,5uiw,7vl9
4x49,0.509,5uiw,7vl9
4x50,0.33,5uiw,7vl9
4x51,0.527,5uiw,7vl9
4x52,0.505,5uiw,7vl9
4x53,0.383,5uiw,7vl9
4x54,0.322,5uiw,7vl9
4x55,0.099,5uiw,7vl9
4x56,0.574,5uiw,7vl9
4x57,0.686,5uiw,7vl9
4x59,0.631,5uiw,7vl9
4x60,1.171,5uiw,7vl9
4x61,1.876,5uiw,7vl9
4x62,1.754,5uiw,7vl9
4x63,1.413,5uiw,7vl9
4x64,2.049,5uiw,7vl9
4x65,1.493,5uiw,7vl9
ECL2.Cm10,1.104,5uiw,7vl9
ECL2.Cm9,1.508,5uiw,7vl9
ECL2.Cm8,1.389,5uiw,7vl9
ECL2.Cm7,1.384,5uiw,7vl9
ECL2.Cm6,1.852,5uiw,7vl9
ECL2.Cm5,1.952,5uiw,7vl9
ECL2.Cm4,2.22,5uiw,7vl9
ECL2.Cm3,1.956,5uiw,7vl9
ECL2.Cm2,1.146,5uiw,7vl9
ECL2.Cm1,1.206,5uiw,7vl9
45x50,1.216,5uiw,7vl9
45x51,1.06,5uiw,7vl9
45x52,1.295,5uiw,7vl9
ECL2.Cp3,1.833,5uiw,7vl9
ECL2.Cp4,1.958,5uiw,7vl9
ECL2.Cp5,1.621,5uiw,7vl9
ECL2.Cp6,1.844,5uiw,7vl9
ECL2.Cp7,1.081,5uiw,7vl9
5x31,1.374,5uiw,7vl9
5x32,1.872,5uiw,7vl9
5x33,1.364,5uiw,7vl9
5x34,0.893,5uiw,7vl9
5x35,0.704,5uiw,7vl9
5x36,1.149,5uiw,7vl9
5x37,0.786,5uiw,7vl9
5x38,0.71,5uiw,7vl9
5x39,0.737,5uiw,7vl9
5x40,0.735,5uiw,7vl9
5x41,0.646,5uiw,7vl9
5x42,0.882,5uiw,7vl9
5x43,1.048,5uiw,7vl9
5x44,1.031,5uiw,7vl9
5x45,0.919,5uiw,7vl9
5x46,0.932,5uiw,7vl9
5x461,0.942,5uiw,7vl9
5x47,0.538,5uiw,7vl9
5x48,0.907,5uiw,7vl9
5x49,0.838,5uiw,7vl9
5x50,0.683,5uiw,7vl9
5x51,1.329,5uiw,7vl9
5x52,1.222,5uiw,7vl9
5x53,0.942,5uiw,7vl9
5x54,1.755,5uiw,7vl9
5x55,2.191,5uiw,7vl9
5x56,1.703,5uiw,7vl9
5x57,1.655,5uiw,7vl9
5x58,2.257,5uiw,7vl9
5x59,2.418,5uiw,7vl9
5x60,2.378,5uiw,7vl9
5x61,2.375,5uiw,7vl9
5x62,2.628,5uiw,7vl9
5x63,2.648,5uiw,7vl9
5x64,2.487,5uiw,7vl9
5x65,2.758,5uiw,7vl9
5x66,2.322,5uiw,7vl9
5x67,2.586,5uiw,7vl9
ICL3,7.562,5uiw,7vl9
6x28,6.912,5uiw,7vl9
6x29,6.789,5uiw,7vl9
6x30,6.62,5uiw,7vl9
6x31,6.257,5uiw,7vl9
6x32,6.344,5uiw,7vl9
6x33,6.242,5uiw,7vl9
6x34,6.052,5uiw,7vl9
6x35,5.677,5uiw,7vl9
6x36,5.345,5uiw,7vl9
6x37,5.75,5uiw,7vl9
6x38,5.279,5uiw,7vl9
6x39,3.878,5uiw,7vl9
6x40,4.023,5uiw,7vl9
6x41,4.532,5uiw,7vl9
6x42,3.538,5uiw,7vl9
6x43,2.081,5uiw,7vl9
6x44,2.686,5uiw,7vl9
6x45,2.557,5uiw,7vl9
6x46,2.53,5uiw,7vl9
6x47,2.126,5uiw,7vl9
6x48,2.1,5uiw,7vl9
6x49,1.624,5uiw,7vl9
6x50,1.278,5uiw,7vl9
6x51,1.016,5uiw,7vl9
6x52,1.008,5uiw,7vl9
6x53,1.033,5uiw,7vl9
6x54,0.73,5uiw,7vl9
6x55,0.705,5uiw,7vl9
6x56,0.941,5uiw,7vl9
6x57,1.125,5uiw,7vl9
6x58,1.14,5uiw,7vl9
6x59,0.897,5uiw,7vl9
6x60,1.885,5uiw,7vl9
6x61,1.952,5uiw,7vl9
6x62,3.073,5uiw,7vl9
6x63,3.752,5uiw,7vl9
6x64,2.347,5uiw,7vl9
6x65,2.777,5uiw,7vl9
ECL3.Cm3,5.475,5uiw,7vl9
ECL3.Cm2,6.392,5uiw,7vl9
7x23,0.497,5uiw,7vl9
7x24,1.235,5uiw,7vl9
7x25,0.586,5uiw,7vl9
7x26,1.262,5uiw,7vl9
7x27,0.53,5uiw,7vl9
7x28,0.677,5uiw,7vl9
7x29,1.014,5uiw,7vl9
7x30,0.563,5uiw,7vl9
7x31,0.692,5uiw,7vl9
7x32,0.755,5uiw,7vl9
7x33,0.364,5uiw,7vl9
7x34,0.391,5uiw,7vl9
7x35,0.637,5uiw,7vl9
7x36,0.367,5uiw,7vl9
7x37,0.47,5uiw,7vl9
7x38,1.007,5uiw,7vl9
7x39,1.702,5uiw,7vl9
7x40,1.717,5uiw,7vl9
7x41,1.556,5uiw,7vl9
7x42,2.046,5uiw,7vl9
7x43,2.37,5uiw,7vl9
7x45,2.394,5uiw,7vl9
7x46,2.061,5uiw,7vl9
7x47,1.902,5uiw,7vl9
7x48,1.793,5uiw,7vl9
7x49,2.042,5uiw,7vl9
7x50,2.789,5uiw,7vl9
7x51,3.511,5uiw,7vl9
7x52,3.439,5uiw,7vl9
7x53,5.419,5uiw,7vl9
7x54,7.228,5uiw,7vl9
7x55,6.167,5uiw,7vl9
7x56,2.953,5uiw,7vl9
8x47,2.809,5uiw,7vl9
8x48,3.13,5uiw,7vl9
8x49,3.094,5uiw,7vl9
8x50,3.161,5uiw,7vl9
8x51,3.25,5uiw,7vl9
8x52,3.409,5uiw,7vl9
8x53,2.945,5uiw,7vl9
8x54,2.784,5uiw,7vl9
8x55,2.666,5uiw,7vl9
8x56,2.54,5uiw,7vl9
8x57,2.623,5uiw,7vl9
8x58,2.217,5uiw,7vl9
8x59,1.865,5uiw,7vl9
NTr.Cm3,5.527,5uiw,7xa3
NTr.Cm2,4.797,5uiw,7xa3
NTr.Cm1,4.447,5uiw,7xa3
1x22,3.339,5uiw,7xa3
1x23,2.427,5uiw,7xa3
1x24,3.402,5uiw,7xa3
1x25,1.573,5uiw,7xa3
1x26,1.864,5uiw,7xa3
1x27,1.747,5uiw,7xa3
1x28,1.19,5uiw,7xa3
1x29,1.132,5uiw,7xa3
1x30,1.282,5uiw,7xa3
1x31,1.361,5uiw,7xa3
1x32,1.126,5uiw,7xa3
1x33,1.703,5uiw,7xa3
1x34,1.309,5uiw,7xa3
1x35,1.463,5uiw,7xa3
1x36,0.996,5uiw,7xa3
1x37,1.32,5uiw,7xa3
1x38,1.512,5uiw,7xa3
1x39,1.087,5uiw,7xa3
1x40,1.195,5uiw,7xa3
1x41,1.549,5uiw,7xa3
1x42,1.394,5uiw,7xa3
1x43,1.249,5uiw,7xa3
1x44,1.324,5uiw,7xa3
1x45,1.389,5uiw,7xa3
1x46,1.039,5uiw,7xa3
1x47,1.09,5uiw,7xa3
1x48,1.585,5uiw,7xa3
1x49,0.755,5uiw,7xa3
1x50,0.499,5uiw,7xa3
1x51,0.957,5uiw,7xa3
1x52,0.552,5uiw,7xa3
1x53,0.561,5uiw,7xa3
1x54,1.108,5uiw,7xa3
1x55,1.314,5uiw,7xa3
1x56,1.336,5uiw,7xa3
1x57,1.814,5uiw,7xa3
1x58,2.317,5uiw,7xa3
1x59,1.117,5uiw,7xa3
1x60,3.383,5uiw,7xa3
12x48,5.365,5uiw,7xa3
12x49,3.87,5uiw,7xa3
12x50,4.114,5uiw,7xa3
12x51,1.791,5uiw,7xa3
2x37,1.349,5uiw,7xa3
2x38,1.195,5uiw,7xa3
2x39,0.843,5uiw,7xa3
2x40,0.908,5uiw,7xa3
2x41,0.873,5uiw,7xa3
2x42,0.741,5uiw,7xa3
2x43,0.643,5uiw,7xa3
2x44,0.7,5uiw,7xa3
2x45,0.543,5uiw,7xa3
2x46,0.559,5uiw,7xa3
2x47,0.478,5uiw,7xa3
2x48,0.616,5uiw,7xa3
2x49,0.768,5uiw,7xa3
2x50,0.347,5uiw,7xa3
2x51,0.466,5uiw,7xa3
2x52,0.736,5uiw,7xa3
2x53,0.3,5uiw,7xa3
2x54,0.599,5uiw,7xa3
2x55,1.01,5uiw,7xa3
2x56,1.4,5uiw,7xa3
2x57,1.068,5uiw,7xa3
2x58,1.291,5uiw,7xa3
2x59,1.265,5uiw,7xa3
2x60,1.077,5uiw,7xa3
2x61,0.696,5uiw,7xa3
2x62,0.736,5uiw,7xa3
2x63,0.764,5uiw,7xa3
2x64,0.665,5uiw,7xa3
2x65,2.473,5uiw,7xa3
2x66,3.483,5uiw,7xa3
23x49,2.517,5uiw,7xa3
23x50,2.17,5uiw,7xa3
23x51,1.981,5uiw,7xa3
23x52,4.484,5uiw,7xa3
3x21,2.134,5uiw,7xa3
3x22,1.71,5uiw,7xa3
3x23,1.26,5uiw,7xa3
3x24,1.108,5uiw,7xa3
3x25,1.114,5uiw,7xa3
3x26,1.286,5uiw,7xa3
3x27,1.084,5uiw,7xa3
3x28,0.96,5uiw,7xa3
3x29,0.944,5uiw,7xa3
3x30,0.947,5uiw,7xa3
3x31,0.942,5uiw,7xa3
3x32,0.753,5uiw,7xa3
3x33,0.924,5uiw,7xa3
3x34,0.809,5uiw,7xa3
3x35,0.675,5uiw,7xa3
3x36,0.671,5uiw,7xa3
3x37,0.907,5uiw,7xa3
3x38,1.137,5uiw,7xa3
3x39,0.521,5uiw,7xa3
3x40,0.849,5uiw,7xa3
3x41,0.659,5uiw,7xa3
3x42,0.784,5uiw,7xa3
3x43,0.69,5uiw,7xa3
3x44,0.73,5uiw,7xa3
3x45,0.731,5uiw,7xa3
3x46,0.68,5uiw,7xa3
3x47,0.653,5uiw,7xa3
3x48,0.756,5uiw,7xa3
3x49,0.563,5uiw,7xa3
3x50,0.596,5uiw,7xa3
3x51,0.614,5uiw,7xa3
3x52,1.042,5uiw,7xa3
3x53,1.272,5uiw,7xa3
3x54,1.523,5uiw,7xa3
3x55,1.39,5uiw,7xa3
3x56,1.759,5uiw,7xa3
34x50,1.867,5uiw,7xa3
34x51,2.185,5uiw,7xa3
34x52,1.9,5uiw,7xa3
34x53,1.48,5uiw,7xa3
34x54,1.847,5uiw,7xa3
34x55,2.209,5uiw,7xa3
34x56,2.001,5uiw,7xa3
34x57,1.764,5uiw,7xa3
4x38,1.521,5uiw,7xa3
4x39,2.182,5uiw,7xa3
4x40,1.858,5uiw,7xa3
4x41,0.944,5uiw,7xa3
4x42,1.311,5uiw,7xa3
4x43,1.417,5uiw,7xa3
4x44,0.908,5uiw,7xa3
4x45,0.622,5uiw,7xa3
4x46,0.861,5uiw,7xa3
4x47,0.79,5uiw,7xa3
4x48,0.464,5uiw,7xa3
4x49,0.439,5uiw,7xa3
4x50,0.427,5uiw,7xa3
4x51,0.282,5uiw,7xa3
4x52,0.142,5uiw,7xa3
4x53,0.494,5uiw,7xa3
4x54,0.649,5uiw,7xa3
4x55,0.631,5uiw,7xa3
4x56,0.627,5uiw,7xa3
4x57,0.688,5uiw,7xa3
4x59,0.679,5uiw,7xa3
4x60,0.64,5uiw,7xa3
4x61,0.906,5uiw,7xa3
4x62,1.004,5uiw,7xa3
4x63,1.23,5uiw,7xa3
4x64,1.866,5uiw,7xa3
4x65,1.53,5uiw,7xa3
ECL2.Cm10,1.017,5uiw,7xa3
ECL2.Cm9,1.348,5uiw,7xa3
ECL2.Cm8,0.829,5uiw,7xa3
ECL2.Cm7,0.424,5uiw,7xa3
ECL2.Cm6,1.188,5uiw,7xa3
ECL2.Cm5,0.625,5uiw,7xa3
ECL2.Cm4,2.599,5uiw,7xa3
ECL2.Cm3,1.602,5uiw,7xa3
ECL2.Cm2,1.158,5uiw,7xa3
ECL2.Cm1,0.972,5uiw,7xa3
45x50,1.455,5uiw,7xa3
45x51,1.352,5uiw,7xa3
45x52,1.135,5uiw,7xa3
ECL2.Cp3,1.402,5uiw,7xa3
ECL2.Cp4,1.912,5uiw,7xa3
5x32,4.422,5uiw,7xa3
5x33,4.046,5uiw,7xa3
5x34,2.018,5uiw,7xa3
5x35,1.547,5uiw,7xa3
5x36,1.992,5uiw,7xa3
5x37,1.969,5uiw,7xa3
5x38,0.798,5uiw,7xa3
5x39,0.298,5uiw,7xa3
5x40,0.287,5uiw,7xa3
5x41,0.951,5uiw,7xa3
5x42,1.068,5uiw,7xa3
5x43,0.705,5uiw,7xa3
5x44,0.488,5uiw,7xa3
5x45,0.214,5uiw,7xa3
5x46,0.379,5uiw,7xa3
5x461,0.233,5uiw,7xa3
5x47,0.284,5uiw,7xa3
5x48,0.307,5uiw,7xa3
5x49,0.271,5uiw,7xa3
5x50,0.564,5uiw,7xa3
5x51,1.244,5uiw,7xa3
5x52,1.069,5uiw,7xa3
5x53,0.586,5uiw,7xa3
5x54,1.377,5uiw,7xa3
5x55,1.792,5uiw,7xa3
5x56,1.245,5uiw,7xa3
5x57,1.152,5uiw,7xa3
5x58,1.824,5uiw,7xa3
5x59,1.885,5uiw,7xa3
5x60,1.619,5uiw,7xa3
5x61,1.757,5uiw,7xa3
5x62,1.921,5uiw,7xa3
5x63,1.855,5uiw,7xa3
5x64,1.728,5uiw,7xa3
5x65,1.834,5uiw,7xa3
5x66,1.533,5uiw,7xa3
5x67,2.642,5uiw,7xa3
ICL3,6.901,5uiw,7xa3
6x28,7.773,5uiw,7xa3
6x29,7.417,5uiw,7xa3
6x30,7.906,5uiw,7xa3
6x31,7.278,5uiw,7xa3
6x32,6.529,5uiw,7xa3
6x33,6.791,5uiw,7xa3
6x34,6.973,5uiw,7xa3
6x35,5.933,5uiw,7xa3
6x36,5.332,5uiw,7xa3
6x37,6.032,5uiw,7xa3
6x38,5.523,5uiw,7xa3
6x39,3.94,5uiw,7xa3
6x40,4.13,5uiw,7xa3
6x41,4.765,5uiw,7xa3
6x42,3.864,5uiw,7xa3
6x43,2.266,5uiw,7xa3
6x44,2.868,5uiw,7xa3
6x45,2.743,5uiw,7xa3
6x46,2.359,5uiw,7xa3
6x47,1.885,5uiw,7xa3
6x48,1.696,5uiw,7xa3
6x49,1.512,5uiw,7xa3
6x50,1.309,5uiw,7xa3
6x51,0.796,5uiw,7xa3
6x52,0.734,5uiw,7xa3
6x53,0.914,5uiw,7xa3
6x54,0.513,5uiw,7xa3
6x55,0.643,5uiw,7xa3
6x56,0.766,5uiw,7xa3
6x57,0.641,5uiw,7xa3
6x58,0.776,5uiw,7xa3
6x59,1.279,5uiw,7xa3
6x60,1.315,5uiw,7xa3
6x61,0.965,5uiw,7xa3
6x62,0.655,5uiw,7xa3
6x63,0.84,5uiw,7xa3
6x64,2.172,5uiw,7xa3
6x65,3.08,5uiw,7xa3
ECL3.Cm3,3.142,5uiw,7xa3
ECL3.Cm2,1.627,5uiw,7xa3
7x24,2.556,5uiw,7xa3
7x25,2.141,5uiw,7xa3
7x26,1.857,5uiw,7xa3
7x27,1.244,5uiw,7xa3
7x28,1.145,5uiw,7xa3
7x29,1.242,5uiw,7xa3
7x30,1.016,5uiw,7xa3
7x31,0.831,5uiw,7xa3
7x32,1,5uiw,7xa3
7x33,0.835,5uiw,7xa3
7x34,0.844,5uiw,7xa3
7x35,1.102,5uiw,7xa3
7x36,0.987,5uiw,7xa3
7x37,0.422,5uiw,7xa3
7x38,0.895,5uiw,7xa3
7x39,1.555,5uiw,7xa3
7x40,1.357,5uiw,7xa3
7x41,1.165,5uiw,7xa3
7x42,1.688,5uiw,7xa3
7x43,2.198,5uiw,7xa3
7x45,2.352,5uiw,7xa3
7x46,2.367,5uiw,7xa3
7x47,1.601,5uiw,7xa3
7x48,1.188,5uiw,7xa3
7x49,1.822,5uiw,7xa3
7x50,2.497,5uiw,7xa3
7x51,3.074,5uiw,7xa3
7x52,2.811,5uiw,7xa3
7x53,4.835,5uiw,7xa3
7x54,6.915,5uiw,7xa3
7x55,5.749,5uiw,7xa3
7x56,2.542,5uiw,7xa3
8x47,2.612,5uiw,7xa3
8x48,2.593,5uiw,7xa3
8x49,2.882,5uiw,7xa3
8x50,3.15,5uiw,7xa3
8x51,3.48,5uiw,7xa3
8x52,3.836,5uiw,7xa3
8x53,3.117,5uiw,7xa3
8x54,2.858,5uiw,7xa3
8x55,3.429,5uiw,7xa3
8x56,3.481,5uiw,7xa3
8x57,3.228,5uiw,7xa3
8x58,3.134,5uiw,7xa3
CT,23.083,5uiw,7xa3
NTr.Cm4,6.789,5uiw,7f1t
NTr.Cm3,1.896,5uiw,7f1t
NTr.Cm2,1.565,5uiw,7f1t
NTr.Cm1,1.732,5uiw,7f1t
1x22,1.335,5uiw,7f1t
1x23,2.084,5uiw,7f1t
1x24,2.362,5uiw,7f1t
1x25,1.101,5uiw,7f1t
1x26,2.129,5uiw,7f1t
1x27,2.327,5uiw,7f1t
1x28,1.045,5uiw,7f1t
1x29,1.317,5uiw,7f1t
1x30,1.903,5uiw,7f1t
1x31,1.034,5uiw,7f1t
1x32,0.462,5uiw,7f1t
1x33,1.778,5uiw,7f1t
1x34,1.094,5uiw,7f1t
1x35,0.959,5uiw,7f1t
1x36,1.097,5uiw,7f1t
1x37,1.299,5uiw,7f1t
1x38,0.762,5uiw,7f1t
1x39,0.758,5uiw,7f1t
1x40,1.254,5uiw,7f1t
1x41,1.004,5uiw,7f1t
1x42,0.974,5uiw,7f1t
1x43,0.885,5uiw,7f1t
1x44,0.491,5uiw,7f1t
1x45,0.575,5uiw,7f1t
1x46,0.611,5uiw,7f1t
1x47,0.371,5uiw,7f1t
1x48,0.399,5uiw,7f1t
1x49,0.363,5uiw,7f1t
1x50,0.416,5uiw,7f1t
1x51,0.123,5uiw,7f1t
1x52,0.093,5uiw,7f1t
1x53,0.215,5uiw,7f1t
1x54,0.408,5uiw,7f1t
1x55,0.431,5uiw,7f1t
1x56,0.224,5uiw,7f1t
1x57,0.355,5uiw,7f1t
1x58,0.312,5uiw,7f1t
1x59,0.433,5uiw,7f1t
1x60,0.689,5uiw,7f1t
12x48,0.744,5uiw,7f1t
12x49,0.688,5uiw,7f1t
12x50,0.6,5uiw,7f1t
12x51,0.443,5uiw,7f1t
2x37,1.031,5uiw,7f1t
2x38,0.933,5uiw,7f1t
2x39,0.639,5uiw,7f1t
2x40,0.549,5uiw,7f1t
2x41,0.447,5uiw,7f1t
2x42,0.417,5uiw,7f1t
2x43,0.27,5uiw,7f1t
2x44,0.35,5uiw,7f1t
2x45,0.42,5uiw,7f1t
2x46,0.406,5uiw,7f1t
2x47,0.329,5uiw,7f1t
2x48,0.314,5uiw,7f1t
2x49,0.348,5uiw,7f1t
2x50,0.43,5uiw,7f1t
2x51,0.674,5uiw,7f1t
2x52,0.582,5uiw,7f1t
2x53,0.361,5uiw,7f1t
2x54,0.542,5uiw,7f1t
2x55,0.434,5uiw,7f1t
2x56,0.508,5uiw,7f1t
2x57,0.588,5uiw,7f1t
2x58,0.619,5uiw,7f1t
2x59,0.427,5uiw,7f1t
2x60,0.34,5uiw,7f1t
2x61,0.924,5uiw,7f1t
2x62,0.755,5uiw,7f1t
2x63,0.376,5uiw,7f1t
2x64,0.69,5uiw,7f1t
2x65,1.267,5uiw,7f1t
2x66,0.724,5uiw,7f1t
23x49,0.284,5uiw,7f1t
23x50,0.232,5uiw,7f1t
23x51,0.414,5uiw,7f1t
23x52,0.212,5uiw,7f1t
3x21,0.267,5uiw,7f1t
3x22,0.623,5uiw,7f1t
3x23,0.659,5uiw,7f1t
3x24,0.332,5uiw,7f1t
3x25,0.123,5uiw,7f1t
3x26,0.352,5uiw,7f1t
3x27,0.337,5uiw,7f1t
3x28,0.111,5uiw,7f1t
3x29,0.128,5uiw,7f1t
3x30,0.08,5uiw,7f1t
3x31,0.183,5uiw,7f1t
3x32,0.245,5uiw,7f1t
3x33,0.299,5uiw,7f1t
3x34,0.398,5uiw,7f1t
3x35,0.207,5uiw,7f1t
3x36,0.311,5uiw,7f1t
3x37,0.361,5uiw,7f1t
3x38,0.404,5uiw,7f1t
3x39,0.14,5uiw,7f1t
3x40,0.505,5uiw,7f1t
3x41,0.46,5uiw,7f1t
3x42,0.495,5uiw,7f1t
3x43,0.531,5uiw,7f1t
3x44,0.635,5uiw,7f1t
3x45,0.591,5uiw,7f1t
3x46,0.411,5uiw,7f1t
3x47,0.603,5uiw,7f1t
3x48,0.757,5uiw,7f1t
3x49,0.698,5uiw,7f1t
3x50,0.629,5uiw,7f1t
3x51,0.63,5uiw,7f1t
3x52,0.618,5uiw,7f1t
3x53,0.345,5uiw,7f1t
3x54,0.193,5uiw,7f1t
3x55,0.186,5uiw,7f1t
3x56,1.21,5uiw,7f1t
34x50,1.4,5uiw,7f1t
34x51,3.334,5uiw,7f1t
34x52,2.216,5uiw,7f1t
34x53,1.085,5uiw,7f1t
34x54,1.204,5uiw,7f1t
34x55,2.249,5uiw,7f1t
34x56,2.406,5uiw,7f1t
34x57,1.406,5uiw,7f1t
4x38,1.006,5uiw,7f1t
4x39,0.628,5uiw,7f1t
4x40,0.799,5uiw,7f1t
4x41,0.769,5uiw,7f1t
4x42,0.67,5uiw,7f1t
4x43,0.782,5uiw,7f1t
4x44,0.879,5uiw,7f1t
4x45,0.761,5uiw,7f1t
4x46,0.504,5uiw,7f1t
4x47,0.744,5uiw,7f1t
4x48,0.807,5uiw,7f1t
4x49,0.606,5uiw,7f1t
4x50,0.678,5uiw,7f1t
4x51,0.823,5uiw,7f1t
4x52,0.778,5uiw,7f1t
4x53,0.582,5uiw,7f1t
4x54,0.769,5uiw,7f1t
4x55,0.958,5uiw,7f1t
4x56,0.646,5uiw,7f1t
4x57,0.408,5uiw,7f1t
4x59,0.542,5uiw,7f1t
4x60,0.412,5uiw,7f1t
4x61,0.415,5uiw,7f1t
4x62,0.623,5uiw,7f1t
4x63,0.887,5uiw,7f1t
4x64,1.132,5uiw,7f1t
4x65,0.862,5uiw,7f1t
ECL2.Cm10,0.931,5uiw,7f1t
ECL2.Cm9,0.545,5uiw,7f1t
ECL2.Cm8,0.661,5uiw,7f1t
ECL2.Cm7,0.861,5uiw,7f1t
ECL2.Cm6,1.004,5uiw,7f1t
ECL2.Cm5,0.952,5uiw,7f1t
ECL2.Cm4,2.805,5uiw,7f1t
ECL2.Cm3,1.31,5uiw,7f1t
ECL2.Cm2,0.666,5uiw,7f1t
ECL2.Cm1,0.521,5uiw,7f1t
45x50,0.434,5uiw,7f1t
45x51,0.49,5uiw,7f1t
45x52,0.975,5uiw,7f1t
ECL2.Cp3,1.298,5uiw,7f1t
ECL2.Cp4,1.291,5uiw,7f1t
ECL2.Cp5,1.229,5uiw,7f1t
ECL2.Cp6,1.28,5uiw,7f1t
ECL2.Cp7,1.438,5uiw,7f1t
5x31,1.449,5uiw,7f1t
5x32,1.202,5uiw,7f1t
5x33,0.889,5uiw,7f1t
5x34,0.943,5uiw,7f1t
5x35,0.804,5uiw,7f1t
5x36,0.365,5uiw,7f1t
5x37,0.26,5uiw,7f1t
5x38,0.538,5uiw,7f1t
5x39,0.54,5uiw,7f1t
5x40,0.507,5uiw,7f1t
5x41,0.89,5uiw,7f1t
5x42,0.787,5uiw,7f1t
5x43,0.98,5uiw,7f1t
5x44,1.024,5uiw,7f1t
5x45,1.036,5uiw,7f1t
5x46,1.084,5uiw,7f1t
5x461,1.116,5uiw,7f1t
5x47,1.234,5uiw,7f1t
5x48,1.257,5uiw,7f1t
5x49,1.212,5uiw,7f1t
5x50,1.048,5uiw,7f1t
5x51,1.222,5uiw,7f1t
5x52,1.508,5uiw,7f1t
5x53,1.305,5uiw,7f1t
5x54,1.384,5uiw,7f1t
5x55,2.093,5uiw,7f1t
5x56,1.935,5uiw,7f1t
5x57,1.4,5uiw,7f1t
5x58,1.587,5uiw,7f1t
5x59,1.743,5uiw,7f1t
5x60,1.369,5uiw,7f1t
5x61,0.79,5uiw,7f1t
5x62,0.861,5uiw,7f1t
5x63,0.571,5uiw,7f1t
5x64,0.633,5uiw,7f1t
5x65,1.423,5uiw,7f1t
5x66,1.676,5uiw,7f1t
5x67,2.585,5uiw,7f1t
ICL3,6.196,5uiw,7f1t
6x28,8.249,5uiw,7f1t
6x29,6.71,5uiw,7f1t
6x30,7.514,5uiw,7f1t
6x31,7.589,5uiw,7f1t
6x32,6.8,5uiw,7f1t
6x33,1.972,5uiw,7f1t
6x34,1.764,5uiw,7f1t
6x35,1.1,5uiw,7f1t
6x36,0.84,5uiw,7f1t
6x37,0.952,5uiw,7f1t
6x38,0.675,5uiw,7f1t
6x39,0.867,5uiw,7f1t
6x40,0.71,5uiw,7f1t
6x41,0.774,5uiw,7f1t
6x42,1.275,5uiw,7f1t
6x43,0.768,5uiw,7f1t
6x44,0.656,5uiw,7f1t
6x45,0.939,5uiw,7f1t
6x46,1.065,5uiw,7f1t
6x47,1.144,5uiw,7f1t
6x48,1.012,5uiw,7f1t
6x49,1.492,5uiw,7f1t
6x50,1.167,5uiw,7f1t
6x51,0.779,5uiw,7f1t
6x52,1.15,5uiw,7f1t
6x53,1.249,5uiw,7f1t
6x54,0.68,5uiw,7f1t
6x55,0.982,5uiw,7f1t
6x56,1.541,5uiw,7f1t
6x57,1.078,5uiw,7f1t
6x58,1.195,5uiw,7f1t
6x59,2.573,5uiw,7f1t
6x60,2.251,5uiw,7f1t
6x61,0.484,5uiw,7f1t
6x62,1.03,5uiw,7f1t
6x63,1.392,5uiw,7f1t
6x64,1.374,5uiw,7f1t
6x65,1.043,5uiw,7f1t
ECL3.Cm3,0.882,5uiw,7f1t
ECL3.Cm2,1.101,5uiw,7f1t
7x23,1.214,5uiw,7f1t
7x24,1.206,5uiw,7f1t
7x25,1.173,5uiw,7f1t
7x26,1.108,5uiw,7f1t
7x27,1.161,5uiw,7f1t
7x28,1.009,5uiw,7f1t
7x29,0.902,5uiw,7f1t
7x30,0.688,5uiw,7f1t
7x31,0.958,5uiw,7f1t
7x32,1.018,5uiw,7f1t
7x33,0.649,5uiw,7f1t
7x34,0.427,5uiw,7f1t
7x35,0.485,5uiw,7f1t
7x36,0.427,5uiw,7f1t
7x37,0.473,5uiw,7f1t
7x38,0.712,5uiw,7f1t
7x39,0.951,5uiw,7f1t
7x40,0.931,5uiw,7f1t
7x41,0.904,5uiw,7f1t
7x42,0.837,5uiw,7f1t
7x43,0.981,5uiw,7f1t
7x45,1.061,5uiw,7f1t
7x46,0.907,5uiw,7f1t
7x47,0.863,5uiw,7f1t
7x48,0.871,5uiw,7f1t
7x49,0.333,5uiw,7f1t
7x50,0.237,5uiw,7f1t
7x51,0.694,5uiw,7f1t
7x52,0.783,5uiw,7f1t
7x53,0.619,5uiw,7f1t
7x54,0.95,5uiw,7f1t
7x55,0.247,5uiw,7f1t
7x56,0.711,5uiw,7f1t
8x47,0.652,5uiw,7f1t
8x48,1.172,5uiw,7f1t
8x49,1.828,5uiw,7f1t
8x50,1.412,5uiw,7f1t
8x51,1.691,5uiw,7f1t
8x52,1.649,5uiw,7f1t
8x53,1.954,5uiw,7f1t
8x54,3.153,5uiw,7f1t
8x55,3.048,5uiw,7f1t
8x56,2.554,5uiw,7f1t
8x57,5.35,5uiw,7f1t
8x58,5.675,5uiw,7f1t
8x59,5.017,5uiw,7f1t
NTr.Cm4,9.377,5uiw,6wwz
NTr.Cm3,7.339,5uiw,6wwz
NTr.Cm2,7.332,5uiw,6wwz
NTr.Cm1,5.502,5uiw,6wwz
1x22,3.4,5uiw,6wwz
1x23,3.092,5uiw,6wwz
1x24,1.991,5uiw,6wwz
1x25,1.492,5uiw,6wwz
1x26,1.944,5uiw,6wwz
1x27,2.052,5uiw,6wwz
1x28,1.483,5uiw,6wwz
1x29,1.921,5uiw,6wwz
1x30,1.73,5uiw,6wwz
1x31,1.571,5uiw,6wwz
1x32,1.801,5uiw,6wwz
1x33,0.926,5uiw,6wwz
1x34,1.453,5uiw,6wwz
1x35,1.588,5uiw,6wwz
1x36,1.229,5uiw,6wwz
1x37,1.716,5uiw,6wwz
1x38,1.45,5uiw,6wwz
1x39,0.771,5uiw,6wwz
1x40,1.073,5uiw,6wwz
1x41,1.122,5uiw,6wwz
1x42,1.129,5uiw,6wwz
1x43,1.079,5uiw,6wwz
1x44,0.613,5uiw,6wwz
1x45,0.966,5uiw,6wwz
1x46,1.057,5uiw,6wwz
1x47,0.893,5uiw,6wwz
1x48,1.646,5uiw,6wwz
1x49,1.28,5uiw,6wwz
1x50,1.198,5uiw,6wwz
1x51,1.097,5uiw,6wwz
1x52,1.148,5uiw,6wwz
1x53,1.377,5uiw,6wwz
1x54,1.427,5uiw,6wwz
1x55,1.693,5uiw,6wwz
1x56,2.039,5uiw,6wwz
1x57,2.523,5uiw,6wwz
1x58,2.9,5uiw,6wwz
1x59,2.128,5uiw,6wwz
1x60,5.177,5uiw,6wwz
12x48,7.928,5uiw,6wwz
12x49,5.191,5uiw,6wwz
12x50,5.878,5uiw,6wwz
12x51,2.622,5uiw,6wwz
2x37,2.216,5uiw,6wwz
2x38,1.705,5uiw,6wwz
2x39,0.575,5uiw,6wwz
2x40,0.783,5uiw,6wwz
2x41,1.116,5uiw,6wwz
2x42,0.941,5uiw,6wwz
2x43,0.794,5uiw,6wwz
2x44,1.088,5uiw,6wwz
2x45,1.139,5uiw,6wwz
2x46,1.09,5uiw,6wwz
2x47,1.209,5uiw,6wwz
2x48,1.314,5uiw,6wwz
2x49,1.283,5uiw,6wwz
2x50,1.172,5uiw,6wwz
2x51,1.69,5uiw,6wwz
2x52,2.52,5uiw,6wwz
2x53,1.356,5uiw,6wwz
2x54,0.719,5uiw,6wwz
2x55,1.834,5uiw,6wwz
2x56,1.678,5uiw,6wwz
2x57,0.933,5uiw,6wwz
2x58,0.61,5uiw,6wwz
2x59,1.14,5uiw,6wwz
2x60,1.868,5uiw,6wwz
2x61,1.415,5uiw,6wwz
2x62,1.267,5uiw,6wwz
2x63,1.771,5uiw,6wwz
2x64,1.658,5uiw,6wwz
2x65,1.407,5uiw,6wwz
2x66,1.8,5uiw,6wwz
23x49,3.126,5uiw,6wwz
23x50,2.234,5uiw,6wwz
23x51,2.623,5uiw,6wwz
23x52,2.149,5uiw,6wwz
3x21,2.497,5uiw,6wwz
3x22,2.207,5uiw,6wwz
3x23,1.536,5uiw,6wwz
3x24,1.209,5uiw,6wwz
3x25,1.41,5uiw,6wwz
3x26,1.874,5uiw,6wwz
3x27,1.287,5uiw,6wwz
3x28,1.316,5uiw,6wwz
3x29,1.418,5uiw,6wwz
3x30,1.864,5uiw,6wwz
3x31,1.805,5uiw,6wwz
3x32,1.319,5uiw,6wwz
3x33,1.291,5uiw,6wwz
3x34,1.036,5uiw,6wwz
3x35,1.323,5uiw,6wwz
3x36,1.074,5uiw,6wwz
3x37,1.095,5uiw,6wwz
3x38,0.962,5uiw,6wwz
3x39,0.884,5uiw,6wwz
3x40,0.876,5uiw,6wwz
3x41,0.686,5uiw,6wwz
3x42,0.563,5uiw,6wwz
3x43,0.689,5uiw,6wwz
3x44,0.822,5uiw,6wwz
3x45,0.732,5uiw,6wwz
3x46,0.68,5uiw,6wwz
3x47,0.722,5uiw,6wwz
3x48,0.824,5uiw,6wwz
3x49,0.549,5uiw,6wwz
3x50,0.457,5uiw,6wwz
3x51,0.997,5uiw,6wwz
3x52,1.087,5uiw,6wwz
3x53,0.57,5uiw,6wwz
3x54,1.082,5uiw,6wwz
3x55,1.022,5uiw,6wwz
3x56,1.524,5uiw,6wwz
34x50,1.668,5uiw,6wwz
34x51,4.141,5uiw,6wwz
34x52,4.76,5uiw,6wwz
34x53,3.661,5uiw,6wwz
34x54,4.476,5uiw,6wwz
34x55,8.877,5uiw,6wwz
34x56,8.857,5uiw,6wwz
4x38,1.564,5uiw,6wwz
4x39,1.745,5uiw,6wwz
4x40,0.849,5uiw,6wwz
4x41,0.908,5uiw,6wwz
4x42,0.689,5uiw,6wwz
4x43,0.821,5uiw,6wwz
4x44,0.833,5uiw,6wwz
4x45,0.341,5uiw,6wwz
4x46,0.58,5uiw,6wwz
4x47,0.844,5uiw,6wwz
4x48,0.699,5uiw,6wwz
4x49,0.168,5uiw,6wwz
4x50,0.806,5uiw,6wwz
4x51,1.122,5uiw,6wwz
4x52,0.561,5uiw,6wwz
4x53,1.146,5uiw,6wwz
4x54,1.556,5uiw,6wwz
4x55,1.047,5uiw,6wwz
4x56,1.085,5uiw,6wwz
4x57,1.101,5uiw,6wwz
4x59,3.795,5uiw,6wwz
4x60,3.491,5uiw,6wwz
4x61,5.512,5uiw,6wwz
4x62,5.213,5uiw,6wwz
4x63,3.209,5uiw,6wwz
4x64,4.258,5uiw,6wwz
ECL2.Cm10,1.869,5uiw,6wwz
ECL2.Cm9,2.368,5uiw,6wwz
ECL2.Cm8,1.862,5uiw,6wwz
ECL2.Cm7,1.957,5uiw,6wwz
ECL2.Cm6,2.934,5uiw,6wwz
ECL2.Cm5,3.268,5uiw,6wwz
ECL2.Cm4,2.495,5uiw,6wwz
ECL2.Cm3,2.533,5uiw,6wwz
ECL2.Cm2,2.331,5uiw,6wwz
ECL2.Cm1,1.689,5uiw,6wwz
45x50,1.637,5uiw,6wwz
45x51,1.668,5uiw,6wwz
45x52,2.348,5uiw,6wwz
ECL2.Cp3,3.252,5uiw,6wwz
ECL2.Cp4,3.681,5uiw,6wwz
ECL2.Cp5,5.004,5uiw,6wwz
ECL2.Cp6,8.637,5uiw,6wwz
ECL2.Cp7,5.996,5uiw,6wwz
5x34,1.659,5uiw,6wwz
5x35,1.716,5uiw,6wwz
5x36,2.485,5uiw,6wwz
5x37,2.345,5uiw,6wwz
5x38,1.501,5uiw,6wwz
5x39,1.851,5uiw,6wwz
5x40,2.213,5uiw,6wwz
5x41,1.961,5uiw,6wwz
5x42,1.453,5uiw,6wwz
5x43,1.494,5uiw,6wwz
5x44,1.587,5uiw,6wwz
5x45,1.189,5uiw,6wwz
5x46,0.964,5uiw,6wwz
5x461,1.255,5uiw,6wwz
5x47,1.009,5uiw,6wwz
5x48,1.084,5uiw,6wwz
5x49,1.099,5uiw,6wwz
5x50,1.007,5uiw,6wwz
5x51,1.175,5uiw,6wwz
5x52,0.824,5uiw,6wwz
5x53,0.579,5uiw,6wwz
5x54,1.601,5uiw,6wwz
5x55,2.1,5uiw,6wwz
5x56,1.444,5uiw,6wwz
5x57,0.995,5uiw,6wwz
5x58,2.074,5uiw,6wwz
5x59,2.361,5uiw,6wwz
5x60,1.578,5uiw,6wwz
5x61,1.101,5uiw,6wwz
5x62,1.837,5uiw,6wwz
5x63,1.653,5uiw,6wwz
5x64,1.1,5uiw,6wwz
5x65,1.176,5uiw,6wwz
5x66,1.357,5uiw,6wwz
5x67,1.09,5uiw,6wwz
ICL3,7.583,5uiw,6wwz
6x30,6.314,5uiw,6wwz
6x31,6.054,5uiw,6wwz
6x32,5.275,5uiw,6wwz
6x33,5.913,5uiw,6wwz
6x34,6.307,5uiw,6wwz
6x35,5.423,5uiw,6wwz
6x36,4.917,5uiw,6wwz
6x37,6.013,5uiw,6wwz
6x38,5.666,5uiw,6wwz
6x39,4.218,5uiw,6wwz
6x40,4.286,5uiw,6wwz
6x41,5.082,5uiw,6wwz
6x42,4.42,5uiw,6wwz
6x43,2.6,5uiw,6wwz
6x44,3.285,5uiw,6wwz
6x45,3.413,5uiw,6wwz
6x46,2.609,5uiw,6wwz
6x47,2.208,5uiw,6wwz
6x48,2.363,5uiw,6wwz
6x49,2.317,5uiw,6wwz
6x50,1.529,5uiw,6wwz
6x51,1.206,5uiw,6wwz
6x52,1.38,5uiw,6wwz
6x53,1.385,5uiw,6wwz
6x54,0.741,5uiw,6wwz
6x55,0.589,5uiw,6wwz
6x56,0.76,5uiw,6wwz
6x57,0.631,5uiw,6wwz
6x58,0.838,5uiw,6wwz
6x59,1.598,5uiw,6wwz
6x60,1.438,5uiw,6wwz
6x61,2.552,5uiw,6wwz
6x62,4.916,5uiw,6wwz
6x63,8.032,5uiw,6wwz
6x64,9.099,5uiw,6wwz
6x65,8.669,5uiw,6wwz
ECL3.Cm3,8.866,5uiw,6wwz
ECL3.Cm2,4.08,5uiw,6wwz
7x23,3.693,5uiw,6wwz
7x24,2.871,5uiw,6wwz
7x25,2.579,5uiw,6wwz
7x26,1.419,5uiw,6wwz
7x27,1.275,5uiw,6wwz
7x28,1.851,5uiw,6wwz
7x29,1.209,5uiw,6wwz
7x30,0.908,5uiw,6wwz
7x31,1.987,5uiw,6wwz
7x32,1.457,5uiw,6wwz
7x33,1.64,5uiw,6wwz
7x34,1.448,5uiw,6wwz
7x35,1.644,5uiw,6wwz
7x36,1.348,5uiw,6wwz
7x37,1.134,5uiw,6wwz
7x38,1.125,5uiw,6wwz
7x39,1.662,5uiw,6wwz
7x40,1.678,5uiw,6wwz
7x41,1.042,5uiw,6wwz
7x42,1.834,5uiw,6wwz
7x43,2.44,5uiw,6wwz
7x45,2.526,5uiw,6wwz
7x46,3.068,5uiw,6wwz
7x47,2.254,5uiw,6wwz
7x48,0.735,5uiw,6wwz
7x49,2.072,5uiw,6wwz
7x50,4.376,5uiw,6wwz
7x51,4.109,5uiw,6wwz
7x52,1.838,5uiw,6wwz
7x53,4.238,5uiw,6wwz
7x54,7.202,5uiw,6wwz
7x55,6.337,5uiw,6wwz
7x56,3.389,5uiw,6wwz
8x47,3.495,5uiw,6wwz
8x48,3.542,5uiw,6wwz
8x49,3.873,5uiw,6wwz
8x50,4.175,5uiw,6wwz
8x51,3.805,5uiw,6wwz
8x52,3.536,5uiw,6wwz
8x53,3.646,5uiw,6wwz
8x54,3.548,5uiw,6wwz
8x55,2.983,5uiw,6wwz
8x56,3.294,5uiw,6wwz
8x57,4.103,5uiw,6wwz
8x58,2.959,5uiw,6wwz
8x59,2.098,5uiw,6wwz
CT,15.2,5uiw,6wwz
NTr.Cm4,9.546,5uiw,6lfo
NTr.Cm3,8.648,5uiw,6lfo
NTr.Cm2,7.635,5uiw,6lfo
NTr.Cm1,6.289,5uiw,6lfo
1x22,3.441,5uiw,6lfo
1x23,1.625,5uiw,6lfo
1x24,2.957,5uiw,6lfo
1x25,1.695,5uiw,6lfo
1x26,3.205,5uiw,6lfo
1x27,7.741,5uiw,6lfo
1x28,4.66,5uiw,6lfo
1x30,1.892,5uiw,6lfo
1x31,2.747,5uiw,6lfo
1x32,2.274,5uiw,6lfo
1x33,0.61,5uiw,6lfo
1x34,0.834,5uiw,6lfo
1x35,0.945,5uiw,6lfo
1x36,1.055,5uiw,6lfo
1x37,1.352,5uiw,6lfo
1x38,0.806,5uiw,6lfo
1x39,0.367,5uiw,6lfo
1x40,0.561,5uiw,6lfo
1x41,0.574,5uiw,6lfo
1x42,0.39,5uiw,6lfo
1x43,0.789,5uiw,6lfo
1x44,0.458,5uiw,6lfo
1x45,0.338,5uiw,6lfo
1x46,0.591,5uiw,6lfo
1x47,1.17,5uiw,6lfo
1x48,1.211,5uiw,6lfo
1x49,1.474,5uiw,6lfo
1x50,1.43,5uiw,6lfo
1x51,0.806,5uiw,6lfo
1x52,0.687,5uiw,6lfo
1x53,0.767,5uiw,6lfo
1x54,1.295,5uiw,6lfo
1x55,0.867,5uiw,6lfo
1x56,0.745,5uiw,6lfo
1x57,1.493,5uiw,6lfo
1x58,1.808,5uiw,6lfo
1x59,1.7,5uiw,6lfo
1x60,3.375,5uiw,6lfo
12x48,6.67,5uiw,6lfo
12x49,3.676,5uiw,6lfo
12x50,3.337,5uiw,6lfo
12x51,1.445,5uiw,6lfo
2x37,0.848,5uiw,6lfo
2x38,1.088,5uiw,6lfo
2x39,1.236,5uiw,6lfo
2x40,1.404,5uiw,6lfo
2x41,1.298,5uiw,6lfo
2x42,1.135,5uiw,6lfo
2x43,1.259,5uiw,6lfo
2x44,1.046,5uiw,6lfo
2x45,0.943,5uiw,6lfo
2x46,0.924,5uiw,6lfo
2x47,0.983,5uiw,6lfo
2x48,1.345,5uiw,6lfo
2x49,1.532,5uiw,6lfo
2x50,0.868,5uiw,6lfo
2x51,1.71,5uiw,6lfo
2x52,2.347,5uiw,6lfo
2x53,1.397,5uiw,6lfo
2x54,0.721,5uiw,6lfo
2x55,1.029,5uiw,6lfo
2x56,1.105,5uiw,6lfo
2x57,0.966,5uiw,6lfo
2x58,0.511,5uiw,6lfo
2x59,0.988,5uiw,6lfo
2x60,1.401,5uiw,6lfo
2x61,0.935,5uiw,6lfo
2x62,0.624,5uiw,6lfo
2x63,0.659,5uiw,6lfo
2x64,1.695,5uiw,6lfo
2x65,2.497,5uiw,6lfo
2x66,1.551,5uiw,6lfo
23x49,1.804,5uiw,6lfo
23x50,0.804,5uiw,6lfo
23x51,0.817,5uiw,6lfo
23x52,2.772,5uiw,6lfo
3x21,2.031,5uiw,6lfo
3x22,1.383,5uiw,6lfo
3x23,1.017,5uiw,6lfo
3x24,0.873,5uiw,6lfo
3x25,0.656,5uiw,6lfo
3x26,0.925,5uiw,6lfo
3x27,0.741,5uiw,6lfo
3x28,0.944,5uiw,6lfo
3x29,0.932,5uiw,6lfo
3x30,0.811,5uiw,6lfo
3x31,0.856,5uiw,6lfo
3x32,0.719,5uiw,6lfo
3x33,0.957,5uiw,6lfo
3x34,0.937,5uiw,6lfo
3x35,0.839,5uiw,6lfo
3x36,0.67,5uiw,6lfo
3x37,0.67,5uiw,6lfo
3x38,0.608,5uiw,6lfo
3x39,1.066,5uiw,6lfo
3x40,1.067,5uiw,6lfo
3x41,0.456,5uiw,6lfo
3x42,0.417,5uiw,6lfo
3x43,0.48,5uiw,6lfo
3x44,0.827,5uiw,6lfo
3x45,0.668,5uiw,6lfo
3x46,0.503,5uiw,6lfo
3x47,0.55,5uiw,6lfo
3x48,0.561,5uiw,6lfo
3x49,0.449,5uiw,6lfo
3x50,1.067,5uiw,6lfo
3x51,0.337,5uiw,6lfo
3x52,0.888,5uiw,6lfo
3x53,1.317,5uiw,6lfo
3x54,1.346,5uiw,6lfo
3x55,1.539,5uiw,6lfo
3x56,1.547,5uiw,6lfo
34x50,1.813,5uiw,6lfo
34x51,2.804,5uiw,6lfo
34x52,3.091,5uiw,6lfo
34x53,2.885,5uiw,6lfo
34x54,3.456,5uiw,6lfo
34x55,2.575,5uiw,6lfo
34x56,0.853,5uiw,6lfo
4x38,5.059,5uiw,6lfo
4x39,4.217,5uiw,6lfo
4x40,5.124,5uiw,6lfo
4x41,1.288,5uiw,6lfo
4x42,0.937,5uiw,6lfo
4x43,0.989,5uiw,6lfo
4x44,1.328,5uiw,6lfo
4x45,0.919,5uiw,6lfo
4x46,0.91,5uiw,6lfo
4x47,0.854,5uiw,6lfo
4x48,1.017,5uiw,6lfo
4x49,0.808,5uiw,6lfo
4x50,0.713,5uiw,6lfo
4x51,0.922,5uiw,6lfo
4x52,0.518,5uiw,6lfo
4x53,0.595,5uiw,6lfo
4x54,1.035,5uiw,6lfo
4x55,0.767,5uiw,6lfo
4x56,0.956,5uiw,6lfo
4x57,1.503,5uiw,6lfo
4x59,1.805,5uiw,6lfo
4x60,1.737,5uiw,6lfo
4x61,2.682,5uiw,6lfo
4x62,2.938,5uiw,6lfo
4x63,2.564,5uiw,6lfo
4x64,2.925,5uiw,6lfo
4x65,2.583,5uiw,6lfo
ECL2.Cm10,3.345,5uiw,6lfo
ECL2.Cm9,4.452,5uiw,6lfo
ECL2.Cm8,3.527,5uiw,6lfo
ECL2.Cm7,5.969,5uiw,6lfo
ECL2.Cm6,4.854,5uiw,6lfo
ECL2.Cm5,6.125,5uiw,6lfo
ECL2.Cm4,7.26,5uiw,6lfo
ECL2.Cm3,2.997,5uiw,6lfo
ECL2.Cm2,2.92,5uiw,6lfo
ECL2.Cm1,1.901,5uiw,6lfo
45x50,2.668,5uiw,6lfo
45x51,3.213,5uiw,6lfo
45x52,3.428,5uiw,6lfo
ECL2.Cp3,4.395,5uiw,6lfo
ECL2.Cp4,6.163,5uiw,6lfo
ECL2.Cp5,3.892,5uiw,6lfo
ECL2.Cp6,2.68,5uiw,6lfo
ECL2.Cp7,3.111,5uiw,6lfo
5x34,4.737,5uiw,6lfo
5x35,2.256,5uiw,6lfo
5x36,3.993,5uiw,6lfo
5x37,3.779,5uiw,6lfo
5x38,2.14,5uiw,6lfo
5x39,2.675,5uiw,6lfo
5x40,3.102,5uiw,6lfo
5x41,2.208,5uiw,6lfo
5x42,2.318,5uiw,6lfo
5x43,4.179,5uiw,6lfo
5x44,4.018,5uiw,6lfo
5x45,2.059,5uiw,6lfo
5x46,2.304,5uiw,6lfo
5x461,3.417,5uiw,6lfo
5x47,2.977,5uiw,6lfo
5x48,1.789,5uiw,6lfo
5x49,1.511,5uiw,6lfo
5x50,2.157,5uiw,6lfo
5x51,2.43,5uiw,6lfo
5x52,1.521,5uiw,6lfo
5x53,1.298,5uiw,6lfo
5x54,2.325,5uiw,6lfo
5x55,2.506,5uiw,6lfo
5x56,1.66,5uiw,6lfo
5x57,1.154,5uiw,6lfo
5x58,2.714,5uiw,6lfo
5x59,3.03,5uiw,6lfo
5x60,1.866,5uiw,6lfo
5x61,1.766,5uiw,6lfo
5x62,2.459,5uiw,6lfo
5x63,2.474,5uiw,6lfo
5x64,1.708,5uiw,6lfo
5x65,1.724,5uiw,6lfo
5x66,2.298,5uiw,6lfo
5x67,2.257,5uiw,6lfo
ICL3,6.763,5uiw,6lfo
6x30,7.254,5uiw,6lfo
6x31,6.934,5uiw,6lfo
6x32,5.849,5uiw,6lfo
6x33,5.925,5uiw,6lfo
6x34,5.959,5uiw,6lfo
6x35,4.952,5uiw,6lfo
6x36,4.342,5uiw,6lfo
6x37,5.077,5uiw,6lfo
6x38,4.824,5uiw,6lfo
6x39,2.938,5uiw,6lfo
6x40,3.027,5uiw,6lfo
6x41,3.431,5uiw,6lfo
6x42,2.751,5uiw,6lfo
6x43,0.951,5uiw,6lfo
6x44,1.583,5uiw,6lfo
6x45,1.453,5uiw,6lfo
6x46,0.546,5uiw,6lfo
6x47,1.138,5uiw,6lfo
6x48,1.249,5uiw,6lfo
6x49,0.594,5uiw,6lfo
6x50,0.249,5uiw,6lfo
6x51,0.771,5uiw,6lfo
6x52,0.186,5uiw,6lfo
6x53,0.229,5uiw,6lfo
6x54,0.391,5uiw,6lfo
6x55,0.493,5uiw,6lfo
6x56,0.578,5uiw,6lfo
6x57,0.603,5uiw,6lfo
6x58,0.787,5uiw,6lfo
6x59,0.997,5uiw,6lfo
6x60,0.953,5uiw,6lfo
6x61,0.917,5uiw,6lfo
6x62,4.395,5uiw,6lfo
6x63,5.813,5uiw,6lfo
6x64,7.096,5uiw,6lfo
ECL3.Cm3,4.011,5uiw,6lfo
ECL3.Cm2,2.222,5uiw,6lfo
7x23,2.518,5uiw,6lfo
7x24,1.582,5uiw,6lfo
7x25,1.721,5uiw,6lfo
7x26,1.254,5uiw,6lfo
7x27,0.366,5uiw,6lfo
7x28,0.374,5uiw,6lfo
7x29,0.887,5uiw,6lfo
7x30,1.121,5uiw,6lfo
7x31,0.797,5uiw,6lfo
7x32,0.434,5uiw,6lfo
7x33,0.8,5uiw,6lfo
7x34,0.926,5uiw,6lfo
7x35,0.935,5uiw,6lfo
7x36,0.48,5uiw,6lfo
7x37,0.763,5uiw,6lfo
7x38,1.519,5uiw,6lfo
7x39,1.657,5uiw,6lfo
7x40,1.285,5uiw,6lfo
7x41,0.622,5uiw,6lfo
7x42,1.406,5uiw,6lfo
7x43,2.001,5uiw,6lfo
7x45,1.482,5uiw,6lfo
7x46,0.787,5uiw,6lfo
7x47,1.607,5uiw,6lfo
7x48,1.173,5uiw,6lfo
7x49,1.282,5uiw,6lfo
7x50,1.987,5uiw,6lfo
7x51,2.478,5uiw,6lfo
7x52,2.157,5uiw,6lfo
7x53,4.72,5uiw,6lfo
7x54,7.051,5uiw,6lfo
7x55,6.242,5uiw,6lfo
7x56,2.878,5uiw,6lfo
8x47,2.389,5uiw,6lfo
8x48,2.68,5uiw,6lfo
8x49,2.316,5uiw,6lfo
8x50,2.33,5uiw,6lfo
8x51,2.68,5uiw,6lfo
8x52,2.924,5uiw,6lfo
8x53,2.089,5uiw,6lfo
8x54,2.236,5uiw,6lfo
8x55,2.006,5uiw,6lfo
8x56,2.146,5uiw,6lfo
8x57,2.818,5uiw,6lfo
8x58,2.186,5uiw,6lfo
8x59,1.896,5uiw,6lfo
CT,34.185,5uiw,6lfo
NTr.Cm4,4.104,5uiw,ngo
NTr.Cm3,5.549,5uiw,ngo
NTr.Cm2,4.3,5uiw,ngo
NTr.Cm1,3.419,5uiw,ngo
1x22,1.677,5uiw,ngo
1x23,1.709,5uiw,ngo
1x24,2.297,5uiw,ngo
1x25,1.689,5uiw,ngo
1x26,2.344,5uiw,ngo
1x27,2.593,5uiw,ngo
1x28,1.469,5uiw,ngo
1x29,1.454,5uiw,ngo
1x30,2.741,5uiw,ngo
1x31,2.116,5uiw,ngo
1x32,0.664,5uiw,ngo
1x33,2.351,5uiw,ngo
1x34,2.058,5uiw,ngo
1x35,1.446,5uiw,ngo
1x36,1.282,5uiw,ngo
1x37,2.085,5uiw,ngo
1x38,1.849,5uiw,ngo
1x39,0.638,5uiw,ngo
1x40,0.875,5uiw,ngo
1x41,0.972,5uiw,ngo
1x42,0.474,5uiw,ngo
1x43,0.401,5uiw,ngo
1x44,0.585,5uiw,ngo
1x45,0.444,5uiw,ngo
1x46,1.101,5uiw,ngo
1x47,1.372,5uiw,ngo
1x48,1.04,5uiw,ngo
1x49,1.074,5uiw,ngo
1x50,0.743,5uiw,ngo
1x51,0.86,5uiw,ngo
1x52,1.134,5uiw,ngo
1x53,0.903,5uiw,ngo
1x54,0.601,5uiw,ngo
1x55,0.844,5uiw,ngo
1x56,0.929,5uiw,ngo
1x57,0.885,5uiw,ngo
1x58,0.986,5uiw,ngo
1x59,1.175,5uiw,ngo
1x60,2.226,5uiw,ngo
12x48,3.69,5uiw,ngo
12x49,8.872,5uiw,ngo
12x50,9.484,5uiw,ngo
12x51,6.791,5uiw,ngo
2x37,6.532,5uiw,ngo
2x38,5.197,5uiw,ngo
2x39,2.153,5uiw,ngo
2x40,2.134,5uiw,ngo
2x41,1.345,5uiw,ngo
2x42,0.802,5uiw,ngo
2x43,1.303,5uiw,ngo
2x44,0.826,5uiw,ngo
2x45,0.72,5uiw,ngo
2x46,0.949,5uiw,ngo
2x47,0.417,5uiw,ngo
2x48,0.47,5uiw,ngo
2x49,1.072,5uiw,ngo
2x50,0.772,5uiw,ngo
2x51,1.018,5uiw,ngo
2x52,1.765,5uiw,ngo
2x53,1.827,5uiw,ngo
2x54,0.789,5uiw,ngo
2x55,1.991,5uiw,ngo
2x56,1.696,5uiw,ngo
2x57,0.95,5uiw,ngo
2x58,1.071,5uiw,ngo
2x59,0.606,5uiw,ngo
2x60,0.184,5uiw,ngo
2x61,0.47,5uiw,ngo
2x62,0.64,5uiw,ngo
2x63,0.5,5uiw,ngo
2x64,0.604,5uiw,ngo
2x65,0.964,5uiw,ngo
2x66,0.936,5uiw,ngo
23x49,0.76,5uiw,ngo
23x50,0.763,5uiw,ngo
23x51,0.743,5uiw,ngo
23x52,0.913,5uiw,ngo
3x21,1.149,5uiw,ngo
3x22,1.298,5uiw,ngo
3x23,1.35,5uiw,ngo
3x24,0.533,5uiw,ngo
3x25,0.68,5uiw,ngo
3x26,0.953,5uiw,ngo
3x27,0.659,5uiw,ngo
3x28,0.301,5uiw,ngo
3x29,0.578,5uiw,ngo
3x30,0.587,5uiw,ngo
3x31,0.433,5uiw,ngo
3x32,0.701,5uiw,ngo
3x33,1.251,5uiw,ngo
3x34,0.602,5uiw,ngo
3x35,1.186,5uiw,ngo
3x36,1.645,5uiw,ngo
3x37,0.902,5uiw,ngo
3x38,0.859,5uiw,ngo
3x39,0.519,5uiw,ngo
3x40,0.614,5uiw,ngo
3x41,1.091,5uiw,ngo
3x42,1.042,5uiw,ngo
3x43,1.505,5uiw,ngo
3x44,1.409,5uiw,ngo
3x45,1.004,5uiw,ngo
3x46,1.056,5uiw,ngo
3x47,1.292,5uiw,ngo
3x48,1.018,5uiw,ngo
3x49,0.8,5uiw,ngo
3x50,1.076,5uiw,ngo
3x51,1.263,5uiw,ngo
3x52,0.764,5uiw,ngo
3x53,0.191,5uiw,ngo
3x54,0.312,5uiw,ngo
3x55,0.742,5uiw,ngo
3x56,0.869,5uiw,ngo
34x50,1.323,5uiw,ngo
34x51,3.009,5uiw,ngo
34x52,3.368,5uiw,ngo
34x53,1.773,5uiw,ngo
34x54,1.747,5uiw,ngo
34x55,2.365,5uiw,ngo
34x56,2.569,5uiw,ngo
34x57,2.618,5uiw,ngo
4x38,3.011,5uiw,ngo
4x39,8.072,5uiw,ngo
4x40,9.203,5uiw,ngo
4x41,4.849,5uiw,ngo
4x42,2.101,5uiw,ngo
4x43,5.28,5uiw,ngo
4x44,5.352,5uiw,ngo
4x45,2.341,5uiw,ngo
4x46,3.501,5uiw,ngo
4x47,6.243,5uiw,ngo
4x48,5.579,5uiw,ngo
4x49,2.585,5uiw,ngo
4x50,1.491,5uiw,ngo
4x51,1.412,5uiw,ngo
4x52,1.596,5uiw,ngo
4x53,1.329,5uiw,ngo
4x54,0.719,5uiw,ngo
4x55,1.134,5uiw,ngo
4x56,2.544,5uiw,ngo
4x57,3.003,5uiw,ngo
4x59,2.58,5uiw,ngo
4x60,2.17,5uiw,ngo
4x61,3.566,5uiw,ngo
4x62,3.539,5uiw,ngo
4x63,2.388,5uiw,ngo
4x64,2.641,5uiw,ngo
4x65,1.903,5uiw,ngo
ECL2.Cm10,1.801,5uiw,ngo
ECL2.Cm9,1.333,5uiw,ngo
ECL2.Cm8,0.617,5uiw,ngo
ECL2.Cm7,1.577,5uiw,ngo
ECL2.Cm6,2.163,5uiw,ngo
ECL2.Cm5,3.393,5uiw,ngo
ECL2.Cm4,5.187,5uiw,ngo
ECL2.Cm3,1.925,5uiw,ngo
ECL2.Cm2,0.893,5uiw,ngo
ECL2.Cm1,0.777,5uiw,ngo
45x50,0.748,5uiw,ngo
45x51,0.946,5uiw,ngo
45x52,1.666,5uiw,ngo
ECL2.Cp3,2.195,5uiw,ngo
ECL2.Cp4,1.946,5uiw,ngo
ECL2.Cp5,1.171,5uiw,ngo
ECL2.Cp6,2.861,5uiw,ngo
5x33,3.636,5uiw,ngo
5x34,2.152,5uiw,ngo
5x35,1.378,5uiw,ngo
5x36,1.605,5uiw,ngo
5x37,1.399,5uiw,ngo
5x38,0.743,5uiw,ngo
5x39,0.342,5uiw,ngo
5x40,0.485,5uiw,ngo
5x41,1.122,5uiw,ngo
5x42,1.116,5uiw,ngo
5x43,1.169,5uiw,ngo
5x44,1.372,5uiw,ngo
5x45,1.392,5uiw,ngo
5x46,1.291,5uiw,ngo
5x461,1.316,5uiw,ngo
5x47,1.201,5uiw,ngo
5x48,0.992,5uiw,ngo
5x49,1.404,5uiw,ngo
5x50,1.553,5uiw,ngo
5x51,1.192,5uiw,ngo
5x52,0.561,5uiw,ngo
5x53,1.056,5uiw,ngo
5x54,1.627,5uiw,ngo
5x55,1.493,5uiw,ngo
5x56,0.732,5uiw,ngo
5x57,0.267,5uiw,ngo
5x58,0.893,5uiw,ngo
5x59,1.454,5uiw,ngo
5x60,1.499,5uiw,ngo
5x61,0.135,5uiw,ngo
5x62,0.874,5uiw,ngo
5x63,1.849,5uiw,ngo
5x64,1.614,5uiw,ngo
5x65,2.187,5uiw,ngo
5x66,5.576,5uiw,ngo
5x67,6.473,5uiw,ngo
ICL3,3.246,5uiw,ngo
6x30,1.637,5uiw,ngo
6x31,1.575,5uiw,ngo
6x32,1.324,5uiw,ngo
6x33,0.897,5uiw,ngo
6x34,0.917,5uiw,ngo
6x35,1.113,5uiw,ngo
6x36,1.173,5uiw,ngo
6x37,1.01,5uiw,ngo
6x38,1.294,5uiw,ngo
6x39,1.547,5uiw,ngo
6x40,1.372,5uiw,ngo
6x41,1.299,5uiw,ngo
6x42,1.523,5uiw,ngo
6x43,1.47,5uiw,ngo
6x44,1.722,5uiw,ngo
6x45,1.53,5uiw,ngo
6x46,1.141,5uiw,ngo
6x47,0.766,5uiw,ngo
6x48,0.863,5uiw,ngo
6x49,1.437,5uiw,ngo
6x50,1.319,5uiw,ngo
6x51,0.748,5uiw,ngo
6x52,1.276,5uiw,ngo
6x53,1.687,5uiw,ngo
6x54,1.147,5uiw,ngo
6x55,1.321,5uiw,ngo
6x56,2.371,5uiw,ngo
6x57,1.604,5uiw,ngo
6x58,1.707,5uiw,ngo
6x59,2.708,5uiw,ngo
6x60,1.977,5uiw,ngo
6x61,0.888,5uiw,ngo
6x62,5.696,5uiw,ngo
6x63,5.505,5uiw,ngo
6x64,6.922,5uiw,ngo
ECL3.Cm3,3.782,5uiw,ngo
ECL3.Cm2,3.882,5uiw,ngo
7x23,2.58,5uiw,ngo
7x24,1.194,5uiw,ngo
7x25,1.718,5uiw,ngo
7x26,1.561,5uiw,ngo
7x27,0.484,5uiw,ngo
7x28,1.161,5uiw,ngo
7x29,1.333,5uiw,ngo
7x30,1.36,5uiw,ngo
7x31,1.16,5uiw,ngo
7x32,1.481,5uiw,ngo
7x33,1.387,5uiw,ngo
7x34,1.302,5uiw,ngo
7x35,1.409,5uiw,ngo
7x36,1.964,5uiw,ngo
7x37,1.514,5uiw,ngo
7x38,1.33,5uiw,ngo
7x39,1.85,5uiw,ngo
7x40,1.478,5uiw,ngo
7x41,0.877,5uiw,ngo
7x42,2.626,5uiw,ngo
7x43,2.866,5uiw,ngo
7x45,2.69,5uiw,ngo
7x46,1.819,5uiw,ngo
7x47,1.308,5uiw,ngo
7x48,1.786,5uiw,ngo
7x49,2.124,5uiw,ngo
7x50,1.686,5uiw,ngo
7x51,0.98,5uiw,ngo
7x52,2.339,5uiw,ngo
7x53,2.746,5uiw,ngo
7x54,2.6,5uiw,ngo
7x55,4.842,5uiw,ngo
NTr.Cm4,9.892,5uiw,7sk3
NTr.Cm3,7.464,5uiw,7sk3
NTr.Cm2,8.784,5uiw,7sk3
NTr.Cm1,8.366,5uiw,7sk3
1x22,5.184,5uiw,7sk3
1x23,6.492,5uiw,7sk3
1x24,7.63,5uiw,7sk3
1x25,2.687,5uiw,7sk3
1x26,3.902,5uiw,7sk3
1x27,7.155,5uiw,7sk3
1x28,4.384,5uiw,7sk3
1x29,3.207,5uiw,7sk3
1x30,3.279,5uiw,7sk3
1x31,3.522,5uiw,7sk3
1x32,2.647,5uiw,7sk3
1x33,1.266,5uiw,7sk3
1x34,1.628,5uiw,7sk3
1x35,2.236,5uiw,7sk3
1x36,2.084,5uiw,7sk3
1x37,2.15,5uiw,7sk3
1x38,1.775,5uiw,7sk3
1x39,1.407,5uiw,7sk3
1x40,1.549,5uiw,7sk3
1x41,1.515,5uiw,7sk3
1x42,1.347,5uiw,7sk3
1x43,1.284,5uiw,7sk3
1x44,1.022,5uiw,7sk3
1x45,1.081,5uiw,7sk3
1x46,1.064,5uiw,7sk3
1x47,0.959,5uiw,7sk3
1x48,0.914,5uiw,7sk3
1x49,0.916,5uiw,7sk3
1x50,0.501,5uiw,7sk3
1x51,0.404,5uiw,7sk3
1x52,0.546,5uiw,7sk3
1x53,0.758,5uiw,7sk3
1x54,0.489,5uiw,7sk3
1x55,0.539,5uiw,7sk3
1x56,0.864,5uiw,7sk3
1x57,0.885,5uiw,7sk3
1x58,0.796,5uiw,7sk3
1x59,0.593,5uiw,7sk3
1x60,2.585,5uiw,7sk3
12x48,5.362,5uiw,7sk3
12x49,5.767,5uiw,7sk3
12x50,10.071,5uiw,7sk3
12x51,7.717,5uiw,7sk3
2x37,8.254,5uiw,7sk3
2x38,8.199,5uiw,7sk3
2x39,6.42,5uiw,7sk3
2x40,1.84,5uiw,7sk3
2x41,0.738,5uiw,7sk3
2x42,0.469,5uiw,7sk3
2x43,0.752,5uiw,7sk3
2x44,0.711,5uiw,7sk3
2x45,0.697,5uiw,7sk3
2x46,0.681,5uiw,7sk3
2x47,0.811,5uiw,7sk3
2x48,0.687,5uiw,7sk3
2x49,0.769,5uiw,7sk3
2x50,0.692,5uiw,7sk3
2x51,1.286,5uiw,7sk3
2x52,1.491,5uiw,7sk3
2x53,0.556,5uiw,7sk3
2x54,1.042,5uiw,7sk3
2x55,1.53,5uiw,7sk3
2x56,0.89,5uiw,7sk3
2x57,0.456,5uiw,7sk3
2x58,0.7,5uiw,7sk3
2x59,0.501,5uiw,7sk3
2x60,0.421,5uiw,7sk3
2x61,0.766,5uiw,7sk3
2x62,0.727,5uiw,7sk3
2x63,0.761,5uiw,7sk3
2x64,1.073,5uiw,7sk3
2x65,1.771,5uiw,7sk3
2x66,2.712,5uiw,7sk3
23x49,3.138,5uiw,7sk3
23x50,1.504,5uiw,7sk3
23x51,1.923,5uiw,7sk3
23x52,1.443,5uiw,7sk3
3x21,1.131,5uiw,7sk3
3x22,1.462,5uiw,7sk3
3x23,1.108,5uiw,7sk3
3x24,0.437,5uiw,7sk3
3x25,0.368,5uiw,7sk3
3x26,0.756,5uiw,7sk3
3x27,0.689,5uiw,7sk3
3x28,0.548,5uiw,7sk3
3x29,0.726,5uiw,7sk3
3x30,0.858,5uiw,7sk3
3x31,0.947,5uiw,7sk3
3x32,0.951,5uiw,7sk3
3x33,0.865,5uiw,7sk3
3x34,0.874,5uiw,7sk3
3x35,1.56,5uiw,7sk3
3x36,1.277,5uiw,7sk3
3x37,0.671,5uiw,7sk3
3x38,0.454,5uiw,7sk3
3x39,0.767,5uiw,7sk3
3x40,0.56,5uiw,7sk3
3x41,0.526,5uiw,7sk3
3x42,0.534,5uiw,7sk3
3x43,0.547,5uiw,7sk3
3x44,0.624,5uiw,7sk3
3x45,0.773,5uiw,7sk3
3x46,0.663,5uiw,7sk3
3x47,0.513,5uiw,7sk3
3x48,0.63,5uiw,7sk3
3x49,0.6,5uiw,7sk3
3x50,0.248,5uiw,7sk3
3x51,1.115,5uiw,7sk3
3x52,0.56,5uiw,7sk3
3x53,1.495,5uiw,7sk3
3x54,2.483,5uiw,7sk3
3x55,2.939,5uiw,7sk3
3x56,2.555,5uiw,7sk3
4x41,2.23,5uiw,7sk3
4x42,1.497,5uiw,7sk3
4x43,1.846,5uiw,7sk3
4x44,2.236,5uiw,7sk3
4x45,1.377,5uiw,7sk3
4x46,1,5uiw,7sk3
4x47,1.455,5uiw,7sk3
4x48,1.536,5uiw,7sk3
4x49,0.921,5uiw,7sk3
4x50,0.987,5uiw,7sk3
4x51,1.238,5uiw,7sk3
4x52,1.017,5uiw,7sk3
4x53,0.779,5uiw,7sk3
4x54,0.911,5uiw,7sk3
4x55,0.895,5uiw,7sk3
4x56,0.905,5uiw,7sk3
4x57,0.678,5uiw,7sk3
4x59,1.054,5uiw,7sk3
4x60,1.808,5uiw,7sk3
4x61,2.067,5uiw,7sk3
4x62,1.188,5uiw,7sk3
4x63,2.19,5uiw,7sk3
4x64,3.392,5uiw,7sk3
4x65,2.711,5uiw,7sk3
ECL2.Cm10,7.403,5uiw,7sk3
ECL2.Cm9,8.359,5uiw,7sk3
ECL2.Cm8,7.254,5uiw,7sk3
ECL2.Cm7,8.067,5uiw,7sk3
ECL2.Cm6,7.606,5uiw,7sk3
ECL2.Cm5,2.388,5uiw,7sk3
ECL2.Cm4,4.099,5uiw,7sk3
ECL2.Cm3,3.316,5uiw,7sk3
ECL2.Cm2,2.724,5uiw,7sk3
ECL2.Cm1,2.751,5uiw,7sk3
45x50,2.989,5uiw,7sk3
45x51,3.324,5uiw,7sk3
45x52,3.384,5uiw,7sk3
ECL2.Cp3,4.3,5uiw,7sk3
ECL2.Cp4,4.138,5uiw,7sk3
ECL2.Cp5,4.241,5uiw,7sk3
ECL2.Cp6,4.866,5uiw,7sk3
ECL2.Cp7,3.363,5uiw,7sk3
5x31,2.226,5uiw,7sk3
5x32,2.893,5uiw,7sk3
5x33,2.612,5uiw,7sk3
5x34,1.402,5uiw,7sk3
5x35,1.698,5uiw,7sk3
5x36,2.271,5uiw,7sk3
5x37,1.868,5uiw,7sk3
5x38,0.777,5uiw,7sk3
5x39,1.352,5uiw,7sk3
5x40,2.018,5uiw,7sk3
5x41,1.738,5uiw,7sk3
5x42,0.587,5uiw,7sk3
5x43,0.772,5uiw,7sk3
5x44,0.916,5uiw,7sk3
5x45,0.955,5uiw,7sk3
5x46,1.384,5uiw,7sk3
5x461,1.603,5uiw,7sk3
5x47,1.368,5uiw,7sk3
5x48,1.078,5uiw,7sk3
5x49,0.79,5uiw,7sk3
5x50,1.627,5uiw,7sk3
5x51,2.345,5uiw,7sk3
5x52,1.935,5uiw,7sk3
5x53,0.525,5uiw,7sk3
5x54,2.243,5uiw,7sk3
5x55,3.389,5uiw,7sk3
5x56,2.658,5uiw,7sk3
5x57,1.047,5uiw,7sk3
5x58,2.882,5uiw,7sk3
5x59,3.652,5uiw,7sk3
5x60,2.288,5uiw,7sk3
5x61,1.825,5uiw,7sk3
5x62,2.688,5uiw,7sk3
5x63,2.559,5uiw,7sk3
5x64,1.271,5uiw,7sk3
5x65,2.125,5uiw,7sk3
5x66,2.141,5uiw,7sk3
5x67,1.244,5uiw,7sk3
ICL3,6.669,5uiw,7sk3
6x28,4.323,5uiw,7sk3
6x29,8.426,5uiw,7sk3
6x30,9.312,5uiw,7sk3
6x31,6.179,5uiw,7sk3
6x32,3.958,5uiw,7sk3
6x33,8.574,5uiw,7sk3
6x34,7.038,5uiw,7sk3
6x35,5.734,5uiw,7sk3
6x36,5.165,5uiw,7sk3
6x37,6.001,5uiw,7sk3
6x38,4.842,5uiw,7sk3
6x39,3.277,5uiw,7sk3
6x40,3.797,5uiw,7sk3
6x41,4.088,5uiw,7sk3
6x42,3.072,5uiw,7sk3
6x43,1.425,5uiw,7sk3
6x44,2.202,5uiw,7sk3
6x45,1.947,5uiw,7sk3
6x46,1.312,5uiw,7sk3
6x47,1.099,5uiw,7sk3
6x48,1.138,5uiw,7sk3
6x49,1.272,5uiw,7sk3
6x50,0.871,5uiw,7sk3
6x51,0.504,5uiw,7sk3
6x52,0.826,5uiw,7sk3
6x53,1.333,5uiw,7sk3
6x54,1.184,5uiw,7sk3
6x55,0.621,5uiw,7sk3
6x56,0.743,5uiw,7sk3
6x57,1.069,5uiw,7sk3
6x58,0.969,5uiw,7sk3
6x59,0.285,5uiw,7sk3
6x60,1.323,5uiw,7sk3
6x61,2.172,5uiw,7sk3
6x62,5.752,5uiw,7sk3
6x63,5.965,5uiw,7sk3
6x64,7.331,5uiw,7sk3
ECL3.Cm3,4.445,5uiw,7sk3
ECL3.Cm2,3.326,5uiw,7sk3
7x23,3.162,5uiw,7sk3
7x24,2.934,5uiw,7sk3
7x25,1.849,5uiw,7sk3
7x26,2.048,5uiw,7sk3
7x27,3.11,5uiw,7sk3
7x28,2.245,5uiw,7sk3
7x29,1.428,5uiw,7sk3
7x30,2.227,5uiw,7sk3
7x31,2.252,5uiw,7sk3
7x32,1.728,5uiw,7sk3
7x33,1.421,5uiw,7sk3
7x34,1.499,5uiw,7sk3
7x35,1.542,5uiw,7sk3
7x36,1.106,5uiw,7sk3
7x37,0.695,5uiw,7sk3
7x38,1.326,5uiw,7sk3
7x39,1.736,5uiw,7sk3
7x40,1.424,5uiw,7sk3
7x41,0.766,5uiw,7sk3
7x42,2.174,5uiw,7sk3
7x43,2.623,5uiw,7sk3
7x45,2.279,5uiw,7sk3
7x46,1.782,5uiw,7sk3
7x47,1.718,5uiw,7sk3
7x48,1.723,5uiw,7sk3
7x49,1.549,5uiw,7sk3
7x50,2.364,5uiw,7sk3
7x51,2.786,5uiw,7sk3
7x52,2.674,5uiw,7sk3
7x53,4.598,5uiw,7sk3
7x54,6.797,5uiw,7sk3
7x55,6.006,5uiw,7sk3
7x56,3.316,5uiw,7sk3
8x47,2.899,5uiw,7sk3
8x48,2.455,5uiw,7sk3
8x49,3.027,5uiw,7sk3
8x50,3.282,5uiw,7sk3
8x51,3.195,5uiw,7sk3
8x52,3.082,5uiw,7sk3
8x53,2.839,5uiw,7sk3
8x54,2.915,5uiw,7sk3
8x55,2.804,5uiw,7sk3
8x56,2.746,5uiw,7sk3
8x57,3.72,5uiw,7sk3
1x23,3.467,5uiw,7xbx
1x24,1.903,5uiw,7xbx
1x25,3.051,5uiw,7xbx
1x26,1.571,5uiw,7xbx
1x27,3.116,5uiw,7xbx
1x28,2.831,5uiw,7xbx
1x29,1.005,5uiw,7xbx
1x30,1.519,5uiw,7xbx
1x31,2.941,5uiw,7xbx
1x32,2.762,5uiw,7xbx
1x33,0.932,5uiw,7xbx
1x34,0.965,5uiw,7xbx
1x35,1.384,5uiw,7xbx
1x36,1.373,5uiw,7xbx
1x37,0.838,5uiw,7xbx
1x38,0.602,5uiw,7xbx
1x39,0.381,5uiw,7xbx
1x40,0.886,5uiw,7xbx
1x41,1.055,5uiw,7xbx
1x42,1.376,5uiw,7xbx
1x43,0.967,5uiw,7xbx
1x44,0.483,5uiw,7xbx
1x45,0.857,5uiw,7xbx
1x46,1.021,5uiw,7xbx
1x47,0.673,5uiw,7xbx
1x48,0.6,5uiw,7xbx
1x49,0.382,5uiw,7xbx
1x50,0.605,5uiw,7xbx
1x51,0.526,5uiw,7xbx
1x52,0.479,5uiw,7xbx
1x53,0.48,5uiw,7xbx
1x54,0.706,5uiw,7xbx
1x55,0.775,5uiw,7xbx
1x56,0.737,5uiw,7xbx
1x57,0.888,5uiw,7xbx
1x58,1.231,5uiw,7xbx
1x59,0.938,5uiw,7xbx
1x60,3.855,5uiw,7xbx
12x48,4.249,5uiw,7xbx
12x49,4.614,5uiw,7xbx
12x50,3.65,5uiw,7xbx
12x51,3.806,5uiw,7xbx
2x37,1.605,5uiw,7xbx
2x38,0.943,5uiw,7xbx
2x39,0.61,5uiw,7xbx
2x40,0.541,5uiw,7xbx
2x41,0.808,5uiw,7xbx
2x42,0.628,5uiw,7xbx
2x43,0.437,5uiw,7xbx
2x44,0.447,5uiw,7xbx
2x45,0.28,5uiw,7xbx
2x46,0.362,5uiw,7xbx
2x47,0.218,5uiw,7xbx
2x48,0.408,5uiw,7xbx
2x49,0.482,5uiw,7xbx
2x50,0.455,5uiw,7xbx
2x51,0.684,5uiw,7xbx
2x52,0.961,5uiw,7xbx
2x53,1.069,5uiw,7xbx
2x54,0.916,5uiw,7xbx
2x55,0.756,5uiw,7xbx
2x56,0.798,5uiw,7xbx
2x57,0.961,5uiw,7xbx
2x58,0.76,5uiw,7xbx
2x59,0.908,5uiw,7xbx
2x60,0.909,5uiw,7xbx
2x61,0.952,5uiw,7xbx
2x62,1.494,5uiw,7xbx
2x63,1.732,5uiw,7xbx
2x64,2.021,5uiw,7xbx
2x65,1.614,5uiw,7xbx
2x66,2.195,5uiw,7xbx
3x24,1.762,5uiw,7xbx
3x25,2.119,5uiw,7xbx
3x26,2.2,5uiw,7xbx
3x27,1.706,5uiw,7xbx
3x28,1.543,5uiw,7xbx
3x29,1.373,5uiw,7xbx
3x30,1.347,5uiw,7xbx
3x31,1.183,5uiw,7xbx
3x32,1.026,5uiw,7xbx
3x33,0.881,5uiw,7xbx
3x34,0.9,5uiw,7xbx
3x35,0.4,5uiw,7xbx
3x36,0.639,5uiw,7xbx
3x37,0.568,5uiw,7xbx
3x38,0.564,5uiw,7xbx
3x39,0.21,5uiw,7xbx
3x40,0.573,5uiw,7xbx
3x41,0.646,5uiw,7xbx
3x42,0.735,5uiw,7xbx
3x43,0.46,5uiw,7xbx
3x44,0.554,5uiw,7xbx
3x45,1.094,5uiw,7xbx
3x46,1.087,5uiw,7xbx
3x47,0.702,5uiw,7xbx
3x48,1.009,5uiw,7xbx
3x49,1.016,5uiw,7xbx
3x50,1,5uiw,7xbx
3x51,1.018,5uiw,7xbx
3x52,1.004,5uiw,7xbx
3x53,1.468,5uiw,7xbx
3x54,1.277,5uiw,7xbx
3x55,0.583,5uiw,7xbx
3x56,0.781,5uiw,7xbx
34x50,1.312,5uiw,7xbx
34x51,1.328,5uiw,7xbx
34x52,1.054,5uiw,7xbx
34x53,1.653,5uiw,7xbx
34x54,1.487,5uiw,7xbx
34x55,2.047,5uiw,7xbx
34x56,2.573,5uiw,7xbx
34x57,3.388,5uiw,7xbx
4x38,1.424,5uiw,7xbx
4x39,1.562,5uiw,7xbx
4x40,1.601,5uiw,7xbx
4x41,1.246,5uiw,7xbx
4x42,1.154,5uiw,7xbx
4x43,0.76,5uiw,7xbx
4x44,0.834,5uiw,7xbx
4x45,0.741,5uiw,7xbx
4x46,0.537,5uiw,7xbx
4x47,0.737,5uiw,7xbx
4x48,0.832,5uiw,7xbx
4x49,0.763,5uiw,7xbx
4x50,0.602,5uiw,7xbx
4x51,0.886,5uiw,7xbx
4x52,0.916,5uiw,7xbx
4x53,0.589,5uiw,7xbx
4x54,0.65,5uiw,7xbx
4x55,0.927,5uiw,7xbx
4x56,1.074,5uiw,7xbx
4x57,1.237,5uiw,7xbx
4x59,1.018,5uiw,7xbx
4x60,1.172,5uiw,7xbx
4x61,1.934,5uiw,7xbx
4x62,2.029,5uiw,7xbx
4x63,1.872,5uiw,7xbx
4x64,1.704,5uiw,7xbx
4x65,0.937,5uiw,7xbx
ECL2.Cm6,12.151,5uiw,7xbx
ECL2.Cm5,13.791,5uiw,7xbx
ECL2.Cm4,11.046,5uiw,7xbx
ECL2.Cm3,5.666,5uiw,7xbx
ECL2.Cm2,1.756,5uiw,7xbx
ECL2.Cm1,1.534,5uiw,7xbx
45x50,1.774,5uiw,7xbx
45x51,3.117,5uiw,7xbx
45x52,3.677,5uiw,7xbx
ECL2.Cp3,5.003,5uiw,7xbx
ECL2.Cp4,3.07,5uiw,7xbx
ECL2.Cp5,3.458,5uiw,7xbx
ECL2.Cp6,4.566,5uiw,7xbx
ECL2.Cp7,4.159,5uiw,7xbx
5x31,3.74,5uiw,7xbx
5x32,3.252,5uiw,7xbx
5x33,3.097,5uiw,7xbx
5x34,2.538,5uiw,7xbx
5x35,2.463,5uiw,7xbx
5x36,2.162,5uiw,7xbx
5x37,2.047,5uiw,7xbx
5x38,1.346,5uiw,7xbx
5x39,1.13,5uiw,7xbx
5x40,0.96,5uiw,7xbx
5x41,1.177,5uiw,7xbx
5x42,0.81,5uiw,7xbx
5x43,0.505,5uiw,7xbx
5x44,0.685,5uiw,7xbx
5x45,1.142,5uiw,7xbx
5x46,1.159,5uiw,7xbx
5x461,0.874,5uiw,7xbx
5x47,0.782,5uiw,7xbx
5x48,1.229,5uiw,7xbx
5x49,1.387,5uiw,7xbx
5x50,0.924,5uiw,7xbx
5x51,0.835,5uiw,7xbx
5x52,0.928,5uiw,7xbx
5x53,0.679,5uiw,7xbx
5x54,1.62,5uiw,7xbx
5x55,1.744,5uiw,7xbx
5x56,1.079,5uiw,7xbx
5x57,0.989,5uiw,7xbx
5x58,2.151,5uiw,7xbx
5x59,2.194,5uiw,7xbx
5x60,1.237,5uiw,7xbx
5x61,1.631,5uiw,7xbx
5x62,1.824,5uiw,7xbx
5x63,1.276,5uiw,7xbx
5x64,1.32,5uiw,7xbx
5x65,1.823,5uiw,7xbx
5x66,1.75,5uiw,7xbx
5x67,2.424,5uiw,7xbx
ICL3,7.163,5uiw,7xbx
6x28,6.789,5uiw,7xbx
6x29,8.269,5uiw,7xbx
6x30,4.808,5uiw,7xbx
6x31,0.348,5uiw,7xbx
6x32,1.455,5uiw,7xbx
6x33,1.612,5uiw,7xbx
6x34,0.906,5uiw,7xbx
6x35,0.498,5uiw,7xbx
6x36,1.597,5uiw,7xbx
6x37,1.672,5uiw,7xbx
6x38,0.748,5uiw,7xbx
6x39,1.223,5uiw,7xbx
6x40,1.608,5uiw,7xbx
6x41,1.245,5uiw,7xbx
6x42,1.019,5uiw,7xbx
6x43,1.084,5uiw,7xbx
6x44,0.808,5uiw,7xbx
6x45,0.491,5uiw,7xbx
6x46,1.212,5uiw,7xbx
6x47,1.258,5uiw,7xbx
6x48,0.995,5uiw,7xbx
6x49,1.635,5uiw,7xbx
6x50,1.144,5uiw,7xbx
6x51,0.588,5uiw,7xbx
6x52,1.272,5uiw,7xbx
6x53,1.146,5uiw,7xbx
6x54,0.494,5uiw,7xbx
6x55,0.519,5uiw,7xbx
6x56,0.745,5uiw,7xbx
6x57,0.393,5uiw,7xbx
6x58,0.375,5uiw,7xbx
6x59,1.328,5uiw,7xbx
6x60,1.312,5uiw,7xbx
6x61,0.947,5uiw,7xbx
6x62,4.021,5uiw,7xbx
6x63,3.157,5uiw,7xbx
6x64,4.983,5uiw,7xbx
ECL3.Cm3,1.457,5uiw,7xbx
ECL3.Cm2,3.313,5uiw,7xbx
7x23,4.793,5uiw,7xbx
7x24,3.469,5uiw,7xbx
7x25,3.107,5uiw,7xbx
7x26,2.588,5uiw,7xbx
7x27,1.512,5uiw,7xbx
7x28,1.586,5uiw,7xbx
7x29,1.649,5uiw,7xbx
7x30,1.393,5uiw,7xbx
7x31,0.775,5uiw,7xbx
7x32,0.72,5uiw,7xbx
7x33,0.917,5uiw,7xbx
7x34,1.062,5uiw,7xbx
7x35,0.742,5uiw,7xbx
7x36,0.935,5uiw,7xbx
7x37,1.167,5uiw,7xbx
7x38,1.742,5uiw,7xbx
7x39,1.799,5uiw,7xbx
7x40,1.274,5uiw,7xbx
7x41,1.548,5uiw,7xbx
7x42,2.261,5uiw,7xbx
7x43,2.286,5uiw,7xbx
7x45,2.216,5uiw,7xbx
7x46,1.841,5uiw,7xbx
7x47,1.072,5uiw,7xbx
7x48,1.992,5uiw,7xbx
7x49,1.804,5uiw,7xbx
7x50,0.914,5uiw,7xbx
7x51,0.841,5uiw,7xbx
7x52,1.339,5uiw,7xbx
7x53,0.99,5uiw,7xbx
7x54,0.575,5uiw,7xbx
7x55,0.851,5uiw,7xbx
7x56,1.066,5uiw,7xbx
8x47,1.543,5uiw,7xbx
8x48,1.45,5uiw,7xbx
8x49,2.275,5uiw,7xbx
8x50,1.174,5uiw,7xbx
8x51,1.303,5uiw,7xbx
8x52,2.13,5uiw,7xbx
8x53,2.549,5uiw,7xbx
8x54,2.162,5uiw,7xbx
8x55,2.043,5uiw,7xbx
8x56,2.294,5uiw,7xbx
8x57,2.678,5uiw,7xbx
8x58,2.204,5uiw,7xbx
NTr.Cm4,8.466,5uiw,4rws
NTr.Cm3,8.805,5uiw,4rws
NTr.Cm2,7.415,5uiw,4rws
NTr.Cm1,5.808,5uiw,4rws
1x22,2.766,5uiw,4rws
1x23,2.092,5uiw,4rws
1x24,2.28,5uiw,4rws
1x25,1.291,5uiw,4rws
1x26,1.875,5uiw,4rws
1x27,1.894,5uiw,4rws
1x28,1.632,5uiw,4rws
1x29,1.302,5uiw,4rws
1x30,1.7,5uiw,4rws
1x31,0.554,5uiw,4rws
1x32,1.786,5uiw,4rws
1x33,2.367,5uiw,4rws
1x34,1.95,5uiw,4rws
1x35,1.28,5uiw,4rws
1x36,1.916,5uiw,4rws
1x37,2.544,5uiw,4rws
1x38,1.737,5uiw,4rws
1x39,0.786,5uiw,4rws
1x40,1.544,5uiw,4rws
1x41,1.345,5uiw,4rws
1x42,0.762,5uiw,4rws
1x43,0.872,5uiw,4rws
1x44,0.609,5uiw,4rws
1x45,0.643,5uiw,4rws
1x46,0.539,5uiw,4rws
1x47,0.916,5uiw,4rws
1x48,1.327,5uiw,4rws
1x49,0.899,5uiw,4rws
1x50,0.919,5uiw,4rws
1x51,1.576,5uiw,4rws
1x52,1.589,5uiw,4rws
1x53,1.599,5uiw,4rws
1x54,1.597,5uiw,4rws
1x55,2.021,5uiw,4rws
1x56,2.24,5uiw,4rws
1x57,1.604,5uiw,4rws
1x58,1.879,5uiw,4rws
1x59,2.831,5uiw,4rws
1x60,4.548,5uiw,4rws
2x37,5.812,5uiw,4rws
2x38,4.845,5uiw,4rws
2x39,2.744,5uiw,4rws
2x40,2.812,5uiw,4rws
2x41,2.361,5uiw,4rws
2x42,1.533,5uiw,4rws
2x43,1.408,5uiw,4rws
2x44,0.901,5uiw,4rws
2x45,0.698,5uiw,4rws
2x46,0.791,5uiw,4rws
2x47,0.85,5uiw,4rws
2x48,1.018,5uiw,4rws
2x49,1.125,5uiw,4rws
2x50,0.638,5uiw,4rws
2x51,1.002,5uiw,4rws
2x52,1.767,5uiw,4rws
2x53,1.471,5uiw,4rws
2x54,0.905,5uiw,4rws
2x55,1.674,5uiw,4rws
2x56,0.887,5uiw,4rws
2x57,0.295,5uiw,4rws
2x58,0.712,5uiw,4rws
2x59,0.629,5uiw,4rws
2x60,0.701,5uiw,4rws
2x61,0.985,5uiw,4rws
2x62,1.582,5uiw,4rws
2x63,1.662,5uiw,4rws
2x64,2.347,5uiw,4rws
2x65,3.251,5uiw,4rws
2x66,1.5,5uiw,4rws
23x49,0.68,5uiw,4rws
23x50,0.436,5uiw,4rws
23x51,0.875,5uiw,4rws
23x52,0.547,5uiw,4rws
3x21,0.968,5uiw,4rws
3x22,1.526,5uiw,4rws
3x23,1.678,5uiw,4rws
3x24,0.903,5uiw,4rws
3x25,0.938,5uiw,4rws
3x26,1.423,5uiw,4rws
3x27,1.104,5uiw,4rws
3x28,0.458,5uiw,4rws
3x29,1.178,5uiw,4rws
3x30,1.075,5uiw,4rws
3x31,0.648,5uiw,4rws
3x32,1.193,5uiw,4rws
3x33,1.583,5uiw,4rws
3x34,0.807,5uiw,4rws
3x35,1.14,5uiw,4rws
3x36,1.473,5uiw,4rws
3x37,1.086,5uiw,4rws
3x38,0.585,5uiw,4rws
3x39,0.838,5uiw,4rws
3x40,0.559,5uiw,4rws
3x41,1.002,5uiw,4rws
3x42,0.543,5uiw,4rws
3x43,0.882,5uiw,4rws
3x44,0.771,5uiw,4rws
3x45,0.829,5uiw,4rws
3x46,0.921,5uiw,4rws
3x47,1.041,5uiw,4rws
3x48,0.832,5uiw,4rws
3x49,1.232,5uiw,4rws
3x50,1.398,5uiw,4rws
3x51,1.176,5uiw,4rws
3x52,1.369,5uiw,4rws
3x53,1.361,5uiw,4rws
3x54,1.048,5uiw,4rws
3x55,1.044,5uiw,4rws
3x56,1.928,5uiw,4rws
34x50,2.345,5uiw,4rws
34x51,4.157,5uiw,4rws
34x52,5.54,5uiw,4rws
34x53,2.43,5uiw,4rws
34x54,2.841,5uiw,4rws
34x55,1.806,5uiw,4rws
34x56,1.352,5uiw,4rws
34x57,1.804,5uiw,4rws
4x38,1.998,5uiw,4rws
4x39,5.534,5uiw,4rws
4x40,7.697,5uiw,4rws
4x41,5.508,5uiw,4rws
4x42,2.161,5uiw,4rws
4x43,3.456,5uiw,4rws
4x44,4.475,5uiw,4rws
4x45,2.309,5uiw,4rws
4x46,2.349,5uiw,4rws
4x47,4.716,5uiw,4rws
4x48,4.256,5uiw,4rws
4x49,1.472,5uiw,4rws
4x50,1.074,5uiw,4rws
4x51,1.741,5uiw,4rws
4x52,0.807,5uiw,4rws
4x53,0.904,5uiw,4rws
4x54,1.734,5uiw,4rws
4x55,1.849,5uiw,4rws
4x56,2.175,5uiw,4rws
4x57,3.147,5uiw,4rws
4x59,2.787,5uiw,4rws
4x60,2.295,5uiw,4rws
4x61,4.198,5uiw,4rws
4x62,4.662,5uiw,4rws
4x63,2.991,5uiw,4rws
4x64,2.712,5uiw,4rws
4x65,2.43,5uiw,4rws
ECL2.Cm10,2.047,5uiw,4rws
ECL2.Cm9,1.346,5uiw,4rws
ECL2.Cm8,1.592,5uiw,4rws
ECL2.Cm7,1.996,5uiw,4rws
ECL2.Cm6,1.895,5uiw,4rws
ECL2.Cm5,2.989,5uiw,4rws
ECL2.Cm4,3.009,5uiw,4rws
ECL2.Cm3,1.386,5uiw,4rws
ECL2.Cm2,1.652,5uiw,4rws
ECL2.Cm1,1.575,5uiw,4rws
45x50,1.566,5uiw,4rws
45x51,2.143,5uiw,4rws
45x52,2.706,5uiw,4rws
ECL2.Cp3,2.709,5uiw,4rws
ECL2.Cp4,3.05,5uiw,4rws
ECL2.Cp5,2.692,5uiw,4rws
ECL2.Cp6,3.7,5uiw,4rws
5x33,4.091,5uiw,4rws
5x34,2.874,5uiw,4rws
5x35,3.083,5uiw,4rws
5x36,3.298,5uiw,4rws
5x37,2.688,5uiw,4rws
5x38,2.193,5uiw,4rws
5x39,2.611,5uiw,4rws
5x40,2.568,5uiw,4rws
5x41,2.146,5uiw,4rws
5x42,2.349,5uiw,4rws
5x43,2.384,5uiw,4rws
5x44,2.244,5uiw,4rws
5x45,2.247,5uiw,4rws
5x46,2.715,5uiw,4rws
5x461,2.84,5uiw,4rws
5x47,2.403,5uiw,4rws
5x48,1.723,5uiw,4rws
5x49,2.175,5uiw,4rws
5x50,2.875,5uiw,4rws
5x51,2.481,5uiw,4rws
5x52,1.414,5uiw,4rws
5x53,1.847,5uiw,4rws
5x54,2.412,5uiw,4rws
5x55,1.967,5uiw,4rws
5x56,0.853,5uiw,4rws
5x57,0.624,5uiw,4rws
5x58,0.848,5uiw,4rws
5x59,1.502,5uiw,4rws
5x60,1.229,5uiw,4rws
5x61,0.88,5uiw,4rws
5x62,1.072,5uiw,4rws
5x63,2.087,5uiw,4rws
5x64,2.303,5uiw,4rws
5x65,2.35,5uiw,4rws
5x66,3.57,5uiw,4rws
5x67,4.732,5uiw,4rws
ICL3,12.179,5uiw,4rws
6x30,7.523,5uiw,4rws
6x31,7.383,5uiw,4rws
6x32,6.087,5uiw,4rws
6x33,1.995,5uiw,4rws
6x34,1.04,5uiw,4rws
6x35,1.009,5uiw,4rws
6x36,1.445,5uiw,4rws
6x37,1.319,5uiw,4rws
6x38,0.845,5uiw,4rws
6x39,0.922,5uiw,4rws
6x40,1.065,5uiw,4rws
6x41,0.858,5uiw,4rws
6x42,0.751,5uiw,4rws
6x43,0.705,5uiw,4rws
6x44,0.884,5uiw,4rws
6x45,0.885,5uiw,4rws
6x46,0.402,5uiw,4rws
6x47,0.597,5uiw,4rws
6x48,1.017,5uiw,4rws
6x49,2.564,5uiw,4rws
6x50,2.603,5uiw,4rws
6x51,1.808,5uiw,4rws
6x52,2.525,5uiw,4rws
6x53,3.423,5uiw,4rws
6x54,2.374,5uiw,4rws
6x55,2.153,5uiw,4rws
6x56,3.221,5uiw,4rws
6x57,3.068,5uiw,4rws
6x58,2.303,5uiw,4rws
6x59,3.228,5uiw,4rws
6x60,3.866,5uiw,4rws
6x61,2.28,5uiw,4rws
6x62,3.247,5uiw,4rws
6x63,3.135,5uiw,4rws
6x64,5.748,5uiw,4rws
ECL3.Cm3,4.332,5uiw,4rws
ECL3.Cm2,6.51,5uiw,4rws
7x23,4.725,5uiw,4rws
7x24,2.496,5uiw,4rws
7x25,2.66,5uiw,4rws
7x26,2.36,5uiw,4rws
7x27,1.584,5uiw,4rws
7x28,0.966,5uiw,4rws
7x29,1.433,5uiw,4rws
7x30,1.361,5uiw,4rws
7x31,0.7,5uiw,4rws
7x32,1.527,5uiw,4rws
7x33,1.717,5uiw,4rws
7x34,1.144,5uiw,4rws
7x35,1.308,5uiw,4rws
7x36,2.333,5uiw,4rws
7x37,1.865,5uiw,4rws
7x38,1.191,5uiw,4rws
7x39,1.661,5uiw,4rws
7x40,1.839,5uiw,4rws
7x41,1.007,5uiw,4rws
7x42,1.708,5uiw,4rws
7x43,2.295,5uiw,4rws
7x45,2.078,5uiw,4rws
7x46,1.25,5uiw,4rws
7x47,1.017,5uiw,4rws
7x48,1.468,5uiw,4rws
7x49,1.548,5uiw,4rws
7x50,1.138,5uiw,4rws
7x51,0.634,5uiw,4rws
7x52,1.412,5uiw,4rws
7x53,2.632,5uiw,4rws
7x54,2.346,5uiw,4rws
NTr.Cm4,7.049,5uiw,4xt1
NTr.Cm3,3.979,5uiw,4xt1
NTr.Cm2,5.299,5uiw,4xt1
NTr.Cm1,3.938,5uiw,4xt1
1x22,2.293,5uiw,4xt1
1x23,1.575,5uiw,4xt1
1x24,1.019,5uiw,4xt1
1x25,1.065,5uiw,4xt1
1x26,1.362,5uiw,4xt1
1x27,1.52,5uiw,4xt1
1x28,0.923,5uiw,4xt1
1x29,0.824,5uiw,4xt1
1x30,1.55,5uiw,4xt1
1x31,2.297,5uiw,4xt1
1x32,2.369,5uiw,4xt1
1x33,2.066,5uiw,4xt1
1x34,2.355,5uiw,4xt1
1x35,2.101,5uiw,4xt1
1x36,1.947,5uiw,4xt1
1x37,2.943,5uiw,4xt1
1x38,2.394,5uiw,4xt1
1x39,0.931,5uiw,4xt1
1x40,1.422,5uiw,4xt1
1x41,2.067,5uiw,4xt1
1x42,1.454,5uiw,4xt1
1x43,0.821,5uiw,4xt1
1x44,1.367,5uiw,4xt1
1x45,1.245,5uiw,4xt1
1x46,1.004,5uiw,4xt1
1x47,0.856,5uiw,4xt1
1x48,1.28,5uiw,4xt1
1x49,1.086,5uiw,4xt1
1x50,0.608,5uiw,4xt1
1x51,0.787,5uiw,4xt1
1x52,0.904,5uiw,4xt1
1x53,0.592,5uiw,4xt1
1x54,0.338,5uiw,4xt1
1x55,0.529,5uiw,4xt1
1x56,0.288,5uiw,4xt1
1x57,1.243,5uiw,4xt1
1x58,1.216,5uiw,4xt1
1x59,2.173,5uiw,4xt1
1x60,3.945,5uiw,4xt1
12x48,4.386,5uiw,4xt1
12x49,2.099,5uiw,4xt1
12x50,1.32,5uiw,4xt1
12x51,0.681,5uiw,4xt1
2x37,0.457,5uiw,4xt1
2x38,0.793,5uiw,4xt1
2x39,0.745,5uiw,4xt1
2x40,0.853,5uiw,4xt1
2x41,0.842,5uiw,4xt1
2x42,0.725,5uiw,4xt1
2x43,0.703,5uiw,4xt1
2x44,0.9,5uiw,4xt1
2x45,0.658,5uiw,4xt1
2x46,0.493,5uiw,4xt1
2x47,0.355,5uiw,4xt1
2x48,0.649,5uiw,4xt1
2x49,0.826,5uiw,4xt1
2x50,0.179,5uiw,4xt1
2x51,0.962,5uiw,4xt1
2x52,1.284,5uiw,4xt1
2x53,0.38,5uiw,4xt1
2x54,1.32,5uiw,4xt1
2x55,1.667,5uiw,4xt1
2x56,0.712,5uiw,4xt1
2x57,0.828,5uiw,4xt1
2x58,0.654,5uiw,4xt1
2x59,1.452,5uiw,4xt1
2x60,1.668,5uiw,4xt1
2x61,1.608,5uiw,4xt1
2x62,2.104,5uiw,4xt1
2x63,2.371,5uiw,4xt1
2x64,2.566,5uiw,4xt1
2x65,2.331,5uiw,4xt1
2x66,2.442,5uiw,4xt1
3x22,8.737,5uiw,4xt1
3x23,7.587,5uiw,4xt1
3x24,1.181,5uiw,4xt1
3x25,0.852,5uiw,4xt1
3x26,0.721,5uiw,4xt1
3x27,0.748,5uiw,4xt1
3x28,1.096,5uiw,4xt1
3x29,0.895,5uiw,4xt1
3x30,0.835,5uiw,4xt1
3x31,0.818,5uiw,4xt1
3x32,1.042,5uiw,4xt1
3x33,0.95,5uiw,4xt1
3x34,0.93,5uiw,4xt1
3x35,0.853,5uiw,4xt1
3x36,1.024,5uiw,4xt1
3x37,0.959,5uiw,4xt1
3x38,0.827,5uiw,4xt1
3x39,0.802,5uiw,4xt1
3x40,0.997,5uiw,4xt1
3x41,1.003,5uiw,4xt1
3x42,0.793,5uiw,4xt1
3x43,0.896,5uiw,4xt1
3x44,0.934,5uiw,4xt1
3x45,0.938,5uiw,4xt1
3x46,0.651,5uiw,4xt1
3x47,0.659,5uiw,4xt1
3x48,1.283,5uiw,4xt1
3x49,1.422,5uiw,4xt1
3x50,1.441,5uiw,4xt1
3x51,1.598,5uiw,4xt1
3x52,1.934,5uiw,4xt1
3x53,2.295,5uiw,4xt1
3x54,1.927,5uiw,4xt1
3x55,0.961,5uiw,4xt1
4x38,1.381,5uiw,4xt1
4x39,1.374,5uiw,4xt1
4x40,1.491,5uiw,4xt1
4x41,1.408,5uiw,4xt1
4x42,0.97,5uiw,4xt1
4x43,1.113,5uiw,4xt1
4x44,0.935,5uiw,4xt1
4x45,0.93,5uiw,4xt1
4x46,0.787,5uiw,4xt1
4x47,0.917,5uiw,4xt1
4x48,0.738,5uiw,4xt1
4x49,0.79,5uiw,4xt1
4x50,0.797,5uiw,4xt1
4x51,0.769,5uiw,4xt1
4x52,0.549,5uiw,4xt1
4x53,0.547,5uiw,4xt1
4x54,0.815,5uiw,4xt1
4x55,0.679,5uiw,4xt1
4x56,0.677,5uiw,4xt1
4x57,0.969,5uiw,4xt1
4x59,1.321,5uiw,4xt1
4x60,1.563,5uiw,4xt1
4x61,1.16,5uiw,4xt1
4x62,1.609,5uiw,4xt1
4x63,0.964,5uiw,4xt1
ECL2.Cm8,11.548,5uiw,4xt1
ECL2.Cm7,12.623,5uiw,4xt1
ECL2.Cm6,12.499,5uiw,4xt1
ECL2.Cm5,13.474,5uiw,4xt1
ECL2.Cm4,11.529,5uiw,4xt1
ECL2.Cm3,7.516,5uiw,4xt1
ECL2.Cm2,4.189,5uiw,4xt1
ECL2.Cm1,2.759,5uiw,4xt1
45x50,1.699,5uiw,4xt1
45x51,3.406,5uiw,4xt1
45x52,3.282,5uiw,4xt1
ECL2.Cp3,3.763,5uiw,4xt1
ECL2.Cp4,3.723,5uiw,4xt1
ECL2.Cp5,4.963,5uiw,4xt1
ECL2.Cp6,5.264,5uiw,4xt1
ECL2.Cp7,5.715,5uiw,4xt1
5x34,2.011,5uiw,4xt1
5x35,1.477,5uiw,4xt1
5x36,1.922,5uiw,4xt1
5x37,2.479,5uiw,4xt1
5x38,1.897,5uiw,4xt1
5x39,1.363,5uiw,4xt1
5x40,1.389,5uiw,4xt1
5x41,1.782,5uiw,4xt1
5x42,1.486,5uiw,4xt1
5x43,1.253,5uiw,4xt1
5x44,1.414,5uiw,4xt1
5x45,1.46,5uiw,4xt1
5x46,1.513,5uiw,4xt1
5x461,1.079,5uiw,4xt1
5x47,1.346,5uiw,4xt1
5x48,1.45,5uiw,4xt1
5x49,0.918,5uiw,4xt1
5x50,1.589,5uiw,4xt1
5x51,2.493,5uiw,4xt1
5x52,2.152,5uiw,4xt1
5x53,1.021,5uiw,4xt1
5x54,2.763,5uiw,4xt1
5x55,3.6,5uiw,4xt1
5x56,2.5,5uiw,4xt1
5x57,1.572,5uiw,4xt1
5x58,3.11,5uiw,4xt1
5x59,3.522,5uiw,4xt1
5x60,1.975,5uiw,4xt1
5x61,1.886,5uiw,4xt1
5x62,3.155,5uiw,4xt1
5x63,2.804,5uiw,4xt1
5x64,1.177,5uiw,4xt1
5x65,2.378,5uiw,4xt1
5x66,2.963,5uiw,4xt1
5x67,2.006,5uiw,4xt1
ICL3,5.064,5uiw,4xt1
6x29,4.534,5uiw,4xt1
6x30,5.309,5uiw,4xt1
6x31,4.815,5uiw,4xt1
6x32,4.387,5uiw,4xt1
6x33,4.665,5uiw,4xt1
6x34,4.66,5uiw,4xt1
6x35,3.953,5uiw,4xt1
6x36,3.593,5uiw,4xt1
6x37,4.255,5uiw,4xt1
6x38,3.924,5uiw,4xt1
6x39,2.501,5uiw,4xt1
6x40,2.981,5uiw,4xt1
6x41,3.869,5uiw,4xt1
6x42,3.211,5uiw,4xt1
6x43,1.574,5uiw,4xt1
6x44,2.287,5uiw,4xt1
6x45,2.516,5uiw,4xt1
6x46,2.072,5uiw,4xt1
6x47,1.475,5uiw,4xt1
6x48,1.576,5uiw,4xt1
6x49,1.984,5uiw,4xt1
6x50,1.63,5uiw,4xt1
6x51,1.275,5uiw,4xt1
6x52,1.581,5uiw,4xt1
6x53,1.715,5uiw,4xt1
6x54,1.1,5uiw,4xt1
6x55,1.288,5uiw,4xt1
6x56,1.837,5uiw,4xt1
6x57,1.308,5uiw,4xt1
6x58,0.851,5uiw,4xt1
6x59,1.786,5uiw,4xt1
6x60,1.836,5uiw,4xt1
6x61,0.921,5uiw,4xt1
6x62,4.789,5uiw,4xt1
6x63,4.99,5uiw,4xt1
6x64,6.806,5uiw,4xt1
ECL3.Cm3,4.445,5uiw,4xt1
ECL3.Cm2,2.833,5uiw,4xt1
7x23,2.836,5uiw,4xt1
7x24,1.768,5uiw,4xt1
7x25,1.189,5uiw,4xt1
7x26,0.502,5uiw,4xt1
7x27,0.763,5uiw,4xt1
7x28,0.633,5uiw,4xt1
7x29,0.219,5uiw,4xt1
7x30,0.3,5uiw,4xt1
7x31,0.634,5uiw,4xt1
7x32,0.748,5uiw,4xt1
7x33,0.63,5uiw,4xt1
7x34,0.289,5uiw,4xt1
7x35,0.455,5uiw,4xt1
7x36,0.743,5uiw,4xt1
7x37,0.824,5uiw,4xt1
7x38,0.648,5uiw,4xt1
7x39,0.578,5uiw,4xt1
7x40,0.64,5uiw,4xt1
7x41,1.302,5uiw,4xt1
7x42,1.776,5uiw,4xt1
7x43,2.272,5uiw,4xt1
7x45,2.158,5uiw,4xt1
7x46,2.3,5uiw,4xt1
7x47,1.689,5uiw,4xt1
7x48,1.855,5uiw,4xt1
7x49,1.607,5uiw,4xt1
7x50,2.155,5uiw,4xt1
7x51,3.811,5uiw,4xt1
7x52,3.867,5uiw,4xt1
7x53,5.453,5uiw,4xt1
7x54,7.896,5uiw,4xt1
7x55,6.98,5uiw,4xt1
7x56,3.532,5uiw,4xt1
8x47,3.209,5uiw,4xt1
8x48,2.586,5uiw,4xt1
8x49,2.877,5uiw,4xt1
8x50,2.976,5uiw,4xt1
8x51,2.686,5uiw,4xt1
8x52,2.092,5uiw,4xt1
8x53,1.949,5uiw,4xt1
8x54,2.003,5uiw,4xt1
8x55,1.292,5uiw,4xt1
8x56,0.904,5uiw,4xt1
8x57,1.537,5uiw,4xt1
8x58,1.437,5uiw,4xt1
8x59,0.956,5uiw,4xt1
NTr.Cm4,8.188,5uiw,5wb2
NTr.Cm3,7.169,5uiw,5wb2
NTr.Cm2,5.919,5uiw,5wb2
NTr.Cm1,3.956,5uiw,5wb2
1x22,2.412,5uiw,5wb2
1x23,1.478,5uiw,5wb2
1x24,0.908,5uiw,5wb2
1x25,0.851,5uiw,5wb2
1x26,1.368,5uiw,5wb2
1x27,1.648,5uiw,5wb2
1x28,0.97,5uiw,5wb2
1x29,0.781,5uiw,5wb2
1x30,1.533,5uiw,5wb2
1x31,2.391,5uiw,5wb2
1x32,2.294,5uiw,5wb2
1x33,1.853,5uiw,5wb2
1x34,2.031,5uiw,5wb2
1x35,1.75,5uiw,5wb2
1x36,1.659,5uiw,5wb2
1x37,2.658,5uiw,5wb2
1x38,2.113,5uiw,5wb2
1x39,0.679,5uiw,5wb2
1x40,1.416,5uiw,5wb2
1x41,2.056,5uiw,5wb2
1x42,1.366,5uiw,5wb2
1x43,0.74,5uiw,5wb2
1x44,1.464,5uiw,5wb2
1x45,1.393,5uiw,5wb2
1x46,1.076,5uiw,5wb2
1x47,0.858,5uiw,5wb2
1x48,1.443,5uiw,5wb2
1x49,1.25,5uiw,5wb2
1x50,0.617,5uiw,5wb2
1x51,0.841,5uiw,5wb2
1x52,1.011,5uiw,5wb2
1x53,0.687,5uiw,5wb2
1x54,0.507,5uiw,5wb2
1x55,0.719,5uiw,5wb2
1x56,0.526,5uiw,5wb2
1x57,1.153,5uiw,5wb2
1x58,1.194,5uiw,5wb2
1x59,1.879,5uiw,5wb2
1x60,5.024,5uiw,5wb2
12x48,5.206,5uiw,5wb2
12x49,2.611,5uiw,5wb2
12x50,1.273,5uiw,5wb2
12x51,1.052,5uiw,5wb2
2x37,0.939,5uiw,5wb2
2x38,0.871,5uiw,5wb2
2x39,0.627,5uiw,5wb2
2x40,0.655,5uiw,5wb2
2x41,0.72,5uiw,5wb2
2x42,0.719,5uiw,5wb2
2x43,0.674,5uiw,5wb2
2x44,0.879,5uiw,5wb2
2x45,0.63,5uiw,5wb2
2x46,0.512,5uiw,5wb2
2x47,0.412,5uiw,5wb2
2x48,0.656,5uiw,5wb2
2x49,0.943,5uiw,5wb2
2x50,0.325,5uiw,5wb2
2x51,0.858,5uiw,5wb2
2x52,1.379,5uiw,5wb2
2x53,0.869,5uiw,5wb2
2x54,0.968,5uiw,5wb2
2x55,1.701,5uiw,5wb2
2x56,1.353,5uiw,5wb2
2x57,1.172,5uiw,5wb2
2x58,1.298,5uiw,5wb2
2x59,2.031,5uiw,5wb2
2x60,2.12,5uiw,5wb2
2x61,1.95,5uiw,5wb2
2x62,2.314,5uiw,5wb2
2x63,2.293,5uiw,5wb2
2x64,2.397,5uiw,5wb2
2x65,2.326,5uiw,5wb2
2x66,2.295,5uiw,5wb2
3x21,0.995,5uiw,5wb2
3x22,1.494,5uiw,5wb2
3x23,1.491,5uiw,5wb2
3x24,0.764,5uiw,5wb2
3x25,0.814,5uiw,5wb2
3x26,0.748,5uiw,5wb2
3x27,0.835,5uiw,5wb2
3x28,1.206,5uiw,5wb2
3x29,1.047,5uiw,5wb2
3x30,1.001,5uiw,5wb2
3x31,0.767,5uiw,5wb2
3x32,0.54,5uiw,5wb2
3x33,0.778,5uiw,5wb2
3x34,1.052,5uiw,5wb2
3x35,1.089,5uiw,5wb2
3x36,0.941,5uiw,5wb2
3x37,0.948,5uiw,5wb2
3x38,0.944,5uiw,5wb2
3x39,0.851,5uiw,5wb2
3x40,1.196,5uiw,5wb2
3x41,1.151,5uiw,5wb2
3x42,0.855,5uiw,5wb2
3x43,1.021,5uiw,5wb2
3x44,1.026,5uiw,5wb2
3x45,0.822,5uiw,5wb2
3x46,0.549,5uiw,5wb2
3x47,0.742,5uiw,5wb2
3x48,1.355,5uiw,5wb2
3x49,1.271,5uiw,5wb2
3x50,1.288,5uiw,5wb2
3x51,1.583,5uiw,5wb2
3x52,1.815,5uiw,5wb2
3x53,2.001,5uiw,5wb2
3x54,1.672,5uiw,5wb2
3x55,1.093,5uiw,5wb2
4x38,1.723,5uiw,5wb2
4x39,1.594,5uiw,5wb2
4x40,1.806,5uiw,5wb2
4x41,1.646,5uiw,5wb2
4x42,0.922,5uiw,5wb2
4x43,1.263,5uiw,5wb2
4x44,1.236,5uiw,5wb2
4x45,1.046,5uiw,5wb2
4x46,0.944,5uiw,5wb2
4x47,0.811,5uiw,5wb2
4x48,0.654,5uiw,5wb2
4x49,0.657,5uiw,5wb2
4x50,0.67,5uiw,5wb2
4x51,0.682,5uiw,5wb2
4x52,0.679,5uiw,5wb2
4x53,0.54,5uiw,5wb2
4x54,0.508,5uiw,5wb2
4x55,0.952,5uiw,5wb2
4x56,1.117,5uiw,5wb2
4x57,0.58,5uiw,5wb2
4x59,0.216,5uiw,5wb2
4x60,0.236,5uiw,5wb2
4x61,0.839,5uiw,5wb2
4x62,1.548,5uiw,5wb2
4x63,1.684,5uiw,5wb2
ECL2.Cm8,11.728,5uiw,5wb2
ECL2.Cm7,12.775,5uiw,5wb2
ECL2.Cm6,11.657,5uiw,5wb2
ECL2.Cm5,11.849,5uiw,5wb2
ECL2.Cm4,11.021,5uiw,5wb2
ECL2.Cm3,6.677,5uiw,5wb2
ECL2.Cm2,2.261,5uiw,5wb2
ECL2.Cm1,1.337,5uiw,5wb2
45x50,1.501,5uiw,5wb2
45x51,1.825,5uiw,5wb2
45x52,1.37,5uiw,5wb2
ECL2.Cp3,2.763,5uiw,5wb2
ECL2.Cp4,3.33,5uiw,5wb2
ECL2.Cp5,4.764,5uiw,5wb2
ECL2.Cp6,6.658,5uiw,5wb2
ECL2.Cp7,6.422,5uiw,5wb2
5x34,2.45,5uiw,5wb2
5x35,1.443,5uiw,5wb2
5x36,1.741,5uiw,5wb2
5x37,2.729,5uiw,5wb2
5x38,2.304,5uiw,5wb2
5x39,1.506,5uiw,5wb2
5x40,1.432,5uiw,5wb2
5x41,2.207,5uiw,5wb2
5x42,2.135,5uiw,5wb2
5x43,1.565,5uiw,5wb2
5x44,1.523,5uiw,5wb2
5x45,1.639,5uiw,5wb2
5x46,2.059,5uiw,5wb2
5x461,1.555,5uiw,5wb2
5x47,1.36,5uiw,5wb2
5x48,1.188,5uiw,5wb2
5x49,0.965,5uiw,5wb2
5x50,1.929,5uiw,5wb2
5x51,2.434,5uiw,5wb2
5x52,1.919,5uiw,5wb2
5x53,1.195,5uiw,5wb2
5x54,2.917,5uiw,5wb2
5x55,3.549,5uiw,5wb2
5x56,2.406,5uiw,5wb2
5x57,1.698,5uiw,5wb2
5x58,3.026,5uiw,5wb2
5x59,3.391,5uiw,5wb2
5x60,1.969,5uiw,5wb2
5x61,1.705,5uiw,5wb2
5x62,2.701,5uiw,5wb2
5x63,2.545,5uiw,5wb2
5x64,1.161,5uiw,5wb2
5x65,1.712,5uiw,5wb2
5x66,2.428,5uiw,5wb2
5x67,1.794,5uiw,5wb2
6x29,5.394,5uiw,5wb2
6x30,5.972,5uiw,5wb2
6x31,5.402,5uiw,5wb2
6x32,4.905,5uiw,5wb2
6x33,5.138,5uiw,5wb2
6x34,5.099,5uiw,5wb2
6x35,4.266,5uiw,5wb2
6x36,3.766,5uiw,5wb2
6x37,4.393,5uiw,5wb2
6x38,3.967,5uiw,5wb2
6x39,2.467,5uiw,5wb2
6x40,2.828,5uiw,5wb2
6x41,3.595,5uiw,5wb2
6x42,2.853,5uiw,5wb2
6x43,1.205,5uiw,5wb2
6x44,1.899,5uiw,5wb2
6x45,1.998,5uiw,5wb2
6x46,1.57,5uiw,5wb2
6x47,0.883,5uiw,5wb2
6x48,0.97,5uiw,5wb2
6x49,1.504,5uiw,5wb2
6x50,1.275,5uiw,5wb2
6x51,0.764,5uiw,5wb2
6x52,1.304,5uiw,5wb2
6x53,1.568,5uiw,5wb2
6x54,1.047,5uiw,5wb2
6x55,1.282,5uiw,5wb2
6x56,1.838,5uiw,5wb2
6x57,1.568,5uiw,5wb2
6x58,0.985,5uiw,5wb2
6x59,1.813,5uiw,5wb2
6x60,2.215,5uiw,5wb2
6x61,0.879,5uiw,5wb2
6x62,4.12,5uiw,5wb2
6x63,4.369,5uiw,5wb2
6x64,6.162,5uiw,5wb2
ECL3.Cm3,4.274,5uiw,5wb2
ECL3.Cm2,3.694,5uiw,5wb2
7x23,3.609,5uiw,5wb2
7x24,2.328,5uiw,5wb2
7x25,1.972,5uiw,5wb2
7x26,1.296,5uiw,5wb2
7x27,1.252,5uiw,5wb2
7x28,1.298,5uiw,5wb2
7x29,0.942,5uiw,5wb2
7x30,0.866,5uiw,5wb2
7x31,0.924,5uiw,5wb2
7x32,1.009,5uiw,5wb2
7x33,0.97,5uiw,5wb2
7x34,0.884,5uiw,5wb2
7x35,0.958,5uiw,5wb2
7x36,0.999,5uiw,5wb2
7x37,0.859,5uiw,5wb2
7x38,0.866,5uiw,5wb2
7x39,0.851,5uiw,5wb2
7x40,0.437,5uiw,5wb2
7x41,0.674,5uiw,5wb2
7x42,1.327,5uiw,5wb2
7x43,2.004,5uiw,5wb2
7x45,1.841,5uiw,5wb2
7x46,1.902,5uiw,5wb2
7x47,1.495,5uiw,5wb2
7x48,1.738,5uiw,5wb2
7x49,1.769,5uiw,5wb2
7x50,2.243,5uiw,5wb2
7x51,3.775,5uiw,5wb2
7x52,3.906,5uiw,5wb2
7x53,5.535,5uiw,5wb2
7x54,7.728,5uiw,5wb2
7x55,6.547,5uiw,5wb2
7x56,3.117,5uiw,5wb2
8x47,2.817,5uiw,5wb2
8x48,2.084,5uiw,5wb2
8x49,2.578,5uiw,5wb2
8x50,2.752,5uiw,5wb2
8x51,2.547,5uiw,5wb2
8x52,2.132,5uiw,5wb2
8x53,2.077,5uiw,5wb2
8x54,2.127,5uiw,5wb2
8x55,1.466,5uiw,5wb2
8x56,1.403,5uiw,5wb2
8x57,1.898,5uiw,5wb2
8x58,1.883,5uiw,5wb2
8x59,1.486,5uiw,5wb2
1x35,5.296,7o7f,7f1r
1x36,3.482,7o7f,7f1r
1x37,2.44,7o7f,7f1r
1x38,3.193,7o7f,7f1r
1x39,2.877,7o7f,7f1r
1x40,1.123,7o7f,7f1r
1x41,1.438,7o7f,7f1r
1x42,1.868,7o7f,7f1r
1x43,1.218,7o7f,7f1r
1x44,0.161,7o7f,7f1r
1x45,0.57,7o7f,7f1r
1x46,0.249,7o7f,7f1r
1x47,0.153,7o7f,7f1r
1x48,0.181,7o7f,7f1r
1x49,0.286,7o7f,7f1r
1x50,0.301,7o7f,7f1r
1x51,0.587,7o7f,7f1r
1x52,0.419,7o7f,7f1r
1x53,0.439,7o7f,7f1r
1x54,0.288,7o7f,7f1r
1x55,0.61,7o7f,7f1r
1x56,0.594,7o7f,7f1r
1x57,0.894,7o7f,7f1r
1x58,1.859,7o7f,7f1r
1x59,2.018,7o7f,7f1r
1x60,1.588,7o7f,7f1r
12x48,1.046,7o7f,7f1r
12x49,2.437,7o7f,7f1r
12x50,2.525,7o7f,7f1r
12x51,2.275,7o7f,7f1r
2x37,3.025,7o7f,7f1r
2x38,2.371,7o7f,7f1r
2x39,0.83,7o7f,7f1r
2x40,0.973,7o7f,7f1r
2x41,0.922,7o7f,7f1r
2x42,0.638,7o7f,7f1r
2x43,0.652,7o7f,7f1r
2x44,0.907,7o7f,7f1r
2x45,0.805,7o7f,7f1r
2x46,0.452,7o7f,7f1r
2x47,0.938,7o7f,7f1r
2x48,1.117,7o7f,7f1r
2x49,0.82,7o7f,7f1r
2x50,0.958,7o7f,7f1r
2x51,1.546,7o7f,7f1r
2x52,2.078,7o7f,7f1r
2x53,1.954,7o7f,7f1r
2x54,1.554,7o7f,7f1r
2x55,1.694,7o7f,7f1r
2x56,1.891,7o7f,7f1r
2x57,2.355,7o7f,7f1r
2x58,1.3,7o7f,7f1r
2x59,1.173,7o7f,7f1r
2x60,1.873,7o7f,7f1r
2x61,3.852,7o7f,7f1r
2x62,3.903,7o7f,7f1r
2x63,4.757,7o7f,7f1r
2x64,6.157,7o7f,7f1r
2x65,5.648,7o7f,7f1r
2x66,6.516,7o7f,7f1r
3x21,1.347,7o7f,7f1r
3x22,1.129,7o7f,7f1r
3x23,1.686,7o7f,7f1r
3x24,1.037,7o7f,7f1r
3x25,0.737,7o7f,7f1r
3x26,0.935,7o7f,7f1r
3x27,1.043,7o7f,7f1r
3x28,0.634,7o7f,7f1r
3x29,0.559,7o7f,7f1r
3x30,0.879,7o7f,7f1r
3x31,0.705,7o7f,7f1r
3x32,0.664,7o7f,7f1r
3x33,0.708,7o7f,7f1r
3x34,1.007,7o7f,7f1r
3x35,0.642,7o7f,7f1r
3x36,0.593,7o7f,7f1r
3x37,0.403,7o7f,7f1r
3x38,0.296,7o7f,7f1r
3x39,0.397,7o7f,7f1r
3x40,0.42,7o7f,7f1r
3x41,0.281,7o7f,7f1r
3x42,0.499,7o7f,7f1r
3x43,0.411,7o7f,7f1r
3x44,0.357,7o7f,7f1r
3x45,0.366,7o7f,7f1r
3x46,0.386,7o7f,7f1r
3x47,0.15,7o7f,7f1r
3x48,0.318,7o7f,7f1r
3x49,0.367,7o7f,7f1r
3x50,0.288,7o7f,7f1r
3x51,0.438,7o7f,7f1r
3x52,0.394,7o7f,7f1r
3x53,0.337,7o7f,7f1r
3x54,0.468,7o7f,7f1r
3x55,0.784,7o7f,7f1r
3x56,1.28,7o7f,7f1r
34x50,1.5,7o7f,7f1r
34x51,1.917,7o7f,7f1r
34x52,2.132,7o7f,7f1r
34x53,1.906,7o7f,7f1r
34x54,1.684,7o7f,7f1r
34x55,0.431,7o7f,7f1r
34x56,0.78,7o7f,7f1r
34x57,1.356,7o7f,7f1r
4x38,1.209,7o7f,7f1r
4x39,1.056,7o7f,7f1r
4x40,1.55,7o7f,7f1r
4x41,1.18,7o7f,7f1r
4x42,0.905,7o7f,7f1r
4x43,0.951,7o7f,7f1r
4x44,0.812,7o7f,7f1r
4x45,0.694,7o7f,7f1r
4x46,0.793,7o7f,7f1r
4x47,0.659,7o7f,7f1r
4x48,0.74,7o7f,7f1r
4x49,0.683,7o7f,7f1r
4x50,0.822,7o7f,7f1r
4x51,0.734,7o7f,7f1r
4x52,0.51,7o7f,7f1r
4x53,0.617,7o7f,7f1r
4x54,0.584,7o7f,7f1r
4x55,0.284,7o7f,7f1r
4x56,0.591,7o7f,7f1r
4x57,0.98,7o7f,7f1r
4x59,0.794,7o7f,7f1r
4x60,0.805,7o7f,7f1r
4x61,1.272,7o7f,7f1r
4x62,1.467,7o7f,7f1r
4x63,1.547,7o7f,7f1r
4x64,1.948,7o7f,7f1r
4x65,2.281,7o7f,7f1r
ECL2.Cm10,1.575,7o7f,7f1r
ECL2.Cm9,1.208,7o7f,7f1r
ECL2.Cm8,1.59,7o7f,7f1r
ECL2.Cm7,2.696,7o7f,7f1r
ECL2.Cm6,1.505,7o7f,7f1r
ECL2.Cm5,3.455,7o7f,7f1r
ECL2.Cm4,4.236,7o7f,7f1r
ECL2.Cm3,3.232,7o7f,7f1r
ECL2.Cm2,2.553,7o7f,7f1r
ECL2.Cm1,1.59,7o7f,7f1r
45x50,0.896,7o7f,7f1r
45x51,1.237,7o7f,7f1r
45x52,0.833,7o7f,7f1r
ECL2.Cp3,0.757,7o7f,7f1r
ECL2.Cp4,0.702,7o7f,7f1r
ECL2.Cp5,0.871,7o7f,7f1r
ECL2.Cp6,2.004,7o7f,7f1r
ECL2.Cp7,1.797,7o7f,7f1r
5x31,2.181,7o7f,7f1r
5x32,2.239,7o7f,7f1r
5x33,2.346,7o7f,7f1r
5x34,2.573,7o7f,7f1r
5x35,2.238,7o7f,7f1r
5x36,1.93,7o7f,7f1r
5x37,1.603,7o7f,7f1r
5x38,1.999,7o7f,7f1r
5x39,2.124,7o7f,7f1r
5x40,1.313,7o7f,7f1r
5x41,1.128,7o7f,7f1r
5x42,1.628,7o7f,7f1r
5x43,1.403,7o7f,7f1r
5x44,1.007,7o7f,7f1r
5x45,0.566,7o7f,7f1r
5x46,0.611,7o7f,7f1r
5x461,0.368,7o7f,7f1r
5x47,0.636,7o7f,7f1r
5x48,0.459,7o7f,7f1r
5x49,0.274,7o7f,7f1r
5x50,0.101,7o7f,7f1r
5x51,0.26,7o7f,7f1r
5x52,0.555,7o7f,7f1r
5x53,0.428,7o7f,7f1r
5x54,0.379,7o7f,7f1r
5x55,0.425,7o7f,7f1r
5x56,0.465,7o7f,7f1r
5x57,0.347,7o7f,7f1r
5x58,0.072,7o7f,7f1r
5x59,0.439,7o7f,7f1r
5x60,0.626,7o7f,7f1r
5x61,0.311,7o7f,7f1r
5x62,0.747,7o7f,7f1r
5x63,1.074,7o7f,7f1r
5x64,1.008,7o7f,7f1r
5x65,1.008,7o7f,7f1r
5x66,0.634,7o7f,7f1r
5x67,0.926,7o7f,7f1r
ICL3,6.856,7o7f,7f1r
6x28,0.434,7o7f,7f1r
6x29,1.038,7o7f,7f1r
6x30,0.822,7o7f,7f1r
6x31,0.612,7o7f,7f1r
6x32,0.724,7o7f,7f1r
6x33,0.715,7o7f,7f1r
6x34,0.851,7o7f,7f1r
6x35,0.809,7o7f,7f1r
6x36,0.491,7o7f,7f1r
6x37,0.503,7o7f,7f1r
6x38,0.443,7o7f,7f1r
6x39,0.497,7o7f,7f1r
6x40,0.495,7o7f,7f1r
6x41,0.51,7o7f,7f1r
6x42,0.49,7o7f,7f1r
6x43,0.308,7o7f,7f1r
6x44,0.381,7o7f,7f1r
6x45,0.727,7o7f,7f1r
6x46,0.715,7o7f,7f1r
6x47,0.275,7o7f,7f1r
6x48,0.352,7o7f,7f1r
6x49,0.797,7o7f,7f1r
6x50,0.707,7o7f,7f1r
6x51,0.696,7o7f,7f1r
6x52,0.79,7o7f,7f1r
6x53,0.499,7o7f,7f1r
6x54,0.249,7o7f,7f1r
6x55,0.392,7o7f,7f1r
6x56,0.607,7o7f,7f1r
6x57,0.505,7o7f,7f1r
6x58,0.626,7o7f,7f1r
6x59,0.537,7o7f,7f1r
6x60,0.734,7o7f,7f1r
6x61,1.417,7o7f,7f1r
6x62,3.426,7o7f,7f1r
6x63,4.81,7o7f,7f1r
6x64,4.492,7o7f,7f1r
6x65,4.611,7o7f,7f1r
ECL3.Cm3,4.899,7o7f,7f1r
ECL3.Cm2,3.303,7o7f,7f1r
7x23,3.626,7o7f,7f1r
7x24,2.01,7o7f,7f1r
7x25,0.388,7o7f,7f1r
7x26,1.264,7o7f,7f1r
7x27,1.894,7o7f,7f1r
7x28,1.73,7o7f,7f1r
7x29,1.375,7o7f,7f1r
7x30,1.023,7o7f,7f1r
7x31,1.075,7o7f,7f1r
7x32,1.157,7o7f,7f1r
7x33,0.659,7o7f,7f1r
7x34,0.72,7o7f,7f1r
7x35,0.973,7o7f,7f1r
7x36,1.071,7o7f,7f1r
7x37,0.988,7o7f,7f1r
7x38,0.955,7o7f,7f1r
7x39,0.795,7o7f,7f1r
7x40,0.381,7o7f,7f1r
7x41,0.734,7o7f,7f1r
7x42,0.95,7o7f,7f1r
7x43,0.854,7o7f,7f1r
7x45,1.187,7o7f,7f1r
7x46,0.992,7o7f,7f1r
7x47,0.821,7o7f,7f1r
7x48,0.838,7o7f,7f1r
7x49,0.627,7o7f,7f1r
7x50,0.788,7o7f,7f1r
7x51,0.781,7o7f,7f1r
7x52,0.761,7o7f,7f1r
7x53,0.357,7o7f,7f1r
7x54,0.662,7o7f,7f1r
7x55,0.596,7o7f,7f1r
7x56,0.5,7o7f,7f1r
8x47,2.865,7o7f,7f1r
8x48,3.066,7o7f,7f1r
8x49,1.419,7o7f,7f1r
8x50,1.563,7o7f,7f1r
8x51,0.936,7o7f,7f1r
8x52,0.795,7o7f,7f1r
8x53,0.689,7o7f,7f1r
8x54,0.971,7o7f,7f1r
8x55,1.024,7o7f,7f1r
8x56,0.487,7o7f,7f1r
8x57,0.693,7o7f,7f1r
8x58,1.082,7o7f,7f1r
8x59,0.94,7o7f,7f1r
NTr.Cm4,3.011,7o7f,zheng
NTr.Cm3,5.029,7o7f,zheng
NTr.Cm2,1.346,7o7f,zheng
NTr.Cm1,1.803,7o7f,zheng
1x22,2.257,7o7f,zheng
1x23,1.887,7o7f,zheng
1x24,1.709,7o7f,zheng
1x25,0.57,7o7f,zheng
1x26,2.521,7o7f,zheng
1x27,2.447,7o7f,zheng
1x28,1.705,7o7f,zheng
1x29,0.838,7o7f,zheng
1x30,1.205,7o7f,zheng
1x31,2.136,7o7f,zheng
1x32,2.166,7o7f,zheng
1x33,1.6,7o7f,zheng
1x34,1.175,7o7f,zheng
1x35,1.302,7o7f,zheng
1x36,1.251,7o7f,zheng
1x37,1.575,7o7f,zheng
1x38,1.476,7o7f,zheng
1x39,1.141,7o7f,zheng
1x40,1.321,7o7f,zheng
1x41,1.695,7o7f,zheng
1x42,1.929,7o7f,zheng
1x43,1.9,7o7f,zheng
1x44,1.603,7o7f,zheng
1x45,1.91,7o7f,zheng
1x46,1.615,7o7f,zheng
1x47,1.54,7o7f,zheng
1x48,1.693,7o7f,zheng
1x49,1.078,7o7f,zheng
1x50,0.42,7o7f,zheng
1x51,0.746,7o7f,zheng
1x52,0.34,7o7f,zheng
1x53,0.494,7o7f,zheng
1x54,1.025,7o7f,zheng
1x55,1.433,7o7f,zheng
1x56,1.516,7o7f,zheng
1x57,1.546,7o7f,zheng
1x58,2.119,7o7f,zheng
1x59,2.273,7o7f,zheng
1x60,2.463,7o7f,zheng
12x48,3.042,7o7f,zheng
12x49,3.083,7o7f,zheng
12x50,3.297,7o7f,zheng
12x51,2.25,7o7f,zheng
2x37,2.147,7o7f,zheng
2x38,1.225,7o7f,zheng
2x39,1.045,7o7f,zheng
2x40,1.446,7o7f,zheng
2x41,1.156,7o7f,zheng
2x42,0.994,7o7f,zheng
2x43,0.906,7o7f,zheng
2x44,0.803,7o7f,zheng
2x45,0.796,7o7f,zheng
2x46,0.853,7o7f,zheng
2x47,0.666,7o7f,zheng
2x48,0.668,7o7f,zheng
2x49,0.888,7o7f,zheng
2x50,0.6,7o7f,zheng
2x51,0.582,7o7f,zheng
2x52,0.977,7o7f,zheng
2x53,0.604,7o7f,zheng
2x54,0.85,7o7f,zheng
2x55,1.185,7o7f,zheng
2x56,0.856,7o7f,zheng
2x57,0.813,7o7f,zheng
2x58,0.824,7o7f,zheng
2x59,0.645,7o7f,zheng
2x60,0.38,7o7f,zheng
2x61,0.664,7o7f,zheng
2x62,0.852,7o7f,zheng
2x63,0.58,7o7f,zheng
2x64,0.642,7o7f,zheng
2x65,0.651,7o7f,zheng
2x66,1.454,7o7f,zheng
23x49,1.305,7o7f,zheng
23x50,1.347,7o7f,zheng
23x51,1.023,7o7f,zheng
23x52,1.087,7o7f,zheng
3x21,0.659,7o7f,zheng
3x22,0.786,7o7f,zheng
3x23,0.809,7o7f,zheng
3x24,0.542,7o7f,zheng
3x25,0.853,7o7f,zheng
3x26,0.879,7o7f,zheng
3x27,0.636,7o7f,zheng
3x28,0.671,7o7f,zheng
3x29,0.618,7o7f,zheng
3x30,0.776,7o7f,zheng
3x31,0.756,7o7f,zheng
3x32,0.664,7o7f,zheng
3x33,0.836,7o7f,zheng
3x34,0.798,7o7f,zheng
3x35,0.714,7o7f,zheng
3x36,0.803,7o7f,zheng
3x37,0.827,7o7f,zheng
3x38,0.707,7o7f,zheng
3x39,0.651,7o7f,zheng
3x40,0.818,7o7f,zheng
3x41,0.785,7o7f,zheng
3x42,0.681,7o7f,zheng
3x43,0.633,7o7f,zheng
3x44,0.747,7o7f,zheng
3x45,0.76,7o7f,zheng
3x46,0.938,7o7f,zheng
3x47,0.808,7o7f,zheng
3x48,0.661,7o7f,zheng
3x49,0.619,7o7f,zheng
3x50,0.774,7o7f,zheng
3x51,0.735,7o7f,zheng
3x52,1.193,7o7f,zheng
3x53,1.476,7o7f,zheng
3x54,1.759,7o7f,zheng
3x55,1.561,7o7f,zheng
3x56,1.749,7o7f,zheng
34x50,1.813,7o7f,zheng
34x51,2.408,7o7f,zheng
34x52,2.24,7o7f,zheng
34x53,1.687,7o7f,zheng
34x54,1.778,7o7f,zheng
34x55,1.978,7o7f,zheng
34x56,1.893,7o7f,zheng
34x57,1.67,7o7f,zheng
4x38,1.157,7o7f,zheng
4x39,1.629,7o7f,zheng
4x40,1.421,7o7f,zheng
4x41,0.629,7o7f,zheng
4x42,0.808,7o7f,zheng
4x43,0.979,7o7f,zheng
4x44,0.874,7o7f,zheng
4x45,0.444,7o7f,zheng
4x46,0.624,7o7f,zheng
4x47,0.725,7o7f,zheng
4x48,0.615,7o7f,zheng
4x49,0.735,7o7f,zheng
4x50,0.727,7o7f,zheng
4x51,0.793,7o7f,zheng
4x52,0.496,7o7f,zheng
4x53,0.539,7o7f,zheng
4x54,0.683,7o7f,zheng
4x55,0.665,7o7f,zheng
4x56,0.57,7o7f,zheng
4x57,0.338,7o7f,zheng
4x59,0.41,7o7f,zheng
4x60,0.478,7o7f,zheng
4x61,0.542,7o7f,zheng
4x62,0.228,7o7f,zheng
4x63,0.356,7o7f,zheng
4x64,0.87,7o7f,zheng
4x65,0.861,7o7f,zheng
ECL2.Cm10,0.803,7o7f,zheng
ECL2.Cm9,0.75,7o7f,zheng
ECL2.Cm8,0.352,7o7f,zheng
ECL2.Cm7,2.089,7o7f,zheng
ECL2.Cm6,3.614,7o7f,zheng
ECL2.Cm5,3.78,7o7f,zheng
ECL2.Cm4,0.96,7o7f,zheng
ECL2.Cm3,0.934,7o7f,zheng
ECL2.Cm2,0.494,7o7f,zheng
ECL2.Cm1,0.786,7o7f,zheng
45x50,0.676,7o7f,zheng
45x51,0.528,7o7f,zheng
45x52,0.977,7o7f,zheng
ECL2.Cp3,1.037,7o7f,zheng
ECL2.Cp4,1.118,7o7f,zheng
ECL2.Cp5,1.563,7o7f,zheng
ECL2.Cp6,2.023,7o7f,zheng
ECL2.Cp7,1.346,7o7f,zheng
5x31,1.488,7o7f,zheng
5x32,1.767,7o7f,zheng
5x33,1.625,7o7f,zheng
5x34,1.228,7o7f,zheng
5x35,0.76,7o7f,zheng
5x36,1.205,7o7f,zheng
5x37,0.758,7o7f,zheng
5x38,0.471,7o7f,zheng
5x39,0.497,7o7f,zheng
5x40,0.189,7o7f,zheng
5x41,0.589,7o7f,zheng
5x42,0.387,7o7f,zheng
5x43,0.405,7o7f,zheng
5x44,0.585,7o7f,zheng
5x45,0.468,7o7f,zheng
5x46,0.419,7o7f,zheng
5x461,0.794,7o7f,zheng
5x47,0.903,7o7f,zheng
5x48,0.578,7o7f,zheng
5x49,0.46,7o7f,zheng
5x50,0.563,7o7f,zheng
5x51,1.124,7o7f,zheng
5x52,0.897,7o7f,zheng
5x53,0.924,7o7f,zheng
5x54,1.614,7o7f,zheng
5x55,1.864,7o7f,zheng
5x56,1.92,7o7f,zheng
5x57,1.83,7o7f,zheng
5x58,2.406,7o7f,zheng
5x59,2.701,7o7f,zheng
5x60,2.263,7o7f,zheng
5x61,2.338,7o7f,zheng
5x62,1.816,7o7f,zheng
5x63,2.051,7o7f,zheng
5x64,2.192,7o7f,zheng
5x65,2.099,7o7f,zheng
5x66,1.963,7o7f,zheng
5x67,1.611,7o7f,zheng
ICL3,9.08,7o7f,zheng
6x28,7.384,7o7f,zheng
6x29,7.161,7o7f,zheng
6x30,7.36,7o7f,zheng
6x31,7,7o7f,zheng
6x32,6.338,7o7f,zheng
6x33,6.512,7o7f,zheng
6x34,6.592,7o7f,zheng
6x35,5.762,7o7f,zheng
6x36,5.172,7o7f,zheng
6x37,5.804,7o7f,zheng
6x38,5.167,7o7f,zheng
6x39,3.859,7o7f,zheng
6x40,4.052,7o7f,zheng
6x41,4.49,7o7f,zheng
6x42,3.415,7o7f,zheng
6x43,2.471,7o7f,zheng
6x44,2.856,7o7f,zheng
6x45,2.495,7o7f,zheng
6x46,2.138,7o7f,zheng
6x47,1.778,7o7f,zheng
6x48,2.097,7o7f,zheng
6x49,1.621,7o7f,zheng
6x50,0.641,7o7f,zheng
6x51,0.342,7o7f,zheng
6x52,0.254,7o7f,zheng
6x53,0.493,7o7f,zheng
6x54,0.417,7o7f,zheng
6x55,0.24,7o7f,zheng
6x56,0.504,7o7f,zheng
6x57,0.636,7o7f,zheng
6x58,0.506,7o7f,zheng
6x59,0.556,7o7f,zheng
6x60,0.351,7o7f,zheng
6x61,0.557,7o7f,zheng
6x62,0.325,7o7f,zheng
6x63,0.785,7o7f,zheng
6x64,0.818,7o7f,zheng
6x65,0.886,7o7f,zheng
ECL3.Cm3,1.056,7o7f,zheng
ECL3.Cm2,2.41,7o7f,zheng
7x23,1.706,7o7f,zheng
7x24,0.919,7o7f,zheng
7x25,1.025,7o7f,zheng
7x26,0.674,7o7f,zheng
7x27,0.6,7o7f,zheng
7x28,0.587,7o7f,zheng
7x29,0.965,7o7f,zheng
7x30,1.4,7o7f,zheng
7x31,1.095,7o7f,zheng
7x32,0.781,7o7f,zheng
7x33,0.805,7o7f,zheng
7x34,1.118,7o7f,zheng
7x35,1.013,7o7f,zheng
7x36,0.561,7o7f,zheng
7x37,0.256,7o7f,zheng
7x38,0.935,7o7f,zheng
7x39,1.4,7o7f,zheng
7x40,1.365,7o7f,zheng
7x41,0.954,7o7f,zheng
7x42,1.47,7o7f,zheng
7x43,1.88,7o7f,zheng
7x45,1.859,7o7f,zheng
7x46,1.988,7o7f,zheng
7x47,1.416,7o7f,zheng
7x48,0.916,7o7f,zheng
7x49,2.386,7o7f,zheng
7x50,3.588,7o7f,zheng
7x51,3.371,7o7f,zheng
7x52,2.935,7o7f,zheng
7x53,5.335,7o7f,zheng
7x54,6.936,7o7f,zheng
7x55,5.512,7o7f,zheng
7x56,2.731,7o7f,zheng
8x47,2.576,7o7f,zheng
8x48,4.232,7o7f,zheng
8x49,2.819,7o7f,zheng
8x50,3.287,7o7f,zheng
8x51,3.001,7o7f,zheng
8x52,2.524,7o7f,zheng
8x53,2.579,7o7f,zheng
8x54,2.668,7o7f,zheng
8x55,2.034,7o7f,zheng
8x56,1.491,7o7f,zheng
8x57,2.66,7o7f,zheng
8x58,2.573,7o7f,zheng
8x59,1.317,7o7f,zheng
CT,1.446,7o7f,zheng
NTr.Cm4,4.353,7o7f,7vl9
NTr.Cm3,5.162,7o7f,7vl9
NTr.Cm2,1.311,7o7f,7vl9
NTr.Cm1,1.08,7o7f,7vl9
1x22,1.051,7o7f,7vl9
1x23,1.075,7o7f,7vl9
1x24,0.504,7o7f,7vl9
1x25,0.187,7o7f,7vl9
1x26,1.796,7o7f,7vl9
1x27,2.413,7o7f,7vl9
1x28,1.637,7o7f,7vl9
1x29,1.638,7o7f,7vl9
1x30,2.125,7o7f,7vl9
1x31,1.088,7o7f,7vl9
1x32,1.928,7o7f,7vl9
1x33,2.964,7o7f,7vl9
1x34,2.035,7o7f,7vl9
1x35,0.926,7o7f,7vl9
1x36,0.735,7o7f,7vl9
1x37,0.931,7o7f,7vl9
1x38,0.777,7o7f,7vl9
1x39,0.5,7o7f,7vl9
1x40,0.827,7o7f,7vl9
1x41,0.721,7o7f,7vl9
1x42,0.842,7o7f,7vl9
1x43,0.572,7o7f,7vl9
1x44,0.585,7o7f,7vl9
1x45,0.628,7o7f,7vl9
1x46,0.705,7o7f,7vl9
1x47,0.344,7o7f,7vl9
1x48,0.365,7o7f,7vl9
1x49,0.471,7o7f,7vl9
1x50,0.361,7o7f,7vl9
1x51,0.355,7o7f,7vl9
1x52,0.449,7o7f,7vl9
1x53,0.389,7o7f,7vl9
1x54,0.389,7o7f,7vl9
1x55,0.931,7o7f,7vl9
1x56,1.004,7o7f,7vl9
1x57,0.365,7o7f,7vl9
1x58,0.958,7o7f,7vl9
1x59,1.527,7o7f,7vl9
1x60,2.652,7o7f,7vl9
12x48,4.314,7o7f,7vl9
12x49,5.331,7o7f,7vl9
12x50,6.232,7o7f,7vl9
12x51,2.672,7o7f,7vl9
2x37,1.492,7o7f,7vl9
2x38,0.626,7o7f,7vl9
2x39,0.347,7o7f,7vl9
2x40,0.605,7o7f,7vl9
2x41,0.472,7o7f,7vl9
2x42,0.258,7o7f,7vl9
2x43,0.084,7o7f,7vl9
2x44,0.282,7o7f,7vl9
2x45,0.35,7o7f,7vl9
2x46,0.29,7o7f,7vl9
2x47,0.278,7o7f,7vl9
2x48,0.648,7o7f,7vl9
2x49,0.782,7o7f,7vl9
2x50,0.431,7o7f,7vl9
2x51,0.81,7o7f,7vl9
2x52,1.06,7o7f,7vl9
2x53,0.623,7o7f,7vl9
2x54,0.528,7o7f,7vl9
2x55,1.441,7o7f,7vl9
2x56,1.439,7o7f,7vl9
2x57,1.277,7o7f,7vl9
2x58,1.25,7o7f,7vl9
2x59,0.973,7o7f,7vl9
2x60,0.924,7o7f,7vl9
2x61,1.457,7o7f,7vl9
2x62,1.156,7o7f,7vl9
2x63,1.034,7o7f,7vl9
2x64,0.637,7o7f,7vl9
2x65,0.737,7o7f,7vl9
2x66,0.582,7o7f,7vl9
23x49,1.638,7o7f,7vl9
23x50,0.994,7o7f,7vl9
23x51,0.444,7o7f,7vl9
23x52,0.62,7o7f,7vl9
3x21,1.461,7o7f,7vl9
3x22,0.822,7o7f,7vl9
3x23,0.808,7o7f,7vl9
3x24,0.184,7o7f,7vl9
3x25,0.986,7o7f,7vl9
3x26,1.098,7o7f,7vl9
3x27,0.67,7o7f,7vl9
3x28,0.753,7o7f,7vl9
3x29,1.031,7o7f,7vl9
3x30,0.666,7o7f,7vl9
3x31,0.771,7o7f,7vl9
3x32,1.136,7o7f,7vl9
3x33,0.982,7o7f,7vl9
3x34,1.113,7o7f,7vl9
3x35,1.077,7o7f,7vl9
3x36,1.107,7o7f,7vl9
3x37,0.791,7o7f,7vl9
3x38,0.624,7o7f,7vl9
3x39,0.589,7o7f,7vl9
3x40,0.539,7o7f,7vl9
3x41,0.459,7o7f,7vl9
3x42,0.334,7o7f,7vl9
3x43,0.288,7o7f,7vl9
3x44,0.162,7o7f,7vl9
3x45,0.289,7o7f,7vl9
3x46,0.343,7o7f,7vl9
3x47,0.186,7o7f,7vl9
3x48,0.278,7o7f,7vl9
3x49,0.43,7o7f,7vl9
3x50,0.296,7o7f,7vl9
3x51,0.303,7o7f,7vl9
3x52,0.345,7o7f,7vl9
3x53,0.396,7o7f,7vl9
3x54,0.394,7o7f,7vl9
3x55,0.422,7o7f,7vl9
3x56,0.622,7o7f,7vl9
34x50,1.177,7o7f,7vl9
34x51,1.079,7o7f,7vl9
34x52,1.095,7o7f,7vl9
34x53,1.178,7o7f,7vl9
34x54,1.088,7o7f,7vl9
34x55,0.795,7o7f,7vl9
34x56,0.725,7o7f,7vl9
34x57,0.866,7o7f,7vl9
4x38,0.601,7o7f,7vl9
4x39,0.549,7o7f,7vl9
4x40,0.564,7o7f,7vl9
4x41,0.528,7o7f,7vl9
4x42,0.536,7o7f,7vl9
4x43,0.209,7o7f,7vl9
4x44,0.233,7o7f,7vl9
4x45,0.179,7o7f,7vl9
4x46,0.285,7o7f,7vl9
4x47,0.316,7o7f,7vl9
4x48,0.399,7o7f,7vl9
4x49,0.429,7o7f,7vl9
4x50,0.478,7o7f,7vl9
4x51,0.509,7o7f,7vl9
4x52,0.476,7o7f,7vl9
4x53,0.505,7o7f,7vl9
4x54,0.501,7o7f,7vl9
4x55,0.478,7o7f,7vl9
4x56,0.384,7o7f,7vl9
4x57,0.387,7o7f,7vl9
4x59,0.527,7o7f,7vl9
4x60,1.502,7o7f,7vl9
4x61,2.066,7o7f,7vl9
4x62,1.756,7o7f,7vl9
4x63,0.998,7o7f,7vl9
4x64,1.156,7o7f,7vl9
4x65,0.718,7o7f,7vl9
ECL2.Cm10,0.472,7o7f,7vl9
ECL2.Cm9,0.964,7o7f,7vl9
ECL2.Cm8,1.073,7o7f,7vl9
ECL2.Cm7,1.668,7o7f,7vl9
ECL2.Cm6,2.535,7o7f,7vl9
ECL2.Cm5,2.7,7o7f,7vl9
ECL2.Cm4,2.622,7o7f,7vl9
ECL2.Cm3,1.389,7o7f,7vl9
ECL2.Cm2,1.023,7o7f,7vl9
ECL2.Cm1,0.85,7o7f,7vl9
45x50,0.568,7o7f,7vl9
45x51,0.786,7o7f,7vl9
45x52,0.358,7o7f,7vl9
ECL2.Cp3,0.746,7o7f,7vl9
ECL2.Cp4,0.778,7o7f,7vl9
ECL2.Cp5,0.37,7o7f,7vl9
ECL2.Cp6,0.251,7o7f,7vl9
ECL2.Cp7,2.031,7o7f,7vl9
5x31,1.21,7o7f,7vl9
5x32,1.311,7o7f,7vl9
5x33,1.634,7o7f,7vl9
5x34,0.595,7o7f,7vl9
5x35,0.404,7o7f,7vl9
5x36,0.361,7o7f,7vl9
5x37,0.485,7o7f,7vl9
5x38,0.285,7o7f,7vl9
5x39,0.654,7o7f,7vl9
5x40,0.475,7o7f,7vl9
5x41,0.616,7o7f,7vl9
5x42,0.663,7o7f,7vl9
5x43,0.83,7o7f,7vl9
5x44,0.87,7o7f,7vl9
5x45,0.817,7o7f,7vl9
5x46,1.306,7o7f,7vl9
5x461,1.341,7o7f,7vl9
5x47,0.739,7o7f,7vl9
5x48,0.302,7o7f,7vl9
5x49,0.338,7o7f,7vl9
5x50,0.299,7o7f,7vl9
5x51,0.354,7o7f,7vl9
5x52,0.578,7o7f,7vl9
5x53,0.453,7o7f,7vl9
5x54,0.443,7o7f,7vl9
5x55,0.385,7o7f,7vl9
5x56,0.249,7o7f,7vl9
5x57,0.328,7o7f,7vl9
5x58,0.152,7o7f,7vl9
5x59,0.438,7o7f,7vl9
5x60,0.727,7o7f,7vl9
5x61,0.327,7o7f,7vl9
5x62,0.687,7o7f,7vl9
5x63,0.886,7o7f,7vl9
5x64,0.945,7o7f,7vl9
5x65,0.834,7o7f,7vl9
5x66,1.384,7o7f,7vl9
5x67,1.669,7o7f,7vl9
ICL3,7.589,7o7f,7vl9
6x28,0.727,7o7f,7vl9
6x29,0.67,7o7f,7vl9
6x30,0.918,7o7f,7vl9
6x31,0.828,7o7f,7vl9
6x32,0.332,7o7f,7vl9
6x33,0.48,7o7f,7vl9
6x34,0.586,7o7f,7vl9
6x35,0.43,7o7f,7vl9
6x36,0.302,7o7f,7vl9
6x37,0.261,7o7f,7vl9
6x38,0.313,7o7f,7vl9
6x39,0.274,7o7f,7vl9
6x40,0.262,7o7f,7vl9
6x41,0.277,7o7f,7vl9
6x42,0.538,7o7f,7vl9
6x43,0.34,7o7f,7vl9
6x44,0.106,7o7f,7vl9
6x45,0.267,7o7f,7vl9
6x46,0.395,7o7f,7vl9
6x47,0.286,7o7f,7vl9
6x48,0.082,7o7f,7vl9
6x49,0.747,7o7f,7vl9
6x50,0.841,7o7f,7vl9
6x51,0.744,7o7f,7vl9
6x52,0.752,7o7f,7vl9
6x53,0.764,7o7f,7vl9
6x54,0.751,7o7f,7vl9
6x55,0.615,7o7f,7vl9
6x56,1.041,7o7f,7vl9
6x57,1.078,7o7f,7vl9
6x58,1.067,7o7f,7vl9
6x59,0.852,7o7f,7vl9
6x60,1.759,7o7f,7vl9
6x61,1.666,7o7f,7vl9
6x62,2.907,7o7f,7vl9
6x63,3.43,7o7f,7vl9
6x64,2.429,7o7f,7vl9
6x65,3.421,7o7f,7vl9
ECL3.Cm3,4.553,7o7f,7vl9
ECL3.Cm2,4.493,7o7f,7vl9
7x23,1.527,7o7f,7vl9
7x24,1.428,7o7f,7vl9
7x25,1.685,7o7f,7vl9
7x26,1.632,7o7f,7vl9
7x27,0.901,7o7f,7vl9
7x28,0.531,7o7f,7vl9
7x29,1.175,7o7f,7vl9
7x30,1.058,7o7f,7vl9
7x31,0.479,7o7f,7vl9
7x32,0.223,7o7f,7vl9
7x33,0.537,7o7f,7vl9
7x34,0.913,7o7f,7vl9
7x35,0.796,7o7f,7vl9
7x36,0.324,7o7f,7vl9
7x37,0.526,7o7f,7vl9
7x38,0.683,7o7f,7vl9
7x39,0.59,7o7f,7vl9
7x40,0.521,7o7f,7vl9
7x41,1.415,7o7f,7vl9
7x42,1.435,7o7f,7vl9
7x43,0.48,7o7f,7vl9
7x45,0.508,7o7f,7vl9
7x46,0.575,7o7f,7vl9
7x47,1.081,7o7f,7vl9
7x48,1.06,7o7f,7vl9
7x49,0.364,7o7f,7vl9
7x50,0.816,7o7f,7vl9
7x51,0.826,7o7f,7vl9
7x52,0.618,7o7f,7vl9
7x53,0.534,7o7f,7vl9
7x54,0.463,7o7f,7vl9
7x55,0.698,7o7f,7vl9
7x56,0.565,7o7f,7vl9
8x47,3.587,7o7f,7vl9
8x48,2.054,7o7f,7vl9
8x49,0.74,7o7f,7vl9
8x50,0.406,7o7f,7vl9
8x51,0.353,7o7f,7vl9
8x52,0.878,7o7f,7vl9
8x53,0.505,7o7f,7vl9
8x54,0.237,7o7f,7vl9
8x55,0.729,7o7f,7vl9
8x56,1.032,7o7f,7vl9
8x57,0.538,7o7f,7vl9
8x58,1.007,7o7f,7vl9
8x59,1.238,7o7f,7vl9
NTr.Cm3,3.718,7o7f,7xa3
NTr.Cm2,4.84,7o7f,7xa3
NTr.Cm1,2.729,7o7f,7xa3
1x22,2.159,7o7f,7xa3
1x23,4.107,7o7f,7xa3
1x24,1.748,7o7f,7xa3
1x25,1.018,7o7f,7xa3
1x26,1.519,7o7f,7xa3
1x27,1.995,7o7f,7xa3
1x28,1.536,7o7f,7xa3
1x29,0.847,7o7f,7xa3
1x30,1.064,7o7f,7xa3
1x31,1.477,7o7f,7xa3
1x32,1.774,7o7f,7xa3
1x33,1.152,7o7f,7xa3
1x34,0.47,7o7f,7xa3
1x35,0.79,7o7f,7xa3
1x36,0.674,7o7f,7xa3
1x37,0.622,7o7f,7xa3
1x38,0.712,7o7f,7xa3
1x39,0.476,7o7f,7xa3
1x40,0.414,7o7f,7xa3
1x41,0.382,7o7f,7xa3
1x42,0.862,7o7f,7xa3
1x43,0.767,7o7f,7xa3
1x44,0.572,7o7f,7xa3
1x45,0.484,7o7f,7xa3
1x46,0.706,7o7f,7xa3
1x47,0.686,7o7f,7xa3
1x48,0.478,7o7f,7xa3
1x49,0.505,7o7f,7xa3
1x50,0.276,7o7f,7xa3
1x51,0.192,7o7f,7xa3
1x52,0.261,7o7f,7xa3
1x53,0.235,7o7f,7xa3
1x54,0.268,7o7f,7xa3
1x55,0.288,7o7f,7xa3
1x56,0.29,7o7f,7xa3
1x57,0.412,7o7f,7xa3
1x58,0.542,7o7f,7xa3
1x59,1.106,7o7f,7xa3
1x60,2.124,7o7f,7xa3
12x48,2.448,7o7f,7xa3
12x49,1.488,7o7f,7xa3
12x50,1.57,7o7f,7xa3
12x51,1.057,7o7f,7xa3
2x37,2.687,7o7f,7xa3
2x38,1.732,7o7f,7xa3
2x39,0.969,7o7f,7xa3
2x40,1.131,7o7f,7xa3
2x41,0.507,7o7f,7xa3
2x42,0.471,7o7f,7xa3
2x43,0.476,7o7f,7xa3
2x44,0.421,7o7f,7xa3
2x45,0.291,7o7f,7xa3
2x46,0.358,7o7f,7xa3
2x47,0.344,7o7f,7xa3
2x48,0.251,7o7f,7xa3
2x49,0.346,7o7f,7xa3
2x50,0.234,7o7f,7xa3
2x51,0.399,7o7f,7xa3
2x52,0.346,7o7f,7xa3
2x53,0.139,7o7f,7xa3
2x54,0.311,7o7f,7xa3
2x55,0.404,7o7f,7xa3
2x56,1.704,7o7f,7xa3
2x57,2.079,7o7f,7xa3
2x58,1.998,7o7f,7xa3
2x59,1.146,7o7f,7xa3
2x60,0.799,7o7f,7xa3
2x61,1.29,7o7f,7xa3
2x62,1.251,7o7f,7xa3
2x63,0.807,7o7f,7xa3
2x64,0.825,7o7f,7xa3
2x65,2.617,7o7f,7xa3
2x66,4.657,7o7f,7xa3
23x49,1.777,7o7f,7xa3
23x50,1.547,7o7f,7xa3
23x51,2.159,7o7f,7xa3
23x52,3.886,7o7f,7xa3
3x21,2.028,7o7f,7xa3
3x22,1.503,7o7f,7xa3
3x23,1.242,7o7f,7xa3
3x24,0.848,7o7f,7xa3
3x25,1.003,7o7f,7xa3
3x26,1.2,7o7f,7xa3
3x27,0.868,7o7f,7xa3
3x28,0.42,7o7f,7xa3
3x29,0.639,7o7f,7xa3
3x30,0.752,7o7f,7xa3
3x31,0.7,7o7f,7xa3
3x32,0.221,7o7f,7xa3
3x33,0.248,7o7f,7xa3
3x34,0.372,7o7f,7xa3
3x35,0.476,7o7f,7xa3
3x36,0.062,7o7f,7xa3
3x37,0.271,7o7f,7xa3
3x38,0.68,7o7f,7xa3
3x39,0.621,7o7f,7xa3
3x40,0.379,7o7f,7xa3
3x41,0.234,7o7f,7xa3
3x42,0.272,7o7f,7xa3
3x43,0.303,7o7f,7xa3
3x44,0.324,7o7f,7xa3
3x45,0.32,7o7f,7xa3
3x46,0.346,7o7f,7xa3
3x47,0.221,7o7f,7xa3
3x48,0.214,7o7f,7xa3
3x49,0.193,7o7f,7xa3
3x50,0.198,7o7f,7xa3
3x51,0.419,7o7f,7xa3
3x52,0.321,7o7f,7xa3
3x53,0.331,7o7f,7xa3
3x54,0.395,7o7f,7xa3
3x55,0.424,7o7f,7xa3
3x56,0.289,7o7f,7xa3
34x50,0.634,7o7f,7xa3
34x51,0.665,7o7f,7xa3
34x52,0.803,7o7f,7xa3
34x53,0.737,7o7f,7xa3
34x54,0.641,7o7f,7xa3
34x55,1.006,7o7f,7xa3
34x56,0.862,7o7f,7xa3
34x57,1.134,7o7f,7xa3
4x38,0.74,7o7f,7xa3
4x39,0.793,7o7f,7xa3
4x40,0.593,7o7f,7xa3
4x41,0.479,7o7f,7xa3
4x42,0.66,7o7f,7xa3
4x43,0.758,7o7f,7xa3
4x44,0.397,7o7f,7xa3
4x45,0.475,7o7f,7xa3
4x46,0.527,7o7f,7xa3
4x47,0.585,7o7f,7xa3
4x48,0.505,7o7f,7xa3
4x49,0.793,7o7f,7xa3
4x50,0.696,7o7f,7xa3
4x51,0.754,7o7f,7xa3
4x52,0.637,7o7f,7xa3
4x53,0.682,7o7f,7xa3
4x54,0.895,7o7f,7xa3
4x55,1.036,7o7f,7xa3
4x56,0.807,7o7f,7xa3
4x57,0.507,7o7f,7xa3
4x59,0.494,7o7f,7xa3
4x60,0.598,7o7f,7xa3
4x61,0.91,7o7f,7xa3
4x62,0.973,7o7f,7xa3
4x63,0.761,7o7f,7xa3
4x64,1.008,7o7f,7xa3
4x65,0.853,7o7f,7xa3
ECL2.Cm10,0.5,7o7f,7xa3
ECL2.Cm9,0.784,7o7f,7xa3
ECL2.Cm8,0.76,7o7f,7xa3
ECL2.Cm7,1.952,7o7f,7xa3
ECL2.Cm6,2.973,7o7f,7xa3
ECL2.Cm5,4.198,7o7f,7xa3
ECL2.Cm4,2.674,7o7f,7xa3
ECL2.Cm3,1.226,7o7f,7xa3
ECL2.Cm2,1.361,7o7f,7xa3
ECL2.Cm1,0.959,7o7f,7xa3
45x50,0.907,7o7f,7xa3
45x51,0.933,7o7f,7xa3
45x52,0.26,7o7f,7xa3
ECL2.Cp3,0.837,7o7f,7xa3
ECL2.Cp4,1.535,7o7f,7xa3
5x32,2.414,7o7f,7xa3
5x33,2.275,7o7f,7xa3
5x34,1.134,7o7f,7xa3
5x35,0.807,7o7f,7xa3
5x36,1.161,7o7f,7xa3
5x37,1.52,7o7f,7xa3
5x38,1.184,7o7f,7xa3
5x39,0.885,7o7f,7xa3
5x40,0.518,7o7f,7xa3
5x41,1.045,7o7f,7xa3
5x42,1.326,7o7f,7xa3
5x43,0.98,7o7f,7xa3
5x44,0.903,7o7f,7xa3
5x45,0.63,7o7f,7xa3
5x46,0.686,7o7f,7xa3
5x461,0.568,7o7f,7xa3
5x47,0.906,7o7f,7xa3
5x48,0.45,7o7f,7xa3
5x49,0.416,7o7f,7xa3
5x50,0.226,7o7f,7xa3
5x51,0.703,7o7f,7xa3
5x52,0.773,7o7f,7xa3
5x53,0.576,7o7f,7xa3
5x54,0.561,7o7f,7xa3
5x55,0.502,7o7f,7xa3
5x56,0.82,7o7f,7xa3
5x57,0.615,7o7f,7xa3
5x58,0.507,7o7f,7xa3
5x59,0.507,7o7f,7xa3
5x60,0.608,7o7f,7xa3
5x61,0.484,7o7f,7xa3
5x62,0.24,7o7f,7xa3
5x63,0.272,7o7f,7xa3
5x64,0.322,7o7f,7xa3
5x65,0.246,7o7f,7xa3
5x66,0.262,7o7f,7xa3
5x67,0.264,7o7f,7xa3
ICL3,6.321,7o7f,7xa3
6x28,0.437,7o7f,7xa3
6x29,0.722,7o7f,7xa3
6x30,0.774,7o7f,7xa3
6x31,0.514,7o7f,7xa3
6x32,0.337,7o7f,7xa3
6x33,0.514,7o7f,7xa3
6x34,0.544,7o7f,7xa3
6x35,0.326,7o7f,7xa3
6x36,0.232,7o7f,7xa3
6x37,0.417,7o7f,7xa3
6x38,0.431,7o7f,7xa3
6x39,0.207,7o7f,7xa3
6x40,0.326,7o7f,7xa3
6x41,0.63,7o7f,7xa3
6x42,0.708,7o7f,7xa3
6x43,0.343,7o7f,7xa3
6x44,0.583,7o7f,7xa3
6x45,0.966,7o7f,7xa3
6x46,0.882,7o7f,7xa3
6x47,0.691,7o7f,7xa3
6x48,0.561,7o7f,7xa3
6x49,0.213,7o7f,7xa3
6x50,0.659,7o7f,7xa3
6x51,0.531,7o7f,7xa3
6x52,0.577,7o7f,7xa3
6x53,0.752,7o7f,7xa3
6x54,0.672,7o7f,7xa3
6x55,0.893,7o7f,7xa3
6x56,1.055,7o7f,7xa3
6x57,0.735,7o7f,7xa3
6x58,1.278,7o7f,7xa3
6x59,1.552,7o7f,7xa3
6x60,0.989,7o7f,7xa3
6x61,0.624,7o7f,7xa3
6x62,0.924,7o7f,7xa3
6x63,0.942,7o7f,7xa3
6x64,2.062,7o7f,7xa3
6x65,3.408,7o7f,7xa3
ECL3.Cm3,2.311,7o7f,7xa3
ECL3.Cm2,1.627,7o7f,7xa3
7x24,2.058,7o7f,7xa3
7x25,1.686,7o7f,7xa3
7x26,1.983,7o7f,7xa3
7x27,1.874,7o7f,7xa3
7x28,1.269,7o7f,7xa3
7x29,1.559,7o7f,7xa3
7x30,1.54,7o7f,7xa3
7x31,1.051,7o7f,7xa3
7x32,0.797,7o7f,7xa3
7x33,0.843,7o7f,7xa3
7x34,0.747,7o7f,7xa3
7x35,0.468,7o7f,7xa3
7x36,0.435,7o7f,7xa3
7x37,0.268,7o7f,7xa3
7x38,0.294,7o7f,7xa3
7x39,0.126,7o7f,7xa3
7x40,0.508,7o7f,7xa3
7x41,1.024,7o7f,7xa3
7x42,0.951,7o7f,7xa3
7x43,0.336,7o7f,7xa3
7x45,0.743,7o7f,7xa3
7x46,0.693,7o7f,7xa3
7x47,0.518,7o7f,7xa3
7x48,0.595,7o7f,7xa3
7x49,0.629,7o7f,7xa3
7x50,1.13,7o7f,7xa3
7x51,0.991,7o7f,7xa3
7x52,0.574,7o7f,7xa3
7x53,0.675,7o7f,7xa3
7x54,0.437,7o7f,7xa3
7x55,0.445,7o7f,7xa3
7x56,0.492,7o7f,7xa3
8x47,3.595,7o7f,7xa3
8x48,2.045,7o7f,7xa3
8x49,0.986,7o7f,7xa3
8x50,0.741,7o7f,7xa3
8x51,0.898,7o7f,7xa3
8x52,1.643,7o7f,7xa3
8x53,0.991,7o7f,7xa3
8x54,1.197,7o7f,7xa3
8x55,2.105,7o7f,7xa3
8x56,2.139,7o7f,7xa3
8x57,0.969,7o7f,7xa3
8x58,2.362,7o7f,7xa3
CT,10.299,7o7f,7xa3
NTr.Cm4,7.114,7o7f,7f1t
NTr.Cm3,5.431,7o7f,7f1t
NTr.Cm2,1.37,7o7f,7f1t
NTr.Cm1,1.907,7o7f,7f1t
1x22,2.57,7o7f,7f1t
1x23,2.106,7o7f,7f1t
1x24,1.535,7o7f,7f1t
1x25,1.02,7o7f,7f1t
1x26,2.956,7o7f,7f1t
1x27,4.145,7o7f,7f1t
1x28,2.301,7o7f,7f1t
1x29,0.907,7o7f,7f1t
1x30,2.411,7o7f,7f1t
1x31,2.354,7o7f,7f1t
1x32,1.902,7o7f,7f1t
1x33,1.391,7o7f,7f1t
1x34,0.67,7o7f,7f1t
1x35,1.012,7o7f,7f1t
1x36,1.121,7o7f,7f1t
1x37,1.128,7o7f,7f1t
1x38,1.178,7o7f,7f1t
1x39,1.193,7o7f,7f1t
1x40,1.365,7o7f,7f1t
1x41,1.332,7o7f,7f1t
1x42,1.753,7o7f,7f1t
1x43,1.683,7o7f,7f1t
1x44,1.644,7o7f,7f1t
1x45,1.927,7o7f,7f1t
1x46,1.569,7o7f,7f1t
1x47,1.348,7o7f,7f1t
1x48,1.501,7o7f,7f1t
1x49,1.118,7o7f,7f1t
1x50,0.487,7o7f,7f1t
1x51,0.725,7o7f,7f1t
1x52,0.394,7o7f,7f1t
1x53,0.683,7o7f,7f1t
1x54,1.044,7o7f,7f1t
1x55,1.436,7o7f,7f1t
1x56,1.5,7o7f,7f1t
1x57,1.824,7o7f,7f1t
1x58,2.219,7o7f,7f1t
1x59,2.592,7o7f,7f1t
1x60,2.812,7o7f,7f1t
12x48,3.532,7o7f,7f1t
12x49,2.958,7o7f,7f1t
12x50,2.806,7o7f,7f1t
12x51,1.797,7o7f,7f1t
2x37,1.004,7o7f,7f1t
2x38,0.499,7o7f,7f1t
2x39,0.98,7o7f,7f1t
2x40,1.297,7o7f,7f1t
2x41,1.217,7o7f,7f1t
2x42,1.163,7o7f,7f1t
2x43,1.067,7o7f,7f1t
2x44,1.036,7o7f,7f1t
2x45,1.075,7o7f,7f1t
2x46,1.148,7o7f,7f1t
2x47,0.986,7o7f,7f1t
2x48,0.979,7o7f,7f1t
2x49,1.193,7o7f,7f1t
2x50,0.926,7o7f,7f1t
2x51,0.668,7o7f,7f1t
2x52,0.865,7o7f,7f1t
2x53,0.765,7o7f,7f1t
2x54,0.607,7o7f,7f1t
2x55,0.872,7o7f,7f1t
2x56,1.07,7o7f,7f1t
2x57,1.39,7o7f,7f1t
2x58,1.259,7o7f,7f1t
2x59,0.933,7o7f,7f1t
2x60,0.702,7o7f,7f1t
2x61,1.09,7o7f,7f1t
2x62,1.246,7o7f,7f1t
2x63,0.901,7o7f,7f1t
2x64,1.18,7o7f,7f1t
2x65,1.729,7o7f,7f1t
2x66,1.785,7o7f,7f1t
23x49,1.5,7o7f,7f1t
23x50,1.444,7o7f,7f1t
23x51,1.213,7o7f,7f1t
23x52,1.082,7o7f,7f1t
3x21,0.541,7o7f,7f1t
3x22,0.871,7o7f,7f1t
3x23,1.007,7o7f,7f1t
3x24,0.658,7o7f,7f1t
3x25,0.856,7o7f,7f1t
3x26,0.874,7o7f,7f1t
3x27,0.939,7o7f,7f1t
3x28,0.582,7o7f,7f1t
3x29,0.416,7o7f,7f1t
3x30,0.587,7o7f,7f1t
3x31,0.795,7o7f,7f1t
3x32,0.64,7o7f,7f1t
3x33,0.667,7o7f,7f1t
3x34,0.817,7o7f,7f1t
3x35,0.756,7o7f,7f1t
3x36,0.789,7o7f,7f1t
3x37,0.794,7o7f,7f1t
3x38,0.971,7o7f,7f1t
3x39,0.852,7o7f,7f1t
3x40,0.926,7o7f,7f1t
3x41,1.04,7o7f,7f1t
3x42,1.149,7o7f,7f1t
3x43,1.154,7o7f,7f1t
3x44,1.359,7o7f,7f1t
3x45,1.324,7o7f,7f1t
3x46,1.263,7o7f,7f1t
3x47,1.256,7o7f,7f1t
3x48,1.396,7o7f,7f1t
3x49,1.236,7o7f,7f1t
3x50,1.068,7o7f,7f1t
3x51,1.427,7o7f,7f1t
3x52,1.764,7o7f,7f1t
3x53,1.758,7o7f,7f1t
3x54,2.023,7o7f,7f1t
3x55,1.817,7o7f,7f1t
3x56,3.147,7o7f,7f1t
34x50,3.246,7o7f,7f1t
34x51,5.754,7o7f,7f1t
34x52,4.363,7o7f,7f1t
34x53,2.296,7o7f,7f1t
34x54,2.886,7o7f,7f1t
34x55,4.208,7o7f,7f1t
34x56,3.836,7o7f,7f1t
34x57,2.102,7o7f,7f1t
4x38,1.617,7o7f,7f1t
4x39,1.377,7o7f,7f1t
4x40,1.273,7o7f,7f1t
4x41,1.257,7o7f,7f1t
4x42,1.046,7o7f,7f1t
4x43,0.742,7o7f,7f1t
4x44,0.905,7o7f,7f1t
4x45,0.766,7o7f,7f1t
4x46,0.682,7o7f,7f1t
4x47,0.511,7o7f,7f1t
4x48,0.502,7o7f,7f1t
4x49,0.488,7o7f,7f1t
4x50,0.825,7o7f,7f1t
4x51,0.696,7o7f,7f1t
4x52,0.502,7o7f,7f1t
4x53,0.584,7o7f,7f1t
4x54,0.496,7o7f,7f1t
4x55,0.589,7o7f,7f1t
4x56,0.589,7o7f,7f1t
4x57,0.426,7o7f,7f1t
4x59,0.679,7o7f,7f1t
4x60,0.56,7o7f,7f1t
4x61,0.593,7o7f,7f1t
4x62,0.552,7o7f,7f1t
4x63,0.523,7o7f,7f1t
4x64,0.586,7o7f,7f1t
4x65,0.524,7o7f,7f1t
ECL2.Cm10,0.719,7o7f,7f1t
ECL2.Cm9,0.423,7o7f,7f1t
ECL2.Cm8,0.673,7o7f,7f1t
ECL2.Cm7,1.487,7o7f,7f1t
ECL2.Cm6,2.636,7o7f,7f1t
ECL2.Cm5,2.891,7o7f,7f1t
ECL2.Cm4,3.175,7o7f,7f1t
ECL2.Cm3,0.995,7o7f,7f1t
ECL2.Cm2,1.017,7o7f,7f1t
ECL2.Cm1,0.634,7o7f,7f1t
45x50,0.675,7o7f,7f1t
45x51,0.766,7o7f,7f1t
45x52,0.871,7o7f,7f1t
ECL2.Cp3,0.944,7o7f,7f1t
ECL2.Cp4,1.02,7o7f,7f1t
ECL2.Cp5,1.213,7o7f,7f1t
ECL2.Cp6,1.34,7o7f,7f1t
ECL2.Cp7,1.346,7o7f,7f1t
5x31,1.055,7o7f,7f1t
5x32,1.299,7o7f,7f1t
5x33,1.695,7o7f,7f1t
5x34,1.285,7o7f,7f1t
5x35,0.321,7o7f,7f1t
5x36,0.805,7o7f,7f1t
5x37,0.465,7o7f,7f1t
5x38,0.337,7o7f,7f1t
5x39,0.603,7o7f,7f1t
5x40,0.571,7o7f,7f1t
5x41,1.279,7o7f,7f1t
5x42,0.479,7o7f,7f1t
5x43,0.45,7o7f,7f1t
5x44,0.981,7o7f,7f1t
5x45,1.102,7o7f,7f1t
5x46,0.867,7o7f,7f1t
5x461,0.466,7o7f,7f1t
5x47,1.229,7o7f,7f1t
5x48,1.39,7o7f,7f1t
5x49,1.348,7o7f,7f1t
5x50,1.456,7o7f,7f1t
5x51,1.709,7o7f,7f1t
5x52,1.596,7o7f,7f1t
5x53,1.841,7o7f,7f1t
5x54,2.166,7o7f,7f1t
5x55,2.105,7o7f,7f1t
5x56,2.043,7o7f,7f1t
5x57,2.026,7o7f,7f1t
5x58,2.143,7o7f,7f1t
5x59,2.131,7o7f,7f1t
5x60,2.106,7o7f,7f1t
5x61,1.974,7o7f,7f1t
5x62,2.059,7o7f,7f1t
5x63,2.164,7o7f,7f1t
5x64,2.567,7o7f,7f1t
5x65,2.594,7o7f,7f1t
5x66,2.655,7o7f,7f1t
5x67,4.522,7o7f,7f1t
ICL3,14.78,7o7f,7f1t
6x28,15.199,7o7f,7f1t
6x29,13.294,7o7f,7f1t
6x30,14.765,7o7f,7f1t
6x31,14.487,7o7f,7f1t
6x32,13.095,7o7f,7f1t
6x33,8.318,7o7f,7f1t
6x34,8.156,7o7f,7f1t
6x35,6.702,7o7f,7f1t
6x36,5.516,7o7f,7f1t
6x37,6.349,7o7f,7f1t
6x38,5.462,7o7f,7f1t
6x39,3.95,7o7f,7f1t
6x40,4.116,7o7f,7f1t
6x41,4.385,7o7f,7f1t
6x42,3.448,7o7f,7f1t
6x43,2.541,7o7f,7f1t
6x44,2.733,7o7f,7f1t
6x45,2.479,7o7f,7f1t
6x46,2.467,7o7f,7f1t
6x47,2.177,7o7f,7f1t
6x48,2.255,7o7f,7f1t
6x49,1.634,7o7f,7f1t
6x50,1.159,7o7f,7f1t
6x51,0.716,7o7f,7f1t
6x52,1.02,7o7f,7f1t
6x53,1.439,7o7f,7f1t
6x54,0.95,7o7f,7f1t
6x55,0.95,7o7f,7f1t
6x56,1.656,7o7f,7f1t
6x57,1.528,7o7f,7f1t
6x58,1.096,7o7f,7f1t
6x59,2.658,7o7f,7f1t
6x60,2.634,7o7f,7f1t
6x61,0.869,7o7f,7f1t
6x62,1.3,7o7f,7f1t
6x63,1.845,7o7f,7f1t
6x64,1.751,7o7f,7f1t
6x65,1.332,7o7f,7f1t
ECL3.Cm3,1.124,7o7f,7f1t
ECL3.Cm2,2.707,7o7f,7f1t
7x23,2.824,7o7f,7f1t
7x24,2.024,7o7f,7f1t
7x25,2.144,7o7f,7f1t
7x26,1.162,7o7f,7f1t
7x27,0.367,7o7f,7f1t
7x28,0.821,7o7f,7f1t
7x29,1.125,7o7f,7f1t
7x30,0.916,7o7f,7f1t
7x31,0.792,7o7f,7f1t
7x32,0.85,7o7f,7f1t
7x33,0.814,7o7f,7f1t
7x34,0.681,7o7f,7f1t
7x35,0.81,7o7f,7f1t
7x36,0.885,7o7f,7f1t
7x37,0.688,7o7f,7f1t
7x38,0.543,7o7f,7f1t
7x39,1.149,7o7f,7f1t
7x40,1.827,7o7f,7f1t
7x41,1.515,7o7f,7f1t
7x42,1.058,7o7f,7f1t
7x43,1.759,7o7f,7f1t
7x45,2.019,7o7f,7f1t
7x46,2.153,7o7f,7f1t
7x47,1.991,7o7f,7f1t
7x48,1.487,7o7f,7f1t
7x49,2.619,7o7f,7f1t
7x50,3.766,7o7f,7f1t
7x51,3.659,7o7f,7f1t
7x52,3.505,7o7f,7f1t
7x53,5.688,7o7f,7f1t
7x54,7.107,7o7f,7f1t
7x55,5.661,7o7f,7f1t
7x56,2.775,7o7f,7f1t
8x47,2.83,7o7f,7f1t
8x48,3.641,7o7f,7f1t
8x49,2.779,7o7f,7f1t
8x50,3.682,7o7f,7f1t
8x51,3.353,7o7f,7f1t
8x52,2.452,7o7f,7f1t
8x53,3.178,7o7f,7f1t
8x54,4.517,7o7f,7f1t
8x55,3.99,7o7f,7f1t
8x56,2.633,7o7f,7f1t
8x57,6.407,7o7f,7f1t
8x58,7.885,7o7f,7f1t
8x59,6.571,7o7f,7f1t
NTr.Cm4,11.507,7o7f,6wwz
NTr.Cm3,9.001,7o7f,6wwz
NTr.Cm2,6.998,7o7f,6wwz
NTr.Cm1,3.545,7o7f,6wwz
1x22,1.917,7o7f,6wwz
1x23,2.413,7o7f,6wwz
1x24,1.324,7o7f,6wwz
1x25,0.915,7o7f,6wwz
1x26,0.814,7o7f,6wwz
1x27,1.32,7o7f,6wwz
1x28,0.912,7o7f,6wwz
1x29,1.931,7o7f,6wwz
1x30,1.422,7o7f,6wwz
1x31,1.118,7o7f,6wwz
1x32,2.6,7o7f,6wwz
1x33,1.45,7o7f,6wwz
1x34,0.306,7o7f,6wwz
1x35,0.926,7o7f,6wwz
1x36,0.965,7o7f,6wwz
1x37,0.512,7o7f,6wwz
1x38,0.647,7o7f,6wwz
1x39,0.688,7o7f,6wwz
1x40,1.11,7o7f,6wwz
1x41,1.326,7o7f,6wwz
1x42,1.304,7o7f,6wwz
1x43,1.258,7o7f,6wwz
1x44,1.696,7o7f,6wwz
1x45,1.959,7o7f,6wwz
1x46,1.514,7o7f,6wwz
1x47,1.204,7o7f,6wwz
1x48,1.465,7o7f,6wwz
1x49,1.7,7o7f,6wwz
1x50,1.303,7o7f,6wwz
1x51,0.71,7o7f,6wwz
1x52,1.026,7o7f,6wwz
1x53,1.239,7o7f,6wwz
1x54,1.049,7o7f,6wwz
1x55,1.162,7o7f,6wwz
1x56,1.116,7o7f,6wwz
1x57,1.337,7o7f,6wwz
1x58,1.84,7o7f,6wwz
1x59,1.859,7o7f,6wwz
1x60,3.192,7o7f,6wwz
12x48,4.793,7o7f,6wwz
12x49,5.899,7o7f,6wwz
12x50,7.117,7o7f,6wwz
12x51,3.417,7o7f,6wwz
2x37,2.653,7o7f,6wwz
2x38,2.554,7o7f,6wwz
2x39,1.138,7o7f,6wwz
2x40,1.404,7o7f,6wwz
2x41,1.259,7o7f,6wwz
2x42,0.874,7o7f,6wwz
2x43,0.919,7o7f,6wwz
2x44,1.078,7o7f,6wwz
2x45,1.042,7o7f,6wwz
2x46,0.992,7o7f,6wwz
2x47,1.065,7o7f,6wwz
2x48,0.84,7o7f,6wwz
2x49,0.782,7o7f,6wwz
2x50,1.118,7o7f,6wwz
2x51,1.202,7o7f,6wwz
2x52,1.448,7o7f,6wwz
2x53,1.16,7o7f,6wwz
2x54,0.935,7o7f,6wwz
2x55,1.058,7o7f,6wwz
2x56,1.339,7o7f,6wwz
2x57,1.306,7o7f,6wwz
2x58,1.242,7o7f,6wwz
2x59,1.484,7o7f,6wwz
2x60,1.635,7o7f,6wwz
2x61,1.968,7o7f,6wwz
2x62,1.78,7o7f,6wwz
2x63,1.864,7o7f,6wwz
2x64,1.407,7o7f,6wwz
2x65,1.025,7o7f,6wwz
2x66,1.139,7o7f,6wwz
23x49,3.077,7o7f,6wwz
23x50,2.224,7o7f,6wwz
23x51,2.303,7o7f,6wwz
23x52,1.416,7o7f,6wwz
3x21,2.212,7o7f,6wwz
3x22,1.677,7o7f,6wwz
3x23,0.914,7o7f,6wwz
3x24,0.867,7o7f,6wwz
3x25,0.922,7o7f,6wwz
3x26,1.429,7o7f,6wwz
3x27,0.833,7o7f,6wwz
3x28,0.79,7o7f,6wwz
3x29,1.023,7o7f,6wwz
3x30,1.309,7o7f,6wwz
3x31,1.312,7o7f,6wwz
3x32,0.83,7o7f,6wwz
3x33,0.758,7o7f,6wwz
3x34,0.696,7o7f,6wwz
3x35,0.754,7o7f,6wwz
3x36,0.444,7o7f,6wwz
3x37,0.577,7o7f,6wwz
3x38,0.566,7o7f,6wwz
3x39,0.478,7o7f,6wwz
3x40,0.334,7o7f,6wwz
3x41,0.586,7o7f,6wwz
3x42,0.488,7o7f,6wwz
3x43,0.688,7o7f,6wwz
3x44,0.816,7o7f,6wwz
3x45,0.732,7o7f,6wwz
3x46,0.807,7o7f,6wwz
3x47,0.914,7o7f,6wwz
3x48,0.959,7o7f,6wwz
3x49,0.751,7o7f,6wwz
3x50,1.013,7o7f,6wwz
3x51,1.013,7o7f,6wwz
3x52,1.352,7o7f,6wwz
3x53,1.204,7o7f,6wwz
3x54,1.416,7o7f,6wwz
3x55,1.333,7o7f,6wwz
3x56,1.476,7o7f,6wwz
34x50,1.466,7o7f,6wwz
34x51,3.403,7o7f,6wwz
34x52,3.447,7o7f,6wwz
34x53,3.015,7o7f,6wwz
34x54,3.787,7o7f,6wwz
34x55,7.654,7o7f,6wwz
34x56,7.825,7o7f,6wwz
4x38,2.048,7o7f,6wwz
4x39,2.433,7o7f,6wwz
4x40,1.818,7o7f,6wwz
4x41,1.134,7o7f,6wwz
4x42,0.561,7o7f,6wwz
4x43,0.707,7o7f,6wwz
4x44,0.724,7o7f,6wwz
4x45,0.501,7o7f,6wwz
4x46,0.388,7o7f,6wwz
4x47,0.643,7o7f,6wwz
4x48,0.56,7o7f,6wwz
4x49,0.609,7o7f,6wwz
4x50,0.505,7o7f,6wwz
4x51,0.786,7o7f,6wwz
4x52,0.295,7o7f,6wwz
4x53,0.783,7o7f,6wwz
4x54,1.107,7o7f,6wwz
4x55,0.894,7o7f,6wwz
4x56,0.865,7o7f,6wwz
4x57,0.837,7o7f,6wwz
4x59,3.869,7o7f,6wwz
4x60,3.843,7o7f,6wwz
4x61,5.464,7o7f,6wwz
4x62,5.046,7o7f,6wwz
4x63,3.541,7o7f,6wwz
4x64,3.6,7o7f,6wwz
ECL2.Cm10,1.274,7o7f,6wwz
ECL2.Cm9,1.789,7o7f,6wwz
ECL2.Cm8,1.695,7o7f,6wwz
ECL2.Cm7,3.86,7o7f,6wwz
ECL2.Cm6,5.741,7o7f,6wwz
ECL2.Cm5,7.066,7o7f,6wwz
ECL2.Cm4,1.987,7o7f,6wwz
ECL2.Cm3,1.756,7o7f,6wwz
ECL2.Cm2,2.32,7o7f,6wwz
ECL2.Cm1,1.052,7o7f,6wwz
45x50,1.144,7o7f,6wwz
45x51,1.59,7o7f,6wwz
45x52,1.527,7o7f,6wwz
ECL2.Cp3,2.257,7o7f,6wwz
ECL2.Cp4,2.992,7o7f,6wwz
ECL2.Cp5,4.182,7o7f,6wwz
ECL2.Cp6,6.946,7o7f,6wwz
ECL2.Cp7,4.635,7o7f,6wwz
5x34,1.161,7o7f,6wwz
5x35,1.804,7o7f,6wwz
5x36,2.087,7o7f,6wwz
5x37,1.882,7o7f,6wwz
5x38,1.807,7o7f,6wwz
5x39,1.897,7o7f,6wwz
5x40,2.408,7o7f,6wwz
5x41,1.913,7o7f,6wwz
5x42,1.78,7o7f,6wwz
5x43,1.926,7o7f,6wwz
5x44,2.169,7o7f,6wwz
5x45,1.577,7o7f,6wwz
5x46,1.115,7o7f,6wwz
5x461,1.71,7o7f,6wwz
5x47,1.791,7o7f,6wwz
5x48,1.476,7o7f,6wwz
5x49,1.349,7o7f,6wwz
5x50,0.542,7o7f,6wwz
5x51,1.191,7o7f,6wwz
5x52,0.706,7o7f,6wwz
5x53,0.542,7o7f,6wwz
5x54,0.467,7o7f,6wwz
5x55,1.065,7o7f,6wwz
5x56,1.298,7o7f,6wwz
5x57,0.936,7o7f,6wwz
5x58,0.674,7o7f,6wwz
5x59,1.26,7o7f,6wwz
5x60,1.754,7o7f,6wwz
5x61,1.159,7o7f,6wwz
5x62,0.614,7o7f,6wwz
5x63,1.741,7o7f,6wwz
5x64,2.428,7o7f,6wwz
5x65,1.285,7o7f,6wwz
5x66,1.054,7o7f,6wwz
5x67,2.543,7o7f,6wwz
ICL3,8.712,7o7f,6wwz
6x30,2.431,7o7f,6wwz
6x31,2.971,7o7f,6wwz
6x32,2.463,7o7f,6wwz
6x33,1.824,7o7f,6wwz
6x34,1.43,7o7f,6wwz
6x35,1.957,7o7f,6wwz
6x36,1.519,7o7f,6wwz
6x37,0.951,7o7f,6wwz
6x38,1.47,7o7f,6wwz
6x39,1.542,7o7f,6wwz
6x40,1.218,7o7f,6wwz
6x41,1.293,7o7f,6wwz
6x42,2.029,7o7f,6wwz
6x43,1.184,7o7f,6wwz
6x44,0.958,7o7f,6wwz
6x45,1.842,7o7f,6wwz
6x46,1.999,7o7f,6wwz
6x47,1.285,7o7f,6wwz
6x48,1.276,7o7f,6wwz
6x49,1.094,7o7f,6wwz
6x50,1.128,7o7f,6wwz
6x51,1.012,7o7f,6wwz
6x52,1.201,7o7f,6wwz
6x53,1.392,7o7f,6wwz
6x54,0.986,7o7f,6wwz
6x55,0.817,7o7f,6wwz
6x56,1.193,7o7f,6wwz
6x57,1.127,7o7f,6wwz
6x58,0.391,7o7f,6wwz
6x59,1.656,7o7f,6wwz
6x60,1.873,7o7f,6wwz
6x61,2.379,7o7f,6wwz
6x62,4.911,7o7f,6wwz
6x63,7.383,7o7f,6wwz
6x64,8.698,7o7f,6wwz
6x65,8.585,7o7f,6wwz
ECL3.Cm3,7.882,7o7f,6wwz
ECL3.Cm2,1.931,7o7f,6wwz
7x23,2.546,7o7f,6wwz
7x24,2.525,7o7f,6wwz
7x25,2.439,7o7f,6wwz
7x26,1.94,7o7f,6wwz
7x27,1.924,7o7f,6wwz
7x28,2.456,7o7f,6wwz
7x29,2.151,7o7f,6wwz
7x30,2.005,7o7f,6wwz
7x31,2.661,7o7f,6wwz
7x32,1.841,7o7f,6wwz
7x33,1.787,7o7f,6wwz
7x34,1.522,7o7f,6wwz
7x35,1.053,7o7f,6wwz
7x36,1.117,7o7f,6wwz
7x37,1.26,7o7f,6wwz
7x38,1.118,7o7f,6wwz
7x39,0.302,7o7f,6wwz
7x40,0.384,7o7f,6wwz
7x41,0.643,7o7f,6wwz
7x42,0.635,7o7f,6wwz
7x43,0.364,7o7f,6wwz
7x45,0.89,7o7f,6wwz
7x46,1.188,7o7f,6wwz
7x47,1.327,7o7f,6wwz
7x48,0.917,7o7f,6wwz
7x49,0.486,7o7f,6wwz
7x50,0.974,7o7f,6wwz
7x51,1.949,7o7f,6wwz
7x52,2.251,7o7f,6wwz
7x53,1.345,7o7f,6wwz
7x54,1.048,7o7f,6wwz
7x55,1.407,7o7f,6wwz
7x56,0.738,7o7f,6wwz
8x47,4.098,7o7f,6wwz
8x48,2.517,7o7f,6wwz
8x49,1.328,7o7f,6wwz
8x50,1.104,7o7f,6wwz
8x51,1.238,7o7f,6wwz
8x52,1.646,7o7f,6wwz
8x53,1.97,7o7f,6wwz
8x54,1.899,7o7f,6wwz
8x55,2.046,7o7f,6wwz
8x56,2.261,7o7f,6wwz
8x57,2.24,7o7f,6wwz
8x58,2.738,7o7f,6wwz
8x59,3.163,7o7f,6wwz
CT,14.992,7o7f,6wwz
NTr.Cm4,11.653,7o7f,6lfo
NTr.Cm3,9.958,7o7f,6lfo
NTr.Cm2,7.472,7o7f,6lfo
NTr.Cm1,4.711,7o7f,6lfo
1x22,2.251,7o7f,6lfo
1x23,3.296,7o7f,6lfo
1x24,2.948,7o7f,6lfo
1x25,2.448,7o7f,6lfo
1x26,3.164,7o7f,6lfo
1x27,6.547,7o7f,6lfo
1x28,5.092,7o7f,6lfo
1x30,1.761,7o7f,6lfo
1x31,1.662,7o7f,6lfo
1x32,1.621,7o7f,6lfo
1x33,1.626,7o7f,6lfo
1x34,1.782,7o7f,6lfo
1x35,1.055,7o7f,6lfo
1x36,0.878,7o7f,6lfo
1x37,0.863,7o7f,6lfo
1x38,0.989,7o7f,6lfo
1x39,0.876,7o7f,6lfo
1x40,0.944,7o7f,6lfo
1x41,1.224,7o7f,6lfo
1x42,1.807,7o7f,6lfo
1x43,1.999,7o7f,6lfo
1x44,1.974,7o7f,6lfo
1x45,2.165,7o7f,6lfo
1x46,2.208,7o7f,6lfo
1x47,2.298,7o7f,6lfo
1x48,1.986,7o7f,6lfo
1x49,2.082,7o7f,6lfo
1x50,1.477,7o7f,6lfo
1x51,0.899,7o7f,6lfo
1x52,0.899,7o7f,6lfo
1x53,0.69,7o7f,6lfo
1x54,0.958,7o7f,6lfo
1x55,1.768,7o7f,6lfo
1x56,1.643,7o7f,6lfo
1x57,0.879,7o7f,6lfo
1x58,1.489,7o7f,6lfo
1x59,1.585,7o7f,6lfo
1x60,1.744,7o7f,6lfo
12x48,3.587,7o7f,6lfo
12x49,5.303,7o7f,6lfo
12x50,5.855,7o7f,6lfo
12x51,1.66,7o7f,6lfo
2x37,2.34,7o7f,6lfo
2x38,2.079,7o7f,6lfo
2x39,1.677,7o7f,6lfo
2x40,1.566,7o7f,6lfo
2x41,1.463,7o7f,6lfo
2x42,1.332,7o7f,6lfo
2x43,1.321,7o7f,6lfo
2x44,0.754,7o7f,6lfo
2x45,0.82,7o7f,6lfo
2x46,0.988,7o7f,6lfo
2x47,0.979,7o7f,6lfo
2x48,1.044,7o7f,6lfo
2x49,0.998,7o7f,6lfo
2x50,0.813,7o7f,6lfo
2x51,1.052,7o7f,6lfo
2x52,1.329,7o7f,6lfo
2x53,1.208,7o7f,6lfo
2x54,1.405,7o7f,6lfo
2x55,1.246,7o7f,6lfo
2x56,0.926,7o7f,6lfo
2x57,1.786,7o7f,6lfo
2x58,1.348,7o7f,6lfo
2x59,0.856,7o7f,6lfo
2x60,1.147,7o7f,6lfo
2x61,0.831,7o7f,6lfo
2x62,1.224,7o7f,6lfo
2x63,1.204,7o7f,6lfo
2x64,2.289,7o7f,6lfo
2x65,3.043,7o7f,6lfo
2x66,2.794,7o7f,6lfo
23x49,3.107,7o7f,6lfo
23x50,2.102,7o7f,6lfo
23x51,1.612,7o7f,6lfo
23x52,2.519,7o7f,6lfo
3x21,2.119,7o7f,6lfo
3x22,1.445,7o7f,6lfo
3x23,0.644,7o7f,6lfo
3x24,0.514,7o7f,6lfo
3x25,1.081,7o7f,6lfo
3x26,0.922,7o7f,6lfo
3x27,0.906,7o7f,6lfo
3x28,0.888,7o7f,6lfo
3x29,0.684,7o7f,6lfo
3x30,0.506,7o7f,6lfo
3x31,0.341,7o7f,6lfo
3x32,0.414,7o7f,6lfo
3x33,0.577,7o7f,6lfo
3x34,0.64,7o7f,6lfo
3x35,0.517,7o7f,6lfo
3x36,0.493,7o7f,6lfo
3x37,0.354,7o7f,6lfo
3x38,0.287,7o7f,6lfo
3x39,0.781,7o7f,6lfo
3x40,0.69,7o7f,6lfo
3x41,0.7,7o7f,6lfo
3x42,0.601,7o7f,6lfo
3x43,0.642,7o7f,6lfo
3x44,0.739,7o7f,6lfo
3x45,0.745,7o7f,6lfo
3x46,0.522,7o7f,6lfo
3x47,0.481,7o7f,6lfo
3x48,0.583,7o7f,6lfo
3x49,0.612,7o7f,6lfo
3x50,0.922,7o7f,6lfo
3x51,0.728,7o7f,6lfo
3x52,0.619,7o7f,6lfo
3x53,0.852,7o7f,6lfo
3x54,0.861,7o7f,6lfo
3x55,1.034,7o7f,6lfo
3x56,1.28,7o7f,6lfo
34x50,1.73,7o7f,6lfo
34x51,2.609,7o7f,6lfo
34x52,2.204,7o7f,6lfo
34x53,3.547,7o7f,6lfo
34x54,4.098,7o7f,6lfo
34x55,2.823,7o7f,6lfo
34x56,2.404,7o7f,6lfo
4x38,5.912,7o7f,6lfo
4x39,5.246,7o7f,6lfo
4x40,5.532,7o7f,6lfo
4x41,1.131,7o7f,6lfo
4x42,1.194,7o7f,6lfo
4x43,1.242,7o7f,6lfo
4x44,1.415,7o7f,6lfo
4x45,1.207,7o7f,6lfo
4x46,1.417,7o7f,6lfo
4x47,1.388,7o7f,6lfo
4x48,1.136,7o7f,6lfo
4x49,1.185,7o7f,6lfo
4x50,1.22,7o7f,6lfo
4x51,1.331,7o7f,6lfo
4x52,0.832,7o7f,6lfo
4x53,0.612,7o7f,6lfo
4x54,1.017,7o7f,6lfo
4x55,0.962,7o7f,6lfo
4x56,0.933,7o7f,6lfo
4x57,1.251,7o7f,6lfo
4x59,1.608,7o7f,6lfo
4x60,1.615,7o7f,6lfo
4x61,2.69,7o7f,6lfo
4x62,2.903,7o7f,6lfo
4x63,2.082,7o7f,6lfo
4x64,2.255,7o7f,6lfo
4x65,1.955,7o7f,6lfo
ECL2.Cm10,2.999,7o7f,6lfo
ECL2.Cm9,4.49,7o7f,6lfo
ECL2.Cm8,3.397,7o7f,6lfo
ECL2.Cm7,8.028,7o7f,6lfo
ECL2.Cm6,7.254,7o7f,6lfo
ECL2.Cm5,9.692,7o7f,6lfo
ECL2.Cm4,7.339,7o7f,6lfo
ECL2.Cm3,3.87,7o7f,6lfo
ECL2.Cm2,3.099,7o7f,6lfo
ECL2.Cm1,2.357,7o7f,6lfo
45x50,2.942,7o7f,6lfo
45x51,3.524,7o7f,6lfo
45x52,3.221,7o7f,6lfo
ECL2.Cp3,4.372,7o7f,6lfo
ECL2.Cp4,5.355,7o7f,6lfo
ECL2.Cp5,3.586,7o7f,6lfo
ECL2.Cp6,1.978,7o7f,6lfo
ECL2.Cp7,2.983,7o7f,6lfo
5x34,3.838,7o7f,6lfo
5x35,2.407,7o7f,6lfo
5x36,3.037,7o7f,6lfo
5x37,3.116,7o7f,6lfo
5x38,2.345,7o7f,6lfo
5x39,2.814,7o7f,6lfo
5x40,3.187,7o7f,6lfo
5x41,2.174,7o7f,6lfo
5x42,2.751,7o7f,6lfo
5x43,4.685,7o7f,6lfo
5x44,4.436,7o7f,6lfo
5x45,2.415,7o7f,6lfo
5x46,2.805,7o7f,6lfo
5x461,4.139,7o7f,6lfo
5x47,3.633,7o7f,6lfo
5x48,2.154,7o7f,6lfo
5x49,1.76,7o7f,6lfo
5x50,1.744,7o7f,6lfo
5x51,2.293,7o7f,6lfo
5x52,1.62,7o7f,6lfo
5x53,1.291,7o7f,6lfo
5x54,1.456,7o7f,6lfo
5x55,1.923,7o7f,6lfo
5x56,2.112,7o7f,6lfo
5x57,1.361,7o7f,6lfo
5x58,1.551,7o7f,6lfo
5x59,2.149,7o7f,6lfo
5x60,2.043,7o7f,6lfo
5x61,1.588,7o7f,6lfo
5x62,1.873,7o7f,6lfo
5x63,2.407,7o7f,6lfo
5x64,2.115,7o7f,6lfo
5x65,1.73,7o7f,6lfo
5x66,2.79,7o7f,6lfo
5x67,3.497,7o7f,6lfo
ICL3,6.741,7o7f,6lfo
6x30,0.588,7o7f,6lfo
6x31,0.631,7o7f,6lfo
6x32,0.669,7o7f,6lfo
6x33,0.692,7o7f,6lfo
6x34,0.806,7o7f,6lfo
6x35,1.119,7o7f,6lfo
6x36,0.995,7o7f,6lfo
6x37,0.932,7o7f,6lfo
6x38,0.7,7o7f,6lfo
6x39,1.041,7o7f,6lfo
6x40,1.031,7o7f,6lfo
6x41,1.385,7o7f,6lfo
6x42,1.588,7o7f,6lfo
6x43,1.676,7o7f,6lfo
6x44,1.236,7o7f,6lfo
6x45,1.198,7o7f,6lfo
6x46,2.054,7o7f,6lfo
6x47,1.72,7o7f,6lfo
6x48,1.379,7o7f,6lfo
6x49,1.211,7o7f,6lfo
6x50,0.847,7o7f,6lfo
6x51,0.914,7o7f,6lfo
6x52,0.336,7o7f,6lfo
6x53,0.561,7o7f,6lfo
6x54,0.434,7o7f,6lfo
6x55,0.672,7o7f,6lfo
6x56,0.715,7o7f,6lfo
6x57,0.743,7o7f,6lfo
6x58,0.584,7o7f,6lfo
6x59,1.02,7o7f,6lfo
6x60,1.365,7o7f,6lfo
6x61,0.518,7o7f,6lfo
6x62,4.394,7o7f,6lfo
6x63,5.194,7o7f,6lfo
6x64,6.419,7o7f,6lfo
ECL3.Cm3,3.117,7o7f,6lfo
ECL3.Cm2,1.336,7o7f,6lfo
7x23,1.16,7o7f,6lfo
7x24,0.981,7o7f,6lfo
7x25,0.694,7o7f,6lfo
7x26,0.908,7o7f,6lfo
7x27,0.865,7o7f,6lfo
7x28,0.358,7o7f,6lfo
7x29,0.511,7o7f,6lfo
7x30,0.525,7o7f,6lfo
7x31,0.483,7o7f,6lfo
7x32,0.528,7o7f,6lfo
7x33,0.207,7o7f,6lfo
7x34,0.224,7o7f,6lfo
7x35,0.544,7o7f,6lfo
7x36,0.446,7o7f,6lfo
7x37,0.61,7o7f,6lfo
7x38,0.661,7o7f,6lfo
7x39,0.351,7o7f,6lfo
7x40,0.306,7o7f,6lfo
7x41,0.653,7o7f,6lfo
7x42,0.299,7o7f,6lfo
7x43,0.219,7o7f,6lfo
7x45,0.809,7o7f,6lfo
7x46,1.74,7o7f,6lfo
7x47,1.499,7o7f,6lfo
7x48,1.414,7o7f,6lfo
7x49,1.546,7o7f,6lfo
7x50,1.638,7o7f,6lfo
7x51,1.094,7o7f,6lfo
7x52,0.985,7o7f,6lfo
7x53,0.697,7o7f,6lfo
7x54,0.479,7o7f,6lfo
7x55,1.028,7o7f,6lfo
7x56,0.877,7o7f,6lfo
8x47,2.919,7o7f,6lfo
8x48,2.377,7o7f,6lfo
8x49,0.817,7o7f,6lfo
8x50,1.074,7o7f,6lfo
8x51,1.076,7o7f,6lfo
8x52,0.856,7o7f,6lfo
8x53,0.483,7o7f,6lfo
8x54,0.622,7o7f,6lfo
8x55,0.783,7o7f,6lfo
8x56,0.924,7o7f,6lfo
8x57,1.02,7o7f,6lfo
8x58,2.259,7o7f,6lfo
8x59,2.505,7o7f,6lfo
CT,22.913,7o7f,6lfo
NTr.Cm4,3.737,7o7f,ngo
NTr.Cm3,4.808,7o7f,ngo
NTr.Cm2,3.686,7o7f,ngo
NTr.Cm1,1.511,7o7f,ngo
1x22,2.565,7o7f,ngo
1x23,2.652,7o7f,ngo
1x24,2.099,7o7f,ngo
1x25,1.824,7o7f,ngo
1x26,3.252,7o7f,ngo
1x27,4.522,7o7f,ngo
1x28,2.457,7o7f,ngo
1x29,1.261,7o7f,ngo
1x30,3.425,7o7f,ngo
1x31,3.187,7o7f,ngo
1x32,1.509,7o7f,ngo
1x33,1.757,7o7f,ngo
1x34,1.549,7o7f,ngo
1x35,0.898,7o7f,ngo
1x36,0.138,7o7f,ngo
1x37,0.747,7o7f,ngo
1x38,1.2,7o7f,ngo
1x39,0.988,7o7f,ngo
1x40,0.395,7o7f,ngo
1x41,0.673,7o7f,ngo
1x42,1.863,7o7f,ngo
1x43,1.961,7o7f,ngo
1x44,1.786,7o7f,ngo
1x45,2.019,7o7f,ngo
1x46,2.635,7o7f,ngo
1x47,2.669,7o7f,ngo
1x48,2.424,7o7f,ngo
1x49,2.116,7o7f,ngo
1x50,0.721,7o7f,ngo
1x51,0.818,7o7f,ngo
1x52,0.993,7o7f,ngo
1x53,0.719,7o7f,ngo
1x54,0.386,7o7f,ngo
1x55,0.705,7o7f,ngo
1x56,0.94,7o7f,ngo
1x57,0.956,7o7f,ngo
1x58,1.564,7o7f,ngo
1x59,1.666,7o7f,ngo
1x60,2.873,7o7f,ngo
12x48,5.834,7o7f,ngo
12x49,11.672,7o7f,ngo
12x50,12.846,7o7f,ngo
12x51,8.771,7o7f,ngo
2x37,8.622,7o7f,ngo
2x38,6.484,7o7f,ngo
2x39,3.2,7o7f,ngo
2x40,3.493,7o7f,ngo
2x41,2.594,7o7f,ngo
2x42,1.888,7o7f,ngo
2x43,1.922,7o7f,ngo
2x44,1.482,7o7f,ngo
2x45,1.364,7o7f,ngo
2x46,1.347,7o7f,ngo
2x47,0.948,7o7f,ngo
2x48,0.633,7o7f,ngo
2x49,0.553,7o7f,ngo
2x50,0.831,7o7f,ngo
2x51,0.663,7o7f,ngo
2x52,0.776,7o7f,ngo
2x53,1.691,7o7f,ngo
2x54,1.365,7o7f,ngo
2x55,1.479,7o7f,ngo
2x56,1.541,7o7f,ngo
2x57,1.89,7o7f,ngo
2x58,2.13,7o7f,ngo
2x59,1.188,7o7f,ngo
2x60,0.405,7o7f,ngo
2x61,1.075,7o7f,ngo
2x62,1.575,7o7f,ngo
2x63,1.171,7o7f,ngo
2x64,1.226,7o7f,ngo
2x65,1.612,7o7f,ngo
2x66,1.968,7o7f,ngo
23x49,1.249,7o7f,ngo
23x50,1.121,7o7f,ngo
23x51,0.69,7o7f,ngo
23x52,0.882,7o7f,ngo
3x21,1.034,7o7f,ngo
3x22,1.131,7o7f,ngo
3x23,1.186,7o7f,ngo
3x24,0.563,7o7f,ngo
3x25,0.605,7o7f,ngo
3x26,0.903,7o7f,ngo
3x27,0.653,7o7f,ngo
3x28,0.348,7o7f,ngo
3x29,0.568,7o7f,ngo
3x30,0.307,7o7f,ngo
3x31,0.616,7o7f,ngo
3x32,1.058,7o7f,ngo
3x33,1.05,7o7f,ngo
3x34,0.836,7o7f,ngo
3x35,1.655,7o7f,ngo
3x36,2.024,7o7f,ngo
3x37,1.395,7o7f,ngo
3x38,1.313,7o7f,ngo
3x39,1.299,7o7f,ngo
3x40,1.204,7o7f,ngo
3x41,1.576,7o7f,ngo
3x42,1.595,7o7f,ngo
3x43,1.848,7o7f,ngo
3x44,1.594,7o7f,ngo
3x45,1.449,7o7f,ngo
3x46,1.663,7o7f,ngo
3x47,1.755,7o7f,ngo
3x48,1.266,7o7f,ngo
3x49,1.228,7o7f,ngo
3x50,1.628,7o7f,ngo
3x51,1.529,7o7f,ngo
3x52,1.276,7o7f,ngo
3x53,1.537,7o7f,ngo
3x54,1.702,7o7f,ngo
3x55,1.621,7o7f,ngo
3x56,1.821,7o7f,ngo
34x50,2.169,7o7f,ngo
34x51,3.38,7o7f,ngo
34x52,1.456,7o7f,ngo
34x53,1.773,7o7f,ngo
34x54,3.389,7o7f,ngo
34x55,4.441,7o7f,ngo
34x56,4.138,7o7f,ngo
34x57,3.964,7o7f,ngo
4x38,3.446,7o7f,ngo
4x39,7.768,7o7f,ngo
4x40,9.179,7o7f,ngo
4x41,5.431,7o7f,ngo
4x42,1.056,7o7f,ngo
4x43,4.569,7o7f,ngo
4x44,5.047,7o7f,ngo
4x45,2.592,7o7f,ngo
4x46,2.776,7o7f,ngo
4x47,5.746,7o7f,ngo
4x48,5.457,7o7f,ngo
4x49,2.752,7o7f,ngo
4x50,1.499,7o7f,ngo
4x51,1.156,7o7f,ngo
4x52,1.236,7o7f,ngo
4x53,0.95,7o7f,ngo
4x54,0.762,7o7f,ngo
4x55,1.43,7o7f,ngo
4x56,2.272,7o7f,ngo
4x57,2.69,7o7f,ngo
4x59,2.259,7o7f,ngo
4x60,2.492,7o7f,ngo
4x61,3.706,7o7f,ngo
4x62,3.494,7o7f,ngo
4x63,2.18,7o7f,ngo
4x64,1.786,7o7f,ngo
4x65,1.162,7o7f,ngo
ECL2.Cm10,1.385,7o7f,ngo
ECL2.Cm9,0.957,7o7f,ngo
ECL2.Cm8,0.726,7o7f,ngo
ECL2.Cm7,3.525,7o7f,ngo
ECL2.Cm6,5.624,7o7f,ngo
ECL2.Cm5,6.825,7o7f,ngo
ECL2.Cm4,5.283,7o7f,ngo
ECL2.Cm3,2.693,7o7f,ngo
ECL2.Cm2,0.726,7o7f,ngo
ECL2.Cm1,1.548,7o7f,ngo
45x50,0.535,7o7f,ngo
45x51,0.913,7o7f,ngo
45x52,1.138,7o7f,ngo
ECL2.Cp3,1.27,7o7f,ngo
ECL2.Cp4,0.833,7o7f,ngo
ECL2.Cp5,0.691,7o7f,ngo
ECL2.Cp6,3.202,7o7f,ngo
5x33,2.213,7o7f,ngo
5x34,1.097,7o7f,ngo
5x35,1.071,7o7f,ngo
5x36,0.62,7o7f,ngo
5x37,0.981,7o7f,ngo
5x38,1.108,7o7f,ngo
5x39,0.782,7o7f,ngo
5x40,0.612,7o7f,ngo
5x41,0.827,7o7f,ngo
5x42,1.53,7o7f,ngo
5x43,1.565,7o7f,ngo
5x44,1.681,7o7f,ngo
5x45,1.633,7o7f,ngo
5x46,1.769,7o7f,ngo
5x461,1.87,7o7f,ngo
5x47,1.822,7o7f,ngo
5x48,1.156,7o7f,ngo
5x49,1.394,7o7f,ngo
5x50,1.453,7o7f,ngo
5x51,1.478,7o7f,ngo
5x52,0.825,7o7f,ngo
5x53,0.908,7o7f,ngo
5x54,0.908,7o7f,ngo
5x55,1.075,7o7f,ngo
5x56,1.665,7o7f,ngo
5x57,1.643,7o7f,ngo
5x58,1.589,7o7f,ngo
5x59,2.004,7o7f,ngo
5x60,2.663,7o7f,ngo
5x61,2.248,7o7f,ngo
5x62,1.62,7o7f,ngo
5x63,2.894,7o7f,ngo
5x64,3.514,7o7f,ngo
5x65,3.539,7o7f,ngo
5x66,4.663,7o7f,ngo
5x67,5.03,7o7f,ngo
ICL3,9.222,7o7f,ngo
6x30,8.858,7o7f,ngo
6x31,8.328,7o7f,ngo
6x32,7.301,7o7f,ngo
6x33,7.122,7o7f,ngo
6x34,7.131,7o7f,ngo
6x35,6.15,7o7f,ngo
6x36,5.325,7o7f,ngo
6x37,5.753,7o7f,ngo
6x38,5.089,7o7f,ngo
6x39,4.136,7o7f,ngo
6x40,4.225,7o7f,ngo
6x41,4.836,7o7f,ngo
6x42,3.817,7o7f,ngo
6x43,3.08,7o7f,ngo
6x44,3.556,7o7f,ngo
6x45,3.469,7o7f,ngo
6x46,3.031,7o7f,ngo
6x47,2.346,7o7f,ngo
6x48,2.241,7o7f,ngo
6x49,2.021,7o7f,ngo
6x50,1.664,7o7f,ngo
6x51,0.814,7o7f,ngo
6x52,1.145,7o7f,ngo
6x53,1.902,7o7f,ngo
6x54,1.398,7o7f,ngo
6x55,1.23,7o7f,ngo
6x56,2.334,7o7f,ngo
6x57,1.818,7o7f,ngo
6x58,1.582,7o7f,ngo
6x59,2.761,7o7f,ngo
6x60,2.29,7o7f,ngo
6x61,0.52,7o7f,ngo
6x62,5.837,7o7f,ngo
6x63,5.251,7o7f,ngo
6x64,6.669,7o7f,ngo
ECL3.Cm3,3.236,7o7f,ngo
ECL3.Cm2,2.801,7o7f,ngo
7x23,0.927,7o7f,ngo
7x24,0.691,7o7f,ngo
7x25,0.516,7o7f,ngo
7x26,0.907,7o7f,ngo
7x27,0.945,7o7f,ngo
7x28,0.653,7o7f,ngo
7x29,0.62,7o7f,ngo
7x30,1.004,7o7f,ngo
7x31,0.942,7o7f,ngo
7x32,0.796,7o7f,ngo
7x33,0.47,7o7f,ngo
7x34,0.874,7o7f,ngo
7x35,1.705,7o7f,ngo
7x36,1.977,7o7f,ngo
7x37,1.299,7o7f,ngo
7x38,0.982,7o7f,ngo
7x39,2.172,7o7f,ngo
7x40,2.144,7o7f,ngo
7x41,0.591,7o7f,ngo
7x42,1.175,7o7f,ngo
7x43,1.27,7o7f,ngo
7x45,2.318,7o7f,ngo
7x46,2.715,7o7f,ngo
7x47,2.15,7o7f,ngo
7x48,1.218,7o7f,ngo
7x49,4.065,7o7f,ngo
7x50,4.953,7o7f,ngo
7x51,3.728,7o7f,ngo
7x52,4.078,7o7f,ngo
7x53,7.33,7o7f,ngo
7x54,8.092,7o7f,ngo
7x55,6.609,7o7f,ngo
NTr.Cm4,11.154,7o7f,7sk3
NTr.Cm3,7.867,7o7f,7sk3
NTr.Cm2,8.277,7o7f,7sk3
NTr.Cm1,6.275,7o7f,7sk3
1x22,3.043,7o7f,7sk3
1x23,5.124,7o7f,7sk3
1x24,6.161,7o7f,7sk3
1x25,2.261,7o7f,7sk3
1x26,1.865,7o7f,7sk3
1x27,5.573,7o7f,7sk3
1x28,4.147,7o7f,7sk3
1x29,4,7o7f,7sk3
1x30,3.421,7o7f,7sk3
1x31,2.7,7o7f,7sk3
1x32,2.152,7o7f,7sk3
1x33,2.364,7o7f,7sk3
1x34,2.268,7o7f,7sk3
1x35,1.637,7o7f,7sk3
1x36,0.967,7o7f,7sk3
1x37,0.788,7o7f,7sk3
1x38,1.063,7o7f,7sk3
1x39,0.887,7o7f,7sk3
1x40,0.636,7o7f,7sk3
1x41,0.9,7o7f,7sk3
1x42,0.86,7o7f,7sk3
1x43,0.793,7o7f,7sk3
1x44,0.751,7o7f,7sk3
1x45,0.993,7o7f,7sk3
1x46,0.677,7o7f,7sk3
1x47,0.759,7o7f,7sk3
1x48,0.912,7o7f,7sk3
1x49,0.706,7o7f,7sk3
1x50,0.791,7o7f,7sk3
1x51,1.027,7o7f,7sk3
1x52,0.937,7o7f,7sk3
1x53,0.94,7o7f,7sk3
1x54,1.356,7o7f,7sk3
1x55,1.603,7o7f,7sk3
1x56,1.557,7o7f,7sk3
1x57,1.401,7o7f,7sk3
1x58,1.947,7o7f,7sk3
1x59,2.606,7o7f,7sk3
1x60,2.807,7o7f,7sk3
12x48,2.636,7o7f,7sk3
12x49,7.665,7o7f,7sk3
12x50,12.166,7o7f,7sk3
12x51,8.673,7o7f,7sk3
2x37,9.417,7o7f,7sk3
2x38,8.834,7o7f,7sk3
2x39,6.136,7o7f,7sk3
2x40,1.615,7o7f,7sk3
2x41,1.295,7o7f,7sk3
2x42,0.786,7o7f,7sk3
2x43,0.698,7o7f,7sk3
2x44,0.677,7o7f,7sk3
2x45,0.65,7o7f,7sk3
2x46,0.612,7o7f,7sk3
2x47,0.714,7o7f,7sk3
2x48,0.637,7o7f,7sk3
2x49,0.688,7o7f,7sk3
2x50,0.692,7o7f,7sk3
2x51,0.831,7o7f,7sk3
2x52,0.733,7o7f,7sk3
2x53,0.548,7o7f,7sk3
2x54,0.417,7o7f,7sk3
2x55,0.372,7o7f,7sk3
2x56,0.819,7o7f,7sk3
2x57,1.049,7o7f,7sk3
2x58,1.142,7o7f,7sk3
2x59,0.896,7o7f,7sk3
2x60,0.569,7o7f,7sk3
2x61,1.027,7o7f,7sk3
2x62,1.502,7o7f,7sk3
2x63,1.349,7o7f,7sk3
2x64,1.6,7o7f,7sk3
2x65,2.22,7o7f,7sk3
2x66,3.328,7o7f,7sk3
23x49,4.218,7o7f,7sk3
23x50,2.544,7o7f,7sk3
23x51,2.076,7o7f,7sk3
23x52,1.251,7o7f,7sk3
3x21,1.013,7o7f,7sk3
3x22,1.263,7o7f,7sk3
3x23,1.015,7o7f,7sk3
3x24,0.27,7o7f,7sk3
3x25,0.83,7o7f,7sk3
3x26,0.955,7o7f,7sk3
3x27,0.728,7o7f,7sk3
3x28,0.564,7o7f,7sk3
3x29,0.894,7o7f,7sk3
3x30,0.916,7o7f,7sk3
3x31,0.619,7o7f,7sk3
3x32,0.696,7o7f,7sk3
3x33,0.557,7o7f,7sk3
3x34,0.898,7o7f,7sk3
3x35,1.015,7o7f,7sk3
3x36,0.737,7o7f,7sk3
3x37,0.293,7o7f,7sk3
3x38,0.543,7o7f,7sk3
3x39,0.588,7o7f,7sk3
3x40,0.64,7o7f,7sk3
3x41,1.052,7o7f,7sk3
3x42,1.133,7o7f,7sk3
3x43,1.075,7o7f,7sk3
3x44,1.305,7o7f,7sk3
3x45,1.367,7o7f,7sk3
3x46,1.208,7o7f,7sk3
3x47,1.209,7o7f,7sk3
3x48,1.353,7o7f,7sk3
3x49,1.204,7o7f,7sk3
3x50,0.56,7o7f,7sk3
3x51,0.915,7o7f,7sk3
3x52,1.12,7o7f,7sk3
3x53,0.644,7o7f,7sk3
3x54,1.42,7o7f,7sk3
3x55,2.13,7o7f,7sk3
3x56,2.214,7o7f,7sk3
4x41,2.348,7o7f,7sk3
4x42,1.85,7o7f,7sk3
4x43,2.045,7o7f,7sk3
4x44,2.245,7o7f,7sk3
4x45,1.642,7o7f,7sk3
4x46,1.275,7o7f,7sk3
4x47,1.607,7o7f,7sk3
4x48,1.484,7o7f,7sk3
4x49,0.987,7o7f,7sk3
4x50,0.894,7o7f,7sk3
4x51,0.898,7o7f,7sk3
4x52,0.713,7o7f,7sk3
4x53,0.574,7o7f,7sk3
4x54,0.775,7o7f,7sk3
4x55,0.603,7o7f,7sk3
4x56,0.62,7o7f,7sk3
4x57,0.52,7o7f,7sk3
4x59,0.919,7o7f,7sk3
4x60,1.585,7o7f,7sk3
4x61,1.765,7o7f,7sk3
4x62,1.082,7o7f,7sk3
4x63,1.75,7o7f,7sk3
4x64,2.745,7o7f,7sk3
4x65,2.266,7o7f,7sk3
ECL2.Cm10,7.031,7o7f,7sk3
ECL2.Cm9,7.957,7o7f,7sk3
ECL2.Cm8,6.957,7o7f,7sk3
ECL2.Cm7,9.137,7o7f,7sk3
ECL2.Cm6,7.429,7o7f,7sk3
ECL2.Cm5,4.813,7o7f,7sk3
ECL2.Cm4,3.758,7o7f,7sk3
ECL2.Cm3,2.769,7o7f,7sk3
ECL2.Cm2,2.833,7o7f,7sk3
ECL2.Cm1,2.005,7o7f,7sk3
45x50,2.779,7o7f,7sk3
45x51,3.414,7o7f,7sk3
45x52,2.921,7o7f,7sk3
ECL2.Cp3,3.835,7o7f,7sk3
ECL2.Cp4,3.644,7o7f,7sk3
ECL2.Cp5,3.698,7o7f,7sk3
ECL2.Cp6,3.733,7o7f,7sk3
ECL2.Cp7,2.703,7o7f,7sk3
5x31,1.854,7o7f,7sk3
5x32,2.006,7o7f,7sk3
5x33,1.291,7o7f,7sk3
5x34,1.166,7o7f,7sk3
5x35,1.412,7o7f,7sk3
5x36,1.879,7o7f,7sk3
5x37,1.472,7o7f,7sk3
5x38,1.129,7o7f,7sk3
5x39,1.5,7o7f,7sk3
5x40,2.272,7o7f,7sk3
5x41,1.866,7o7f,7sk3
5x42,0.973,7o7f,7sk3
5x43,1.229,7o7f,7sk3
5x44,1.606,7o7f,7sk3
5x45,1.548,7o7f,7sk3
5x46,1.887,7o7f,7sk3
5x461,2.236,7o7f,7sk3
5x47,2.148,7o7f,7sk3
5x48,1.686,7o7f,7sk3
5x49,1.312,7o7f,7sk3
5x50,1.388,7o7f,7sk3
5x51,2.013,7o7f,7sk3
5x52,2.059,7o7f,7sk3
5x53,1.366,7o7f,7sk3
5x54,1.248,7o7f,7sk3
5x55,2.347,7o7f,7sk3
5x56,2.546,7o7f,7sk3
5x57,1.519,7o7f,7sk3
5x58,1.17,7o7f,7sk3
5x59,2.159,7o7f,7sk3
5x60,2.086,7o7f,7sk3
5x61,1.001,7o7f,7sk3
5x62,1.066,7o7f,7sk3
5x63,1.689,7o7f,7sk3
5x64,1.557,7o7f,7sk3
5x65,0.843,7o7f,7sk3
5x66,0.912,7o7f,7sk3
5x67,2.314,7o7f,7sk3
ICL3,8.046,7o7f,7sk3
6x28,9.635,7o7f,7sk3
6x29,5.953,7o7f,7sk3
6x30,4.893,7o7f,7sk3
6x31,8.036,7o7f,7sk3
6x32,5.452,7o7f,7sk3
6x33,2.548,7o7f,7sk3
6x34,0.868,7o7f,7sk3
6x35,0.261,7o7f,7sk3
6x36,0.218,7o7f,7sk3
6x37,0.672,7o7f,7sk3
6x38,0.395,7o7f,7sk3
6x39,0.61,7o7f,7sk3
6x40,0.585,7o7f,7sk3
6x41,0.484,7o7f,7sk3
6x42,0.848,7o7f,7sk3
6x43,0.987,7o7f,7sk3
6x44,0.437,7o7f,7sk3
6x45,0.971,7o7f,7sk3
6x46,1.231,7o7f,7sk3
6x47,0.937,7o7f,7sk3
6x48,1.053,7o7f,7sk3
6x49,0.888,7o7f,7sk3
6x50,0.918,7o7f,7sk3
6x51,0.722,7o7f,7sk3
6x52,0.873,7o7f,7sk3
6x53,1.645,7o7f,7sk3
6x54,1.614,7o7f,7sk3
6x55,0.978,7o7f,7sk3
6x56,1.318,7o7f,7sk3
6x57,1.581,7o7f,7sk3
6x58,1.133,7o7f,7sk3
6x59,0.903,7o7f,7sk3
6x60,1.798,7o7f,7sk3
6x61,1.917,7o7f,7sk3
6x62,5.823,7o7f,7sk3
6x63,5.579,7o7f,7sk3
6x64,7.2,7o7f,7sk3
ECL3.Cm3,3.553,7o7f,7sk3
ECL3.Cm2,1.927,7o7f,7sk3
7x23,1.803,7o7f,7sk3
7x24,2.449,7o7f,7sk3
7x25,1.166,7o7f,7sk3
7x26,1.765,7o7f,7sk3
7x27,2.583,7o7f,7sk3
7x28,2.074,7o7f,7sk3
7x29,1.41,7o7f,7sk3
7x30,1.579,7o7f,7sk3
7x31,1.618,7o7f,7sk3
7x32,1.167,7o7f,7sk3
7x33,0.896,7o7f,7sk3
7x34,0.527,7o7f,7sk3
7x35,0.775,7o7f,7sk3
7x36,1.019,7o7f,7sk3
7x37,0.779,7o7f,7sk3
7x38,0.356,7o7f,7sk3
7x39,0.434,7o7f,7sk3
7x40,0.551,7o7f,7sk3
7x41,0.574,7o7f,7sk3
7x42,0.846,7o7f,7sk3
7x43,0.478,7o7f,7sk3
7x45,0.562,7o7f,7sk3
7x46,0.747,7o7f,7sk3
7x47,1.463,7o7f,7sk3
7x48,1.022,7o7f,7sk3
7x49,1.188,7o7f,7sk3
7x50,1.743,7o7f,7sk3
7x51,1.472,7o7f,7sk3
7x52,1.151,7o7f,7sk3
7x53,1.294,7o7f,7sk3
7x54,0.966,7o7f,7sk3
7x55,1.067,7o7f,7sk3
7x56,1.341,7o7f,7sk3
8x47,2.867,7o7f,7sk3
8x48,3.28,7o7f,7sk3
8x49,1.2,7o7f,7sk3
8x50,1.3,7o7f,7sk3
8x51,1.368,7o7f,7sk3
8x52,1.285,7o7f,7sk3
8x53,1.176,7o7f,7sk3
8x54,1.118,7o7f,7sk3
8x55,1.379,7o7f,7sk3
8x56,1.235,7o7f,7sk3
8x57,1.008,7o7f,7sk3
1x23,4.506,7o7f,7xbx
1x24,3.12,7o7f,7xbx
1x25,3.464,7o7f,7xbx
1x26,2.212,7o7f,7xbx
1x27,1.334,7o7f,7xbx
1x28,2.342,7o7f,7xbx
1x29,1.243,7o7f,7xbx
1x30,1.176,7o7f,7xbx
1x31,2.071,7o7f,7xbx
1x32,1.548,7o7f,7xbx
1x33,1.087,7o7f,7xbx
1x34,1.754,7o7f,7xbx
1x35,0.844,7o7f,7xbx
1x36,0.755,7o7f,7xbx
1x37,1.314,7o7f,7xbx
1x38,1.156,7o7f,7xbx
1x39,0.892,7o7f,7xbx
1x40,1.265,7o7f,7xbx
1x41,1.97,7o7f,7xbx
1x42,1.949,7o7f,7xbx
1x43,1.625,7o7f,7xbx
1x44,1.808,7o7f,7xbx
1x45,2.216,7o7f,7xbx
1x46,1.441,7o7f,7xbx
1x47,0.977,7o7f,7xbx
1x48,1.459,7o7f,7xbx
1x49,1.304,7o7f,7xbx
1x50,0.563,7o7f,7xbx
1x51,0.459,7o7f,7xbx
1x52,0.443,7o7f,7xbx
1x53,0.437,7o7f,7xbx
1x54,0.476,7o7f,7xbx
1x55,0.918,7o7f,7xbx
1x56,1.17,7o7f,7xbx
1x57,1.269,7o7f,7xbx
1x58,1.197,7o7f,7xbx
1x59,2.448,7o7f,7xbx
1x60,3.398,7o7f,7xbx
12x48,3.702,7o7f,7xbx
12x49,6.267,7o7f,7xbx
12x50,3.957,7o7f,7xbx
12x51,1.928,7o7f,7xbx
2x37,1.944,7o7f,7xbx
2x38,1.025,7o7f,7xbx
2x39,0.522,7o7f,7xbx
2x40,0.993,7o7f,7xbx
2x41,0.549,7o7f,7xbx
2x42,0.383,7o7f,7xbx
2x43,0.565,7o7f,7xbx
2x44,0.762,7o7f,7xbx
2x45,0.669,7o7f,7xbx
2x46,0.685,7o7f,7xbx
2x47,0.7,7o7f,7xbx
2x48,0.866,7o7f,7xbx
2x49,1.028,7o7f,7xbx
2x50,0.869,7o7f,7xbx
2x51,0.788,7o7f,7xbx
2x52,1.377,7o7f,7xbx
2x53,1.442,7o7f,7xbx
2x54,0.626,7o7f,7xbx
2x55,0.681,7o7f,7xbx
2x56,0.787,7o7f,7xbx
2x57,0.475,7o7f,7xbx
2x58,0.945,7o7f,7xbx
2x59,1.035,7o7f,7xbx
2x60,0.578,7o7f,7xbx
2x61,1.428,7o7f,7xbx
2x62,1.807,7o7f,7xbx
2x63,1.851,7o7f,7xbx
2x64,1.908,7o7f,7xbx
2x65,1.184,7o7f,7xbx
2x66,2.281,7o7f,7xbx
3x24,1.685,7o7f,7xbx
3x25,1.873,7o7f,7xbx
3x26,1.868,7o7f,7xbx
3x27,1.429,7o7f,7xbx
3x28,1.366,7o7f,7xbx
3x29,1.254,7o7f,7xbx
3x30,1.237,7o7f,7xbx
3x31,1.386,7o7f,7xbx
3x32,1.423,7o7f,7xbx
3x33,1.1,7o7f,7xbx
3x34,1.015,7o7f,7xbx
3x35,0.924,7o7f,7xbx
3x36,0.96,7o7f,7xbx
3x37,0.684,7o7f,7xbx
3x38,0.721,7o7f,7xbx
3x39,0.798,7o7f,7xbx
3x40,0.837,7o7f,7xbx
3x41,0.79,7o7f,7xbx
3x42,0.629,7o7f,7xbx
3x43,0.483,7o7f,7xbx
3x44,0.841,7o7f,7xbx
3x45,1.243,7o7f,7xbx
3x46,0.938,7o7f,7xbx
3x47,0.85,7o7f,7xbx
3x48,1.073,7o7f,7xbx
3x49,1.216,7o7f,7xbx
3x50,1.186,7o7f,7xbx
3x51,1.391,7o7f,7xbx
3x52,1.454,7o7f,7xbx
3x53,1.5,7o7f,7xbx
3x54,1.51,7o7f,7xbx
3x55,1.488,7o7f,7xbx
3x56,2.436,7o7f,7xbx
34x50,2.619,7o7f,7xbx
34x51,3.418,7o7f,7xbx
34x52,2.282,7o7f,7xbx
34x53,2.516,7o7f,7xbx
34x54,3.138,7o7f,7xbx
34x55,3.499,7o7f,7xbx
34x56,3.544,7o7f,7xbx
34x57,3.926,7o7f,7xbx
4x38,1.399,7o7f,7xbx
4x39,0.827,7o7f,7xbx
4x40,0.152,7o7f,7xbx
4x41,0.351,7o7f,7xbx
4x42,0.607,7o7f,7xbx
4x43,0.536,7o7f,7xbx
4x44,0.399,7o7f,7xbx
4x45,0.434,7o7f,7xbx
4x46,0.804,7o7f,7xbx
4x47,0.761,7o7f,7xbx
4x48,0.734,7o7f,7xbx
4x49,0.852,7o7f,7xbx
4x50,0.873,7o7f,7xbx
4x51,0.865,7o7f,7xbx
4x52,0.81,7o7f,7xbx
4x53,0.751,7o7f,7xbx
4x54,0.687,7o7f,7xbx
4x55,0.66,7o7f,7xbx
4x56,1.057,7o7f,7xbx
4x57,1.505,7o7f,7xbx
4x59,1.375,7o7f,7xbx
4x60,1.09,7o7f,7xbx
4x61,1.877,7o7f,7xbx
4x62,1.98,7o7f,7xbx
4x63,2.065,7o7f,7xbx
4x64,1.174,7o7f,7xbx
4x65,0.779,7o7f,7xbx
ECL2.Cm6,12.87,7o7f,7xbx
ECL2.Cm5,14.392,7o7f,7xbx
ECL2.Cm4,11.616,7o7f,7xbx
ECL2.Cm3,5.996,7o7f,7xbx
ECL2.Cm2,2.056,7o7f,7xbx
ECL2.Cm1,2.268,7o7f,7xbx
45x50,2.489,7o7f,7xbx
45x51,3.23,7o7f,7xbx
45x52,3.154,7o7f,7xbx
ECL2.Cp3,4.388,7o7f,7xbx
ECL2.Cp4,2.452,7o7f,7xbx
ECL2.Cp5,2.637,7o7f,7xbx
ECL2.Cp6,3.614,7o7f,7xbx
ECL2.Cp7,3.459,7o7f,7xbx
5x31,2.264,7o7f,7xbx
5x32,1.507,7o7f,7xbx
5x33,1.547,7o7f,7xbx
5x34,1.713,7o7f,7xbx
5x35,1.862,7o7f,7xbx
5x36,1.302,7o7f,7xbx
5x37,1.307,7o7f,7xbx
5x38,0.994,7o7f,7xbx
5x39,0.476,7o7f,7xbx
5x40,1,7o7f,7xbx
5x41,1.207,7o7f,7xbx
5x42,0.756,7o7f,7xbx
5x43,0.424,7o7f,7xbx
5x44,1.032,7o7f,7xbx
5x45,1.403,7o7f,7xbx
5x46,1.511,7o7f,7xbx
5x461,1.263,7o7f,7xbx
5x47,1.259,7o7f,7xbx
5x48,1.505,7o7f,7xbx
5x49,1.589,7o7f,7xbx
5x50,1.02,7o7f,7xbx
5x51,0.877,7o7f,7xbx
5x52,1.091,7o7f,7xbx
5x53,1.113,7o7f,7xbx
5x54,0.754,7o7f,7xbx
5x55,1.023,7o7f,7xbx
5x56,1.339,7o7f,7xbx
5x57,1.066,7o7f,7xbx
5x58,0.713,7o7f,7xbx
5x59,0.851,7o7f,7xbx
5x60,1.163,7o7f,7xbx
5x61,0.963,7o7f,7xbx
5x62,0.662,7o7f,7xbx
5x63,1.096,7o7f,7xbx
5x64,1.842,7o7f,7xbx
5x65,1.782,7o7f,7xbx
5x66,1.607,7o7f,7xbx
5x67,3.395,7o7f,7xbx
ICL3,9.113,7o7f,7xbx
6x28,8.287,7o7f,7xbx
6x29,4.125,7o7f,7xbx
6x30,4.248,7o7f,7xbx
6x31,6.945,7o7f,7xbx
6x32,4.905,7o7f,7xbx
6x33,5.748,7o7f,7xbx
6x34,7.129,7o7f,7xbx
6x35,5.446,7o7f,7xbx
6x36,4.065,7o7f,7xbx
6x37,5.763,7o7f,7xbx
6x38,4.999,7o7f,7xbx
6x39,2.828,7o7f,7xbx
6x40,3.571,7o7f,7xbx
6x41,4.223,7o7f,7xbx
6x42,2.928,7o7f,7xbx
6x43,1.46,7o7f,7xbx
6x44,2.139,7o7f,7xbx
6x45,1.884,7o7f,7xbx
6x46,1.005,7o7f,7xbx
6x47,1.237,7o7f,7xbx
6x48,1.474,7o7f,7xbx
6x49,1.217,7o7f,7xbx
6x50,1.016,7o7f,7xbx
6x51,0.524,7o7f,7xbx
6x52,1.087,7o7f,7xbx
6x53,1.203,7o7f,7xbx
6x54,0.723,7o7f,7xbx
6x55,0.732,7o7f,7xbx
6x56,0.939,7o7f,7xbx
6x57,0.774,7o7f,7xbx
6x58,0.576,7o7f,7xbx
6x59,1.519,7o7f,7xbx
6x60,1.714,7o7f,7xbx
6x61,0.454,7o7f,7xbx
6x62,4.254,7o7f,7xbx
6x63,2.613,7o7f,7xbx
6x64,4.69,7o7f,7xbx
ECL3.Cm3,1.861,7o7f,7xbx
ECL3.Cm2,2.202,7o7f,7xbx
7x23,3.564,7o7f,7xbx
7x24,2.917,7o7f,7xbx
7x25,2.228,7o7f,7xbx
7x26,2.465,7o7f,7xbx
7x27,2.304,7o7f,7xbx
7x28,1.792,7o7f,7xbx
7x29,1.705,7o7f,7xbx
7x30,1.878,7o7f,7xbx
7x31,1.455,7o7f,7xbx
7x32,1.005,7o7f,7xbx
7x33,1.047,7o7f,7xbx
7x34,1.161,7o7f,7xbx
7x35,0.633,7o7f,7xbx
7x36,0.414,7o7f,7xbx
7x37,0.951,7o7f,7xbx
7x38,0.758,7o7f,7xbx
7x39,1.036,7o7f,7xbx
7x40,1.612,7o7f,7xbx
7x41,1.664,7o7f,7xbx
7x42,1.714,7o7f,7xbx
7x43,2.304,7o7f,7xbx
7x45,2.758,7o7f,7xbx
7x46,2.202,7o7f,7xbx
7x47,1.943,7o7f,7xbx
7x48,2.703,7o7f,7xbx
7x49,3.012,7o7f,7xbx
7x50,3.829,7o7f,7xbx
7x51,4.302,7o7f,7xbx
7x52,4.304,7o7f,7xbx
7x53,5.476,7o7f,7xbx
7x54,6.839,7o7f,7xbx
7x55,5.583,7o7f,7xbx
7x56,2.895,7o7f,7xbx
8x47,3.323,7o7f,7xbx
8x48,4.1,7o7f,7xbx
8x49,3.393,7o7f,7xbx
8x50,3.762,7o7f,7xbx
8x51,3.586,7o7f,7xbx
8x52,3.107,7o7f,7xbx
8x53,4.033,7o7f,7xbx
8x54,4.248,7o7f,7xbx
8x55,3.388,7o7f,7xbx
8x56,3.123,7o7f,7xbx
8x57,4.683,7o7f,7xbx
8x58,4.384,7o7f,7xbx
NTr.Cm4,7.737,7o7f,4rws
NTr.Cm3,6.248,7o7f,4rws
NTr.Cm2,6.267,7o7f,4rws
NTr.Cm1,3.726,7o7f,4rws
1x22,0.902,7o7f,4rws
1x23,0.987,7o7f,4rws
1x24,0.644,7o7f,4rws
1x25,0.788,7o7f,4rws
1x26,1.62,7o7f,4rws
1x27,3.166,7o7f,4rws
1x28,2.189,7o7f,4rws
1x29,1.603,7o7f,4rws
1x30,2.13,7o7f,4rws
1x31,1.855,7o7f,4rws
1x32,3.088,7o7f,4rws
1x33,2.758,7o7f,4rws
1x34,1.452,7o7f,4rws
1x35,0.496,7o7f,4rws
1x36,1.74,7o7f,4rws
1x37,1.273,7o7f,4rws
1x38,0.533,7o7f,4rws
1x39,0.65,7o7f,4rws
1x40,1.004,7o7f,4rws
1x41,0.207,7o7f,4rws
1x42,0.956,7o7f,4rws
1x43,1.393,7o7f,4rws
1x44,1.182,7o7f,4rws
1x45,1.017,7o7f,4rws
1x46,1.837,7o7f,4rws
1x47,1.92,7o7f,4rws
1x48,1.946,7o7f,4rws
1x49,1.97,7o7f,4rws
1x50,1.187,7o7f,4rws
1x51,1.225,7o7f,4rws
1x52,1.438,7o7f,4rws
1x53,1.283,7o7f,4rws
1x54,0.895,7o7f,4rws
1x55,0.946,7o7f,4rws
1x56,0.971,7o7f,4rws
1x57,1.218,7o7f,4rws
1x58,1.187,7o7f,4rws
1x59,0.888,7o7f,4rws
1x60,2.246,7o7f,4rws
2x37,8.133,7o7f,4rws
2x38,6.318,7o7f,4rws
2x39,3.994,7o7f,4rws
2x40,4.436,7o7f,4rws
2x41,3.588,7o7f,4rws
2x42,2.688,7o7f,4rws
2x43,2.405,7o7f,4rws
2x44,1.823,7o7f,4rws
2x45,1.681,7o7f,4rws
2x46,1.536,7o7f,4rws
2x47,1.495,7o7f,4rws
2x48,1.239,7o7f,4rws
2x49,0.701,7o7f,4rws
2x50,0.711,7o7f,4rws
2x51,0.93,7o7f,4rws
2x52,0.837,7o7f,4rws
2x53,1.43,7o7f,4rws
2x54,1.439,7o7f,4rws
2x55,1.408,7o7f,4rws
2x56,0.868,7o7f,4rws
2x57,1.369,7o7f,4rws
2x58,1.648,7o7f,4rws
2x59,1.209,7o7f,4rws
2x60,0.995,7o7f,4rws
2x61,1.179,7o7f,4rws
2x62,2.332,7o7f,4rws
2x63,2.241,7o7f,4rws
2x64,2.981,7o7f,4rws
2x65,3.954,7o7f,4rws
2x66,2.727,7o7f,4rws
23x49,1.779,7o7f,4rws
23x50,1.599,7o7f,4rws
23x51,1.25,7o7f,4rws
23x52,1.056,7o7f,4rws
3x21,1.087,7o7f,4rws
3x22,1.672,7o7f,4rws
3x23,1.9,7o7f,4rws
3x24,1.261,7o7f,4rws
3x25,1.374,7o7f,4rws
3x26,1.839,7o7f,4rws
3x27,1.483,7o7f,4rws
3x28,1.018,7o7f,4rws
3x29,1.426,7o7f,4rws
3x30,1.453,7o7f,4rws
3x31,1.312,7o7f,4rws
3x32,1.615,7o7f,4rws
3x33,1.655,7o7f,4rws
3x34,1.383,7o7f,4rws
3x35,1.725,7o7f,4rws
3x36,2.022,7o7f,4rws
3x37,1.599,7o7f,4rws
3x38,1.225,7o7f,4rws
3x39,1.199,7o7f,4rws
3x40,1.253,7o7f,4rws
3x41,1.63,7o7f,4rws
3x42,1.452,7o7f,4rws
3x43,1.58,7o7f,4rws
3x44,1.212,7o7f,4rws
3x45,1.508,7o7f,4rws
3x46,1.868,7o7f,4rws
3x47,1.694,7o7f,4rws
3x48,1.118,7o7f,4rws
3x49,1.677,7o7f,4rws
3x50,2.046,7o7f,4rws
3x51,1.447,7o7f,4rws
3x52,1.672,7o7f,4rws
3x53,2.425,7o7f,4rws
3x54,2.486,7o7f,4rws
3x55,1.707,7o7f,4rws
3x56,1.305,7o7f,4rws
34x50,2.13,7o7f,4rws
34x51,3.259,7o7f,4rws
34x52,3.69,7o7f,4rws
34x53,1.769,7o7f,4rws
34x54,2.112,7o7f,4rws
34x55,2.178,7o7f,4rws
34x56,2.429,7o7f,4rws
34x57,3.122,7o7f,4rws
4x38,3.037,7o7f,4rws
4x39,5.441,7o7f,4rws
4x40,8.048,7o7f,4rws
4x41,6.495,7o7f,4rws
4x42,2.367,7o7f,4rws
4x43,2.961,7o7f,4rws
4x44,4.556,7o7f,4rws
4x45,3.062,7o7f,4rws
4x46,1.342,7o7f,4rws
4x47,4.245,7o7f,4rws
4x48,4.2,7o7f,4rws
4x49,1.894,7o7f,4rws
4x50,1.343,7o7f,4rws
4x51,1.801,7o7f,4rws
4x52,0.427,7o7f,4rws
4x53,0.678,7o7f,4rws
4x54,1.921,7o7f,4rws
4x55,2.193,7o7f,4rws
4x56,2.233,7o7f,4rws
4x57,2.912,7o7f,4rws
4x59,2.562,7o7f,4rws
4x60,2.424,7o7f,4rws
4x61,4.344,7o7f,4rws
4x62,4.627,7o7f,4rws
4x63,2.599,7o7f,4rws
4x64,2.119,7o7f,4rws
4x65,1.98,7o7f,4rws
ECL2.Cm10,1.821,7o7f,4rws
ECL2.Cm9,1.02,7o7f,4rws
ECL2.Cm8,1.674,7o7f,4rws
ECL2.Cm7,3.477,7o7f,4rws
ECL2.Cm6,5.049,7o7f,4rws
ECL2.Cm5,6.719,7o7f,4rws
ECL2.Cm4,2.888,7o7f,4rws
ECL2.Cm3,1.889,7o7f,4rws
ECL2.Cm2,1.972,7o7f,4rws
ECL2.Cm1,1.51,7o7f,4rws
45x50,1.67,7o7f,4rws
45x51,2.284,7o7f,4rws
45x52,2.561,7o7f,4rws
ECL2.Cp3,2.501,7o7f,4rws
ECL2.Cp4,2.525,7o7f,4rws
ECL2.Cp5,1.985,7o7f,4rws
ECL2.Cp6,3.486,7o7f,4rws
5x33,2.806,7o7f,4rws
5x34,2.735,7o7f,4rws
5x35,2.926,7o7f,4rws
5x36,2.985,7o7f,4rws
5x37,2.67,7o7f,4rws
5x38,2.753,7o7f,4rws
5x39,3.125,7o7f,4rws
5x40,2.809,7o7f,4rws
5x41,1.855,7o7f,4rws
5x42,2.776,7o7f,4rws
5x43,2.89,7o7f,4rws
5x44,2.679,7o7f,4rws
5x45,2.476,7o7f,4rws
5x46,3.138,7o7f,4rws
5x461,3.502,7o7f,4rws
5x47,3.09,7o7f,4rws
5x48,2.061,7o7f,4rws
5x49,2.27,7o7f,4rws
5x50,2.563,7o7f,4rws
5x51,2.456,7o7f,4rws
5x52,1.531,7o7f,4rws
5x53,1.422,7o7f,4rws
5x54,1.477,7o7f,4rws
5x55,1.974,7o7f,4rws
5x56,2.134,7o7f,4rws
5x57,1.551,7o7f,4rws
5x58,2.248,7o7f,4rws
5x59,3.005,7o7f,4rws
5x60,3.202,7o7f,4rws
5x61,3.019,7o7f,4rws
5x62,3.199,7o7f,4rws
5x63,4.114,7o7f,4rws
5x64,4.307,7o7f,4rws
5x65,4.417,7o7f,4rws
5x66,5.147,7o7f,4rws
5x67,6.886,7o7f,4rws
ICL3,19.854,7o7f,4rws
6x30,12.457,7o7f,4rws
6x31,12.883,7o7f,4rws
6x32,11.228,7o7f,4rws
6x33,5.363,7o7f,4rws
6x34,5.867,7o7f,4rws
6x35,4.986,7o7f,4rws
6x36,4.431,7o7f,4rws
6x37,5.17,7o7f,4rws
6x38,4.472,7o7f,4rws
6x39,3.112,7o7f,4rws
6x40,3.858,7o7f,4rws
6x41,4.539,7o7f,4rws
6x42,3.212,7o7f,4rws
6x43,2.355,7o7f,4rws
6x44,3.141,7o7f,4rws
6x45,3.134,7o7f,4rws
6x46,2.341,7o7f,4rws
6x47,2.308,7o7f,4rws
6x48,2.449,7o7f,4rws
6x49,2.409,7o7f,4rws
6x50,2.54,7o7f,4rws
6x51,1.888,7o7f,4rws
6x52,2.465,7o7f,4rws
6x53,3.535,7o7f,4rws
6x54,2.6,7o7f,4rws
6x55,2.255,7o7f,4rws
6x56,3.502,7o7f,4rws
6x57,3.478,7o7f,4rws
6x58,2.729,7o7f,4rws
6x59,3.615,7o7f,4rws
6x60,4.081,7o7f,4rws
6x61,2.507,7o7f,4rws
6x62,3.334,7o7f,4rws
6x63,2.912,7o7f,4rws
6x64,5.635,7o7f,4rws
ECL3.Cm3,3.511,7o7f,4rws
ECL3.Cm2,4.674,7o7f,4rws
7x23,2.851,7o7f,4rws
7x24,1.584,7o7f,4rws
7x25,1.92,7o7f,4rws
7x26,2.352,7o7f,4rws
7x27,1.702,7o7f,4rws
7x28,0.785,7o7f,4rws
7x29,1.714,7o7f,4rws
7x30,1.752,7o7f,4rws
7x31,0.833,7o7f,4rws
7x32,1.06,7o7f,4rws
7x33,1.375,7o7f,4rws
7x34,0.728,7o7f,4rws
7x35,1.427,7o7f,4rws
7x36,2.324,7o7f,4rws
7x37,1.839,7o7f,4rws
7x38,0.849,7o7f,4rws
7x39,2.203,7o7f,4rws
7x40,2.915,7o7f,4rws
7x41,1.74,7o7f,4rws
7x42,0.262,7o7f,4rws
7x43,0.747,7o7f,4rws
7x45,1.523,7o7f,4rws
7x46,2.187,7o7f,4rws
7x47,1.829,7o7f,4rws
7x48,0.542,7o7f,4rws
7x49,3.363,7o7f,4rws
7x50,4.515,7o7f,4rws
7x51,3.896,7o7f,4rws
7x52,3.825,7o7f,4rws
7x53,8.171,7o7f,4rws
7x54,9.661,7o7f,4rws
NTr.Cm4,9.415,7o7f,4xt1
NTr.Cm3,6.957,7o7f,4xt1
NTr.Cm2,5.017,7o7f,4xt1
NTr.Cm1,1.985,7o7f,4xt1
1x22,1.503,7o7f,4xt1
1x23,1.937,7o7f,4xt1
1x24,1.226,7o7f,4xt1
1x25,0.675,7o7f,4xt1
1x26,1.748,7o7f,4xt1
1x27,1.648,7o7f,4xt1
1x28,1.147,7o7f,4xt1
1x29,0.76,7o7f,4xt1
1x30,1.352,7o7f,4xt1
1x31,0.872,7o7f,4xt1
1x32,1.129,7o7f,4xt1
1x33,2.238,7o7f,4xt1
1x34,2.169,7o7f,4xt1
1x35,1.31,7o7f,4xt1
1x36,0.601,7o7f,4xt1
1x37,1.39,7o7f,4xt1
1x38,1.566,7o7f,4xt1
1x39,0.899,7o7f,4xt1
1x40,0.329,7o7f,4xt1
1x41,1.18,7o7f,4xt1
1x42,1.706,7o7f,4xt1
1x43,1.247,7o7f,4xt1
1x44,0.224,7o7f,4xt1
1x45,1.101,7o7f,4xt1
1x46,0.969,7o7f,4xt1
1x47,0.918,7o7f,4xt1
1x48,0.731,7o7f,4xt1
1x49,0.063,7o7f,4xt1
1x50,0.615,7o7f,4xt1
1x51,0.996,7o7f,4xt1
1x52,1.057,7o7f,4xt1
1x53,0.937,7o7f,4xt1
1x54,1.215,7o7f,4xt1
1x55,1.576,7o7f,4xt1
1x56,1.713,7o7f,4xt1
1x57,1.473,7o7f,4xt1
1x58,1.687,7o7f,4xt1
1x59,1.041,7o7f,4xt1
1x60,2.476,7o7f,4xt1
12x48,2.567,7o7f,4xt1
12x49,2.604,7o7f,4xt1
12x50,2.504,7o7f,4xt1
12x51,2.152,7o7f,4xt1
2x37,1.82,7o7f,4xt1
2x38,0.91,7o7f,4xt1
2x39,0.438,7o7f,4xt1
2x40,0.773,7o7f,4xt1
2x41,0.451,7o7f,4xt1
2x42,0.636,7o7f,4xt1
2x43,0.488,7o7f,4xt1
2x44,0.671,7o7f,4xt1
2x45,0.593,7o7f,4xt1
2x46,0.605,7o7f,4xt1
2x47,0.679,7o7f,4xt1
2x48,0.65,7o7f,4xt1
2x49,0.645,7o7f,4xt1
2x50,0.643,7o7f,4xt1
2x51,0.66,7o7f,4xt1
2x52,0.386,7o7f,4xt1
2x53,0.533,7o7f,4xt1
2x54,0.79,7o7f,4xt1
2x55,0.711,7o7f,4xt1
2x56,0.994,7o7f,4xt1
2x57,1.645,7o7f,4xt1
2x58,1.542,7o7f,4xt1
2x59,1.124,7o7f,4xt1
2x60,1.29,7o7f,4xt1
2x61,2.185,7o7f,4xt1
2x62,2.339,7o7f,4xt1
2x63,2.293,7o7f,4xt1
2x64,2.338,7o7f,4xt1
2x65,1.841,7o7f,4xt1
2x66,2.55,7o7f,4xt1
3x22,8.453,7o7f,4xt1
3x23,7.332,7o7f,4xt1
3x24,0.972,7o7f,4xt1
3x25,0.67,7o7f,4xt1
3x26,0.536,7o7f,4xt1
3x27,0.493,7o7f,4xt1
3x28,0.557,7o7f,4xt1
3x29,0.495,7o7f,4xt1
3x30,0.351,7o7f,4xt1
3x31,0.548,7o7f,4xt1
3x32,0.785,7o7f,4xt1
3x33,0.698,7o7f,4xt1
3x34,0.762,7o7f,4xt1
3x35,0.412,7o7f,4xt1
3x36,0.354,7o7f,4xt1
3x37,0.615,7o7f,4xt1
3x38,0.533,7o7f,4xt1
3x39,0.626,7o7f,4xt1
3x40,0.643,7o7f,4xt1
3x41,0.693,7o7f,4xt1
3x42,0.387,7o7f,4xt1
3x43,0.576,7o7f,4xt1
3x44,0.921,7o7f,4xt1
3x45,0.861,7o7f,4xt1
3x46,0.775,7o7f,4xt1
3x47,0.667,7o7f,4xt1
3x48,1.076,7o7f,4xt1
3x49,1.469,7o7f,4xt1
3x50,1.547,7o7f,4xt1
3x51,1.836,7o7f,4xt1
3x52,2.377,7o7f,4xt1
3x53,2.55,7o7f,4xt1
3x54,2.237,7o7f,4xt1
3x55,2.192,7o7f,4xt1
4x38,0.724,7o7f,4xt1
4x39,1.233,7o7f,4xt1
4x40,1.751,7o7f,4xt1
4x41,1.418,7o7f,4xt1
4x42,0.585,7o7f,4xt1
4x43,1.085,7o7f,4xt1
4x44,1.121,7o7f,4xt1
4x45,0.719,7o7f,4xt1
4x46,0.697,7o7f,4xt1
4x47,0.687,7o7f,4xt1
4x48,0.87,7o7f,4xt1
4x49,0.91,7o7f,4xt1
4x50,1.071,7o7f,4xt1
4x51,1.073,7o7f,4xt1
4x52,0.718,7o7f,4xt1
4x53,0.786,7o7f,4xt1
4x54,0.958,7o7f,4xt1
4x55,0.667,7o7f,4xt1
4x56,0.595,7o7f,4xt1
4x57,1.26,7o7f,4xt1
4x59,1.651,7o7f,4xt1
4x60,1.899,7o7f,4xt1
4x61,1.456,7o7f,4xt1
4x62,1.763,7o7f,4xt1
4x63,1.077,7o7f,4xt1
ECL2.Cm8,11.789,7o7f,4xt1
ECL2.Cm7,12.718,7o7f,4xt1
ECL2.Cm6,12.815,7o7f,4xt1
ECL2.Cm5,13.356,7o7f,4xt1
ECL2.Cm4,11.844,7o7f,4xt1
ECL2.Cm3,7.328,7o7f,4xt1
ECL2.Cm2,4.422,7o7f,4xt1
ECL2.Cm1,2.488,7o7f,4xt1
45x50,1.183,7o7f,4xt1
45x51,3.212,7o7f,4xt1
45x52,2.739,7o7f,4xt1
ECL2.Cp3,3.002,7o7f,4xt1
ECL2.Cp4,3.976,7o7f,4xt1
ECL2.Cp5,5.566,7o7f,4xt1
ECL2.Cp6,3.514,7o7f,4xt1
ECL2.Cp7,4.852,7o7f,4xt1
5x34,1.647,7o7f,4xt1
5x35,1.986,7o7f,4xt1
5x36,1.902,7o7f,4xt1
5x37,2.215,7o7f,4xt1
5x38,2.077,7o7f,4xt1
5x39,1.242,7o7f,4xt1
5x40,1.646,7o7f,4xt1
5x41,2.076,7o7f,4xt1
5x42,1.671,7o7f,4xt1
5x43,1.256,7o7f,4xt1
5x44,1.8,7o7f,4xt1
5x45,1.748,7o7f,4xt1
5x46,1.716,7o7f,4xt1
5x461,1.53,7o7f,4xt1
5x47,1.967,7o7f,4xt1
5x48,1.819,7o7f,4xt1
5x49,1.436,7o7f,4xt1
5x50,1.279,7o7f,4xt1
5x51,2.09,7o7f,4xt1
5x52,2.086,7o7f,4xt1
5x53,1.393,7o7f,4xt1
5x54,1.477,7o7f,4xt1
5x55,2.269,7o7f,4xt1
5x56,2.118,7o7f,4xt1
5x57,1.205,7o7f,4xt1
5x58,1.156,7o7f,4xt1
5x59,1.841,7o7f,4xt1
5x60,1.769,7o7f,4xt1
5x61,1.078,7o7f,4xt1
5x62,1.323,7o7f,4xt1
5x63,1.79,7o7f,4xt1
5x64,1.471,7o7f,4xt1
5x65,1.231,7o7f,4xt1
5x66,1.894,7o7f,4xt1
5x67,2.023,7o7f,4xt1
ICL3,9.298,7o7f,4xt1
6x29,3.343,7o7f,4xt1
6x30,2.608,7o7f,4xt1
6x31,2.504,7o7f,4xt1
6x32,2.252,7o7f,4xt1
6x33,2.178,7o7f,4xt1
6x34,2.017,7o7f,4xt1
6x35,1.878,7o7f,4xt1
6x36,1.734,7o7f,4xt1
6x37,1.637,7o7f,4xt1
6x38,1.3,7o7f,4xt1
6x39,1.349,7o7f,4xt1
6x40,1.142,7o7f,4xt1
6x41,0.969,7o7f,4xt1
6x42,1.308,7o7f,4xt1
6x43,1.151,7o7f,4xt1
6x44,0.926,7o7f,4xt1
6x45,1.779,7o7f,4xt1
6x46,1.92,7o7f,4xt1
6x47,1.443,7o7f,4xt1
6x48,1.554,7o7f,4xt1
6x49,1.139,7o7f,4xt1
6x50,1.394,7o7f,4xt1
6x51,1.18,7o7f,4xt1
6x52,1.5,7o7f,4xt1
6x53,1.843,7o7f,4xt1
6x54,1.371,7o7f,4xt1
6x55,1.433,7o7f,4xt1
6x56,2.214,7o7f,4xt1
6x57,1.87,7o7f,4xt1
6x58,1.284,7o7f,4xt1
6x59,2.157,7o7f,4xt1
6x60,2.389,7o7f,4xt1
6x61,0.784,7o7f,4xt1
6x62,4.759,7o7f,4xt1
6x63,4.45,7o7f,4xt1
6x64,6.224,7o7f,4xt1
ECL3.Cm3,3.526,7o7f,4xt1
ECL3.Cm2,2.062,7o7f,4xt1
7x23,1.494,7o7f,4xt1
7x24,1.494,7o7f,4xt1
7x25,1.161,7o7f,4xt1
7x26,1.191,7o7f,4xt1
7x27,1.091,7o7f,4xt1
7x28,1.202,7o7f,4xt1
7x29,1.176,7o7f,4xt1
7x30,1.339,7o7f,4xt1
7x31,1.278,7o7f,4xt1
7x32,0.675,7o7f,4xt1
7x33,0.816,7o7f,4xt1
7x34,1,7o7f,4xt1
7x35,1.136,7o7f,4xt1
7x36,1.076,7o7f,4xt1
7x37,1.034,7o7f,4xt1
7x38,0.921,7o7f,4xt1
7x39,0.944,7o7f,4xt1
7x40,1.434,7o7f,4xt1
7x41,1.517,7o7f,4xt1
7x42,0.935,7o7f,4xt1
7x43,0.173,7o7f,4xt1
7x45,0.735,7o7f,4xt1
7x46,0.999,7o7f,4xt1
7x47,1.366,7o7f,4xt1
7x48,1.105,7o7f,4xt1
7x49,1.253,7o7f,4xt1
7x50,1.785,7o7f,4xt1
7x51,1.621,7o7f,4xt1
7x52,1.011,7o7f,4xt1
7x53,1.106,7o7f,4xt1
7x54,1.199,7o7f,4xt1
7x55,1.598,7o7f,4xt1
7x56,0.866,7o7f,4xt1
8x47,3.722,7o7f,4xt1
8x48,2.524,7o7f,4xt1
8x49,0.469,7o7f,4xt1
8x50,0.542,7o7f,4xt1
8x51,0.677,7o7f,4xt1
8x52,0.727,7o7f,4xt1
8x53,0.827,7o7f,4xt1
8x54,0.629,7o7f,4xt1
8x55,0.763,7o7f,4xt1
8x56,0.574,7o7f,4xt1
8x57,1.115,7o7f,4xt1
8x58,1.295,7o7f,4xt1
8x59,1.179,7o7f,4xt1
NTr.Cm4,10.474,7o7f,5wb2
NTr.Cm3,9.532,7o7f,5wb2
NTr.Cm2,5.953,7o7f,5wb2
NTr.Cm1,2.227,7o7f,5wb2
1x22,1.867,7o7f,5wb2
1x23,2.009,7o7f,5wb2
1x24,1.479,7o7f,5wb2
1x25,0.259,7o7f,5wb2
1x26,1.778,7o7f,5wb2
1x27,1.067,7o7f,5wb2
1x28,1.087,7o7f,5wb2
1x29,1.17,7o7f,5wb2
1x30,1.278,7o7f,5wb2
1x31,0.968,7o7f,5wb2
1x32,1.321,7o7f,5wb2
1x33,2.303,7o7f,5wb2
1x34,2.094,7o7f,5wb2
1x35,1.079,7o7f,5wb2
1x36,0.336,7o7f,5wb2
1x37,1.098,7o7f,5wb2
1x38,1.292,7o7f,5wb2
1x39,0.755,7o7f,5wb2
1x40,0.325,7o7f,5wb2
1x41,1.119,7o7f,5wb2
1x42,1.663,7o7f,5wb2
1x43,1.227,7o7f,5wb2
1x44,0.28,7o7f,5wb2
1x45,1.152,7o7f,5wb2
1x46,1.138,7o7f,5wb2
1x47,0.956,7o7f,5wb2
1x48,0.691,7o7f,5wb2
1x49,0.279,7o7f,5wb2
1x50,0.616,7o7f,5wb2
1x51,1.057,7o7f,5wb2
1x52,1.165,7o7f,5wb2
1x53,1.013,7o7f,5wb2
1x54,1.312,7o7f,5wb2
1x55,1.772,7o7f,5wb2
1x56,1.928,7o7f,5wb2
1x57,1.585,7o7f,5wb2
1x58,2.053,7o7f,5wb2
1x59,1.493,7o7f,5wb2
1x60,3.379,7o7f,5wb2
12x48,3.004,7o7f,5wb2
12x49,3.248,7o7f,5wb2
12x50,2.841,7o7f,5wb2
12x51,2.494,7o7f,5wb2
2x37,2.448,7o7f,5wb2
2x38,1.394,7o7f,5wb2
2x39,0.699,7o7f,5wb2
2x40,0.913,7o7f,5wb2
2x41,0.479,7o7f,5wb2
2x42,0.575,7o7f,5wb2
2x43,0.568,7o7f,5wb2
2x44,0.7,7o7f,5wb2
2x45,0.459,7o7f,5wb2
2x46,0.471,7o7f,5wb2
2x47,0.559,7o7f,5wb2
2x48,0.46,7o7f,5wb2
2x49,0.466,7o7f,5wb2
2x50,0.534,7o7f,5wb2
2x51,0.39,7o7f,5wb2
2x52,0.292,7o7f,5wb2
2x53,0.866,7o7f,5wb2
2x54,0.88,7o7f,5wb2
2x55,0.729,7o7f,5wb2
2x56,1.327,7o7f,5wb2
2x57,2.159,7o7f,5wb2
2x58,2.216,7o7f,5wb2
2x59,1.704,7o7f,5wb2
2x60,1.761,7o7f,5wb2
2x61,2.487,7o7f,5wb2
2x62,2.549,7o7f,5wb2
2x63,2.151,7o7f,5wb2
2x64,2.102,7o7f,5wb2
2x65,1.787,7o7f,5wb2
2x66,2.618,7o7f,5wb2
3x21,0.743,7o7f,5wb2
3x22,1.061,7o7f,5wb2
3x23,1.026,7o7f,5wb2
3x24,0.419,7o7f,5wb2
3x25,0.449,7o7f,5wb2
3x26,0.23,7o7f,5wb2
3x27,0.505,7o7f,5wb2
3x28,0.705,7o7f,5wb2
3x29,0.569,7o7f,5wb2
3x30,0.469,7o7f,5wb2
3x31,0.427,7o7f,5wb2
3x32,0.478,7o7f,5wb2
3x33,0.389,7o7f,5wb2
3x34,0.537,7o7f,5wb2
3x35,0.563,7o7f,5wb2
3x36,0.499,7o7f,5wb2
3x37,0.488,7o7f,5wb2
3x38,0.345,7o7f,5wb2
3x39,0.591,7o7f,5wb2
3x40,0.589,7o7f,5wb2
3x41,0.575,7o7f,5wb2
3x42,0.216,7o7f,5wb2
3x43,0.556,7o7f,5wb2
3x44,0.74,7o7f,5wb2
3x45,0.576,7o7f,5wb2
3x46,0.738,7o7f,5wb2
3x47,0.857,7o7f,5wb2
3x48,1.18,7o7f,5wb2
3x49,1.384,7o7f,5wb2
3x50,1.541,7o7f,5wb2
3x51,1.963,7o7f,5wb2
3x52,2.355,7o7f,5wb2
3x53,2.497,7o7f,5wb2
3x54,2.426,7o7f,5wb2
3x55,2.592,7o7f,5wb2
4x38,1.226,7o7f,5wb2
4x39,1.937,7o7f,5wb2
4x40,2.524,7o7f,5wb2
4x41,1.96,7o7f,5wb2
4x42,1.077,7o7f,5wb2
4x43,1.588,7o7f,5wb2
4x44,1.686,7o7f,5wb2
4x45,1.127,7o7f,5wb2
4x46,0.924,7o7f,5wb2
4x47,0.96,7o7f,5wb2
4x48,0.963,7o7f,5wb2
4x49,0.957,7o7f,5wb2
4x50,0.986,7o7f,5wb2
4x51,1.216,7o7f,5wb2
4x52,0.987,7o7f,5wb2
4x53,0.536,7o7f,5wb2
4x54,0.56,7o7f,5wb2
4x55,1.151,7o7f,5wb2
4x56,1.177,7o7f,5wb2
4x57,0.697,7o7f,5wb2
4x59,0.43,7o7f,5wb2
4x60,0.473,7o7f,5wb2
4x61,0.872,7o7f,5wb2
4x62,1.71,7o7f,5wb2
4x63,1.62,7o7f,5wb2
ECL2.Cm8,11.915,7o7f,5wb2
ECL2.Cm7,12.913,7o7f,5wb2
ECL2.Cm6,12.201,7o7f,5wb2
ECL2.Cm5,12.195,7o7f,5wb2
ECL2.Cm4,11.145,7o7f,5wb2
ECL2.Cm3,6.604,7o7f,5wb2
ECL2.Cm2,2.325,7o7f,5wb2
ECL2.Cm1,0.649,7o7f,5wb2
45x50,1.069,7o7f,5wb2
45x51,1.778,7o7f,5wb2
45x52,1.24,7o7f,5wb2
ECL2.Cp3,1.665,7o7f,5wb2
ECL2.Cp4,3.331,7o7f,5wb2
ECL2.Cp5,4.854,7o7f,5wb2
ECL2.Cp6,4.898,7o7f,5wb2
ECL2.Cp7,5.468,7o7f,5wb2
5x34,2.082,7o7f,5wb2
5x35,2.108,7o7f,5wb2
5x36,1.918,7o7f,5wb2
5x37,2.588,7o7f,5wb2
5x38,2.668,7o7f,5wb2
5x39,1.676,7o7f,5wb2
5x40,1.742,7o7f,5wb2
5x41,2.442,7o7f,5wb2
5x42,2.456,7o7f,5wb2
5x43,1.784,7o7f,5wb2
5x44,2.002,7o7f,5wb2
5x45,2.024,7o7f,5wb2
5x46,2.474,7o7f,5wb2
5x461,2.138,7o7f,5wb2
5x47,2.185,7o7f,5wb2
5x48,1.668,7o7f,5wb2
5x49,1.551,7o7f,5wb2
5x50,1.705,7o7f,5wb2
5x51,2.166,7o7f,5wb2
5x52,1.873,7o7f,5wb2
5x53,1.458,7o7f,5wb2
5x54,1.786,7o7f,5wb2
5x55,2.397,7o7f,5wb2
5x56,2.244,7o7f,5wb2
5x57,1.468,7o7f,5wb2
5x58,1.43,7o7f,5wb2
5x59,2.045,7o7f,5wb2
5x60,2.173,7o7f,5wb2
5x61,1.507,7o7f,5wb2
5x62,1.442,7o7f,5wb2
5x63,2.181,7o7f,5wb2
5x64,2.094,7o7f,5wb2
5x65,1.395,7o7f,5wb2
5x66,1.935,7o7f,5wb2
5x67,2.541,7o7f,5wb2
6x29,2.843,7o7f,5wb2
6x30,2.352,7o7f,5wb2
6x31,1.982,7o7f,5wb2
6x32,2.043,7o7f,5wb2
6x33,2.039,7o7f,5wb2
6x34,1.871,7o7f,5wb2
6x35,1.728,7o7f,5wb2
6x36,1.676,7o7f,5wb2
6x37,1.672,7o7f,5wb2
6x38,1.369,7o7f,5wb2
6x39,1.504,7o7f,5wb2
6x40,1.464,7o7f,5wb2
6x41,1.33,7o7f,5wb2
6x42,1.343,7o7f,5wb2
6x43,1.39,7o7f,5wb2
6x44,1.072,7o7f,5wb2
6x45,1.527,7o7f,5wb2
6x46,1.657,7o7f,5wb2
6x47,1.264,7o7f,5wb2
6x48,1.41,7o7f,5wb2
6x49,1.014,7o7f,5wb2
6x50,1.152,7o7f,5wb2
6x51,0.827,7o7f,5wb2
6x52,1.266,7o7f,5wb2
6x53,1.741,7o7f,5wb2
6x54,1.353,7o7f,5wb2
6x55,1.427,7o7f,5wb2
6x56,2.293,7o7f,5wb2
6x57,2.185,7o7f,5wb2
6x58,1.593,7o7f,5wb2
6x59,2.369,7o7f,5wb2
6x60,2.81,7o7f,5wb2
6x61,1.224,7o7f,5wb2
6x62,4.039,7o7f,5wb2
6x63,3.792,7o7f,5wb2
6x64,5.592,7o7f,5wb2
ECL3.Cm3,3.399,7o7f,5wb2
ECL3.Cm2,3.07,7o7f,5wb2
7x23,2.214,7o7f,5wb2
7x24,1.879,7o7f,5wb2
7x25,1.653,7o7f,5wb2
7x26,1.763,7o7f,5wb2
7x27,1.676,7o7f,5wb2
7x28,1.711,7o7f,5wb2
7x29,1.727,7o7f,5wb2
7x30,1.709,7o7f,5wb2
7x31,1.403,7o7f,5wb2
7x32,0.824,7o7f,5wb2
7x33,0.857,7o7f,5wb2
7x34,0.81,7o7f,5wb2
7x35,0.938,7o7f,5wb2
7x36,1.117,7o7f,5wb2
7x37,1.011,7o7f,5wb2
7x38,0.8,7o7f,5wb2
7x39,1.019,7o7f,5wb2
7x40,1.46,7o7f,5wb2
7x41,1.151,7o7f,5wb2
7x42,0.522,7o7f,5wb2
7x43,0.261,7o7f,5wb2
7x45,0.39,7o7f,5wb2
7x46,0.71,7o7f,5wb2
7x47,1.162,7o7f,5wb2
7x48,0.95,7o7f,5wb2
7x49,1.263,7o7f,5wb2
7x50,1.684,7o7f,5wb2
7x51,1.539,7o7f,5wb2
7x52,1.048,7o7f,5wb2
7x53,0.993,7o7f,5wb2
7x54,0.998,7o7f,5wb2
7x55,1.175,7o7f,5wb2
7x56,0.696,7o7f,5wb2
8x47,3.366,7o7f,5wb2
8x48,2.693,7o7f,5wb2
8x49,0.623,7o7f,5wb2
8x50,0.961,7o7f,5wb2
8x51,1.099,7o7f,5wb2
8x52,1.126,7o7f,5wb2
8x53,1.171,7o7f,5wb2
8x54,0.955,7o7f,5wb2
8x55,0.892,7o7f,5wb2
8x56,0.671,7o7f,5wb2
8x57,0.989,7o7f,5wb2
8x58,0.986,7o7f,5wb2
8x59,1.464,7o7f,5wb2
1x35,5.518,7f1r,zheng
1x36,4.199,7f1r,zheng
1x37,2.861,7f1r,zheng
1x38,3.547,7f1r,zheng
1x39,3.723,7f1r,zheng
1x40,2.481,7f1r,zheng
1x41,1.769,7f1r,zheng
1x42,3.098,7f1r,zheng
1x43,3.053,7f1r,zheng
1x44,1.756,7f1r,zheng
1x45,1.751,7f1r,zheng
1x46,1.809,7f1r,zheng
1x47,1.773,7f1r,zheng
1x48,1.64,7f1r,zheng
1x49,1.268,7f1r,zheng
1x50,0.799,7f1r,zheng
1x51,0.668,7f1r,zheng
1x52,0.607,7f1r,zheng
1x53,0.314,7f1r,zheng
1x54,0.832,7f1r,zheng
1x55,0.882,7f1r,zheng
1x56,0.918,7f1r,zheng
1x57,1.625,7f1r,zheng
1x58,1.91,7f1r,zheng
1x59,1.644,7f1r,zheng
1x60,1.241,7f1r,zheng
12x48,1.997,7f1r,zheng
12x49,2.319,7f1r,zheng
12x50,2.098,7f1r,zheng
12x51,2.832,7f1r,zheng
2x37,2.031,7f1r,zheng
2x38,2.098,7f1r,zheng
2x39,1.721,7f1r,zheng
2x40,1.496,7f1r,zheng
2x41,1.761,7f1r,zheng
2x42,0.976,7f1r,zheng
2x43,0.834,7f1r,zheng
2x44,0.905,7f1r,zheng
2x45,0.987,7f1r,zheng
2x46,0.723,7f1r,zheng
2x47,0.652,7f1r,zheng
2x48,0.959,7f1r,zheng
2x49,0.432,7f1r,zheng
2x50,0.7,7f1r,zheng
2x51,1.216,7f1r,zheng
2x52,1.539,7f1r,zheng
2x53,1.684,7f1r,zheng
2x54,2.317,7f1r,zheng
2x55,2.23,7f1r,zheng
2x56,1.34,7f1r,zheng
2x57,2.19,7f1r,zheng
2x58,0.52,7f1r,zheng
2x59,1.269,7f1r,zheng
2x60,2.17,7f1r,zheng
2x61,3.231,7f1r,zheng
2x62,3.478,7f1r,zheng
2x63,4.564,7f1r,zheng
2x64,6.117,7f1r,zheng
2x65,5.776,7f1r,zheng
2x66,6.127,7f1r,zheng
3x21,0.948,7f1r,zheng
3x22,0.953,7f1r,zheng
3x23,1.254,7f1r,zheng
3x24,1.069,7f1r,zheng
3x25,0.476,7f1r,zheng
3x26,0.772,7f1r,zheng
3x27,0.792,7f1r,zheng
3x28,0.87,7f1r,zheng
3x29,0.843,7f1r,zheng
3x30,1.138,7f1r,zheng
3x31,0.951,7f1r,zheng
3x32,0.508,7f1r,zheng
3x33,0.87,7f1r,zheng
3x34,0.883,7f1r,zheng
3x35,0.734,7f1r,zheng
3x36,0.355,7f1r,zheng
3x37,0.626,7f1r,zheng
3x38,0.552,7f1r,zheng
3x39,0.323,7f1r,zheng
3x40,0.801,7f1r,zheng
3x41,0.615,7f1r,zheng
3x42,0.746,7f1r,zheng
3x43,0.554,7f1r,zheng
3x44,0.657,7f1r,zheng
3x45,0.693,7f1r,zheng
3x46,0.854,7f1r,zheng
3x47,0.703,7f1r,zheng
3x48,0.914,7f1r,zheng
3x49,0.859,7f1r,zheng
3x50,1.077,7f1r,zheng
3x51,0.888,7f1r,zheng
3x52,1.416,7f1r,zheng
3x53,1.539,7f1r,zheng
3x54,1.601,7f1r,zheng
3x55,1.556,7f1r,zheng
3x56,2.067,7f1r,zheng
34x50,2.438,7f1r,zheng
34x51,2.728,7f1r,zheng
34x52,2.069,7f1r,zheng
34x53,2.21,7f1r,zheng
34x54,2.515,7f1r,zheng
34x55,1.6,7f1r,zheng
34x56,2.154,7f1r,zheng
34x57,1.931,7f1r,zheng
4x38,2.139,7f1r,zheng
4x39,2.305,7f1r,zheng
4x40,2.204,7f1r,zheng
4x41,1.269,7f1r,zheng
4x42,1.393,7f1r,zheng
4x43,1.548,7f1r,zheng
4x44,1.176,7f1r,zheng
4x45,0.831,7f1r,zheng
4x46,1.121,7f1r,zheng
4x47,1.192,7f1r,zheng
4x48,1.019,7f1r,zheng
4x49,0.889,7f1r,zheng
4x50,1.054,7f1r,zheng
4x51,0.954,7f1r,zheng
4x52,0.917,7f1r,zheng
4x53,1.058,7f1r,zheng
4x54,1.041,7f1r,zheng
4x55,0.792,7f1r,zheng
4x56,1.112,7f1r,zheng
4x57,1.176,7f1r,zheng
4x59,0.99,7f1r,zheng
4x60,1.177,7f1r,zheng
4x61,1.653,7f1r,zheng
4x62,1.446,7f1r,zheng
4x63,1.557,7f1r,zheng
4x64,1.826,7f1r,zheng
4x65,2.205,7f1r,zheng
ECL2.Cm10,1.535,7f1r,zheng
ECL2.Cm9,0.764,7f1r,zheng
ECL2.Cm8,1.353,7f1r,zheng
ECL2.Cm7,2.075,7f1r,zheng
ECL2.Cm6,2.62,7f1r,zheng
ECL2.Cm5,3.185,7f1r,zheng
ECL2.Cm4,3.295,7f1r,zheng
ECL2.Cm3,3.07,7f1r,zheng
ECL2.Cm2,2.496,7f1r,zheng
ECL2.Cm1,1.061,7f1r,zheng
45x50,0.741,7f1r,zheng
45x51,1.171,7f1r,zheng
45x52,0.491,7f1r,zheng
ECL2.Cp3,0.519,7f1r,zheng
ECL2.Cp4,0.877,7f1r,zheng
ECL2.Cp5,1.989,7f1r,zheng
ECL2.Cp6,2.1,7f1r,zheng
ECL2.Cp7,2.466,7f1r,zheng
5x31,1.184,7f1r,zheng
5x32,1.025,7f1r,zheng
5x33,1.409,7f1r,zheng
5x34,1.521,7f1r,zheng
5x35,1.908,7f1r,zheng
5x36,1.44,7f1r,zheng
5x37,1.017,7f1r,zheng
5x38,1.551,7f1r,zheng
5x39,1.594,7f1r,zheng
5x40,1.371,7f1r,zheng
5x41,1.195,7f1r,zheng
5x42,1.423,7f1r,zheng
5x43,1.245,7f1r,zheng
5x44,0.699,7f1r,zheng
5x45,0.556,7f1r,zheng
5x46,0.501,7f1r,zheng
5x461,0.912,7f1r,zheng
5x47,0.876,7f1r,zheng
5x48,0.872,7f1r,zheng
5x49,0.56,7f1r,zheng
5x50,0.642,7f1r,zheng
5x51,1.121,7f1r,zheng
5x52,1.159,7f1r,zheng
5x53,1.127,7f1r,zheng
5x54,1.811,7f1r,zheng
5x55,2.22,7f1r,zheng
5x56,2.045,7f1r,zheng
5x57,2.079,7f1r,zheng
5x58,2.305,7f1r,zheng
5x59,2.606,7f1r,zheng
5x60,2.412,7f1r,zheng
5x61,2.365,7f1r,zheng
5x62,1.686,7f1r,zheng
5x63,2.344,7f1r,zheng
5x64,2.369,7f1r,zheng
5x65,2.232,7f1r,zheng
5x66,2.058,7f1r,zheng
5x67,2.384,7f1r,zheng
5x68,4.185,7f1r,zheng
ICL3,3.371,7f1r,zheng
6x28,7.053,7f1r,zheng
6x29,6.795,7f1r,zheng
6x30,7.267,7f1r,zheng
6x31,6.935,7f1r,zheng
6x32,6.309,7f1r,zheng
6x33,6.521,7f1r,zheng
6x34,6.479,7f1r,zheng
6x35,6.021,7f1r,zheng
6x36,5.588,7f1r,zheng
6x37,5.964,7f1r,zheng
6x38,5.549,7f1r,zheng
6x39,4.386,7f1r,zheng
6x40,4.313,7f1r,zheng
6x41,4.618,7f1r,zheng
6x42,3.777,7f1r,zheng
6x43,2.627,7f1r,zheng
6x44,2.95,7f1r,zheng
6x45,2.76,7f1r,zheng
6x46,2.429,7f1r,zheng
6x47,1.733,7f1r,zheng
6x48,1.796,7f1r,zheng
6x49,1.476,7f1r,zheng
6x50,1.048,7f1r,zheng
6x51,0.898,7f1r,zheng
6x52,0.992,7f1r,zheng
6x53,0.756,7f1r,zheng
6x54,0.281,7f1r,zheng
6x55,0.636,7f1r,zheng
6x56,0.612,7f1r,zheng
6x57,0.55,7f1r,zheng
6x58,0.418,7f1r,zheng
6x59,0.339,7f1r,zheng
6x60,0.939,7f1r,zheng
6x61,1.503,7f1r,zheng
6x62,3.096,7f1r,zheng
6x63,4.158,7f1r,zheng
6x64,4.276,7f1r,zheng
6x65,4.143,7f1r,zheng
ECL3.Cm3,5.729,7f1r,zheng
ECL3.Cm2,4.69,7f1r,zheng
7x23,3.256,7f1r,zheng
7x24,2.574,7f1r,zheng
7x25,1.196,7f1r,zheng
7x26,1.764,7f1r,zheng
7x27,2.259,7f1r,zheng
7x28,2.092,7f1r,zheng
7x29,1.583,7f1r,zheng
7x30,1.899,7f1r,zheng
7x31,1.973,7f1r,zheng
7x32,1.74,7f1r,zheng
7x33,1.285,7f1r,zheng
7x34,1.61,7f1r,zheng
7x35,1.72,7f1r,zheng
7x36,1.405,7f1r,zheng
7x37,1.116,7f1r,zheng
7x38,1.674,7f1r,zheng
7x39,1.966,7f1r,zheng
7x40,1.607,7f1r,zheng
7x41,1.484,7f1r,zheng
7x42,2.342,7f1r,zheng
7x43,2.609,7f1r,zheng
7x45,2.584,7f1r,zheng
7x46,2.694,7f1r,zheng
7x47,1.767,7f1r,zheng
7x48,1.508,7f1r,zheng
7x49,2.081,7f1r,zheng
7x50,3.151,7f1r,zheng
7x51,3.399,7f1r,zheng
7x52,2.95,7f1r,zheng
7x53,5.134,7f1r,zheng
7x54,6.971,7f1r,zheng
7x55,5.539,7f1r,zheng
7x56,2.24,7f1r,zheng
8x47,2.368,7f1r,zheng
8x48,2.752,7f1r,zheng
8x49,2.815,7f1r,zheng
8x50,3.066,7f1r,zheng
8x51,2.726,7f1r,zheng
8x52,2.483,7f1r,zheng
8x53,2.176,7f1r,zheng
8x54,2.127,7f1r,zheng
8x55,1.747,7f1r,zheng
8x56,1.7,7f1r,zheng
8x57,2.02,7f1r,zheng
8x58,1.777,7f1r,zheng
8x59,0.875,7f1r,zheng
1x35,5.637,7f1r,7vl9
1x36,3.17,7f1r,7vl9
1x37,2.729,7f1r,7vl9
1x38,3.573,7f1r,7vl9
1x39,2.677,7f1r,7vl9
1x40,0.766,7f1r,7vl9
1x41,1.923,7f1r,7vl9
1x42,2.726,7f1r,7vl9
1x43,1.669,7f1r,7vl9
1x44,0.781,7f1r,7vl9
1x45,0.885,7f1r,7vl9
1x46,0.946,7f1r,7vl9
1x47,0.494,7f1r,7vl9
1x48,0.488,7f1r,7vl9
1x49,0.343,7f1r,7vl9
1x50,0.392,7f1r,7vl9
1x51,0.407,7f1r,7vl9
1x52,0.209,7f1r,7vl9
1x53,0.342,7f1r,7vl9
1x54,0.309,7f1r,7vl9
1x55,0.584,7f1r,7vl9
1x56,0.449,7f1r,7vl9
1x57,0.983,7f1r,7vl9
1x58,1.557,7f1r,7vl9
1x59,1.792,7f1r,7vl9
1x60,3.094,7f1r,7vl9
12x48,5.298,7f1r,7vl9
12x49,4.724,7f1r,7vl9
12x50,5.801,7f1r,7vl9
12x51,1.996,7f1r,7vl9
2x37,1.764,7f1r,7vl9
2x38,1.701,7f1r,7vl9
2x39,0.684,7f1r,7vl9
2x40,0.413,7f1r,7vl9
2x41,1.188,7f1r,7vl9
2x42,0.652,7f1r,7vl9
2x43,0.587,7f1r,7vl9
2x44,0.838,7f1r,7vl9
2x45,0.811,7f1r,7vl9
2x46,0.449,7f1r,7vl9
2x47,0.74,7f1r,7vl9
2x48,0.946,7f1r,7vl9
2x49,0.329,7f1r,7vl9
2x50,0.536,7f1r,7vl9
2x51,0.836,7f1r,7vl9
2x52,1.475,7f1r,7vl9
2x53,1.481,7f1r,7vl9
2x54,1.511,7f1r,7vl9
2x55,1.675,7f1r,7vl9
2x56,0.851,7f1r,7vl9
2x57,1.189,7f1r,7vl9
2x58,0.361,7f1r,7vl9
2x59,1.435,7f1r,7vl9
2x60,1.814,7f1r,7vl9
2x61,2.969,7f1r,7vl9
2x62,3.324,7f1r,7vl9
2x63,4.544,7f1r,7vl9
2x64,5.894,7f1r,7vl9
2x65,6.056,7f1r,7vl9
2x66,6.332,7f1r,7vl9
3x21,1.238,7f1r,7vl9
3x22,1.357,7f1r,7vl9
3x23,1.653,7f1r,7vl9
3x24,0.994,7f1r,7vl9
3x25,0.555,7f1r,7vl9
3x26,1.424,7f1r,7vl9
3x27,1.023,7f1r,7vl9
3x28,0.401,7f1r,7vl9
3x29,1.073,7f1r,7vl9
3x30,0.888,7f1r,7vl9
3x31,0.285,7f1r,7vl9
3x32,0.615,7f1r,7vl9
3x33,0.606,7f1r,7vl9
3x34,0.297,7f1r,7vl9
3x35,0.466,7f1r,7vl9
3x36,0.577,7f1r,7vl9
3x37,0.443,7f1r,7vl9
3x38,0.368,7f1r,7vl9
3x39,0.237,7f1r,7vl9
3x40,0.337,7f1r,7vl9
3x41,0.315,7f1r,7vl9
3x42,0.309,7f1r,7vl9
3x43,0.316,7f1r,7vl9
3x44,0.429,7f1r,7vl9
3x45,0.446,7f1r,7vl9
3x46,0.352,7f1r,7vl9
3x47,0.33,7f1r,7vl9
3x48,0.49,7f1r,7vl9
3x49,0.367,7f1r,7vl9
3x50,0.464,7f1r,7vl9
3x51,0.445,7f1r,7vl9
3x52,0.57,7f1r,7vl9
3x53,0.536,7f1r,7vl9
3x54,0.745,7f1r,7vl9
3x55,0.806,7f1r,7vl9
3x56,0.862,7f1r,7vl9
34x50,0.759,7f1r,7vl9
34x51,1.452,7f1r,7vl9
34x52,1.442,7f1r,7vl9
34x53,1.055,7f1r,7vl9
34x54,0.9,7f1r,7vl9
34x55,0.639,7f1r,7vl9
34x56,1.063,7f1r,7vl9
34x57,1.38,7f1r,7vl9
4x38,1.22,7f1r,7vl9
4x39,0.803,7f1r,7vl9
4x40,1.243,7f1r,7vl9
4x41,1.012,7f1r,7vl9
4x42,0.757,7f1r,7vl9
4x43,0.792,7f1r,7vl9
4x44,0.99,7f1r,7vl9
4x45,0.804,7f1r,7vl9
4x46,0.93,7f1r,7vl9
4x47,0.835,7f1r,7vl9
4x48,0.798,7f1r,7vl9
4x49,0.667,7f1r,7vl9
4x50,0.909,7f1r,7vl9
4x51,0.701,7f1r,7vl9
4x52,0.659,7f1r,7vl9
4x53,0.849,7f1r,7vl9
4x54,0.896,7f1r,7vl9
4x55,0.659,7f1r,7vl9
4x56,0.933,7f1r,7vl9
4x57,1.032,7f1r,7vl9
4x59,0.255,7f1r,7vl9
4x60,1.743,7f1r,7vl9
4x61,2.27,7f1r,7vl9
4x62,1.661,7f1r,7vl9
4x63,1.534,7f1r,7vl9
4x64,2.159,7f1r,7vl9
4x65,2.308,7f1r,7vl9
ECL2.Cm10,1.393,7f1r,7vl9
ECL2.Cm9,1.404,7f1r,7vl9
ECL2.Cm8,2.184,7f1r,7vl9
ECL2.Cm7,3.032,7f1r,7vl9
ECL2.Cm6,2.386,7f1r,7vl9
ECL2.Cm5,3.108,7f1r,7vl9
ECL2.Cm4,2.591,7f1r,7vl9
ECL2.Cm3,2.466,7f1r,7vl9
ECL2.Cm2,2.659,7f1r,7vl9
ECL2.Cm1,1.454,7f1r,7vl9
45x50,1.032,7f1r,7vl9
45x51,1.084,7f1r,7vl9
45x52,1.101,7f1r,7vl9
ECL2.Cp3,1.292,7f1r,7vl9
ECL2.Cp4,1.217,7f1r,7vl9
ECL2.Cp5,0.866,7f1r,7vl9
ECL2.Cp6,1.763,7f1r,7vl9
ECL2.Cp7,3.125,7f1r,7vl9
5x31,2.219,7f1r,7vl9
5x32,2.264,7f1r,7vl9
5x33,2.426,7f1r,7vl9
5x34,2.273,7f1r,7vl9
5x35,2.341,7f1r,7vl9
5x36,1.941,7f1r,7vl9
5x37,1.727,7f1r,7vl9
5x38,1.954,7f1r,7vl9
5x39,1.938,7f1r,7vl9
5x40,1.514,7f1r,7vl9
5x41,1.432,7f1r,7vl9
5x42,1.716,7f1r,7vl9
5x43,1.565,7f1r,7vl9
5x44,1.087,7f1r,7vl9
5x45,0.968,7f1r,7vl9
5x46,1.1,7f1r,7vl9
5x461,1.292,7f1r,7vl9
5x47,0.572,7f1r,7vl9
5x48,0.227,7f1r,7vl9
5x49,0.282,7f1r,7vl9
5x50,0.348,7f1r,7vl9
5x51,0.243,7f1r,7vl9
5x52,0.128,7f1r,7vl9
5x53,0.375,7f1r,7vl9
5x54,0.342,7f1r,7vl9
5x55,0.241,7f1r,7vl9
5x56,0.431,7f1r,7vl9
5x57,0.65,7f1r,7vl9
5x58,0.136,7f1r,7vl9
5x59,0.799,7f1r,7vl9
5x60,1.327,7f1r,7vl9
5x61,0.593,7f1r,7vl9
5x62,1.369,7f1r,7vl9
5x63,1.933,7f1r,7vl9
5x64,1.941,7f1r,7vl9
5x65,1.719,7f1r,7vl9
5x66,1.898,7f1r,7vl9
5x67,1.751,7f1r,7vl9
ICL3,2.18,7f1r,7vl9
6x28,0.624,7f1r,7vl9
6x29,1.29,7f1r,7vl9
6x30,1.389,7f1r,7vl9
6x31,0.736,7f1r,7vl9
6x32,0.821,7f1r,7vl9
6x33,1.131,7f1r,7vl9
6x34,1.102,7f1r,7vl9
6x35,0.607,7f1r,7vl9
6x36,0.604,7f1r,7vl9
6x37,0.658,7f1r,7vl9
6x38,0.633,7f1r,7vl9
6x39,0.582,7f1r,7vl9
6x40,0.443,7f1r,7vl9
6x41,0.458,7f1r,7vl9
6x42,0.524,7f1r,7vl9
6x43,0.464,7f1r,7vl9
6x44,0.33,7f1r,7vl9
6x45,0.704,7f1r,7vl9
6x46,0.747,7f1r,7vl9
6x47,0.442,7f1r,7vl9
6x48,0.476,7f1r,7vl9
6x49,0.34,7f1r,7vl9
6x50,0.298,7f1r,7vl9
6x51,0.164,7f1r,7vl9
6x52,0.255,7f1r,7vl9
6x53,0.678,7f1r,7vl9
6x54,0.55,7f1r,7vl9
6x55,0.785,7f1r,7vl9
6x56,1.101,7f1r,7vl9
6x57,1.098,7f1r,7vl9
6x58,1.294,7f1r,7vl9
6x59,0.682,7f1r,7vl9
6x60,2.036,7f1r,7vl9
6x61,2.463,7f1r,7vl9
6x62,6.202,7f1r,7vl9
6x63,5.832,7f1r,7vl9
6x64,2.773,7f1r,7vl9
6x65,3.104,7f1r,7vl9
ECL3.Cm3,3.408,7f1r,7vl9
ECL3.Cm2,2.65,7f1r,7vl9
7x23,2.784,7f1r,7vl9
7x24,2.119,7f1r,7vl9
7x25,1.923,7f1r,7vl9
7x26,2.311,7f1r,7vl9
7x27,2.3,7f1r,7vl9
7x28,1.86,7f1r,7vl9
7x29,1.031,7f1r,7vl9
7x30,1.497,7f1r,7vl9
7x31,1.626,7f1r,7vl9
7x32,1.427,7f1r,7vl9
7x33,1.16,7f1r,7vl9
7x34,1.432,7f1r,7vl9
7x35,1.336,7f1r,7vl9
7x36,1.218,7f1r,7vl9
7x37,1.29,7f1r,7vl9
7x38,1.21,7f1r,7vl9
7x39,1.154,7f1r,7vl9
7x40,0.445,7f1r,7vl9
7x41,1.392,7f1r,7vl9
7x42,1.611,7f1r,7vl9
7x43,1.1,7f1r,7vl9
7x45,0.757,7f1r,7vl9
7x46,0.684,7f1r,7vl9
7x47,0.371,7f1r,7vl9
7x48,0.891,7f1r,7vl9
7x49,0.424,7f1r,7vl9
7x50,0.499,7f1r,7vl9
7x51,0.178,7f1r,7vl9
7x52,0.515,7f1r,7vl9
7x53,0.435,7f1r,7vl9
7x54,0.883,7f1r,7vl9
7x55,0.861,7f1r,7vl9
7x56,0.883,7f1r,7vl9
8x47,1.013,7f1r,7vl9
8x48,1.712,7f1r,7vl9
8x49,2.084,7f1r,7vl9
8x50,1.643,7f1r,7vl9
8x51,0.922,7f1r,7vl9
8x52,1.196,7f1r,7vl9
8x53,1.143,7f1r,7vl9
8x54,1.04,7f1r,7vl9
8x55,1.054,7f1r,7vl9
8x56,1.072,7f1r,7vl9
8x57,0.896,7f1r,7vl9
8x58,0.327,7f1r,7vl9
8x59,0.707,7f1r,7vl9
1x35,5.791,7f1r,7xa3
1x36,3.88,7f1r,7xa3
1x37,2.8,7f1r,7xa3
1x38,3.7,7f1r,7xa3
1x39,3.201,7f1r,7xa3
1x40,1.446,7f1r,7xa3
1x41,1.764,7f1r,7xa3
1x42,2.626,7f1r,7xa3
1x43,1.898,7f1r,7xa3
1x44,0.657,7f1r,7xa3
1x45,0.675,7f1r,7xa3
1x46,0.868,7f1r,7xa3
1x47,0.775,7f1r,7xa3
1x48,0.58,7f1r,7xa3
1x49,0.572,7f1r,7xa3
1x50,0.377,7f1r,7xa3
1x51,0.8,7f1r,7xa3
1x52,0.699,7f1r,7xa3
1x53,0.691,7f1r,7xa3
1x54,0.556,7f1r,7xa3
1x55,0.644,7f1r,7xa3
1x56,0.48,7f1r,7xa3
1x57,1.317,7f1r,7xa3
1x58,1.731,7f1r,7xa3
1x59,1.339,7f1r,7xa3
1x60,2.679,7f1r,7xa3
12x48,3.264,7f1r,7xa3
12x49,3.831,7f1r,7xa3
12x50,3.28,7f1r,7xa3
12x51,1.926,7f1r,7xa3
2x37,0.904,7f1r,7xa3
2x38,1.244,7f1r,7xa3
2x39,1.227,7f1r,7xa3
2x40,0.74,7f1r,7xa3
2x41,1.106,7f1r,7xa3
2x42,0.428,7f1r,7xa3
2x43,0.392,7f1r,7xa3
2x44,0.485,7f1r,7xa3
2x45,0.708,7f1r,7xa3
2x46,0.282,7f1r,7xa3
2x47,0.609,7f1r,7xa3
2x48,0.831,7f1r,7xa3
2x49,0.489,7f1r,7xa3
2x50,0.822,7f1r,7xa3
2x51,1.167,7f1r,7xa3
2x52,1.801,7f1r,7xa3
2x53,1.787,7f1r,7xa3
2x54,1.587,7f1r,7xa3
2x55,1.609,7f1r,7xa3
2x56,1.869,7f1r,7xa3
2x57,1.835,7f1r,7xa3
2x58,1.088,7f1r,7xa3
2x59,1.252,7f1r,7xa3
2x60,1.445,7f1r,7xa3
2x61,2.857,7f1r,7xa3
2x62,3.47,7f1r,7xa3
2x63,4.172,7f1r,7xa3
2x64,5.712,7f1r,7xa3
2x65,4.741,7f1r,7xa3
2x66,7.957,7f1r,7xa3
3x21,1.606,7f1r,7xa3
3x22,1.826,7f1r,7xa3
3x23,1.956,7f1r,7xa3
3x24,1.362,7f1r,7xa3
3x25,1.07,7f1r,7xa3
3x26,1.65,7f1r,7xa3
3x27,1.58,7f1r,7xa3
3x28,0.9,7f1r,7xa3
3x29,1.08,7f1r,7xa3
3x30,1.454,7f1r,7xa3
3x31,1.085,7f1r,7xa3
3x32,0.579,7f1r,7xa3
3x33,0.876,7f1r,7xa3
3x34,1.224,7f1r,7xa3
3x35,0.762,7f1r,7xa3
3x36,0.518,7f1r,7xa3
3x37,0.581,7f1r,7xa3
3x38,0.841,7f1r,7xa3
3x39,0.459,7f1r,7xa3
3x40,0.179,7f1r,7xa3
3x41,0.233,7f1r,7xa3
3x42,0.256,7f1r,7xa3
3x43,0.282,7f1r,7xa3
3x44,0.186,7f1r,7xa3
3x45,0.179,7f1r,7xa3
3x46,0.163,7f1r,7xa3
3x47,0.047,7f1r,7xa3
3x48,0.212,7f1r,7xa3
3x49,0.239,7f1r,7xa3
3x50,0.179,7f1r,7xa3
3x51,0.218,7f1r,7xa3
3x52,0.282,7f1r,7xa3
3x53,0.338,7f1r,7xa3
3x54,0.197,7f1r,7xa3
3x55,0.569,7f1r,7xa3
3x56,1.066,7f1r,7xa3
34x50,0.884,7f1r,7xa3
34x51,1.24,7f1r,7xa3
34x52,1.274,7f1r,7xa3
34x53,1.153,7f1r,7xa3
34x54,1.145,7f1r,7xa3
34x55,0.624,7f1r,7xa3
34x56,1.1,7f1r,7xa3
34x57,0.964,7f1r,7xa3
4x38,1.183,7f1r,7xa3
4x39,1.389,7f1r,7xa3
4x40,1.53,7f1r,7xa3
4x41,1.027,7f1r,7xa3
4x42,0.951,7f1r,7xa3
4x43,1.165,7f1r,7xa3
4x44,0.97,7f1r,7xa3
4x45,0.822,7f1r,7xa3
4x46,1.041,7f1r,7xa3
4x47,0.982,7f1r,7xa3
4x48,0.842,7f1r,7xa3
4x49,0.91,7f1r,7xa3
4x50,0.954,7f1r,7xa3
4x51,0.807,7f1r,7xa3
4x52,0.864,7f1r,7xa3
4x53,1.14,7f1r,7xa3
4x54,1.162,7f1r,7xa3
4x55,1.051,7f1r,7xa3
4x56,1.196,7f1r,7xa3
4x57,1.391,7f1r,7xa3
4x59,1.038,7f1r,7xa3
4x60,1.144,7f1r,7xa3
4x61,1.357,7f1r,7xa3
4x62,1.318,7f1r,7xa3
4x63,1.268,7f1r,7xa3
4x64,1.773,7f1r,7xa3
4x65,2.219,7f1r,7xa3
ECL2.Cm10,1.295,7f1r,7xa3
ECL2.Cm9,1.153,7f1r,7xa3
ECL2.Cm8,1.395,7f1r,7xa3
ECL2.Cm7,2.308,7f1r,7xa3
ECL2.Cm6,2.258,7f1r,7xa3
ECL2.Cm5,4.09,7f1r,7xa3
ECL2.Cm4,3.851,7f1r,7xa3
ECL2.Cm3,3.711,7f1r,7xa3
ECL2.Cm2,2.771,7f1r,7xa3
ECL2.Cm1,1.376,7f1r,7xa3
45x50,1.614,7f1r,7xa3
45x51,1.438,7f1r,7xa3
45x52,0.737,7f1r,7xa3
ECL2.Cp3,0.538,7f1r,7xa3
ECL2.Cp4,1.533,7f1r,7xa3
5x32,3.853,7f1r,7xa3
5x33,3.897,7f1r,7xa3
5x34,3.016,7f1r,7xa3
5x35,2.278,7f1r,7xa3
5x36,2.099,7f1r,7xa3
5x37,2.185,7f1r,7xa3
5x38,1.541,7f1r,7xa3
5x39,1.215,7f1r,7xa3
5x40,1.26,7f1r,7xa3
5x41,1.14,7f1r,7xa3
5x42,0.691,7f1r,7xa3
5x43,0.55,7f1r,7xa3
5x44,0.16,7f1r,7xa3
5x45,0.271,7f1r,7xa3
5x46,0.399,7f1r,7xa3
5x461,0.507,7f1r,7xa3
5x47,0.706,7f1r,7xa3
5x48,0.832,7f1r,7xa3
5x49,0.655,7f1r,7xa3
5x50,0.23,7f1r,7xa3
5x51,0.457,7f1r,7xa3
5x52,0.651,7f1r,7xa3
5x53,0.552,7f1r,7xa3
5x54,0.504,7f1r,7xa3
5x55,0.651,7f1r,7xa3
5x56,0.891,7f1r,7xa3
5x57,0.857,7f1r,7xa3
5x58,0.425,7f1r,7xa3
5x59,0.759,7f1r,7xa3
5x60,1.082,7f1r,7xa3
5x61,0.592,7f1r,7xa3
5x62,0.845,7f1r,7xa3
5x63,1.185,7f1r,7xa3
5x64,0.939,7f1r,7xa3
5x65,0.914,7f1r,7xa3
5x66,0.406,7f1r,7xa3
5x67,0.553,7f1r,7xa3
5x68,0.701,7f1r,7xa3
ICL3,0.609,7f1r,7xa3
6x28,0.532,7f1r,7xa3
6x29,0.593,7f1r,7xa3
6x30,0.604,7f1r,7xa3
6x31,0.539,7f1r,7xa3
6x32,0.518,7f1r,7xa3
6x33,0.464,7f1r,7xa3
6x34,0.873,7f1r,7xa3
6x35,0.748,7f1r,7xa3
6x36,0.342,7f1r,7xa3
6x37,0.202,7f1r,7xa3
6x38,0.319,7f1r,7xa3
6x39,0.453,7f1r,7xa3
6x40,0.268,7f1r,7xa3
6x41,0.147,7f1r,7xa3
6x42,0.321,7f1r,7xa3
6x43,0.245,7f1r,7xa3
6x44,0.212,7f1r,7xa3
6x45,0.273,7f1r,7xa3
6x46,0.262,7f1r,7xa3
6x47,0.45,7f1r,7xa3
6x48,0.433,7f1r,7xa3
6x49,0.648,7f1r,7xa3
6x50,0.754,7f1r,7xa3
6x51,0.999,7f1r,7xa3
6x52,0.778,7f1r,7xa3
6x53,0.29,7f1r,7xa3
6x54,0.606,7f1r,7xa3
6x55,1.106,7f1r,7xa3
6x56,1.086,7f1r,7xa3
6x57,0.463,7f1r,7xa3
6x58,0.886,7f1r,7xa3
6x59,1.143,7f1r,7xa3
6x60,1.301,7f1r,7xa3
6x61,1.319,7f1r,7xa3
6x62,2.494,7f1r,7xa3
6x63,4.76,7f1r,7xa3
6x64,6.198,7f1r,7xa3
6x65,6.139,7f1r,7xa3
ECL3.Cm3,4.76,7f1r,7xa3
ECL3.Cm2,3.465,7f1r,7xa3
7x24,3.79,7f1r,7xa3
7x25,2.081,7f1r,7xa3
7x26,3.097,7f1r,7xa3
7x27,2.849,7f1r,7xa3
7x28,1.96,7f1r,7xa3
7x29,1.452,7f1r,7xa3
7x30,1.697,7f1r,7xa3
7x31,1.67,7f1r,7xa3
7x32,1.155,7f1r,7xa3
7x33,1.24,7f1r,7xa3
7x34,1.328,7f1r,7xa3
7x35,1.193,7f1r,7xa3
7x36,0.952,7f1r,7xa3
7x37,1.098,7f1r,7xa3
7x38,1.255,7f1r,7xa3
7x39,0.855,7f1r,7xa3
7x40,0.618,7f1r,7xa3
7x41,1.033,7f1r,7xa3
7x42,1.256,7f1r,7xa3
7x43,0.974,7f1r,7xa3
7x45,0.555,7f1r,7xa3
7x46,0.449,7f1r,7xa3
7x47,0.468,7f1r,7xa3
7x48,0.738,7f1r,7xa3
7x49,0.454,7f1r,7xa3
7x50,0.693,7f1r,7xa3
7x51,0.525,7f1r,7xa3
7x52,0.393,7f1r,7xa3
7x53,0.403,7f1r,7xa3
7x54,0.861,7f1r,7xa3
7x55,0.593,7f1r,7xa3
7x56,0.549,7f1r,7xa3
8x47,0.995,7f1r,7xa3
8x48,1.186,7f1r,7xa3
8x49,1.634,7f1r,7xa3
8x50,1.112,7f1r,7xa3
8x51,0.72,7f1r,7xa3
8x52,1.458,7f1r,7xa3
8x53,1.251,7f1r,7xa3
8x54,0.881,7f1r,7xa3
8x55,1.659,7f1r,7xa3
8x56,1.823,7f1r,7xa3
8x57,1.048,7f1r,7xa3
8x58,1.702,7f1r,7xa3
1x35,4.973,7f1r,7f1t
1x36,3.438,7f1r,7f1t
1x37,2.187,7f1r,7f1t
1x38,3.011,7f1r,7f1t
1x39,3.208,7f1r,7f1t
1x40,2.033,7f1r,7f1t
1x41,1.214,7f1r,7f1t
1x42,2.325,7f1r,7f1t
1x43,2.59,7f1r,7f1t
1x44,1.659,7f1r,7f1t
1x45,1.615,7f1r,7f1t
1x46,1.603,7f1r,7f1t
1x47,1.475,7f1r,7f1t
1x48,1.38,7f1r,7f1t
1x49,1.169,7f1r,7f1t
1x50,0.632,7f1r,7f1t
1x51,0.512,7f1r,7f1t
1x52,0.552,7f1r,7f1t
1x53,0.52,7f1r,7f1t
1x54,0.794,7f1r,7f1t
1x55,0.862,7f1r,7f1t
1x56,0.966,7f1r,7f1t
1x57,2.073,7f1r,7f1t
1x58,2.189,7f1r,7f1t
1x59,1.772,7f1r,7f1t
1x60,1.527,7f1r,7f1t
12x48,2.594,7f1r,7f1t
12x49,2.894,7f1r,7f1t
12x50,2.185,7f1r,7f1t
12x51,3.019,7f1r,7f1t
2x37,2.64,7f1r,7f1t
2x38,2.59,7f1r,7f1t
2x39,1.845,7f1r,7f1t
2x40,1.756,7f1r,7f1t
2x41,1.891,7f1r,7f1t
2x42,1.268,7f1r,7f1t
2x43,1.102,7f1r,7f1t
2x44,1.179,7f1r,7f1t
2x45,1.283,7f1r,7f1t
2x46,0.994,7f1r,7f1t
2x47,0.86,7f1r,7f1t
2x48,1.038,7f1r,7f1t
2x49,0.512,7f1r,7f1t
2x50,0.614,7f1r,7f1t
2x51,0.981,7f1r,7f1t
2x52,1.453,7f1r,7f1t
2x53,1.428,7f1r,7f1t
2x54,1.884,7f1r,7f1t
2x55,1.879,7f1r,7f1t
2x56,1.044,7f1r,7f1t
2x57,1.723,7f1r,7f1t
2x58,0.268,7f1r,7f1t
2x59,1.637,7f1r,7f1t
2x60,2.377,7f1r,7f1t
2x61,3.497,7f1r,7f1t
2x62,4.121,7f1r,7f1t
2x63,4.883,7f1r,7f1t
2x64,6.476,7f1r,7f1t
2x65,6.415,7f1r,7f1t
2x66,6.776,7f1r,7f1t
3x21,0.746,7f1r,7f1t
3x22,1.283,7f1r,7f1t
3x23,1.807,7f1r,7f1t
3x24,1.219,7f1r,7f1t
3x25,0.506,7f1r,7f1t
3x26,1.144,7f1r,7f1t
3x27,0.972,7f1r,7f1t
3x28,0.823,7f1r,7f1t
3x29,0.799,7f1r,7f1t
3x30,1.02,7f1r,7f1t
3x31,0.804,7f1r,7f1t
3x32,0.348,7f1r,7f1t
3x33,0.612,7f1r,7f1t
3x34,0.524,7f1r,7f1t
3x35,0.507,7f1r,7f1t
3x36,0.202,7f1r,7f1t
3x37,0.459,7f1r,7f1t
3x38,0.711,7f1r,7f1t
3x39,0.442,7f1r,7f1t
3x40,0.574,7f1r,7f1t
3x41,0.76,7f1r,7f1t
3x42,0.897,7f1r,7f1t
3x43,0.786,7f1r,7f1t
3x44,1.068,7f1r,7f1t
3x45,1.122,7f1r,7f1t
3x46,1.099,7f1r,7f1t
3x47,1.159,7f1r,7f1t
3x48,1.573,7f1r,7f1t
3x49,1.43,7f1r,7f1t
3x50,1.219,7f1r,7f1t
3x51,1.554,7f1r,7f1t
3x52,2.003,7f1r,7f1t
3x53,1.839,7f1r,7f1t
3x54,1.893,7f1r,7f1t
3x55,1.992,7f1r,7f1t
3x56,3.399,7f1r,7f1t
34x50,3.568,7f1r,7f1t
34x51,5.783,7f1r,7f1t
34x52,3.476,7f1r,7f1t
34x53,2.576,7f1r,7f1t
34x54,2.98,7f1r,7f1t
34x55,3.784,7f1r,7f1t
34x56,4.038,7f1r,7f1t
34x57,2.799,7f1r,7f1t
4x38,2.505,7f1r,7f1t
4x39,1.962,7f1r,7f1t
4x40,2.292,7f1r,7f1t
4x41,2.122,7f1r,7f1t
4x42,1.427,7f1r,7f1t
4x43,1.412,7f1r,7f1t
4x44,1.602,7f1r,7f1t
4x45,1.125,7f1r,7f1t
4x46,1.035,7f1r,7f1t
4x47,1.112,7f1r,7f1t
4x48,0.869,7f1r,7f1t
4x49,0.732,7f1r,7f1t
4x50,0.843,7f1r,7f1t
4x51,0.74,7f1r,7f1t
4x52,0.661,7f1r,7f1t
4x53,0.645,7f1r,7f1t
4x54,0.612,7f1r,7f1t
4x55,0.659,7f1r,7f1t
4x56,0.911,7f1r,7f1t
4x57,0.728,7f1r,7f1t
4x59,0.596,7f1r,7f1t
4x60,0.692,7f1r,7f1t
4x61,1.412,7f1r,7f1t
4x62,1.113,7f1r,7f1t
4x63,1.085,7f1r,7f1t
4x64,1.284,7f1r,7f1t
4x65,1.802,7f1r,7f1t
ECL2.Cm10,1.99,7f1r,7f1t
ECL2.Cm9,0.982,7f1r,7f1t
ECL2.Cm8,1.715,7f1r,7f1t
ECL2.Cm7,2.572,7f1r,7f1t
ECL2.Cm6,1.487,7f1r,7f1t
ECL2.Cm5,3.275,7f1r,7f1t
ECL2.Cm4,3.081,7f1r,7f1t
ECL2.Cm3,3.269,7f1r,7f1t
ECL2.Cm2,2.658,7f1r,7f1t
ECL2.Cm1,1.687,7f1r,7f1t
45x50,1.239,7f1r,7f1t
45x51,1.489,7f1r,7f1t
45x52,1.217,7f1r,7f1t
ECL2.Cp3,0.956,7f1r,7f1t
ECL2.Cp4,0.809,7f1r,7f1t
ECL2.Cp5,1.201,7f1r,7f1t
ECL2.Cp6,1.569,7f1r,7f1t
ECL2.Cp7,1.17,7f1r,7f1t
5x31,1.291,7f1r,7f1t
5x32,0.871,7f1r,7f1t
5x33,1.321,7f1r,7f1t
5x34,1.952,7f1r,7f1t
5x35,2.129,7f1r,7f1t
5x36,1.287,7f1r,7f1t
5x37,1.109,7f1r,7f1t
5x38,1.637,7f1r,7f1t
5x39,1.65,7f1r,7f1t
5x40,1.581,7f1r,7f1t
5x41,1.694,7f1r,7f1t
5x42,1.459,7f1r,7f1t
5x43,1.516,7f1r,7f1t
5x44,0.908,7f1r,7f1t
5x45,0.629,7f1r,7f1t
5x46,0.684,7f1r,7f1t
5x461,0.689,7f1r,7f1t
5x47,1.18,7f1r,7f1t
5x48,1.641,7f1r,7f1t
5x49,1.473,7f1r,7f1t
5x50,1.437,7f1r,7f1t
5x51,1.578,7f1r,7f1t
5x52,1.487,7f1r,7f1t
5x53,1.869,7f1r,7f1t
5x54,2.178,7f1r,7f1t
5x55,2.276,7f1r,7f1t
5x56,2.296,7f1r,7f1t
5x57,2.27,7f1r,7f1t
5x58,2.146,7f1r,7f1t
5x59,2.441,7f1r,7f1t
5x60,2.551,7f1r,7f1t
5x61,2.203,7f1r,7f1t
5x62,2.067,7f1r,7f1t
5x63,2.392,7f1r,7f1t
5x64,2.585,7f1r,7f1t
5x65,2.444,7f1r,7f1t
5x66,2.67,7f1r,7f1t
5x67,5.34,7f1r,7f1t
ICL3,9.127,7f1r,7f1t
6x28,14.614,7f1r,7f1t
6x29,12.478,7f1r,7f1t
6x30,14.457,7f1r,7f1t
6x31,14.212,7f1r,7f1t
6x32,12.84,7f1r,7f1t
6x33,8.251,7f1r,7f1t
6x34,7.993,7f1r,7f1t
6x35,6.844,7f1r,7f1t
6x36,5.872,7f1r,7f1t
6x37,6.47,7f1r,7f1t
6x38,5.805,7f1r,7f1t
6x39,4.412,7f1r,7f1t
6x40,4.29,7f1r,7f1t
6x41,4.476,7f1r,7f1t
6x42,3.695,7f1r,7f1t
6x43,2.569,7f1r,7f1t
6x44,2.775,7f1r,7f1t
6x45,2.436,7f1r,7f1t
6x46,2.383,7f1r,7f1t
6x47,1.898,7f1r,7f1t
6x48,1.829,7f1r,7f1t
6x49,1.916,7f1r,7f1t
6x50,1.635,7f1r,7f1t
6x51,1.121,7f1r,7f1t
6x52,1.273,7f1r,7f1t
6x53,1.153,7f1r,7f1t
6x54,0.739,7f1r,7f1t
6x55,0.805,7f1r,7f1t
6x56,1.249,7f1r,7f1t
6x57,1.013,7f1r,7f1t
6x58,1.225,7f1r,7f1t
6x59,2.72,7f1r,7f1t
6x60,2.709,7f1r,7f1t
6x61,1.127,7f1r,7f1t
6x62,2.573,7f1r,7f1t
6x63,3.872,7f1r,7f1t
6x64,3.385,7f1r,7f1t
6x65,3.457,7f1r,7f1t
ECL3.Cm3,5.029,7f1r,7f1t
ECL3.Cm2,5.559,7f1r,7f1t
7x23,3.231,7f1r,7f1t
7x24,3.427,7f1r,7f1t
7x25,2.568,7f1r,7f1t
7x26,1.569,7f1r,7f1t
7x27,2.144,7f1r,7f1t
7x28,2.311,7f1r,7f1t
7x29,1.828,7f1r,7f1t
7x30,1.627,7f1r,7f1t
7x31,2.033,7f1r,7f1t
7x32,2.128,7f1r,7f1t
7x33,1.461,7f1r,7f1t
7x34,1.307,7f1r,7f1t
7x35,1.782,7f1r,7f1t
7x36,1.952,7f1r,7f1t
7x37,1.562,7f1r,7f1t
7x38,1.453,7f1r,7f1t
7x39,1.913,7f1r,7f1t
7x40,1.902,7f1r,7f1t
7x41,1.655,7f1r,7f1t
7x42,1.857,7f1r,7f1t
7x43,2.338,7f1r,7f1t
7x45,2.21,7f1r,7f1t
7x46,2.509,7f1r,7f1t
7x47,2.097,7f1r,7f1t
7x48,1.657,7f1r,7f1t
7x49,2.243,7f1r,7f1t
7x50,3.308,7f1r,7f1t
7x51,3.666,7f1r,7f1t
7x52,3.399,7f1r,7f1t
7x53,5.475,7f1r,7f1t
7x54,7.118,7f1r,7f1t
7x55,5.816,7f1r,7f1t
7x56,2.435,7f1r,7f1t
8x47,2.899,7f1r,7f1t
8x48,2.489,7f1r,7f1t
8x49,3.298,7f1r,7f1t
8x50,3.853,7f1r,7f1t
8x51,3.072,7f1r,7f1t
8x52,2.543,7f1r,7f1t
8x53,2.964,7f1r,7f1t
8x54,3.787,7f1r,7f1t
8x55,3.146,7f1r,7f1t
8x56,2.689,7f1r,7f1t
8x57,6.184,7f1r,7f1t
8x58,6.88,7f1r,7f1t
8x59,5.684,7f1r,7f1t
1x35,5.922,7f1r,6wwz
1x36,3.634,7f1r,6wwz
1x37,2.71,7f1r,6wwz
1x38,3.669,7f1r,6wwz
1x39,3.26,7f1r,6wwz
1x40,1.961,7f1r,6wwz
1x41,1.707,7f1r,6wwz
1x42,1.984,7f1r,6wwz
1x43,2.169,7f1r,6wwz
1x44,1.728,7f1r,6wwz
1x45,1.738,7f1r,6wwz
1x46,1.492,7f1r,6wwz
1x47,1.245,7f1r,6wwz
1x48,1.562,7f1r,6wwz
1x49,1.74,7f1r,6wwz
1x50,1.43,7f1r,6wwz
1x51,1.237,7f1r,6wwz
1x52,1.47,7f1r,6wwz
1x53,1.521,7f1r,6wwz
1x54,1.21,7f1r,6wwz
1x55,1.377,7f1r,6wwz
1x56,1.331,7f1r,6wwz
1x57,1.132,7f1r,6wwz
1x58,1.606,7f1r,6wwz
1x59,1.467,7f1r,6wwz
1x60,4.207,7f1r,6wwz
12x48,5.95,7f1r,6wwz
12x49,4.694,7f1r,6wwz
12x50,6.497,7f1r,6wwz
12x51,2.059,7f1r,6wwz
2x37,0.723,7f1r,6wwz
2x38,1.745,7f1r,6wwz
2x39,1.545,7f1r,6wwz
2x40,1.506,7f1r,6wwz
2x41,1.698,7f1r,6wwz
2x42,0.798,7f1r,6wwz
2x43,0.927,7f1r,6wwz
2x44,1.148,7f1r,6wwz
2x45,1.033,7f1r,6wwz
2x46,0.885,7f1r,6wwz
2x47,1.37,7f1r,6wwz
2x48,1.362,7f1r,6wwz
2x49,1.192,7f1r,6wwz
2x50,1.759,7f1r,6wwz
2x51,2.205,7f1r,6wwz
2x52,3.113,7f1r,6wwz
2x53,2.819,7f1r,6wwz
2x54,1.882,7f1r,6wwz
2x55,2.207,7f1r,6wwz
2x56,2.632,7f1r,6wwz
2x57,2.112,7f1r,6wwz
2x58,0.713,7f1r,6wwz
2x59,1.72,7f1r,6wwz
2x60,1.561,7f1r,6wwz
2x61,2.714,7f1r,6wwz
2x62,3.48,7f1r,6wwz
2x63,4.466,7f1r,6wwz
2x64,5.551,7f1r,6wwz
2x65,5.415,7f1r,6wwz
2x66,5.772,7f1r,6wwz
3x21,2.026,7f1r,6wwz
3x22,2.008,7f1r,6wwz
3x23,2.148,7f1r,6wwz
3x24,1.38,7f1r,6wwz
3x25,1.235,7f1r,6wwz
3x26,1.768,7f1r,6wwz
3x27,1.368,7f1r,6wwz
3x28,0.826,7f1r,6wwz
3x29,1.149,7f1r,6wwz
3x30,1.538,7f1r,6wwz
3x31,1.372,7f1r,6wwz
3x32,1.157,7f1r,6wwz
3x33,0.925,7f1r,6wwz
3x34,0.799,7f1r,6wwz
3x35,0.917,7f1r,6wwz
3x36,0.895,7f1r,6wwz
3x37,0.591,7f1r,6wwz
3x38,0.523,7f1r,6wwz
3x39,0.485,7f1r,6wwz
3x40,0.625,7f1r,6wwz
3x41,0.629,7f1r,6wwz
3x42,0.79,7f1r,6wwz
3x43,0.839,7f1r,6wwz
3x44,0.992,7f1r,6wwz
3x45,0.944,7f1r,6wwz
3x46,0.974,7f1r,6wwz
3x47,0.871,7f1r,6wwz
3x48,1.176,7f1r,6wwz
3x49,1.027,7f1r,6wwz
3x50,1.185,7f1r,6wwz
3x51,1.13,7f1r,6wwz
3x52,1.552,7f1r,6wwz
3x53,1.27,7f1r,6wwz
3x54,1.469,7f1r,6wwz
3x55,1.507,7f1r,6wwz
3x56,2.37,7f1r,6wwz
34x50,2.414,7f1r,6wwz
34x51,4.765,7f1r,6wwz
34x52,5.291,7f1r,6wwz
34x53,4.697,7f1r,6wwz
34x54,5.204,7f1r,6wwz
34x55,7.246,7f1r,6wwz
34x56,7.906,7f1r,6wwz
4x38,2.989,7f1r,6wwz
4x39,3.138,7f1r,6wwz
4x40,2.572,7f1r,6wwz
4x41,1.673,7f1r,6wwz
4x42,1.267,7f1r,6wwz
4x43,1.402,7f1r,6wwz
4x44,1.337,7f1r,6wwz
4x45,0.976,7f1r,6wwz
4x46,1.018,7f1r,6wwz
4x47,1.14,7f1r,6wwz
4x48,0.999,7f1r,6wwz
4x49,0.613,7f1r,6wwz
4x50,1.05,7f1r,6wwz
4x51,1.38,7f1r,6wwz
4x52,0.279,7f1r,6wwz
4x53,1.067,7f1r,6wwz
4x54,1.412,7f1r,6wwz
4x55,0.719,7f1r,6wwz
4x56,0.628,7f1r,6wwz
4x57,0.933,7f1r,6wwz
4x59,3.441,7f1r,6wwz
4x60,4.399,7f1r,6wwz
4x61,4.85,7f1r,6wwz
4x62,3.697,7f1r,6wwz
4x63,4.12,7f1r,6wwz
4x64,5.35,7f1r,6wwz
ECL2.Cm10,1.037,7f1r,6wwz
ECL2.Cm9,1.83,7f1r,6wwz
ECL2.Cm8,1.717,7f1r,6wwz
ECL2.Cm7,3.702,7f1r,6wwz
ECL2.Cm6,4.938,7f1r,6wwz
ECL2.Cm5,5.984,7f1r,6wwz
ECL2.Cm4,6.367,7f1r,6wwz
ECL2.Cm3,4.613,7f1r,6wwz
ECL2.Cm2,4.466,7f1r,6wwz
ECL2.Cm1,2.016,7f1r,6wwz
45x50,1.334,7f1r,6wwz
45x51,0.896,7f1r,6wwz
45x52,1.83,7f1r,6wwz
ECL2.Cp3,2.433,7f1r,6wwz
ECL2.Cp4,2.972,7f1r,6wwz
ECL2.Cp5,4.326,7f1r,6wwz
ECL2.Cp6,6.771,7f1r,6wwz
ECL2.Cp7,3.33,7f1r,6wwz
5x34,2.564,7f1r,6wwz
5x35,2.127,7f1r,6wwz
5x36,2.38,7f1r,6wwz
5x37,2.435,7f1r,6wwz
5x38,2.21,7f1r,6wwz
5x39,2.351,7f1r,6wwz
5x40,2.573,7f1r,6wwz
5x41,2.462,7f1r,6wwz
5x42,2.016,7f1r,6wwz
5x43,1.571,7f1r,6wwz
5x44,1.405,7f1r,6wwz
5x45,1.341,7f1r,6wwz
5x46,1.091,7f1r,6wwz
5x461,1.574,7f1r,6wwz
5x47,1.674,7f1r,6wwz
5x48,1.563,7f1r,6wwz
5x49,1.201,7f1r,6wwz
5x50,0.406,7f1r,6wwz
5x51,0.907,7f1r,6wwz
5x52,0.735,7f1r,6wwz
5x53,0.5,7f1r,6wwz
5x54,0.215,7f1r,6wwz
5x55,0.948,7f1r,6wwz
5x56,1.241,7f1r,6wwz
5x57,1.075,7f1r,6wwz
5x58,0.553,7f1r,6wwz
5x59,1.492,7f1r,6wwz
5x60,2.05,7f1r,6wwz
5x61,1.116,7f1r,6wwz
5x62,1.028,7f1r,6wwz
5x63,2.265,7f1r,6wwz
5x64,2.611,7f1r,6wwz
5x65,1.123,7f1r,6wwz
5x66,1.483,7f1r,6wwz
5x67,2.794,7f1r,6wwz
5x68,3.273,7f1r,6wwz
ICL3,2.043,7f1r,6wwz
6x30,2.505,7f1r,6wwz
6x31,3.296,7f1r,6wwz
6x32,2.831,7f1r,6wwz
6x33,2.257,7f1r,6wwz
6x34,2.122,7f1r,6wwz
6x35,2.615,7f1r,6wwz
6x36,2.037,7f1r,6wwz
6x37,1.606,7f1r,6wwz
6x38,1.92,7f1r,6wwz
6x39,1.912,7f1r,6wwz
6x40,1.422,7f1r,6wwz
6x41,1.584,7f1r,6wwz
6x42,2.128,7f1r,6wwz
6x43,1.321,7f1r,6wwz
6x44,0.977,7f1r,6wwz
6x45,1.474,7f1r,6wwz
6x46,1.877,7f1r,6wwz
6x47,1.154,7f1r,6wwz
6x48,1.325,7f1r,6wwz
6x49,1.938,7f1r,6wwz
6x50,1.694,7f1r,6wwz
6x51,1.575,7f1r,6wwz
6x52,1.432,7f1r,6wwz
6x53,1.152,7f1r,6wwz
6x54,1.104,7f1r,6wwz
6x55,1.141,7f1r,6wwz
6x56,1.022,7f1r,6wwz
6x57,0.729,7f1r,6wwz
6x58,0.654,7f1r,6wwz
6x59,2.026,7f1r,6wwz
6x60,2.489,7f1r,6wwz
6x61,1.093,7f1r,6wwz
6x62,6.672,7f1r,6wwz
6x63,10.497,7f1r,6wwz
6x64,7.677,7f1r,6wwz
6x65,6.128,7f1r,6wwz
ECL3.Cm3,3.836,7f1r,6wwz
ECL3.Cm2,4.385,7f1r,6wwz
7x23,6.54,7f1r,6wwz
7x24,4.654,7f1r,6wwz
7x25,3.118,7f1r,6wwz
7x26,3.59,7f1r,6wwz
7x27,3.587,7f1r,6wwz
7x28,3.728,7f1r,6wwz
7x29,3.025,7f1r,6wwz
7x30,2.476,7f1r,6wwz
7x31,3.422,7f1r,6wwz
7x32,2.646,7f1r,6wwz
7x33,2.265,7f1r,6wwz
7x34,2.246,7f1r,6wwz
7x35,1.814,7f1r,6wwz
7x36,1.959,7f1r,6wwz
7x37,2.272,7f1r,6wwz
7x38,2.116,7f1r,6wwz
7x39,0.84,7f1r,6wwz
7x40,0.316,7f1r,6wwz
7x41,0.832,7f1r,6wwz
7x42,0.807,7f1r,6wwz
7x43,0.637,7f1r,6wwz
7x45,0.219,7f1r,6wwz
7x46,1.067,7f1r,6wwz
7x47,1.726,7f1r,6wwz
7x48,1.468,7f1r,6wwz
7x49,0.416,7f1r,6wwz
7x50,1.339,7f1r,6wwz
7x51,2.472,7f1r,6wwz
7x52,2.347,7f1r,6wwz
7x53,1.079,7f1r,6wwz
7x54,0.985,7f1r,6wwz
7x55,1.157,7f1r,6wwz
7x56,1.317,7f1r,6wwz
8x47,1.726,7f1r,6wwz
8x48,1.98,7f1r,6wwz
8x49,2.032,7f1r,6wwz
8x50,1.967,7f1r,6wwz
8x51,1.314,7f1r,6wwz
8x52,1.132,7f1r,6wwz
8x53,1.775,7f1r,6wwz
8x54,1.542,7f1r,6wwz
8x55,1.244,7f1r,6wwz
8x56,1.612,7f1r,6wwz
8x57,2.308,7f1r,6wwz
8x58,1.892,7f1r,6wwz
8x59,2.02,7f1r,6wwz
1x35,4.424,7f1r,6lfo
1x36,2.839,7f1r,6lfo
1x37,1.708,7f1r,6lfo
1x38,2.915,7f1r,6lfo
1x39,3.076,7f1r,6lfo
1x40,1.703,7f1r,6lfo
1x41,1.095,7f1r,6lfo
1x42,2.486,7f1r,6lfo
1x43,2.766,7f1r,6lfo
1x44,1.915,7f1r,6lfo
1x45,1.842,7f1r,6lfo
1x46,2.225,7f1r,6lfo
1x47,2.324,7f1r,6lfo
1x48,1.906,7f1r,6lfo
1x49,2.181,7f1r,6lfo
1x50,1.591,7f1r,6lfo
1x51,0.923,7f1r,6lfo
1x52,0.926,7f1r,6lfo
1x53,0.732,7f1r,6lfo
1x54,1.112,7f1r,6lfo
1x55,1.243,7f1r,6lfo
1x56,1.007,7f1r,6lfo
1x57,0.415,7f1r,6lfo
1x58,0.61,7f1r,6lfo
1x59,0.866,7f1r,6lfo
1x60,2.531,7f1r,6lfo
12x48,4.867,7f1r,6lfo
12x49,4.213,7f1r,6lfo
12x50,4.56,7f1r,6lfo
12x51,1.527,7f1r,6lfo
2x37,1.381,7f1r,6lfo
2x38,2.127,7f1r,6lfo
2x39,1.864,7f1r,6lfo
2x40,1.739,7f1r,6lfo
2x41,1.727,7f1r,6lfo
2x42,1.092,7f1r,6lfo
2x43,1.18,7f1r,6lfo
2x44,0.943,7f1r,6lfo
2x45,0.583,7f1r,6lfo
2x46,0.874,7f1r,6lfo
2x47,1.281,7f1r,6lfo
2x48,1.6,7f1r,6lfo
2x49,1.454,7f1r,6lfo
2x50,1.412,7f1r,6lfo
2x51,2.141,7f1r,6lfo
2x52,3.103,7f1r,6lfo
2x53,2.691,7f1r,6lfo
2x54,2.612,7f1r,6lfo
2x55,2.539,7f1r,6lfo
2x56,2.02,7f1r,6lfo
2x57,2.649,7f1r,6lfo
2x58,0.53,7f1r,6lfo
2x59,0.931,7f1r,6lfo
2x60,2.068,7f1r,6lfo
2x61,3.705,7f1r,6lfo
2x62,4.077,7f1r,6lfo
2x63,5.171,7f1r,6lfo
2x64,7.202,7f1r,6lfo
2x65,7.404,7f1r,6lfo
2x66,7.777,7f1r,6lfo
3x21,1.811,7f1r,6lfo
3x22,0.514,7f1r,6lfo
3x23,1.797,7f1r,6lfo
3x24,1.364,7f1r,6lfo
3x25,0.748,7f1r,6lfo
3x26,1.025,7f1r,6lfo
3x27,0.943,7f1r,6lfo
3x28,0.974,7f1r,6lfo
3x29,0.915,7f1r,6lfo
3x30,1.039,7f1r,6lfo
3x31,0.8,7f1r,6lfo
3x32,0.657,7f1r,6lfo
3x33,0.928,7f1r,6lfo
3x34,0.998,7f1r,6lfo
3x35,0.531,7f1r,6lfo
3x36,0.501,7f1r,6lfo
3x37,0.395,7f1r,6lfo
3x38,0.422,7f1r,6lfo
3x39,0.775,7f1r,6lfo
3x40,0.842,7f1r,6lfo
3x41,0.547,7f1r,6lfo
3x42,0.362,7f1r,6lfo
3x43,0.274,7f1r,6lfo
3x44,0.3,7f1r,6lfo
3x45,0.358,7f1r,6lfo
3x46,0.23,7f1r,6lfo
3x47,0.184,7f1r,6lfo
3x48,0.488,7f1r,6lfo
3x49,0.528,7f1r,6lfo
3x50,0.548,7f1r,6lfo
3x51,0.452,7f1r,6lfo
3x52,0.716,7f1r,6lfo
3x53,0.57,7f1r,6lfo
3x54,0.566,7f1r,6lfo
3x55,1.389,7f1r,6lfo
3x56,1.686,7f1r,6lfo
34x50,2.104,7f1r,6lfo
34x51,3.527,7f1r,6lfo
34x52,3.862,7f1r,6lfo
34x53,4.917,7f1r,6lfo
34x54,4.4,7f1r,6lfo
34x55,2.419,7f1r,6lfo
34x56,2.58,7f1r,6lfo
4x38,6.24,7f1r,6lfo
4x39,5.965,7f1r,6lfo
4x40,6.758,7f1r,6lfo
4x41,2.107,7f1r,6lfo
4x42,1.906,7f1r,6lfo
4x43,1.981,7f1r,6lfo
4x44,1.899,7f1r,6lfo
4x45,1.561,7f1r,6lfo
4x46,1.817,7f1r,6lfo
4x47,1.666,7f1r,6lfo
4x48,1.393,7f1r,6lfo
4x49,1.272,7f1r,6lfo
4x50,1.536,7f1r,6lfo
4x51,1.612,7f1r,6lfo
4x52,1.218,7f1r,6lfo
4x53,1.046,7f1r,6lfo
4x54,1.357,7f1r,6lfo
4x55,0.988,7f1r,6lfo
4x56,1.16,7f1r,6lfo
4x57,1.758,7f1r,6lfo
4x59,1.675,7f1r,6lfo
4x60,1.807,7f1r,6lfo
4x61,2.559,7f1r,6lfo
4x62,2.155,7f1r,6lfo
4x63,1.491,7f1r,6lfo
4x64,1.855,7f1r,6lfo
4x65,2.016,7f1r,6lfo
ECL2.Cm10,3.94,7f1r,6lfo
ECL2.Cm9,4.421,7f1r,6lfo
ECL2.Cm8,3.942,7f1r,6lfo
ECL2.Cm7,7.281,7f1r,6lfo
ECL2.Cm6,7.528,7f1r,6lfo
ECL2.Cm5,8.791,7f1r,6lfo
ECL2.Cm4,9.999,7f1r,6lfo
ECL2.Cm3,5.541,7f1r,6lfo
ECL2.Cm2,5.123,7f1r,6lfo
ECL2.Cm1,2.715,7f1r,6lfo
45x50,2.735,7f1r,6lfo
45x51,2.946,7f1r,6lfo
45x52,3.159,7f1r,6lfo
ECL2.Cp3,3.571,7f1r,6lfo
ECL2.Cp4,4.92,7f1r,6lfo
ECL2.Cp5,3.782,7f1r,6lfo
ECL2.Cp6,3.484,7f1r,6lfo
ECL2.Cp7,3.985,7f1r,6lfo
5x34,5.916,7f1r,6lfo
5x35,3.144,7f1r,6lfo
5x36,3.706,7f1r,6lfo
5x37,4.129,7f1r,6lfo
5x38,2.884,7f1r,6lfo
5x39,2.549,7f1r,6lfo
5x40,3.241,7f1r,6lfo
5x41,2.808,7f1r,6lfo
5x42,1.578,7f1r,6lfo
5x43,3.372,7f1r,6lfo
5x44,3.972,7f1r,6lfo
5x45,2.136,7f1r,6lfo
5x46,2.255,7f1r,6lfo
5x461,3.8,7f1r,6lfo
5x47,3.377,7f1r,6lfo
5x48,2.075,7f1r,6lfo
5x49,1.487,7f1r,6lfo
5x50,1.574,7f1r,6lfo
5x51,1.96,7f1r,6lfo
5x52,1.662,7f1r,6lfo
5x53,1.117,7f1r,6lfo
5x54,1.197,7f1r,6lfo
5x55,1.702,7f1r,6lfo
5x56,1.695,7f1r,6lfo
5x57,1.259,7f1r,6lfo
5x58,1.418,7f1r,6lfo
5x59,2.116,7f1r,6lfo
5x60,1.923,7f1r,6lfo
5x61,1.358,7f1r,6lfo
5x62,2.102,7f1r,6lfo
5x63,2.612,7f1r,6lfo
5x64,2.342,7f1r,6lfo
5x65,1.986,7f1r,6lfo
5x66,2.689,7f1r,6lfo
5x67,3.703,7f1r,6lfo
5x68,3.076,7f1r,6lfo
ICL3,2.008,7f1r,6lfo
6x30,0.784,7f1r,6lfo
6x31,1.475,7f1r,6lfo
6x32,1.307,7f1r,6lfo
6x33,1.329,7f1r,6lfo
6x34,1.422,7f1r,6lfo
6x35,1.988,7f1r,6lfo
6x36,1.502,7f1r,6lfo
6x37,1.126,7f1r,6lfo
6x38,1.239,7f1r,6lfo
6x39,1.569,7f1r,6lfo
6x40,1.39,7f1r,6lfo
6x41,1.245,7f1r,6lfo
6x42,1.643,7f1r,6lfo
6x43,1.665,7f1r,6lfo
6x44,1.245,7f1r,6lfo
6x45,1.078,7f1r,6lfo
6x46,2.058,7f1r,6lfo
6x47,1.637,7f1r,6lfo
6x48,0.967,7f1r,6lfo
6x49,0.748,7f1r,6lfo
6x50,1.058,7f1r,6lfo
6x51,0.942,7f1r,6lfo
6x52,0.925,7f1r,6lfo
6x53,0.829,7f1r,6lfo
6x54,0.401,7f1r,6lfo
6x55,1,7f1r,6lfo
6x56,1.09,7f1r,6lfo
6x57,0.924,7f1r,6lfo
6x58,0.412,7f1r,6lfo
6x59,1.515,7f1r,6lfo
6x60,2.246,7f1r,6lfo
6x61,1.11,7f1r,6lfo
6x62,6.012,7f1r,6lfo
6x63,8.712,7f1r,6lfo
6x64,8.237,7f1r,6lfo
ECL3.Cm3,5.271,7f1r,6lfo
ECL3.Cm2,3.696,7f1r,6lfo
7x23,5.423,7f1r,6lfo
7x24,3.101,7f1r,6lfo
7x25,1.404,7f1r,6lfo
7x26,2.51,7f1r,6lfo
7x27,2.725,7f1r,6lfo
7x28,2.131,7f1r,6lfo
7x29,1.352,7f1r,6lfo
7x30,1.374,7f1r,6lfo
7x31,1.621,7f1r,6lfo
7x32,1.711,7f1r,6lfo
7x33,0.931,7f1r,6lfo
7x34,1.031,7f1r,6lfo
7x35,0.94,7f1r,6lfo
7x36,0.928,7f1r,6lfo
7x37,0.767,7f1r,6lfo
7x38,0.693,7f1r,6lfo
7x39,0.903,7f1r,6lfo
7x40,0.454,7f1r,6lfo
7x41,1.138,7f1r,6lfo
7x42,0.954,7f1r,6lfo
7x43,0.721,7f1r,6lfo
7x45,1.654,7f1r,6lfo
7x46,2.188,7f1r,6lfo
7x47,1.608,7f1r,6lfo
7x48,1.349,7f1r,6lfo
7x49,1.504,7f1r,6lfo
7x50,1.232,7f1r,6lfo
7x51,1.038,7f1r,6lfo
7x52,0.964,7f1r,6lfo
7x53,0.643,7f1r,6lfo
7x54,1.025,7f1r,6lfo
7x55,1.226,7f1r,6lfo
7x56,1.281,7f1r,6lfo
8x47,0.546,7f1r,6lfo
8x48,1.504,7f1r,6lfo
8x49,2.161,7f1r,6lfo
8x50,1.856,7f1r,6lfo
8x51,0.363,7f1r,6lfo
8x52,0.859,7f1r,6lfo
8x53,0.741,7f1r,6lfo
8x54,0.708,7f1r,6lfo
8x55,0.676,7f1r,6lfo
8x56,0.754,7f1r,6lfo
8x57,1.337,7f1r,6lfo
8x58,1.547,7f1r,6lfo
8x59,1.597,7f1r,6lfo
1x35,5.892,7f1r,ngo
1x36,3.689,7f1r,ngo
1x37,3.008,7f1r,ngo
1x38,4.307,7f1r,ngo
1x39,3.839,7f1r,ngo
1x40,1.528,7f1r,ngo
1x41,1.669,7f1r,ngo
1x42,3.162,7f1r,ngo
1x43,3.008,7f1r,ngo
1x44,1.877,7f1r,ngo
1x45,1.983,7f1r,ngo
1x46,2.799,7f1r,ngo
1x47,2.826,7f1r,ngo
1x48,2.443,7f1r,ngo
1x49,2.283,7f1r,ngo
1x50,0.929,7f1r,ngo
1x51,1.093,7f1r,ngo
1x52,1.473,7f1r,ngo
1x53,1.151,7f1r,ngo
1x54,0.21,7f1r,ngo
1x55,0.183,7f1r,ngo
1x56,0.475,7f1r,ngo
1x57,1.336,7f1r,ngo
1x58,1.198,7f1r,ngo
1x59,0.655,7f1r,ngo
1x60,2.501,7f1r,ngo
12x48,5.12,7f1r,ngo
12x49,10.908,7f1r,ngo
12x50,11.312,7f1r,ngo
12x51,8.426,7f1r,ngo
2x37,6.863,7f1r,ngo
2x38,6.012,7f1r,ngo
2x39,3.664,7f1r,ngo
2x40,3.083,7f1r,ngo
2x41,2.919,7f1r,ngo
2x42,1.746,7f1r,ngo
2x43,1.416,7f1r,ngo
2x44,1.16,7f1r,ngo
2x45,1.381,7f1r,ngo
2x46,0.912,7f1r,ngo
2x47,0.224,7f1r,ngo
2x48,0.757,7f1r,ngo
2x49,0.656,7f1r,ngo
2x50,1.3,7f1r,ngo
2x51,1.706,7f1r,ngo
2x52,2.732,7f1r,ngo
2x53,3.299,7f1r,ngo
2x54,2.588,7f1r,ngo
2x55,2.578,7f1r,ngo
2x56,2.549,7f1r,ngo
2x57,2.077,7f1r,ngo
2x58,0.956,7f1r,ngo
2x59,1.735,7f1r,ngo
2x60,2.292,7f1r,ngo
2x61,2.964,7f1r,ngo
2x62,3.88,7f1r,ngo
2x63,5.135,7f1r,ngo
2x64,6.647,7f1r,ngo
2x65,6.298,7f1r,ngo
2x66,7.181,7f1r,ngo
3x21,1.282,7f1r,ngo
3x22,1.608,7f1r,ngo
3x23,2.28,7f1r,ngo
3x24,1.267,7f1r,ngo
3x25,0.569,7f1r,ngo
3x26,1.312,7f1r,ngo
3x27,1.167,7f1r,ngo
3x28,0.369,7f1r,ngo
3x29,0.812,7f1r,ngo
3x30,0.857,7f1r,ngo
3x31,0.263,7f1r,ngo
3x32,0.748,7f1r,ngo
3x33,1.076,7f1r,ngo
3x34,0.3,7f1r,ngo
3x35,1.142,7f1r,ngo
3x36,1.767,7f1r,ngo
3x37,1.095,7f1r,ngo
3x38,1.047,7f1r,ngo
3x39,0.893,7f1r,ngo
3x40,0.897,7f1r,ngo
3x41,1.299,7f1r,ngo
3x42,1.411,7f1r,ngo
3x43,1.723,7f1r,ngo
3x44,1.631,7f1r,ngo
3x45,1.487,7f1r,ngo
3x46,1.586,7f1r,ngo
3x47,1.656,7f1r,ngo
3x48,1.53,7f1r,ngo
3x49,1.511,7f1r,ngo
3x50,1.68,7f1r,ngo
3x51,1.655,7f1r,ngo
3x52,1.551,7f1r,ngo
3x53,1.55,7f1r,ngo
3x54,1.489,7f1r,ngo
3x55,1.878,7f1r,ngo
3x56,2.575,7f1r,ngo
34x50,3.011,7f1r,ngo
34x51,4.678,7f1r,ngo
34x52,3.369,7f1r,ngo
34x53,3.427,7f1r,ngo
34x54,3.123,7f1r,ngo
34x55,4.092,7f1r,ngo
34x56,4.256,7f1r,ngo
34x57,3.697,7f1r,ngo
4x38,3.658,7f1r,ngo
4x39,8.341,7f1r,ngo
4x40,9.765,7f1r,ngo
4x41,5.469,7f1r,ngo
4x42,1.439,7f1r,ngo
4x43,5.216,7f1r,ngo
4x44,5.253,7f1r,ngo
4x45,2.222,7f1r,ngo
4x46,2.791,7f1r,ngo
4x47,5.927,7f1r,ngo
4x48,5.369,7f1r,ngo
4x49,2.403,7f1r,ngo
4x50,1.519,7f1r,ngo
4x51,1.381,7f1r,ngo
4x52,0.875,7f1r,ngo
4x53,0.457,7f1r,ngo
4x54,1.165,7f1r,ngo
4x55,1.314,7f1r,ngo
4x56,2.202,7f1r,ngo
4x57,2.742,7f1r,ngo
4x59,1.874,7f1r,ngo
4x60,2.461,7f1r,ngo
4x61,3.263,7f1r,ngo
4x62,2.615,7f1r,ngo
4x63,2.117,7f1r,ngo
4x64,2.854,7f1r,ngo
4x65,2.755,7f1r,ngo
ECL2.Cm10,2.486,7f1r,ngo
ECL2.Cm9,1.836,7f1r,ngo
ECL2.Cm8,1.549,7f1r,ngo
ECL2.Cm7,2.472,7f1r,ngo
ECL2.Cm6,4.893,7f1r,ngo
ECL2.Cm5,5.265,7f1r,ngo
ECL2.Cm4,7.701,7f1r,ngo
ECL2.Cm3,4.064,7f1r,ngo
ECL2.Cm2,2.913,7f1r,ngo
ECL2.Cm1,0.823,7f1r,ngo
45x50,1.034,7f1r,ngo
45x51,1.688,7f1r,ngo
45x52,1.612,7f1r,ngo
ECL2.Cp3,1.389,7f1r,ngo
ECL2.Cp4,1.03,7f1r,ngo
ECL2.Cp5,1.463,7f1r,ngo
ECL2.Cp6,1.864,7f1r,ngo
5x33,4.08,7f1r,ngo
5x34,3.268,7f1r,ngo
5x35,2.675,7f1r,ngo
5x36,2.047,7f1r,ngo
5x37,1.646,7f1r,ngo
5x38,1.672,7f1r,ngo
5x39,1.295,7f1r,ngo
5x40,0.775,7f1r,ngo
5x41,0.863,7f1r,ngo
5x42,0.768,7f1r,ngo
5x43,0.451,7f1r,ngo
5x44,1.234,7f1r,ngo
5x45,1.593,7f1r,ngo
5x46,1.497,7f1r,ngo
5x461,1.671,7f1r,ngo
5x47,1.354,7f1r,ngo
5x48,0.877,7f1r,ngo
5x49,1.371,7f1r,ngo
5x50,1.501,7f1r,ngo
5x51,1.524,7f1r,ngo
5x52,1.266,7f1r,ngo
5x53,1.272,7f1r,ngo
5x54,1.074,7f1r,ngo
5x55,1.152,7f1r,ngo
5x56,1.676,7f1r,ngo
5x57,1.834,7f1r,ngo
5x58,1.385,7f1r,ngo
5x59,2.04,7f1r,ngo
5x60,2.91,7f1r,ngo
5x61,2.178,7f1r,ngo
5x62,1.662,7f1r,ngo
5x63,3.286,7f1r,ngo
5x64,3.629,7f1r,ngo
5x65,3.42,7f1r,ngo
5x66,4.228,7f1r,ngo
5x67,5.278,7f1r,ngo
5x68,5.19,7f1r,ngo
ICL3,5.756,7f1r,ngo
6x30,8.838,7f1r,ngo
6x31,8.365,7f1r,ngo
6x32,7.406,7f1r,ngo
6x33,7.294,7f1r,ngo
6x34,7.173,7f1r,ngo
6x35,6.547,7f1r,ngo
6x36,5.893,7f1r,ngo
6x37,6.059,7f1r,ngo
6x38,5.616,7f1r,ngo
6x39,4.765,7f1r,ngo
6x40,4.539,7f1r,ngo
6x41,4.996,7f1r,ngo
6x42,4.169,7f1r,ngo
6x43,3.232,7f1r,ngo
6x44,3.699,7f1r,ngo
6x45,3.646,7f1r,ngo
6x46,3.201,7f1r,ngo
6x47,2.17,7f1r,ngo
6x48,1.816,7f1r,ngo
6x49,2.229,7f1r,ngo
6x50,2.181,7f1r,ngo
6x51,1.17,7f1r,ngo
6x52,1.656,7f1r,ngo
6x53,1.944,7f1r,ngo
6x54,1.311,7f1r,ngo
6x55,1.48,7f1r,ngo
6x56,2.459,7f1r,ngo
6x57,1.886,7f1r,ngo
6x58,1.961,7f1r,ngo
6x59,3.101,7f1r,ngo
6x60,2.807,7f1r,ngo
6x61,0.921,7f1r,ngo
6x62,6.854,7f1r,ngo
6x63,8.972,7f1r,ngo
6x64,7.749,7f1r,ngo
ECL3.Cm3,4.585,7f1r,ngo
ECL3.Cm2,4.059,7f1r,ngo
7x23,4.796,7f1r,ngo
7x24,2.758,7f1r,ngo
7x25,0.159,7f1r,ngo
7x26,1.867,7f1r,ngo
7x27,2.751,7f1r,ngo
7x28,2.243,7f1r,ngo
7x29,0.973,7f1r,ngo
7x30,1.519,7f1r,ngo
7x31,2.049,7f1r,ngo
7x32,1.502,7f1r,ngo
7x33,0.26,7f1r,ngo
7x34,1.012,7f1r,ngo
7x35,2.137,7f1r,ngo
7x36,2.256,7f1r,ngo
7x37,1.363,7f1r,ngo
7x38,1.142,7f1r,ngo
7x39,2.185,7f1r,ngo
7x40,2.256,7f1r,ngo
7x41,0.799,7f1r,ngo
7x42,1.025,7f1r,ngo
7x43,1.418,7f1r,ngo
7x45,2.808,7f1r,ngo
7x46,3.191,7f1r,ngo
7x47,1.84,7f1r,ngo
7x48,0.957,7f1r,ngo
7x49,3.694,7f1r,ngo
7x50,4.581,7f1r,ngo
7x51,3.788,7f1r,ngo
7x52,4.091,7f1r,ngo
7x53,7.182,7f1r,ngo
7x54,8.232,7f1r,ngo
7x55,6.551,7f1r,ngo
1x35,3.699,7f1r,7sk3
1x36,2.423,7f1r,7sk3
1x37,1.748,7f1r,7sk3
1x38,2.213,7f1r,7sk3
1x39,2.081,7f1r,7sk3
1x40,0.704,7f1r,7sk3
1x41,0.888,7f1r,7sk3
1x42,1.796,7f1r,7sk3
1x43,1.538,7f1r,7sk3
1x44,0.573,7f1r,7sk3
1x45,0.462,7f1r,7sk3
1x46,0.653,7f1r,7sk3
1x47,0.743,7f1r,7sk3
1x48,0.623,7f1r,7sk3
1x49,0.871,7f1r,7sk3
1x50,0.816,7f1r,7sk3
1x51,0.5,7f1r,7sk3
1x52,0.815,7f1r,7sk3
1x53,0.541,7f1r,7sk3
1x54,0.988,7f1r,7sk3
1x55,0.803,7f1r,7sk3
1x56,0.907,7f1r,7sk3
1x57,1.124,7f1r,7sk3
1x58,1.443,7f1r,7sk3
1x59,1.775,7f1r,7sk3
1x60,1.941,7f1r,7sk3
12x48,3.289,7f1r,7sk3
12x49,5.549,7f1r,7sk3
12x50,10.551,7f1r,7sk3
12x51,7.626,7f1r,7sk3
2x37,6.646,7f1r,7sk3
2x38,6.747,7f1r,7sk3
2x39,5.611,7f1r,7sk3
2x40,2.417,7f1r,7sk3
2x41,2.071,7f1r,7sk3
2x42,1.125,7f1r,7sk3
2x43,1.045,7f1r,7sk3
2x44,1.247,7f1r,7sk3
2x45,1.198,7f1r,7sk3
2x46,0.828,7f1r,7sk3
2x47,1.307,7f1r,7sk3
2x48,1.24,7f1r,7sk3
2x49,0.76,7f1r,7sk3
2x50,0.757,7f1r,7sk3
2x51,1.553,7f1r,7sk3
2x52,2.074,7f1r,7sk3
2x53,1.658,7f1r,7sk3
2x54,1.346,7f1r,7sk3
2x55,1.356,7f1r,7sk3
2x56,1.352,7f1r,7sk3
2x57,1.669,7f1r,7sk3
2x58,0.859,7f1r,7sk3
2x59,1.969,7f1r,7sk3
2x60,2.628,7f1r,7sk3
2x61,3.385,7f1r,7sk3
2x62,4.031,7f1r,7sk3
2x63,5.084,7f1r,7sk3
2x64,6.652,7f1r,7sk3
2x65,7.028,7f1r,7sk3
2x66,8.893,7f1r,7sk3
3x21,1.085,7f1r,7sk3
3x22,1.382,7f1r,7sk3
3x23,1.932,7f1r,7sk3
3x24,1.227,7f1r,7sk3
3x25,0.127,7f1r,7sk3
3x26,0.843,7f1r,7sk3
3x27,0.892,7f1r,7sk3
3x28,0.422,7f1r,7sk3
3x29,0.936,7f1r,7sk3
3x30,1.156,7f1r,7sk3
3x31,0.926,7f1r,7sk3
3x32,0.885,7f1r,7sk3
3x33,0.825,7f1r,7sk3
3x34,0.806,7f1r,7sk3
3x35,1.212,7f1r,7sk3
3x36,0.97,7f1r,7sk3
3x37,0.5,7f1r,7sk3
3x38,0.545,7f1r,7sk3
3x39,0.666,7f1r,7sk3
3x40,0.501,7f1r,7sk3
3x41,0.926,7f1r,7sk3
3x42,1.102,7f1r,7sk3
3x43,0.931,7f1r,7sk3
3x44,1.225,7f1r,7sk3
3x45,1.295,7f1r,7sk3
3x46,1.157,7f1r,7sk3
3x47,1.148,7f1r,7sk3
3x48,1.626,7f1r,7sk3
3x49,1.421,7f1r,7sk3
3x50,0.703,7f1r,7sk3
3x51,1.367,7f1r,7sk3
3x52,1.385,7f1r,7sk3
3x53,0.707,7f1r,7sk3
3x54,1.745,7f1r,7sk3
3x55,1.61,7f1r,7sk3
3x56,1.527,7f1r,7sk3
4x41,3.414,7f1r,7sk3
4x42,2.595,7f1r,7sk3
4x43,2.873,7f1r,7sk3
4x44,2.851,7f1r,7sk3
4x45,2.093,7f1r,7sk3
4x46,1.868,7f1r,7sk3
4x47,2.103,7f1r,7sk3
4x48,1.936,7f1r,7sk3
4x49,1.398,7f1r,7sk3
4x50,1.506,7f1r,7sk3
4x51,1.487,7f1r,7sk3
4x52,1.18,7f1r,7sk3
4x53,0.742,7f1r,7sk3
4x54,1.151,7f1r,7sk3
4x55,0.73,7f1r,7sk3
4x56,0.242,7f1r,7sk3
4x57,0.676,7f1r,7sk3
4x59,1.08,7f1r,7sk3
4x60,1.357,7f1r,7sk3
4x61,0.478,7f1r,7sk3
4x62,0.815,7f1r,7sk3
4x63,1.294,7f1r,7sk3
4x64,1.856,7f1r,7sk3
4x65,1.283,7f1r,7sk3
ECL2.Cm10,6.976,7f1r,7sk3
ECL2.Cm9,8.489,7f1r,7sk3
ECL2.Cm8,7.457,7f1r,7sk3
ECL2.Cm7,10.179,7f1r,7sk3
ECL2.Cm6,8.187,7f1r,7sk3
ECL2.Cm5,5.824,7f1r,7sk3
ECL2.Cm4,6.044,7f1r,7sk3
ECL2.Cm3,5.357,7f1r,7sk3
ECL2.Cm2,4.747,7f1r,7sk3
ECL2.Cm1,3.442,7f1r,7sk3
45x50,2.881,7f1r,7sk3
45x51,2.665,7f1r,7sk3
45x52,3.072,7f1r,7sk3
ECL2.Cp3,3.425,7f1r,7sk3
ECL2.Cp4,3.007,7f1r,7sk3
ECL2.Cp5,2.913,7f1r,7sk3
ECL2.Cp6,3.747,7f1r,7sk3
ECL2.Cp7,2.184,7f1r,7sk3
5x31,1.341,7f1r,7sk3
5x32,1.972,7f1r,7sk3
5x33,1.964,7f1r,7sk3
5x34,1.923,7f1r,7sk3
5x35,1.942,7f1r,7sk3
5x36,1.96,7f1r,7sk3
5x37,2.079,7f1r,7sk3
5x38,1.814,7f1r,7sk3
5x39,1.843,7f1r,7sk3
5x40,2.54,7f1r,7sk3
5x41,2.485,7f1r,7sk3
5x42,1.41,7f1r,7sk3
5x43,1.184,7f1r,7sk3
5x44,0.742,7f1r,7sk3
5x45,1.021,7f1r,7sk3
5x46,1.357,7f1r,7sk3
5x461,1.835,7f1r,7sk3
5x47,1.923,7f1r,7sk3
5x48,1.946,7f1r,7sk3
5x49,1.526,7f1r,7sk3
5x50,1.238,7f1r,7sk3
5x51,1.647,7f1r,7sk3
5x52,2.001,7f1r,7sk3
5x53,1.53,7f1r,7sk3
5x54,0.934,7f1r,7sk3
5x55,2.142,7f1r,7sk3
5x56,2.563,7f1r,7sk3
5x57,1.643,7f1r,7sk3
5x58,1.159,7f1r,7sk3
5x59,2.52,7f1r,7sk3
5x60,2.392,7f1r,7sk3
5x61,1.012,7f1r,7sk3
5x62,1.735,7f1r,7sk3
5x63,2.549,7f1r,7sk3
5x64,1.773,7f1r,7sk3
5x65,0.449,7f1r,7sk3
5x66,1.141,7f1r,7sk3
5x67,2.866,7f1r,7sk3
5x68,3.273,7f1r,7sk3
ICL3,1.825,7f1r,7sk3
6x28,9.244,7f1r,7sk3
6x29,4.833,7f1r,7sk3
6x30,5.433,7f1r,7sk3
6x31,8.435,7f1r,7sk3
6x32,5.407,7f1r,7sk3
6x33,3.058,7f1r,7sk3
6x34,1.797,7f1r,7sk3
6x35,1.161,7f1r,7sk3
6x36,0.74,7f1r,7sk3
6x37,1.285,7f1r,7sk3
6x38,0.895,7f1r,7sk3
6x39,1.118,7f1r,7sk3
6x40,1.085,7f1r,7sk3
6x41,0.462,7f1r,7sk3
6x42,0.935,7f1r,7sk3
6x43,1.111,7f1r,7sk3
6x44,0.481,7f1r,7sk3
6x45,0.572,7f1r,7sk3
6x46,1.072,7f1r,7sk3
6x47,0.777,7f1r,7sk3
6x48,0.7,7f1r,7sk3
6x49,1.475,7f1r,7sk3
6x50,1.592,7f1r,7sk3
6x51,1.344,7f1r,7sk3
6x52,1.361,7f1r,7sk3
6x53,1.378,7f1r,7sk3
6x54,1.261,7f1r,7sk3
6x55,1.161,7f1r,7sk3
6x56,1.304,7f1r,7sk3
6x57,1.302,7f1r,7sk3
6x58,0.943,7f1r,7sk3
6x59,0.911,7f1r,7sk3
6x60,2.696,7f1r,7sk3
6x61,2.432,7f1r,7sk3
6x62,7.573,7f1r,7sk3
6x63,8.615,7f1r,7sk3
6x64,6.16,7f1r,7sk3
ECL3.Cm3,2.732,7f1r,7sk3
ECL3.Cm2,1.633,7f1r,7sk3
7x23,4.433,7f1r,7sk3
7x24,3.369,7f1r,7sk3
7x25,1.417,7f1r,7sk3
7x26,1.241,7f1r,7sk3
7x27,1.28,7f1r,7sk3
7x28,1.181,7f1r,7sk3
7x29,0.823,7f1r,7sk3
7x30,0.833,7f1r,7sk3
7x31,1.237,7f1r,7sk3
7x32,1.083,7f1r,7sk3
7x33,1.073,7f1r,7sk3
7x34,0.896,7f1r,7sk3
7x35,0.884,7f1r,7sk3
7x36,1.605,7f1r,7sk3
7x37,1.599,7f1r,7sk3
7x38,0.942,7f1r,7sk3
7x39,0.698,7f1r,7sk3
7x40,0.392,7f1r,7sk3
7x41,0.976,7f1r,7sk3
7x42,0.674,7f1r,7sk3
7x43,0.455,7f1r,7sk3
7x45,0.817,7f1r,7sk3
7x46,0.98,7f1r,7sk3
7x47,0.759,7f1r,7sk3
7x48,0.585,7f1r,7sk3
7x49,0.643,7f1r,7sk3
7x50,1.03,7f1r,7sk3
7x51,1.04,7f1r,7sk3
7x52,0.643,7f1r,7sk3
7x53,0.973,7f1r,7sk3
7x54,0.651,7f1r,7sk3
7x55,1.138,7f1r,7sk3
7x56,1.726,7f1r,7sk3
8x47,1.007,7f1r,7sk3
8x48,0.963,7f1r,7sk3
8x49,0.883,7f1r,7sk3
8x50,1.013,7f1r,7sk3
8x51,1.097,7f1r,7sk3
8x52,0.845,7f1r,7sk3
8x53,0.805,7f1r,7sk3
8x54,0.786,7f1r,7sk3
8x55,1.313,7f1r,7sk3
8x56,0.999,7f1r,7sk3
8x57,1.533,7f1r,7sk3
1x35,4.354,7f1r,7xbx
1x36,3.41,7f1r,7xbx
1x37,2.89,7f1r,7xbx
1x38,3.216,7f1r,7xbx
1x39,3.117,7f1r,7xbx
1x40,2.096,7f1r,7xbx
1x41,1.657,7f1r,7xbx
1x42,2.049,7f1r,7xbx
1x43,2.386,7f1r,7xbx
1x44,1.806,7f1r,7xbx
1x45,1.851,7f1r,7xbx
1x46,1.393,7f1r,7xbx
1x47,1.038,7f1r,7xbx
1x48,1.333,7f1r,7xbx
1x49,1.44,7f1r,7xbx
1x50,0.766,7f1r,7xbx
1x51,0.697,7f1r,7xbx
1x52,0.838,7f1r,7xbx
1x53,0.697,7f1r,7xbx
1x54,0.213,7f1r,7xbx
1x55,0.294,7f1r,7xbx
1x56,0.674,7f1r,7xbx
1x57,1.735,7f1r,7xbx
1x58,2.018,7f1r,7xbx
1x59,2.176,7f1r,7xbx
1x60,3.211,7f1r,7xbx
12x48,3.578,7f1r,7xbx
12x49,6.31,7f1r,7xbx
12x50,3.896,7f1r,7xbx
12x51,2.769,7f1r,7xbx
2x37,1.216,7f1r,7xbx
2x38,1.464,7f1r,7xbx
2x39,1.095,7f1r,7xbx
2x40,0.977,7f1r,7xbx
2x41,1.13,7f1r,7xbx
2x42,0.661,7f1r,7xbx
2x43,0.722,7f1r,7xbx
2x44,0.665,7f1r,7xbx
2x45,0.927,7f1r,7xbx
2x46,0.665,7f1r,7xbx
2x47,0.694,7f1r,7xbx
2x48,0.729,7f1r,7xbx
2x49,0.332,7f1r,7xbx
2x50,0.439,7f1r,7xbx
2x51,0.884,7f1r,7xbx
2x52,0.906,7f1r,7xbx
2x53,1.1,7f1r,7xbx
2x54,1.71,7f1r,7xbx
2x55,1.454,7f1r,7xbx
2x56,1.437,7f1r,7xbx
2x57,1.865,7f1r,7xbx
2x58,0.919,7f1r,7xbx
2x59,1.25,7f1r,7xbx
2x60,1.658,7f1r,7xbx
2x61,2.561,7f1r,7xbx
2x62,2.364,7f1r,7xbx
2x63,3.183,7f1r,7xbx
2x64,4.451,7f1r,7xbx
2x65,4.859,7f1r,7xbx
2x66,4.655,7f1r,7xbx
3x24,2.518,7f1r,7xbx
3x25,2.239,7f1r,7xbx
3x26,2.063,7f1r,7xbx
3x27,1.804,7f1r,7xbx
3x28,1.567,7f1r,7xbx
3x29,0.938,7f1r,7xbx
3x30,0.835,7f1r,7xbx
3x31,0.969,7f1r,7xbx
3x32,0.888,7f1r,7xbx
3x33,0.56,7f1r,7xbx
3x34,0.685,7f1r,7xbx
3x35,0.685,7f1r,7xbx
3x36,0.6,7f1r,7xbx
3x37,0.576,7f1r,7xbx
3x38,0.547,7f1r,7xbx
3x39,0.556,7f1r,7xbx
3x40,0.557,7f1r,7xbx
3x41,0.496,7f1r,7xbx
3x42,0.332,7f1r,7xbx
3x43,0.338,7f1r,7xbx
3x44,0.532,7f1r,7xbx
3x45,1.089,7f1r,7xbx
3x46,0.981,7f1r,7xbx
3x47,0.715,7f1r,7xbx
3x48,1.076,7f1r,7xbx
3x49,1.304,7f1r,7xbx
3x50,1.184,7f1r,7xbx
3x51,1.188,7f1r,7xbx
3x52,1.421,7f1r,7xbx
3x53,1.475,7f1r,7xbx
3x54,1.208,7f1r,7xbx
3x55,1.289,7f1r,7xbx
3x56,2.562,7f1r,7xbx
34x50,2.864,7f1r,7xbx
34x51,4.09,7f1r,7xbx
34x52,2.78,7f1r,7xbx
34x53,3.421,7f1r,7xbx
34x54,3.11,7f1r,7xbx
34x55,3.052,7f1r,7xbx
34x56,3.499,7f1r,7xbx
34x57,3.044,7f1r,7xbx
4x38,1.864,7f1r,7xbx
4x39,1.787,7f1r,7xbx
4x40,1.321,7f1r,7xbx
4x41,1.149,7f1r,7xbx
4x42,1.391,7f1r,7xbx
4x43,1.273,7f1r,7xbx
4x44,0.787,7f1r,7xbx
4x45,0.898,7f1r,7xbx
4x46,1.186,7f1r,7xbx
4x47,1.012,7f1r,7xbx
4x48,0.826,7f1r,7xbx
4x49,0.927,7f1r,7xbx
4x50,1.046,7f1r,7xbx
4x51,0.976,7f1r,7xbx
4x52,1.145,7f1r,7xbx
4x53,0.88,7f1r,7xbx
4x54,0.796,7f1r,7xbx
4x55,0.887,7f1r,7xbx
4x56,1.024,7f1r,7xbx
4x57,1.438,7f1r,7xbx
4x59,1.41,7f1r,7xbx
4x60,1.26,7f1r,7xbx
4x61,2.761,7f1r,7xbx
4x62,3.044,7f1r,7xbx
4x63,2.659,7f1r,7xbx
4x64,1.564,7f1r,7xbx
4x65,1.613,7f1r,7xbx
ECL2.Cm6,11.582,7f1r,7xbx
ECL2.Cm5,11.831,7f1r,7xbx
ECL2.Cm4,10.639,7f1r,7xbx
ECL2.Cm3,6.157,7f1r,7xbx
ECL2.Cm2,2.288,7f1r,7xbx
ECL2.Cm1,2.104,7f1r,7xbx
45x50,2.081,7f1r,7xbx
45x51,2.304,7f1r,7xbx
45x52,3.331,7f1r,7xbx
ECL2.Cp3,4.247,7f1r,7xbx
ECL2.Cp4,2.22,7f1r,7xbx
ECL2.Cp5,2.022,7f1r,7xbx
ECL2.Cp6,3.533,7f1r,7xbx
ECL2.Cp7,1.633,7f1r,7xbx
5x31,3.731,7f1r,7xbx
5x32,3.073,7f1r,7xbx
5x33,3.149,7f1r,7xbx
5x34,3.82,7f1r,7xbx
5x35,4.085,7f1r,7xbx
5x36,3.067,7f1r,7xbx
5x37,2.678,7f1r,7xbx
5x38,2.745,7f1r,7xbx
5x39,2.639,7f1r,7xbx
5x40,2.024,7f1r,7xbx
5x41,1.814,7f1r,7xbx
5x42,1.522,7f1r,7xbx
5x43,1.337,7f1r,7xbx
5x44,0.596,7f1r,7xbx
5x45,0.834,7f1r,7xbx
5x46,0.863,7f1r,7xbx
5x461,0.994,7f1r,7xbx
5x47,1.458,7f1r,7xbx
5x48,1.917,7f1r,7xbx
5x49,1.795,7f1r,7xbx
5x50,1.032,7f1r,7xbx
5x51,0.696,7f1r,7xbx
5x52,1.162,7f1r,7xbx
5x53,1.353,7f1r,7xbx
5x54,0.836,7f1r,7xbx
5x55,1.127,7f1r,7xbx
5x56,1.296,7f1r,7xbx
5x57,1.202,7f1r,7xbx
5x58,0.685,7f1r,7xbx
5x59,1.052,7f1r,7xbx
5x60,1.255,7f1r,7xbx
5x61,0.844,7f1r,7xbx
5x62,0.563,7f1r,7xbx
5x63,1.088,7f1r,7xbx
5x64,1.373,7f1r,7xbx
5x65,1.033,7f1r,7xbx
5x66,1.253,7f1r,7xbx
5x67,4.249,7f1r,7xbx
5x68,5.092,7f1r,7xbx
ICL3,4.194,7f1r,7xbx
6x28,7.891,7f1r,7xbx
6x29,3.238,7f1r,7xbx
6x30,4.601,7f1r,7xbx
6x31,6.921,7f1r,7xbx
6x32,4.904,7f1r,7xbx
6x33,5.947,7f1r,7xbx
6x34,7.106,7f1r,7xbx
6x35,5.644,7f1r,7xbx
6x36,4.532,7f1r,7xbx
6x37,5.955,7f1r,7xbx
6x38,5.406,7f1r,7xbx
6x39,3.347,7f1r,7xbx
6x40,3.667,7f1r,7xbx
6x41,4.318,7f1r,7xbx
6x42,3.272,7f1r,7xbx
6x43,1.486,7f1r,7xbx
6x44,2.181,7f1r,7xbx
6x45,2.134,7f1r,7xbx
6x46,1.395,7f1r,7xbx
6x47,1.004,7f1r,7xbx
6x48,1.157,7f1r,7xbx
6x49,1.831,7f1r,7xbx
6x50,1.722,7f1r,7xbx
6x51,1.134,7f1r,7xbx
6x52,1.481,7f1r,7xbx
6x53,1.087,7f1r,7xbx
6x54,0.782,7f1r,7xbx
6x55,1.12,7f1r,7xbx
6x56,1.188,7f1r,7xbx
6x57,0.779,7f1r,7xbx
6x58,0.542,7f1r,7xbx
6x59,1.665,7f1r,7xbx
6x60,2.244,7f1r,7xbx
6x61,1.175,7f1r,7xbx
6x62,5.792,7f1r,7xbx
6x63,6.826,7f1r,7xbx
6x64,4.672,7f1r,7xbx
ECL3.Cm3,6.839,7f1r,7xbx
ECL3.Cm2,4.145,7f1r,7xbx
7x23,7.232,7f1r,7xbx
7x24,4.415,7f1r,7xbx
7x25,2.514,7f1r,7xbx
7x26,3.619,7f1r,7xbx
7x27,3.599,7f1r,7xbx
7x28,2.811,7f1r,7xbx
7x29,2.218,7f1r,7xbx
7x30,2.345,7f1r,7xbx
7x31,2.262,7f1r,7xbx
7x32,1.61,7f1r,7xbx
7x33,1.378,7f1r,7xbx
7x34,1.483,7f1r,7xbx
7x35,1.347,7f1r,7xbx
7x36,1.2,7f1r,7xbx
7x37,1.491,7f1r,7xbx
7x38,1.112,7f1r,7xbx
7x39,1.578,7f1r,7xbx
7x40,1.609,7f1r,7xbx
7x41,1.692,7f1r,7xbx
7x42,1.958,7f1r,7xbx
7x43,2.336,7f1r,7xbx
7x45,2.473,7f1r,7xbx
7x46,2.206,7f1r,7xbx
7x47,2.188,7f1r,7xbx
7x48,2.917,7f1r,7xbx
7x49,2.986,7f1r,7xbx
7x50,3.54,7f1r,7xbx
7x51,4.378,7f1r,7xbx
7x52,4.296,7f1r,7xbx
7x53,5.334,7f1r,7xbx
7x54,6.94,7f1r,7xbx
7x55,5.695,7f1r,7xbx
7x56,2.556,7f1r,7xbx
8x47,3.533,7f1r,7xbx
8x48,2.78,7f1r,7xbx
8x49,3.739,7f1r,7xbx
8x50,3.829,7f1r,7xbx
8x51,3.373,7f1r,7xbx
8x52,3.435,7f1r,7xbx
8x53,3.983,7f1r,7xbx
8x54,3.942,7f1r,7xbx
8x55,3.376,7f1r,7xbx
8x56,3.519,7f1r,7xbx
8x57,4.389,7f1r,7xbx
8x58,3.918,7f1r,7xbx
1x35,4.716,7f1r,4rws
1x36,2.227,7f1r,4rws
1x37,1.83,7f1r,4rws
1x38,3.493,7f1r,4rws
1x39,2.989,7f1r,4rws
1x40,1.108,7f1r,4rws
1x41,1.222,7f1r,4rws
1x42,2.462,7f1r,4rws
1x43,2.358,7f1r,4rws
1x44,1.228,7f1r,4rws
1x45,1.104,7f1r,4rws
1x46,2.025,7f1r,4rws
1x47,2.027,7f1r,4rws
1x48,1.989,7f1r,4rws
1x49,2.008,7f1r,4rws
1x50,1.256,7f1r,4rws
1x51,1.778,7f1r,4rws
1x52,1.913,7f1r,4rws
1x53,1.701,7f1r,4rws
1x54,1.129,7f1r,4rws
1x55,1.354,7f1r,4rws
1x56,1.289,7f1r,4rws
1x57,1.47,7f1r,4rws
1x58,2.641,7f1r,4rws
1x59,3.078,7f1r,4rws
1x60,3.584,7f1r,4rws
2x37,5.841,7f1r,4rws
2x38,5.476,7f1r,4rws
2x39,4.29,7f1r,4rws
2x40,3.981,7f1r,4rws
2x41,3.574,7f1r,4rws
2x42,2.315,7f1r,4rws
2x43,1.777,7f1r,4rws
2x44,1.153,7f1r,4rws
2x45,1.55,7f1r,4rws
2x46,1.082,7f1r,4rws
2x47,0.996,7f1r,4rws
2x48,1.156,7f1r,4rws
2x49,0.921,7f1r,4rws
2x50,0.94,7f1r,4rws
2x51,1.42,7f1r,4rws
2x52,2.577,7f1r,4rws
2x53,2.863,7f1r,4rws
2x54,2.489,7f1r,4rws
2x55,2.314,7f1r,4rws
2x56,1.755,7f1r,4rws
2x57,1.742,7f1r,4rws
2x58,0.633,7f1r,4rws
2x59,2.069,7f1r,4rws
2x60,2.947,7f1r,4rws
2x61,3.681,7f1r,4rws
2x62,4.901,7f1r,4rws
2x63,5.829,7f1r,4rws
2x64,7.599,7f1r,4rws
2x65,7.788,7f1r,4rws
2x66,7.769,7f1r,4rws
3x21,1.1,7f1r,4rws
3x22,1.692,7f1r,4rws
3x23,2.639,7f1r,4rws
3x24,1.783,7f1r,4rws
3x25,0.743,7f1r,4rws
3x26,1.73,7f1r,4rws
3x27,1.677,7f1r,4rws
3x28,0.99,7f1r,4rws
3x29,1.409,7f1r,4rws
3x30,1.549,7f1r,4rws
3x31,1.163,7f1r,4rws
3x32,1.268,7f1r,4rws
3x33,1.677,7f1r,4rws
3x34,1.281,7f1r,4rws
3x35,1.439,7f1r,4rws
3x36,1.612,7f1r,4rws
3x37,1.349,7f1r,4rws
3x38,1.082,7f1r,4rws
3x39,1.057,7f1r,4rws
3x40,1.152,7f1r,4rws
3x41,1.479,7f1r,4rws
3x42,1.282,7f1r,4rws
3x43,1.408,7f1r,4rws
3x44,1.195,7f1r,4rws
3x45,1.474,7f1r,4rws
3x46,1.717,7f1r,4rws
3x47,1.581,7f1r,4rws
3x48,1.389,7f1r,4rws
3x49,1.797,7f1r,4rws
3x50,2.09,7f1r,4rws
3x51,1.662,7f1r,4rws
3x52,1.946,7f1r,4rws
3x53,2.367,7f1r,4rws
3x54,2.328,7f1r,4rws
3x55,2.01,7f1r,4rws
3x56,2.437,7f1r,4rws
34x50,2.765,7f1r,4rws
34x51,4.426,7f1r,4rws
34x52,4.371,7f1r,4rws
34x53,2.588,7f1r,4rws
34x54,1.132,7f1r,4rws
34x55,2.287,7f1r,4rws
34x56,2.979,7f1r,4rws
34x57,3.596,7f1r,4rws
4x38,3.5,7f1r,4rws
4x39,6.352,7f1r,4rws
4x40,8.682,7f1r,4rws
4x41,6.267,7f1r,4rws
4x42,2.239,7f1r,4rws
4x43,3.864,7f1r,4rws
4x44,4.899,7f1r,4rws
4x45,2.668,7f1r,4rws
4x46,1.814,7f1r,4rws
4x47,4.727,7f1r,4rws
4x48,4.388,7f1r,4rws
4x49,1.769,7f1r,4rws
4x50,1.746,7f1r,4rws
4x51,2.215,7f1r,4rws
4x52,0.705,7f1r,4rws
4x53,1.043,7f1r,4rws
4x54,2.182,7f1r,4rws
4x55,1.987,7f1r,4rws
4x56,2.15,7f1r,4rws
4x57,3.149,7f1r,4rws
4x59,2.275,7f1r,4rws
4x60,2.422,7f1r,4rws
4x61,3.967,7f1r,4rws
4x62,3.488,7f1r,4rws
4x63,1.694,7f1r,4rws
4x64,2.04,7f1r,4rws
4x65,2.678,7f1r,4rws
ECL2.Cm10,2.257,7f1r,4rws
ECL2.Cm9,0.624,7f1r,4rws
ECL2.Cm8,0.316,7f1r,4rws
ECL2.Cm7,2.951,7f1r,4rws
ECL2.Cm6,4.162,7f1r,4rws
ECL2.Cm5,5.832,7f1r,4rws
ECL2.Cm4,6.285,7f1r,4rws
ECL2.Cm3,4.218,7f1r,4rws
ECL2.Cm2,3.757,7f1r,4rws
ECL2.Cm1,2.502,7f1r,4rws
45x50,1.797,7f1r,4rws
45x51,2.59,7f1r,4rws
45x52,2.598,7f1r,4rws
ECL2.Cp3,1.798,7f1r,4rws
ECL2.Cp4,1.787,7f1r,4rws
ECL2.Cp5,0.992,7f1r,4rws
ECL2.Cp6,1.464,7f1r,4rws
5x33,3.717,7f1r,4rws
5x34,3.272,7f1r,4rws
5x35,2.685,7f1r,4rws
5x36,2.42,7f1r,4rws
5x37,2.384,7f1r,4rws
5x38,1.906,7f1r,4rws
5x39,1.723,7f1r,4rws
5x40,1.95,7f1r,4rws
5x41,1.71,7f1r,4rws
5x42,1.729,7f1r,4rws
5x43,1.473,7f1r,4rws
5x44,1.906,7f1r,4rws
5x45,2.343,7f1r,4rws
5x46,2.823,7f1r,4rws
5x461,3.169,7f1r,4rws
5x47,2.697,7f1r,4rws
5x48,1.803,7f1r,4rws
5x49,2.119,7f1r,4rws
5x50,2.504,7f1r,4rws
5x51,2.393,7f1r,4rws
5x52,1.906,7f1r,4rws
5x53,1.531,7f1r,4rws
5x54,1.541,7f1r,4rws
5x55,2.092,7f1r,4rws
5x56,2.047,7f1r,4rws
5x57,1.772,7f1r,4rws
5x58,2.128,7f1r,4rws
5x59,2.935,7f1r,4rws
5x60,3.251,7f1r,4rws
5x61,2.98,7f1r,4rws
5x62,2.9,7f1r,4rws
5x63,3.809,7f1r,4rws
5x64,4.057,7f1r,4rws
5x65,4.137,7f1r,4rws
5x66,4.932,7f1r,4rws
5x67,7.6,7f1r,4rws
ICL3,14.139,7f1r,4rws
6x30,12.628,7f1r,4rws
6x31,13.115,7f1r,4rws
6x32,11.229,7f1r,4rws
6x33,5.732,7f1r,4rws
6x34,6.065,7f1r,4rws
6x35,5.545,7f1r,4rws
6x36,5.068,7f1r,4rws
6x37,5.493,7f1r,4rws
6x38,4.973,7f1r,4rws
6x39,3.742,7f1r,4rws
6x40,4.075,7f1r,4rws
6x41,4.637,7f1r,4rws
6x42,3.521,7f1r,4rws
6x43,2.445,7f1r,4rws
6x44,3.21,7f1r,4rws
6x45,3.221,7f1r,4rws
6x46,2.461,7f1r,4rws
6x47,2.183,7f1r,4rws
6x48,2.177,7f1r,4rws
6x49,3.138,7f1r,4rws
6x50,3.354,7f1r,4rws
6x51,2.669,7f1r,4rws
6x52,2.885,7f1r,4rws
6x53,3.429,7f1r,4rws
6x54,2.652,7f1r,4rws
6x55,2.492,7f1r,4rws
6x56,3.443,7f1r,4rws
6x57,3.356,7f1r,4rws
6x58,2.487,7f1r,4rws
6x59,3.634,7f1r,4rws
6x60,5.076,7f1r,4rws
6x61,3.271,7f1r,4rws
6x62,5.504,7f1r,4rws
6x63,6.311,7f1r,4rws
6x64,5.685,7f1r,4rws
ECL3.Cm3,3.618,7f1r,4rws
ECL3.Cm2,4.058,7f1r,4rws
7x23,5.731,7f1r,4rws
7x24,2.838,7f1r,4rws
7x25,2.402,7f1r,4rws
7x26,3.544,7f1r,4rws
7x27,2.999,7f1r,4rws
7x28,1.736,7f1r,4rws
7x29,1.575,7f1r,4rws
7x30,2.011,7f1r,4rws
7x31,1.792,7f1r,4rws
7x32,1.697,7f1r,4rws
7x33,1.862,7f1r,4rws
7x34,1.481,7f1r,4rws
7x35,2.176,7f1r,4rws
7x36,2.953,7f1r,4rws
7x37,2.604,7f1r,4rws
7x38,1.631,7f1r,4rws
7x39,2.41,7f1r,4rws
7x40,3.041,7f1r,4rws
7x41,1.989,7f1r,4rws
7x42,0.834,7f1r,4rws
7x43,1.128,7f1r,4rws
7x45,2.199,7f1r,4rws
7x46,2.747,7f1r,4rws
7x47,1.611,7f1r,4rws
7x48,0.589,7f1r,4rws
7x49,2.98,7f1r,4rws
7x50,4.022,7f1r,4rws
7x51,3.909,7f1r,4rws
7x52,3.747,7f1r,4rws
7x53,7.891,7f1r,4rws
7x54,9.502,7f1r,4rws
1x35,5.942,7f1r,4xt1
1x36,3.281,7f1r,4xt1
1x37,3.222,7f1r,4xt1
1x38,4.314,7f1r,4xt1
1x39,3.571,7f1r,4xt1
1x40,0.981,7f1r,4xt1
1x41,2.295,7f1r,4xt1
1x42,3.17,7f1r,4xt1
1x43,2.15,7f1r,4xt1
1x44,0.106,7f1r,4xt1
1x45,0.849,7f1r,4xt1
1x46,1.048,7f1r,4xt1
1x47,0.917,7f1r,4xt1
1x48,0.425,7f1r,4xt1
1x49,0.257,7f1r,4xt1
1x50,0.689,7f1r,4xt1
1x51,0.673,7f1r,4xt1
1x52,0.8,7f1r,4xt1
1x53,0.512,7f1r,4xt1
1x54,0.991,7f1r,4xt1
1x55,1.147,7f1r,4xt1
1x56,1.134,7f1r,4xt1
1x57,0.906,7f1r,4xt1
1x58,0.836,7f1r,4xt1
1x59,1.224,7f1r,4xt1
1x60,3.107,7f1r,4xt1
12x48,3.056,7f1r,4xt1
12x49,0.996,7f1r,4xt1
12x50,1.119,7f1r,4xt1
12x51,2.501,7f1r,4xt1
2x37,1.764,7f1r,4xt1
2x38,1.613,7f1r,4xt1
2x39,1.039,7f1r,4xt1
2x40,0.626,7f1r,4xt1
2x41,1.132,7f1r,4xt1
2x42,0.438,7f1r,4xt1
2x43,0.424,7f1r,4xt1
2x44,0.229,7f1r,4xt1
2x45,0.549,7f1r,4xt1
2x46,0.431,7f1r,4xt1
2x47,0.54,7f1r,4xt1
2x48,0.688,7f1r,4xt1
2x49,0.419,7f1r,4xt1
2x50,0.603,7f1r,4xt1
2x51,1.128,7f1r,4xt1
2x52,1.782,7f1r,4xt1
2x53,1.659,7f1r,4xt1
2x54,0.932,7f1r,4xt1
2x55,1.079,7f1r,4xt1
2x56,1.216,7f1r,4xt1
2x57,1.313,7f1r,4xt1
2x58,0.503,7f1r,4xt1
2x59,0.484,7f1r,4xt1
2x60,0.983,7f1r,4xt1
2x61,1.989,7f1r,4xt1
2x62,1.938,7f1r,4xt1
2x63,2.853,7f1r,4xt1
2x64,4.107,7f1r,4xt1
2x65,4.21,7f1r,4xt1
2x66,4.355,7f1r,4xt1
3x22,9.416,7f1r,4xt1
3x23,8.607,7f1r,4xt1
3x24,1.477,7f1r,4xt1
3x25,0.647,7f1r,4xt1
3x26,0.463,7f1r,4xt1
3x27,0.739,7f1r,4xt1
3x28,0.536,7f1r,4xt1
3x29,0.499,7f1r,4xt1
3x30,0.664,7f1r,4xt1
3x31,0.499,7f1r,4xt1
3x32,0.635,7f1r,4xt1
3x33,0.505,7f1r,4xt1
3x34,0.486,7f1r,4xt1
3x35,0.466,7f1r,4xt1
3x36,0.722,7f1r,4xt1
3x37,0.67,7f1r,4xt1
3x38,0.351,7f1r,4xt1
3x39,0.452,7f1r,4xt1
3x40,0.461,7f1r,4xt1
3x41,0.534,7f1r,4xt1
3x42,0.199,7f1r,4xt1
3x43,0.308,7f1r,4xt1
3x44,0.475,7f1r,4xt1
3x45,0.394,7f1r,4xt1
3x46,0.415,7f1r,4xt1
3x47,0.591,7f1r,4xt1
3x48,0.807,7f1r,4xt1
3x49,1.355,7f1r,4xt1
3x50,1.523,7f1r,4xt1
3x51,1.394,7f1r,4xt1
3x52,2.123,7f1r,4xt1
3x53,2.428,7f1r,4xt1
3x54,1.908,7f1r,4xt1
3x55,1.739,7f1r,4xt1
4x38,1.169,7f1r,4xt1
4x39,1.278,7f1r,4xt1
4x40,1.554,7f1r,4xt1
4x41,0.811,7f1r,4xt1
4x42,0.525,7f1r,4xt1
4x43,0.92,7f1r,4xt1
4x44,0.92,7f1r,4xt1
4x45,0.474,7f1r,4xt1
4x46,0.55,7f1r,4xt1
4x47,0.525,7f1r,4xt1
4x48,0.584,7f1r,4xt1
4x49,0.462,7f1r,4xt1
4x50,0.625,7f1r,4xt1
4x51,0.633,7f1r,4xt1
4x52,0.91,7f1r,4xt1
4x53,0.867,7f1r,4xt1
4x54,0.635,7f1r,4xt1
4x55,0.667,7f1r,4xt1
4x56,0.876,7f1r,4xt1
4x57,1.184,7f1r,4xt1
4x59,1.526,7f1r,4xt1
4x60,2.086,7f1r,4xt1
4x61,2.491,7f1r,4xt1
4x62,3.126,7f1r,4xt1
4x63,2.614,7f1r,4xt1
ECL2.Cm8,10.657,7f1r,4xt1
ECL2.Cm7,11.028,7f1r,4xt1
ECL2.Cm6,11.703,7f1r,4xt1
ECL2.Cm5,11.268,7f1r,4xt1
ECL2.Cm4,10.766,7f1r,4xt1
ECL2.Cm3,7.875,7f1r,4xt1
ECL2.Cm2,3.749,7f1r,4xt1
ECL2.Cm1,2.6,7f1r,4xt1
45x50,1.509,7f1r,4xt1
45x51,2.404,7f1r,4xt1
45x52,2.8,7f1r,4xt1
ECL2.Cp3,3.27,7f1r,4xt1
ECL2.Cp4,4.286,7f1r,4xt1
ECL2.Cp5,6.314,7f1r,4xt1
ECL2.Cp6,4.512,7f1r,4xt1
ECL2.Cp7,4.894,7f1r,4xt1
5x34,3.114,7f1r,4xt1
5x35,3.201,7f1r,4xt1
5x36,3.054,7f1r,4xt1
5x37,2.924,7f1r,4xt1
5x38,2.634,7f1r,4xt1
5x39,2.527,7f1r,4xt1
5x40,2.213,7f1r,4xt1
5x41,2.142,7f1r,4xt1
5x42,1.777,7f1r,4xt1
5x43,1.593,7f1r,4xt1
5x44,1.251,7f1r,4xt1
5x45,1.28,7f1r,4xt1
5x46,1.318,7f1r,4xt1
5x461,1.392,7f1r,4xt1
5x47,1.92,7f1r,4xt1
5x48,2.076,7f1r,4xt1
5x49,1.462,7f1r,4xt1
5x50,1.065,7f1r,4xt1
5x51,1.673,7f1r,4xt1
5x52,1.828,7f1r,4xt1
5x53,1.184,7f1r,4xt1
5x54,1.098,7f1r,4xt1
5x55,1.899,7f1r,4xt1
5x56,1.858,7f1r,4xt1
5x57,1.076,7f1r,4xt1
5x58,1.116,7f1r,4xt1
5x59,2.013,7f1r,4xt1
5x60,1.829,7f1r,4xt1
5x61,0.863,7f1r,4xt1
5x62,1.705,7f1r,4xt1
5x63,2.438,7f1r,4xt1
5x64,1.66,7f1r,4xt1
5x65,0.511,7f1r,4xt1
5x66,1.934,7f1r,4xt1
5x67,2.348,7f1r,4xt1
5x68,2.873,7f1r,4xt1
ICL3,3.048,7f1r,4xt1
6x29,2.761,7f1r,4xt1
6x30,2.418,7f1r,4xt1
6x31,2.52,7f1r,4xt1
6x32,2.158,7f1r,4xt1
6x33,2.153,7f1r,4xt1
6x34,1.891,7f1r,4xt1
6x35,2.095,7f1r,4xt1
6x36,2.108,7f1r,4xt1
6x37,1.807,7f1r,4xt1
6x38,1.734,7f1r,4xt1
6x39,1.831,7f1r,4xt1
6x40,1.442,7f1r,4xt1
6x41,0.689,7f1r,4xt1
6x42,1.268,7f1r,4xt1
6x43,1.081,7f1r,4xt1
6x44,0.532,7f1r,4xt1
6x45,1.042,7f1r,4xt1
6x46,1.426,7f1r,4xt1
6x47,1.081,7f1r,4xt1
6x48,1.256,7f1r,4xt1
6x49,1.831,7f1r,4xt1
6x50,1.934,7f1r,4xt1
6x51,1.693,7f1r,4xt1
6x52,1.629,7f1r,4xt1
6x53,1.592,7f1r,4xt1
6x54,1.491,7f1r,4xt1
6x55,1.53,7f1r,4xt1
6x56,1.933,7f1r,4xt1
6x57,1.494,7f1r,4xt1
6x58,1.131,7f1r,4xt1
6x59,2.3,7f1r,4xt1
6x60,2.964,7f1r,4xt1
6x61,0.825,7f1r,4xt1
6x62,6.192,7f1r,4xt1
6x63,8.333,7f1r,4xt1
6x64,7.615,7f1r,4xt1
ECL3.Cm3,4.688,7f1r,4xt1
ECL3.Cm2,3.658,7f1r,4xt1
7x23,5.366,7f1r,4xt1
7x24,3.574,7f1r,4xt1
7x25,1.641,7f1r,4xt1
7x26,2.551,7f1r,4xt1
7x27,2.751,7f1r,4xt1
7x28,2.545,7f1r,4xt1
7x29,1.888,7f1r,4xt1
7x30,2.011,7f1r,4xt1
7x31,2.379,7f1r,4xt1
7x32,1.831,7f1r,4xt1
7x33,1.487,7f1r,4xt1
7x34,1.777,7f1r,4xt1
7x35,1.98,7f1r,4xt1
7x36,1.87,7f1r,4xt1
7x37,1.974,7f1r,4xt1
7x38,1.805,7f1r,4xt1
7x39,1.442,7f1r,4xt1
7x40,1.486,7f1r,4xt1
7x41,1.487,7f1r,4xt1
7x42,1.135,7f1r,4xt1
7x43,0.547,7f1r,4xt1
7x45,0.484,7f1r,4xt1
7x46,0.817,7f1r,4xt1
7x47,0.762,7f1r,4xt1
7x48,0.485,7f1r,4xt1
7x49,0.749,7f1r,4xt1
7x50,1.131,7f1r,4xt1
7x51,1.024,7f1r,4xt1
7x52,0.98,7f1r,4xt1
7x53,0.969,7f1r,4xt1
7x54,1.105,7f1r,4xt1
7x55,1.386,7f1r,4xt1
7x56,1.241,7f1r,4xt1
8x47,1.129,7f1r,4xt1
8x48,1.264,7f1r,4xt1
8x49,1.473,7f1r,4xt1
8x50,1.245,7f1r,4xt1
8x51,0.182,7f1r,4xt1
8x52,0.42,7f1r,4xt1
8x53,0.389,7f1r,4xt1
8x54,0.291,7f1r,4xt1
8x55,0.769,7f1r,4xt1
8x56,0.895,7f1r,4xt1
8x57,0.76,7f1r,4xt1
8x58,0.961,7f1r,4xt1
8x59,1.333,7f1r,4xt1
1x35,5.654,7f1r,5wb2
1x36,3.09,7f1r,5wb2
1x37,2.854,7f1r,5wb2
1x38,4.018,7f1r,5wb2
1x39,3.388,7f1r,5wb2
1x40,0.823,7f1r,5wb2
1x41,2.153,7f1r,5wb2
1x42,3.122,7f1r,5wb2
1x43,2.12,7f1r,5wb2
1x44,0.19,7f1r,5wb2
1x45,0.973,7f1r,5wb2
1x46,1.222,7f1r,5wb2
1x47,0.957,7f1r,5wb2
1x48,0.416,7f1r,5wb2
1x49,0.225,7f1r,5wb2
1x50,0.654,7f1r,5wb2
1x51,0.696,7f1r,5wb2
1x52,0.859,7f1r,5wb2
1x53,0.548,7f1r,5wb2
1x54,1.084,7f1r,5wb2
1x55,1.301,7f1r,5wb2
1x56,1.301,7f1r,5wb2
1x57,1.036,7f1r,5wb2
1x58,0.94,7f1r,5wb2
1x59,0.768,7f1r,5wb2
1x60,4.238,7f1r,5wb2
12x48,3.767,7f1r,5wb2
12x49,2.11,7f1r,5wb2
12x50,1.783,7f1r,5wb2
12x51,2.916,7f1r,5wb2
2x37,1.807,7f1r,5wb2
2x38,1.563,7f1r,5wb2
2x39,1.262,7f1r,5wb2
2x40,0.856,7f1r,5wb2
2x41,1.232,7f1r,5wb2
2x42,0.423,7f1r,5wb2
2x43,0.538,7f1r,5wb2
2x44,0.265,7f1r,5wb2
2x45,0.542,7f1r,5wb2
2x46,0.409,7f1r,5wb2
2x47,0.524,7f1r,5wb2
2x48,0.726,7f1r,5wb2
2x49,0.512,7f1r,5wb2
2x50,0.82,7f1r,5wb2
2x51,1.342,7f1r,5wb2
2x52,2.001,7f1r,5wb2
2x53,2.115,7f1r,5wb2
2x54,1.733,7f1r,5wb2
2x55,1.846,7f1r,5wb2
2x56,1.921,7f1r,5wb2
2x57,1.863,7f1r,5wb2
2x58,1.048,7f1r,5wb2
2x59,0.706,7f1r,5wb2
2x60,1.089,7f1r,5wb2
2x61,1.966,7f1r,5wb2
2x62,1.896,7f1r,5wb2
2x63,3.048,7f1r,5wb2
2x64,4.408,7f1r,5wb2
2x65,4.26,7f1r,5wb2
2x66,4.497,7f1r,5wb2
3x21,2.145,7f1r,5wb2
3x22,1.713,7f1r,5wb2
3x23,2.064,7f1r,5wb2
3x24,1.026,7f1r,5wb2
3x25,0.818,7f1r,5wb2
3x26,0.758,7f1r,5wb2
3x27,0.893,7f1r,5wb2
3x28,0.843,7f1r,5wb2
3x29,0.834,7f1r,5wb2
3x30,1.141,7f1r,5wb2
3x31,0.714,7f1r,5wb2
3x32,0.231,7f1r,5wb2
3x33,0.661,7f1r,5wb2
3x34,0.967,7f1r,5wb2
3x35,0.684,7f1r,5wb2
3x36,0.729,7f1r,5wb2
3x37,0.371,7f1r,5wb2
3x38,0.35,7f1r,5wb2
3x39,0.404,7f1r,5wb2
3x40,0.432,7f1r,5wb2
3x41,0.636,7f1r,5wb2
3x42,0.434,7f1r,5wb2
3x43,0.392,7f1r,5wb2
3x44,0.35,7f1r,5wb2
3x45,0.126,7f1r,5wb2
3x46,0.427,7f1r,5wb2
3x47,0.713,7f1r,5wb2
3x48,0.842,7f1r,5wb2
3x49,1.205,7f1r,5wb2
3x50,1.428,7f1r,5wb2
3x51,1.444,7f1r,5wb2
3x52,2.036,7f1r,5wb2
3x53,2.311,7f1r,5wb2
3x54,1.98,7f1r,5wb2
3x55,2.029,7f1r,5wb2
4x38,1.897,7f1r,5wb2
4x39,2.08,7f1r,5wb2
4x40,2.481,7f1r,5wb2
4x41,1.66,7f1r,5wb2
4x42,1.192,7f1r,5wb2
4x43,1.635,7f1r,5wb2
4x44,1.757,7f1r,5wb2
4x45,1.106,7f1r,5wb2
4x46,1.005,7f1r,5wb2
4x47,1.165,7f1r,5wb2
4x48,1.178,7f1r,5wb2
4x49,0.823,7f1r,5wb2
4x50,1.021,7f1r,5wb2
4x51,1.185,7f1r,5wb2
4x52,1.262,7f1r,5wb2
4x53,1.108,7f1r,5wb2
4x54,0.817,7f1r,5wb2
4x55,1.08,7f1r,5wb2
4x56,1.146,7f1r,5wb2
4x57,0.821,7f1r,5wb2
4x59,0.58,7f1r,5wb2
4x60,0.938,7f1r,5wb2
4x61,2.26,7f1r,5wb2
4x62,3.236,7f1r,5wb2
4x63,3.139,7f1r,5wb2
ECL2.Cm8,10.836,7f1r,5wb2
ECL2.Cm7,11.135,7f1r,5wb2
ECL2.Cm6,11.037,7f1r,5wb2
ECL2.Cm5,9.866,7f1r,5wb2
ECL2.Cm4,11.197,7f1r,5wb2
ECL2.Cm3,8.74,7f1r,5wb2
ECL2.Cm2,4.312,7f1r,5wb2
ECL2.Cm1,1.817,7f1r,5wb2
45x50,1.107,7f1r,5wb2
45x51,0.691,7f1r,5wb2
45x52,0.996,7f1r,5wb2
ECL2.Cp3,1.837,7f1r,5wb2
ECL2.Cp4,3.746,7f1r,5wb2
ECL2.Cp5,5.534,7f1r,5wb2
ECL2.Cp6,5.271,7f1r,5wb2
ECL2.Cp7,5.255,7f1r,5wb2
5x34,3.406,7f1r,5wb2
5x35,3.021,7f1r,5wb2
5x36,2.829,7f1r,5wb2
5x37,3.012,7f1r,5wb2
5x38,2.713,7f1r,5wb2
5x39,2.304,7f1r,5wb2
5x40,2.051,7f1r,5wb2
5x41,2.289,7f1r,5wb2
5x42,1.903,7f1r,5wb2
5x43,1.33,7f1r,5wb2
5x44,1.206,7f1r,5wb2
5x45,1.445,7f1r,5wb2
5x46,1.886,7f1r,5wb2
5x461,1.762,7f1r,5wb2
5x47,1.929,7f1r,5wb2
5x48,1.878,7f1r,5wb2
5x49,1.51,7f1r,5wb2
5x50,1.453,7f1r,5wb2
5x51,1.748,7f1r,5wb2
5x52,1.703,7f1r,5wb2
5x53,1.202,7f1r,5wb2
5x54,1.415,7f1r,5wb2
5x55,2.065,7f1r,5wb2
5x56,1.896,7f1r,5wb2
5x57,1.244,7f1r,5wb2
5x58,1.328,7f1r,5wb2
5x59,2.143,7f1r,5wb2
5x60,2.063,7f1r,5wb2
5x61,1.214,7f1r,5wb2
5x62,1.723,7f1r,5wb2
5x63,2.583,7f1r,5wb2
5x64,2.076,7f1r,5wb2
5x65,0.753,7f1r,5wb2
5x66,1.926,7f1r,5wb2
5x67,2.902,7f1r,5wb2
5x68,3.131,7f1r,5wb2
6x29,2.02,7f1r,5wb2
6x30,1.822,7f1r,5wb2
6x31,1.8,7f1r,5wb2
6x32,1.725,7f1r,5wb2
6x33,1.771,7f1r,5wb2
6x34,1.456,7f1r,5wb2
6x35,1.822,7f1r,5wb2
6x36,1.976,7f1r,5wb2
6x37,1.702,7f1r,5wb2
6x38,1.659,7f1r,5wb2
6x39,1.895,7f1r,5wb2
6x40,1.683,7f1r,5wb2
6x41,1.058,7f1r,5wb2
6x42,1.331,7f1r,5wb2
6x43,1.315,7f1r,5wb2
6x44,0.794,7f1r,5wb2
6x45,0.911,7f1r,5wb2
6x46,1.252,7f1r,5wb2
6x47,0.938,7f1r,5wb2
6x48,0.992,7f1r,5wb2
6x49,1.5,7f1r,5wb2
6x50,1.768,7f1r,5wb2
6x51,1.424,7f1r,5wb2
6x52,1.435,7f1r,5wb2
6x53,1.498,7f1r,5wb2
6x54,1.364,7f1r,5wb2
6x55,1.463,7f1r,5wb2
6x56,2.02,7f1r,5wb2
6x57,1.851,7f1r,5wb2
6x58,1.308,7f1r,5wb2
6x59,2.427,7f1r,5wb2
6x60,3.536,7f1r,5wb2
6x61,1.709,7f1r,5wb2
6x62,5.765,7f1r,5wb2
6x63,7.476,7f1r,5wb2
6x64,6.551,7f1r,5wb2
ECL3.Cm3,5.206,7f1r,5wb2
ECL3.Cm2,3.857,7f1r,5wb2
7x23,5.998,7f1r,5wb2
7x24,3.634,7f1r,5wb2
7x25,2.143,7f1r,5wb2
7x26,3.066,7f1r,5wb2
7x27,2.807,7f1r,5wb2
7x28,2.482,7f1r,5wb2
7x29,1.924,7f1r,5wb2
7x30,2.027,7f1r,5wb2
7x31,2.236,7f1r,5wb2
7x32,1.571,7f1r,5wb2
7x33,1.383,7f1r,5wb2
7x34,1.578,7f1r,5wb2
7x35,1.824,7f1r,5wb2
7x36,1.887,7f1r,5wb2
7x37,1.887,7f1r,5wb2
7x38,1.711,7f1r,5wb2
7x39,1.412,7f1r,5wb2
7x40,1.513,7f1r,5wb2
7x41,1.361,7f1r,5wb2
7x42,1.089,7f1r,5wb2
7x43,0.814,7f1r,5wb2
7x45,0.965,7f1r,5wb2
7x46,1.013,7f1r,5wb2
7x47,0.614,7f1r,5wb2
7x48,0.468,7f1r,5wb2
7x49,0.838,7f1r,5wb2
7x50,1.05,7f1r,5wb2
7x51,0.965,7f1r,5wb2
7x52,1.049,7f1r,5wb2
7x53,0.871,7f1r,5wb2
7x54,0.962,7f1r,5wb2
7x55,1.067,7f1r,5wb2
7x56,0.954,7f1r,5wb2
8x47,0.703,7f1r,5wb2
8x48,0.82,7f1r,5wb2
8x49,0.959,7f1r,5wb2
8x50,0.981,7f1r,5wb2
8x51,0.292,7f1r,5wb2
8x52,0.542,7f1r,5wb2
8x53,0.601,7f1r,5wb2
8x54,0.26,7f1r,5wb2
8x55,0.207,7f1r,5wb2
8x56,0.539,7f1r,5wb2
8x57,0.699,7f1r,5wb2
8x58,0.96,7f1r,5wb2
8x59,1.818,7f1r,5wb2
NTr.Cm7,3.888,zheng,7vl9
NTr.Cm6,1.062,zheng,7vl9
NTr.Cm5,1.509,zheng,7vl9
NTr.Cm4,2.919,zheng,7vl9
NTr.Cm3,1.299,zheng,7vl9
NTr.Cm2,1.357,zheng,7vl9
NTr.Cm1,1.129,zheng,7vl9
1x22,1.507,zheng,7vl9
1x23,1.678,zheng,7vl9
1x24,1.318,zheng,7vl9
1x25,0.56,zheng,7vl9
1x26,0.807,zheng,7vl9
1x27,1.539,zheng,7vl9
1x28,0.716,zheng,7vl9
1x29,1.417,zheng,7vl9
1x30,1.963,zheng,7vl9
1x31,1.657,zheng,7vl9
1x32,1.77,zheng,7vl9
1x33,3.288,zheng,7vl9
1x34,2.602,zheng,7vl9
1x35,2.028,zheng,7vl9
1x36,1.969,zheng,7vl9
1x37,2.541,zheng,7vl9
1x38,2.269,zheng,7vl9
1x39,1.582,zheng,7vl9
1x40,2.095,zheng,7vl9
1x41,2.036,zheng,7vl9
1x42,2.016,zheng,7vl9
1x43,1.952,zheng,7vl9
1x44,1.703,zheng,7vl9
1x45,1.602,zheng,7vl9
1x46,1.417,zheng,7vl9
1x47,1.281,zheng,7vl9
1x48,2.001,zheng,7vl9
1x49,1.486,zheng,7vl9
1x50,0.547,zheng,7vl9
1x51,0.744,zheng,7vl9
1x52,0.551,zheng,7vl9
1x53,0.541,zheng,7vl9
1x54,0.731,zheng,7vl9
1x55,0.759,zheng,7vl9
1x56,0.543,zheng,7vl9
1x57,1.55,zheng,7vl9
1x58,1.707,zheng,7vl9
1x59,0.925,zheng,7vl9
1x60,4.299,zheng,7vl9
12x48,7.31,zheng,7vl9
12x49,4.424,zheng,7vl9
12x50,4.512,zheng,7vl9
12x51,2.332,zheng,7vl9
2x37,1.896,zheng,7vl9
2x38,1.056,zheng,7vl9
2x39,1.073,zheng,7vl9
2x40,1.401,zheng,7vl9
2x41,1.234,zheng,7vl9
2x42,0.813,zheng,7vl9
2x43,0.867,zheng,7vl9
2x44,0.841,zheng,7vl9
2x45,0.693,zheng,7vl9
2x46,0.587,zheng,7vl9
2x47,0.595,zheng,7vl9
2x48,0.615,zheng,7vl9
2x49,0.463,zheng,7vl9
2x50,0.393,zheng,7vl9
2x51,0.289,zheng,7vl9
2x52,0.113,zheng,7vl9
2x53,0.718,zheng,7vl9
2x54,0.935,zheng,7vl9
2x55,0.77,zheng,7vl9
2x56,0.684,zheng,7vl9
2x57,0.951,zheng,7vl9
2x58,0.483,zheng,7vl9
2x59,0.405,zheng,7vl9
2x60,0.909,zheng,7vl9
2x61,0.906,zheng,7vl9
2x62,0.474,zheng,7vl9
2x63,0.79,zheng,7vl9
2x64,0.674,zheng,7vl9
2x65,0.717,zheng,7vl9
2x66,0.937,zheng,7vl9
23x49,1.666,zheng,7vl9
23x50,1.196,zheng,7vl9
23x51,0.984,zheng,7vl9
23x52,0.77,zheng,7vl9
3x21,1.493,zheng,7vl9
3x22,1.05,zheng,7vl9
3x23,0.623,zheng,7vl9
3x24,0.353,zheng,7vl9
3x25,0.398,zheng,7vl9
3x26,1.055,zheng,7vl9
3x27,0.325,zheng,7vl9
3x28,0.613,zheng,7vl9
3x29,0.866,zheng,7vl9
3x30,0.548,zheng,7vl9
3x31,0.671,zheng,7vl9
3x32,0.758,zheng,7vl9
3x33,0.958,zheng,7vl9
3x34,0.755,zheng,7vl9
3x35,0.803,zheng,7vl9
3x36,0.547,zheng,7vl9
3x37,0.419,zheng,7vl9
3x38,0.356,zheng,7vl9
3x39,0.252,zheng,7vl9
3x40,0.583,zheng,7vl9
3x41,0.416,zheng,7vl9
3x42,0.498,zheng,7vl9
3x43,0.353,zheng,7vl9
3x44,0.61,zheng,7vl9
3x45,0.652,zheng,7vl9
3x46,0.824,zheng,7vl9
3x47,0.801,zheng,7vl9
3x48,0.886,zheng,7vl9
3x49,0.989,zheng,7vl9
3x50,0.992,zheng,7vl9
3x51,0.991,zheng,7vl9
3x52,1.531,zheng,7vl9
3x53,1.819,zheng,7vl9
3x54,2.116,zheng,7vl9
3x55,1.961,zheng,7vl9
3x56,2.121,zheng,7vl9
34x50,2.544,zheng,7vl9
34x51,2.99,zheng,7vl9
34x52,2.581,zheng,7vl9
34x53,2.298,zheng,7vl9
34x54,2.311,zheng,7vl9
34x55,1.455,zheng,7vl9
34x56,1.645,zheng,7vl9
34x57,1.32,zheng,7vl9
4x38,1.239,zheng,7vl9
4x39,1.559,zheng,7vl9
4x40,1.108,zheng,7vl9
4x41,0.269,zheng,7vl9
4x42,0.752,zheng,7vl9
4x43,0.971,zheng,7vl9
4x44,0.715,zheng,7vl9
4x45,0.333,zheng,7vl9
4x46,0.401,zheng,7vl9
4x47,0.622,zheng,7vl9
4x48,0.574,zheng,7vl9
4x49,0.434,zheng,7vl9
4x50,0.28,zheng,7vl9
4x51,0.373,zheng,7vl9
4x52,0.368,zheng,7vl9
4x53,0.268,zheng,7vl9
4x54,0.233,zheng,7vl9
4x55,0.251,zheng,7vl9
4x56,0.492,zheng,7vl9
4x57,0.675,zheng,7vl9
4x59,0.731,zheng,7vl9
4x60,1.127,zheng,7vl9
4x61,1.703,zheng,7vl9
4x62,1.602,zheng,7vl9
4x63,1.368,zheng,7vl9
4x64,1.975,zheng,7vl9
4x65,1.559,zheng,7vl9
ECL2.Cm10,1.183,zheng,7vl9
ECL2.Cm9,1.463,zheng,7vl9
ECL2.Cm8,1.331,zheng,7vl9
ECL2.Cm7,1.417,zheng,7vl9
ECL2.Cm6,1.818,zheng,7vl9
ECL2.Cm5,1.859,zheng,7vl9
ECL2.Cm4,2.166,zheng,7vl9
ECL2.Cm3,1.959,zheng,7vl9
ECL2.Cm2,1.089,zheng,7vl9
ECL2.Cm1,1.149,zheng,7vl9
45x50,1.082,zheng,7vl9
45x51,0.971,zheng,7vl9
45x52,1.127,zheng,7vl9
ECL2.Cp3,1.748,zheng,7vl9
ECL2.Cp4,1.885,zheng,7vl9
ECL2.Cp5,1.841,zheng,7vl9
ECL2.Cp6,2.218,zheng,7vl9
ECL2.Cp7,1.035,zheng,7vl9
5x31,1.314,zheng,7vl9
5x32,1.726,zheng,7vl9
5x33,1.129,zheng,7vl9
5x34,0.832,zheng,7vl9
5x35,0.647,zheng,7vl9
5x36,1.165,zheng,7vl9
5x37,0.846,zheng,7vl9
5x38,0.64,zheng,7vl9
5x39,0.706,zheng,7vl9
5x40,0.655,zheng,7vl9
5x41,0.918,zheng,7vl9
5x42,1.041,zheng,7vl9
5x43,1.001,zheng,7vl9
5x44,1.104,zheng,7vl9
5x45,1.045,zheng,7vl9
5x46,0.98,zheng,7vl9
5x461,0.964,zheng,7vl9
5x47,0.576,zheng,7vl9
5x48,0.882,zheng,7vl9
5x49,0.823,zheng,7vl9
5x50,0.648,zheng,7vl9
5x51,1.329,zheng,7vl9
5x52,1.159,zheng,7vl9
5x53,1.108,zheng,7vl9
5x54,1.795,zheng,7vl9
5x55,2.199,zheng,7vl9
5x56,1.823,zheng,7vl9
5x57,1.745,zheng,7vl9
5x58,2.356,zheng,7vl9
5x59,2.876,zheng,7vl9
5x60,2.53,zheng,7vl9
5x61,2.531,zheng,7vl9
5x62,2.368,zheng,7vl9
5x63,2.439,zheng,7vl9
5x64,2.606,zheng,7vl9
5x65,2.796,zheng,7vl9
5x66,2.865,zheng,7vl9
5x67,2.166,zheng,7vl9
ICL3,3.587,zheng,7vl9
6x28,6.838,zheng,7vl9
6x29,6.761,zheng,7vl9
6x30,6.598,zheng,7vl9
6x31,6.342,zheng,7vl9
6x32,6.337,zheng,7vl9
6x33,6.284,zheng,7vl9
6x34,6.151,zheng,7vl9
6x35,5.767,zheng,7vl9
6x36,5.367,zheng,7vl9
6x37,5.731,zheng,7vl9
6x38,5.281,zheng,7vl9
6x39,3.936,zheng,7vl9
6x40,4.075,zheng,7vl9
6x41,4.501,zheng,7vl9
6x42,3.427,zheng,7vl9
6x43,2.172,zheng,7vl9
6x44,2.875,zheng,7vl9
6x45,2.72,zheng,7vl9
6x46,2.528,zheng,7vl9
6x47,2.034,zheng,7vl9
6x48,2.187,zheng,7vl9
6x49,1.74,zheng,7vl9
6x50,1.217,zheng,7vl9
6x51,1.006,zheng,7vl9
6x52,0.939,zheng,7vl9
6x53,1.037,zheng,7vl9
6x54,0.655,zheng,7vl9
6x55,0.688,zheng,7vl9
6x56,0.947,zheng,7vl9
6x57,1.152,zheng,7vl9
6x58,1.127,zheng,7vl9
6x59,0.947,zheng,7vl9
6x60,1.851,zheng,7vl9
6x61,1.971,zheng,7vl9
6x62,3.166,zheng,7vl9
6x63,3.759,zheng,7vl9
6x64,2.543,zheng,7vl9
6x65,2.68,zheng,7vl9
ECL3.Cm3,5.539,zheng,7vl9
ECL3.Cm2,6.438,zheng,7vl9
7x23,0.617,zheng,7vl9
7x24,1.235,zheng,7vl9
7x25,0.796,zheng,7vl9
7x26,1.222,zheng,7vl9
7x27,0.426,zheng,7vl9
7x28,0.519,zheng,7vl9
7x29,0.855,zheng,7vl9
7x30,0.618,zheng,7vl9
7x31,0.672,zheng,7vl9
7x32,0.695,zheng,7vl9
7x33,0.329,zheng,7vl9
7x34,0.378,zheng,7vl9
7x35,0.607,zheng,7vl9
7x36,0.292,zheng,7vl9
7x37,0.37,zheng,7vl9
7x38,0.912,zheng,7vl9
7x39,1.604,zheng,7vl9
7x40,1.639,zheng,7vl9
7x41,1.644,zheng,7vl9
7x42,2.076,zheng,7vl9
7x43,2.066,zheng,7vl9
7x45,2.247,zheng,7vl9
7x46,1.98,zheng,7vl9
7x47,1.866,zheng,7vl9
7x48,1.796,zheng,7vl9
7x49,2.03,zheng,7vl9
7x50,2.817,zheng,7vl9
7x51,3.364,zheng,7vl9
7x52,3.281,zheng,7vl9
7x53,5.291,zheng,7vl9
7x54,7.082,zheng,7vl9
7x55,6.033,zheng,7vl9
7x56,2.747,zheng,7vl9
8x47,2.637,zheng,7vl9
8x48,3.595,zheng,7vl9
8x49,3.237,zheng,7vl9
8x50,2.983,zheng,7vl9
8x51,3.063,zheng,7vl9
8x52,3.326,zheng,7vl9
8x53,2.958,zheng,7vl9
8x54,2.82,zheng,7vl9
8x55,2.554,zheng,7vl9
8x56,2.399,zheng,7vl9
8x57,2.432,zheng,7vl9
8x58,2.102,zheng,7vl9
8x59,1.658,zheng,7vl9
NTr.Cm3,5.743,zheng,7xa3
NTr.Cm2,4.661,zheng,7xa3
NTr.Cm1,4.136,zheng,7xa3
1x22,3.313,zheng,7xa3
1x23,2.651,zheng,7xa3
1x24,3.247,zheng,7xa3
1x25,1.375,zheng,7xa3
1x26,1.708,zheng,7xa3
1x27,1.892,zheng,7xa3
1x28,1.218,zheng,7xa3
1x29,1.174,zheng,7xa3
1x30,1.334,zheng,7xa3
1x31,1.552,zheng,7xa3
1x32,1.126,zheng,7xa3
1x33,1.772,zheng,7xa3
1x34,1.117,zheng,7xa3
1x35,1.397,zheng,7xa3
1x36,0.96,zheng,7xa3
1x37,1.155,zheng,7xa3
1x38,1.49,zheng,7xa3
1x39,1.132,zheng,7xa3
1x40,1.196,zheng,7xa3
1x41,1.609,zheng,7xa3
1x42,1.377,zheng,7xa3
1x43,1.242,zheng,7xa3
1x44,1.48,zheng,7xa3
1x45,1.479,zheng,7xa3
1x46,1.019,zheng,7xa3
1x47,1.167,zheng,7xa3
1x48,1.564,zheng,7xa3
1x49,0.813,zheng,7xa3
1x50,0.532,zheng,7xa3
1x51,0.891,zheng,7xa3
1x52,0.526,zheng,7xa3
1x53,0.517,zheng,7xa3
1x54,1.168,zheng,7xa3
1x55,1.267,zheng,7xa3
1x56,1.201,zheng,7xa3
1x57,1.726,zheng,7xa3
1x58,2.306,zheng,7xa3
1x59,1.146,zheng,7xa3
1x60,3.35,zheng,7xa3
12x48,5.128,zheng,7xa3
12x49,3.858,zheng,7xa3
12x50,4.154,zheng,7xa3
12x51,2.099,zheng,7xa3
2x37,1.128,zheng,7xa3
2x38,0.945,zheng,7xa3
2x39,0.787,zheng,7xa3
2x40,0.853,zheng,7xa3
2x41,0.78,zheng,7xa3
2x42,0.695,zheng,7xa3
2x43,0.582,zheng,7xa3
2x44,0.582,zheng,7xa3
2x45,0.51,zheng,7xa3
2x46,0.519,zheng,7xa3
2x47,0.387,zheng,7xa3
2x48,0.483,zheng,7xa3
2x49,0.54,zheng,7xa3
2x50,0.374,zheng,7xa3
2x51,0.402,zheng,7xa3
2x52,0.671,zheng,7xa3
2x53,0.5,zheng,7xa3
2x54,0.627,zheng,7xa3
2x55,1.033,zheng,7xa3
2x56,1.39,zheng,7xa3
2x57,1.315,zheng,7xa3
2x58,1.464,zheng,7xa3
2x59,1.239,zheng,7xa3
2x60,1.022,zheng,7xa3
2x61,0.653,zheng,7xa3
2x62,0.67,zheng,7xa3
2x63,0.665,zheng,7xa3
2x64,0.555,zheng,7xa3
2x65,2.278,zheng,7xa3
2x66,3.542,zheng,7xa3
23x49,2.131,zheng,7xa3
23x50,2.022,zheng,7xa3
23x51,1.732,zheng,7xa3
23x52,4.541,zheng,7xa3
3x21,2.178,zheng,7xa3
3x22,1.791,zheng,7xa3
3x23,1.28,zheng,7xa3
3x24,1.212,zheng,7xa3
3x25,1.136,zheng,7xa3
3x26,1.41,zheng,7xa3
3x27,1.073,zheng,7xa3
3x28,0.968,zheng,7xa3
3x29,0.975,zheng,7xa3
3x30,0.894,zheng,7xa3
3x31,0.929,zheng,7xa3
3x32,0.771,zheng,7xa3
3x33,1.061,zheng,7xa3
3x34,0.87,zheng,7xa3
3x35,0.787,zheng,7xa3
3x36,0.783,zheng,7xa3
3x37,1.018,zheng,7xa3
3x38,1.136,zheng,7xa3
3x39,0.482,zheng,7xa3
3x40,0.871,zheng,7xa3
3x41,0.742,zheng,7xa3
3x42,0.685,zheng,7xa3
3x43,0.536,zheng,7xa3
3x44,0.673,zheng,7xa3
3x45,0.643,zheng,7xa3
3x46,0.718,zheng,7xa3
3x47,0.666,zheng,7xa3
3x48,0.669,zheng,7xa3
3x49,0.576,zheng,7xa3
3x50,0.816,zheng,7xa3
3x51,0.614,zheng,7xa3
3x52,1.054,zheng,7xa3
3x53,1.18,zheng,7xa3
3x54,1.444,zheng,7xa3
3x55,1.231,zheng,7xa3
3x56,1.459,zheng,7xa3
34x50,1.721,zheng,7xa3
34x51,2.145,zheng,7xa3
34x52,1.79,zheng,7xa3
34x53,1.783,zheng,7xa3
34x54,1.83,zheng,7xa3
34x55,2.003,zheng,7xa3
34x56,2.046,zheng,7xa3
34x57,1.954,zheng,7xa3
4x38,1.632,zheng,7xa3
4x39,2.216,zheng,7xa3
4x40,1.822,zheng,7xa3
4x41,0.841,zheng,7xa3
4x42,1.254,zheng,7xa3
4x43,1.418,zheng,7xa3
4x44,0.942,zheng,7xa3
4x45,0.523,zheng,7xa3
4x46,0.72,zheng,7xa3
4x47,0.699,zheng,7xa3
4x48,0.582,zheng,7xa3
4x49,0.511,zheng,7xa3
4x50,0.414,zheng,7xa3
4x51,0.366,zheng,7xa3
4x52,0.272,zheng,7xa3
4x53,0.445,zheng,7xa3
4x54,0.534,zheng,7xa3
4x55,0.517,zheng,7xa3
4x56,0.516,zheng,7xa3
4x57,0.663,zheng,7xa3
4x59,0.636,zheng,7xa3
4x60,0.64,zheng,7xa3
4x61,0.791,zheng,7xa3
4x62,0.828,zheng,7xa3
4x63,1.133,zheng,7xa3
4x64,1.781,zheng,7xa3
4x65,1.549,zheng,7xa3
ECL2.Cm10,1.087,zheng,7xa3
ECL2.Cm9,1.307,zheng,7xa3
ECL2.Cm8,0.657,zheng,7xa3
ECL2.Cm7,0.296,zheng,7xa3
ECL2.Cm6,1.192,zheng,7xa3
ECL2.Cm5,0.649,zheng,7xa3
ECL2.Cm4,2.619,zheng,7xa3
ECL2.Cm3,1.584,zheng,7xa3
ECL2.Cm2,1.102,zheng,7xa3
ECL2.Cm1,0.992,zheng,7xa3
45x50,1.364,zheng,7xa3
45x51,1.273,zheng,7xa3
45x52,0.959,zheng,7xa3
ECL2.Cp3,1.263,zheng,7xa3
ECL2.Cp4,1.88,zheng,7xa3
5x32,4.112,zheng,7xa3
5x33,3.789,zheng,7xa3
5x34,2.233,zheng,7xa3
5x35,1.55,zheng,7xa3
5x36,2.083,zheng,7xa3
5x37,2.05,zheng,7xa3
5x38,0.824,zheng,7xa3
5x39,0.378,zheng,7xa3
5x40,0.412,zheng,7xa3
5x41,0.773,zheng,7xa3
5x42,1.004,zheng,7xa3
5x43,0.855,zheng,7xa3
5x44,0.552,zheng,7xa3
5x45,0.365,zheng,7xa3
5x46,0.469,zheng,7xa3
5x461,0.308,zheng,7xa3
5x47,0.378,zheng,7xa3
5x48,0.272,zheng,7xa3
5x49,0.271,zheng,7xa3
5x50,0.632,zheng,7xa3
5x51,1.211,zheng,7xa3
5x52,0.982,zheng,7xa3
5x53,0.712,zheng,7xa3
5x54,1.414,zheng,7xa3
5x55,1.828,zheng,7xa3
5x56,1.394,zheng,7xa3
5x57,1.214,zheng,7xa3
5x58,1.967,zheng,7xa3
5x59,2.284,zheng,7xa3
5x60,1.742,zheng,7xa3
5x61,1.845,zheng,7xa3
5x62,1.596,zheng,7xa3
5x63,1.757,zheng,7xa3
5x64,1.836,zheng,7xa3
5x65,1.829,zheng,7xa3
5x66,1.721,zheng,7xa3
5x67,1.746,zheng,7xa3
5x68,3.381,zheng,7xa3
ICL3,3.989,zheng,7xa3
6x28,7.676,zheng,7xa3
6x29,7.365,zheng,7xa3
6x30,7.864,zheng,7xa3
6x31,7.334,zheng,7xa3
6x32,6.511,zheng,7xa3
6x33,6.832,zheng,7xa3
6x34,7.074,zheng,7xa3
6x35,6.022,zheng,7xa3
6x36,5.366,zheng,7xa3
6x37,6.026,zheng,7xa3
6x38,5.524,zheng,7xa3
6x39,4.009,zheng,7xa3
6x40,4.197,zheng,7xa3
6x41,4.741,zheng,7xa3
6x42,3.769,zheng,7xa3
6x43,2.368,zheng,7xa3
6x44,3.038,zheng,7xa3
6x45,2.936,zheng,7xa3
6x46,2.427,zheng,7xa3
6x47,1.766,zheng,7xa3
6x48,1.78,zheng,7xa3
6x49,1.607,zheng,7xa3
6x50,1.26,zheng,7xa3
6x51,0.747,zheng,7xa3
6x52,0.596,zheng,7xa3
6x53,0.809,zheng,7xa3
6x54,0.472,zheng,7xa3
6x55,0.72,zheng,7xa3
6x56,0.798,zheng,7xa3
6x57,0.684,zheng,7xa3
6x58,0.869,zheng,7xa3
6x59,1.377,zheng,7xa3
6x60,1.279,zheng,7xa3
6x61,0.99,zheng,7xa3
6x62,0.55,zheng,7xa3
6x63,0.831,zheng,7xa3
6x64,2.014,zheng,7xa3
6x65,2.79,zheng,7xa3
ECL3.Cm3,3.262,zheng,7xa3
ECL3.Cm2,1.732,zheng,7xa3
7x24,2.498,zheng,7xa3
7x25,2.156,zheng,7xa3
7x26,1.729,zheng,7xa3
7x27,1.382,zheng,7xa3
7x28,1.147,zheng,7xa3
7x29,1.222,zheng,7xa3
7x30,0.982,zheng,7xa3
7x31,0.93,zheng,7xa3
7x32,1.054,zheng,7xa3
7x33,0.764,zheng,7xa3
7x34,0.797,zheng,7xa3
7x35,1.079,zheng,7xa3
7x36,0.974,zheng,7xa3
7x37,0.325,zheng,7xa3
7x38,0.82,zheng,7xa3
7x39,1.48,zheng,7xa3
7x40,1.291,zheng,7xa3
7x41,1.27,zheng,7xa3
7x42,1.709,zheng,7xa3
7x43,1.911,zheng,7xa3
7x45,2.222,zheng,7xa3
7x46,2.299,zheng,7xa3
7x47,1.558,zheng,7xa3
7x48,1.216,zheng,7xa3
7x49,1.806,zheng,7xa3
7x50,2.543,zheng,7xa3
7x51,2.952,zheng,7xa3
7x52,2.689,zheng,7xa3
7x53,4.74,zheng,7xa3
7x54,6.794,zheng,7xa3
7x55,5.622,zheng,7xa3
7x56,2.345,zheng,7xa3
8x47,2.495,zheng,7xa3
8x48,3.255,zheng,7xa3
8x49,3.138,zheng,7xa3
8x50,3.045,zheng,7xa3
8x51,3.417,zheng,7xa3
8x52,3.862,zheng,7xa3
8x53,3.204,zheng,7xa3
8x54,2.997,zheng,7xa3
8x55,3.422,zheng,7xa3
8x56,3.466,zheng,7xa3
8x57,3.138,zheng,7xa3
8x58,3.251,zheng,7xa3
CT,10.587,zheng,7xa3
NTr.Cm7,5.789,zheng,7f1t
NTr.Cm6,4.344,zheng,7f1t
NTr.Cm5,4.562,zheng,7f1t
NTr.Cm4,5.374,zheng,7f1t
NTr.Cm3,1.555,zheng,7f1t
NTr.Cm2,1.538,zheng,7f1t
NTr.Cm1,1.745,zheng,7f1t
1x22,1.61,zheng,7f1t
1x23,2.118,zheng,7f1t
1x24,2.011,zheng,7f1t
1x25,1.126,zheng,7f1t
1x26,2.036,zheng,7f1t
1x27,2.649,zheng,7f1t
1x28,1.214,zheng,7f1t
1x29,1.325,zheng,7f1t
1x30,1.933,zheng,7f1t
1x31,1.246,zheng,7f1t
1x32,0.394,zheng,7f1t
1x33,1.817,zheng,7f1t
1x34,0.917,zheng,7f1t
1x35,0.781,zheng,7f1t
1x36,0.967,zheng,7f1t
1x37,1.041,zheng,7f1t
1x38,0.737,zheng,7f1t
1x39,0.763,zheng,7f1t
1x40,1.222,zheng,7f1t
1x41,1.035,zheng,7f1t
1x42,0.999,zheng,7f1t
1x43,0.921,zheng,7f1t
1x44,0.731,zheng,7f1t
1x45,0.674,zheng,7f1t
1x46,0.662,zheng,7f1t
1x47,0.498,zheng,7f1t
1x48,0.38,zheng,7f1t
1x49,0.473,zheng,7f1t
1x50,0.496,zheng,7f1t
1x51,0.058,zheng,7f1t
1x52,0.086,zheng,7f1t
1x53,0.214,zheng,7f1t
1x54,0.395,zheng,7f1t
1x55,0.304,zheng,7f1t
1x56,0.162,zheng,7f1t
1x57,0.387,zheng,7f1t
1x58,0.243,zheng,7f1t
1x59,0.459,zheng,7f1t
1x60,0.866,zheng,7f1t
12x48,0.942,zheng,7f1t
12x49,0.759,zheng,7f1t
12x50,0.685,zheng,7f1t
12x51,0.689,zheng,7f1t
2x37,1.24,zheng,7f1t
2x38,0.996,zheng,7f1t
2x39,0.728,zheng,7f1t
2x40,0.693,zheng,7f1t
2x41,0.481,zheng,7f1t
2x42,0.398,zheng,7f1t
2x43,0.321,zheng,7f1t
2x44,0.339,zheng,7f1t
2x45,0.377,zheng,7f1t
2x46,0.368,zheng,7f1t
2x47,0.407,zheng,7f1t
2x48,0.314,zheng,7f1t
2x49,0.307,zheng,7f1t
2x50,0.394,zheng,7f1t
2x51,0.572,zheng,7f1t
2x52,0.391,zheng,7f1t
2x53,0.214,zheng,7f1t
2x54,0.413,zheng,7f1t
2x55,0.393,zheng,7f1t
2x56,0.407,zheng,7f1t
2x57,0.648,zheng,7f1t
2x58,0.597,zheng,7f1t
2x59,0.364,zheng,7f1t
2x60,0.292,zheng,7f1t
2x61,0.865,zheng,7f1t
2x62,0.711,zheng,7f1t
2x63,0.41,zheng,7f1t
2x64,0.599,zheng,7f1t
2x65,1.173,zheng,7f1t
2x66,0.755,zheng,7f1t
23x49,0.532,zheng,7f1t
23x50,0.309,zheng,7f1t
23x51,0.353,zheng,7f1t
23x52,0.138,zheng,7f1t
3x21,0.344,zheng,7f1t
3x22,0.728,zheng,7f1t
3x23,0.706,zheng,7f1t
3x24,0.258,zheng,7f1t
3x25,0.109,zheng,7f1t
3x26,0.493,zheng,7f1t
3x27,0.371,zheng,7f1t
3x28,0.116,zheng,7f1t
3x29,0.266,zheng,7f1t
3x30,0.188,zheng,7f1t
3x31,0.18,zheng,7f1t
3x32,0.259,zheng,7f1t
3x33,0.306,zheng,7f1t
3x34,0.348,zheng,7f1t
3x35,0.238,zheng,7f1t
3x36,0.389,zheng,7f1t
3x37,0.358,zheng,7f1t
3x38,0.348,zheng,7f1t
3x39,0.235,zheng,7f1t
3x40,0.527,zheng,7f1t
3x41,0.351,zheng,7f1t
3x42,0.591,zheng,7f1t
3x43,0.644,zheng,7f1t
3x44,0.698,zheng,7f1t
3x45,0.639,zheng,7f1t
3x46,0.404,zheng,7f1t
3x47,0.711,zheng,7f1t
3x48,0.838,zheng,7f1t
3x49,0.642,zheng,7f1t
3x50,0.874,zheng,7f1t
3x51,0.737,zheng,7f1t
3x52,0.663,zheng,7f1t
3x53,0.33,zheng,7f1t
3x54,0.376,zheng,7f1t
3x55,0.521,zheng,7f1t
3x56,1.485,zheng,7f1t
34x50,1.439,zheng,7f1t
34x51,3.453,zheng,7f1t
34x52,2.18,zheng,7f1t
34x53,0.858,zheng,7f1t
34x54,1.202,zheng,7f1t
34x55,2.273,zheng,7f1t
34x56,2.318,zheng,7f1t
34x57,1.308,zheng,7f1t
4x38,0.891,zheng,7f1t
4x39,0.486,zheng,7f1t
4x40,0.496,zheng,7f1t
4x41,0.848,zheng,7f1t
4x42,0.47,zheng,7f1t
4x43,0.642,zheng,7f1t
4x44,0.907,zheng,7f1t
4x45,0.627,zheng,7f1t
4x46,0.521,zheng,7f1t
4x47,0.645,zheng,7f1t
4x48,0.727,zheng,7f1t
4x49,0.526,zheng,7f1t
4x50,0.606,zheng,7f1t
4x51,0.642,zheng,7f1t
4x52,0.64,zheng,7f1t
4x53,0.504,zheng,7f1t
4x54,0.792,zheng,7f1t
4x55,1.064,zheng,7f1t
4x56,0.691,zheng,7f1t
4x57,0.424,zheng,7f1t
4x59,0.621,zheng,7f1t
4x60,0.494,zheng,7f1t
4x61,0.332,zheng,7f1t
4x62,0.461,zheng,7f1t
4x63,0.778,zheng,7f1t
4x64,1.09,zheng,7f1t
4x65,0.946,zheng,7f1t
ECL2.Cm10,1.176,zheng,7f1t
ECL2.Cm9,0.65,zheng,7f1t
ECL2.Cm8,0.625,zheng,7f1t
ECL2.Cm7,0.885,zheng,7f1t
ECL2.Cm6,1.096,zheng,7f1t
ECL2.Cm5,1.059,zheng,7f1t
ECL2.Cm4,2.911,zheng,7f1t
ECL2.Cm3,1.395,zheng,7f1t
ECL2.Cm2,0.71,zheng,7f1t
ECL2.Cm1,0.608,zheng,7f1t
45x50,0.471,zheng,7f1t
45x51,0.548,zheng,7f1t
45x52,0.937,zheng,7f1t
ECL2.Cp3,1.267,zheng,7f1t
ECL2.Cp4,1.298,zheng,7f1t
ECL2.Cp5,1.44,zheng,7f1t
ECL2.Cp6,1.542,zheng,7f1t
ECL2.Cp7,1.437,zheng,7f1t
5x31,1.304,zheng,7f1t
5x32,0.939,zheng,7f1t
5x33,0.808,zheng,7f1t
5x34,1.043,zheng,7f1t
5x35,0.731,zheng,7f1t
5x36,0.481,zheng,7f1t
5x37,0.356,zheng,7f1t
5x38,0.379,zheng,7f1t
5x39,0.486,zheng,7f1t
5x40,0.429,zheng,7f1t
5x41,0.732,zheng,7f1t
5x42,0.527,zheng,7f1t
5x43,0.821,zheng,7f1t
5x44,0.944,zheng,7f1t
5x45,1.019,zheng,7f1t
5x46,1.045,zheng,7f1t
5x461,1.11,zheng,7f1t
5x47,1.255,zheng,7f1t
5x48,1.216,zheng,7f1t
5x49,1.222,zheng,7f1t
5x50,1.187,zheng,7f1t
5x51,1.312,zheng,7f1t
5x52,1.104,zheng,7f1t
5x53,1.258,zheng,7f1t
5x54,1.4,zheng,7f1t
5x55,2.26,zheng,7f1t
5x56,2.102,zheng,7f1t
5x57,1.561,zheng,7f1t
5x58,1.92,zheng,7f1t
5x59,2.047,zheng,7f1t
5x60,1.316,zheng,7f1t
5x61,0.976,zheng,7f1t
5x62,0.814,zheng,7f1t
5x63,0.326,zheng,7f1t
5x64,0.665,zheng,7f1t
5x65,1.38,zheng,7f1t
5x66,1.122,zheng,7f1t
5x67,3.082,zheng,7f1t
ICL3,6.65,zheng,7f1t
6x28,8.386,zheng,7f1t
6x29,6.726,zheng,7f1t
6x30,7.518,zheng,7f1t
6x31,7.516,zheng,7f1t
6x32,6.819,zheng,7f1t
6x33,1.955,zheng,7f1t
6x34,1.623,zheng,7f1t
6x35,0.994,zheng,7f1t
6x36,0.724,zheng,7f1t
6x37,0.827,zheng,7f1t
6x38,0.682,zheng,7f1t
6x39,0.804,zheng,7f1t
6x40,0.684,zheng,7f1t
6x41,0.697,zheng,7f1t
6x42,1.153,zheng,7f1t
6x43,0.894,zheng,7f1t
6x44,0.71,zheng,7f1t
6x45,1.17,zheng,7f1t
6x46,1.176,zheng,7f1t
6x47,1.104,zheng,7f1t
6x48,1.012,zheng,7f1t
6x49,1.397,zheng,7f1t
6x50,1.203,zheng,7f1t
6x51,0.78,zheng,7f1t
6x52,1.087,zheng,7f1t
6x53,1.101,zheng,7f1t
6x54,0.739,zheng,7f1t
6x55,0.912,zheng,7f1t
6x56,1.475,zheng,7f1t
6x57,1.014,zheng,7f1t
6x58,1.085,zheng,7f1t
6x59,2.431,zheng,7f1t
6x60,2.252,zheng,7f1t
6x61,0.362,zheng,7f1t
6x62,0.983,zheng,7f1t
6x63,1.126,zheng,7f1t
6x64,1.536,zheng,7f1t
6x65,1.347,zheng,7f1t
ECL3.Cm3,0.848,zheng,7f1t
ECL3.Cm2,1.025,zheng,7f1t
7x23,1.311,zheng,7f1t
7x24,1.335,zheng,7f1t
7x25,1.295,zheng,7f1t
7x26,1.226,zheng,7f1t
7x27,0.999,zheng,7f1t
7x28,0.979,zheng,7f1t
7x29,0.871,zheng,7f1t
7x30,0.857,zheng,7f1t
7x31,1.01,zheng,7f1t
7x32,0.983,zheng,7f1t
7x33,0.69,zheng,7f1t
7x34,0.502,zheng,7f1t
7x35,0.525,zheng,7f1t
7x36,0.537,zheng,7f1t
7x37,0.484,zheng,7f1t
7x38,0.608,zheng,7f1t
7x39,0.865,zheng,7f1t
7x40,0.923,zheng,7f1t
7x41,0.94,zheng,7f1t
7x42,0.755,zheng,7f1t
7x43,0.771,zheng,7f1t
7x45,0.986,zheng,7f1t
7x46,0.831,zheng,7f1t
7x47,0.86,zheng,7f1t
7x48,0.9,zheng,7f1t
7x49,0.295,zheng,7f1t
7x50,0.203,zheng,7f1t
7x51,0.617,zheng,7f1t
7x52,0.776,zheng,7f1t
7x53,0.591,zheng,7f1t
7x54,1.001,zheng,7f1t
7x55,0.286,zheng,7f1t
7x56,0.624,zheng,7f1t
8x47,0.667,zheng,7f1t
8x48,0.898,zheng,7f1t
8x49,1.54,zheng,7f1t
8x50,1.263,zheng,7f1t
8x51,1.457,zheng,7f1t
8x52,1.429,zheng,7f1t
8x53,2.051,zheng,7f1t
8x54,3.015,zheng,7f1t
8x55,2.945,zheng,7f1t
8x56,2.449,zheng,7f1t
8x57,5.372,zheng,7f1t
8x58,6.049,zheng,7f1t
8x59,5.516,zheng,7f1t
NTr.Cm7,14.465,zheng,6wwz
NTr.Cm6,16.209,zheng,6wwz
NTr.Cm5,13.36,zheng,6wwz
NTr.Cm4,9.71,zheng,6wwz
NTr.Cm3,6.939,zheng,6wwz
NTr.Cm2,6.455,zheng,6wwz
NTr.Cm1,4.607,zheng,6wwz
1x22,2.893,zheng,6wwz
1x23,2.628,zheng,6wwz
1x24,2.1,zheng,6wwz
1x25,1.649,zheng,6wwz
1x26,2.004,zheng,6wwz
1x27,2.262,zheng,6wwz
1x28,1.339,zheng,6wwz
1x29,1.694,zheng,6wwz
1x30,1.643,zheng,6wwz
1x31,1.8,zheng,6wwz
1x32,1.682,zheng,6wwz
1x33,0.861,zheng,6wwz
1x34,1.344,zheng,6wwz
1x35,1.698,zheng,6wwz
1x36,1.211,zheng,6wwz
1x37,1.53,zheng,6wwz
1x38,1.45,zheng,6wwz
1x39,0.847,zheng,6wwz
1x40,1.03,zheng,6wwz
1x41,1.198,zheng,6wwz
1x42,1.044,zheng,6wwz
1x43,1.038,zheng,6wwz
1x44,0.901,zheng,6wwz
1x45,1.174,zheng,6wwz
1x46,1.089,zheng,6wwz
1x47,1.026,zheng,6wwz
1x48,1.695,zheng,6wwz
1x49,1.475,zheng,6wwz
1x50,1.366,zheng,6wwz
1x51,1.108,zheng,6wwz
1x52,1.185,zheng,6wwz
1x53,1.34,zheng,6wwz
1x54,1.469,zheng,6wwz
1x55,1.661,zheng,6wwz
1x56,1.887,zheng,6wwz
1x57,2.372,zheng,6wwz
1x58,2.87,zheng,6wwz
1x59,2.155,zheng,6wwz
1x60,4.882,zheng,6wwz
12x48,7.318,zheng,6wwz
12x49,4.888,zheng,6wwz
12x50,6.008,zheng,6wwz
12x51,2.362,zheng,6wwz
2x37,1.96,zheng,6wwz
2x38,1.822,zheng,6wwz
2x39,0.687,zheng,6wwz
2x40,0.935,zheng,6wwz
2x41,1.169,zheng,6wwz
2x42,0.978,zheng,6wwz
2x43,0.776,zheng,6wwz
2x44,1.178,zheng,6wwz
2x45,1.236,zheng,6wwz
2x46,1.028,zheng,6wwz
2x47,1.166,zheng,6wwz
2x48,1.316,zheng,6wwz
2x49,1.242,zheng,6wwz
2x50,1.237,zheng,6wwz
2x51,1.711,zheng,6wwz
2x52,2.541,zheng,6wwz
2x53,1.489,zheng,6wwz
2x54,0.47,zheng,6wwz
2x55,1.896,zheng,6wwz
2x56,1.946,zheng,6wwz
2x57,1.31,zheng,6wwz
2x58,0.493,zheng,6wwz
2x59,1.225,zheng,6wwz
2x60,1.92,zheng,6wwz
2x61,1.415,zheng,6wwz
2x62,1.356,zheng,6wwz
2x63,1.858,zheng,6wwz
2x64,1.762,zheng,6wwz
2x65,1.447,zheng,6wwz
2x66,1.814,zheng,6wwz
23x49,3.145,zheng,6wwz
23x50,2.386,zheng,6wwz
23x51,2.638,zheng,6wwz
23x52,2.282,zheng,6wwz
3x21,3.063,zheng,6wwz
3x22,2.65,zheng,6wwz
3x23,1.895,zheng,6wwz
3x24,1.378,zheng,6wwz
3x25,1.555,zheng,6wwz
3x26,2.218,zheng,6wwz
3x27,1.391,zheng,6wwz
3x28,1.448,zheng,6wwz
3x29,1.584,zheng,6wwz
3x30,1.954,zheng,6wwz
3x31,1.969,zheng,6wwz
3x32,1.529,zheng,6wwz
3x33,1.621,zheng,6wwz
3x34,1.178,zheng,6wwz
3x35,1.511,zheng,6wwz
3x36,1.325,zheng,6wwz
3x37,1.32,zheng,6wwz
3x38,1.006,zheng,6wwz
3x39,0.904,zheng,6wwz
3x40,0.986,zheng,6wwz
3x41,0.835,zheng,6wwz
3x42,0.453,zheng,6wwz
3x43,0.606,zheng,6wwz
3x44,0.787,zheng,6wwz
3x45,0.741,zheng,6wwz
3x46,0.595,zheng,6wwz
3x47,0.524,zheng,6wwz
3x48,0.708,zheng,6wwz
3x49,0.593,zheng,6wwz
3x50,0.386,zheng,6wwz
3x51,0.762,zheng,6wwz
3x52,0.95,zheng,6wwz
3x53,0.571,zheng,6wwz
3x54,0.868,zheng,6wwz
3x55,1.119,zheng,6wwz
3x56,1.752,zheng,6wwz
34x50,2.186,zheng,6wwz
34x51,4.874,zheng,6wwz
34x52,5.295,zheng,6wwz
34x53,4.212,zheng,6wwz
34x54,4.551,zheng,6wwz
34x55,8.713,zheng,6wwz
34x56,8.928,zheng,6wwz
4x38,1.954,zheng,6wwz
4x39,2.079,zheng,6wwz
4x40,1.43,zheng,6wwz
4x41,1.329,zheng,6wwz
4x42,0.672,zheng,6wwz
4x43,0.909,zheng,6wwz
4x44,1.017,zheng,6wwz
4x45,0.576,zheng,6wwz
4x46,0.526,zheng,6wwz
4x47,0.857,zheng,6wwz
4x48,0.682,zheng,6wwz
4x49,0.172,zheng,6wwz
4x50,0.896,zheng,6wwz
4x51,1.283,zheng,6wwz
4x52,0.548,zheng,6wwz
4x53,1.157,zheng,6wwz
4x54,1.674,zheng,6wwz
4x55,1.217,zheng,6wwz
4x56,1.113,zheng,6wwz
4x57,1.345,zheng,6wwz
4x59,3.616,zheng,6wwz
4x60,3.381,zheng,6wwz
4x61,5.746,zheng,6wwz
4x62,5.115,zheng,6wwz
4x63,2.881,zheng,6wwz
4x64,4.416,zheng,6wwz
ECL2.Cm10,2.308,zheng,6wwz
ECL2.Cm9,2.614,zheng,6wwz
ECL2.Cm8,1.971,zheng,6wwz
ECL2.Cm7,1.577,zheng,6wwz
ECL2.Cm6,2.948,zheng,6wwz
ECL2.Cm5,2.915,zheng,6wwz
ECL2.Cm4,2.348,zheng,6wwz
ECL2.Cm3,2.929,zheng,6wwz
ECL2.Cm2,2.508,zheng,6wwz
ECL2.Cm1,1.957,zheng,6wwz
45x50,1.792,zheng,6wwz
45x51,1.93,zheng,6wwz
45x52,2.617,zheng,6wwz
ECL2.Cp3,3.611,zheng,6wwz
ECL2.Cp4,4.062,zheng,6wwz
ECL2.Cp5,5.582,zheng,6wwz
ECL2.Cp6,9.632,zheng,6wwz
ECL2.Cp7,6.692,zheng,6wwz
5x34,2.06,zheng,6wwz
5x35,2.257,zheng,6wwz
5x36,3.023,zheng,6wwz
5x37,2.673,zheng,6wwz
5x38,1.768,zheng,6wwz
5x39,2.318,zheng,6wwz
5x40,2.679,zheng,6wwz
5x41,2.207,zheng,6wwz
5x42,1.726,zheng,6wwz
5x43,1.845,zheng,6wwz
5x44,1.85,zheng,6wwz
5x45,1.32,zheng,6wwz
5x46,1.148,zheng,6wwz
5x461,1.425,zheng,6wwz
5x47,1.135,zheng,6wwz
5x48,1.255,zheng,6wwz
5x49,1.297,zheng,6wwz
5x50,1.142,zheng,6wwz
5x51,1.162,zheng,6wwz
5x52,0.981,zheng,6wwz
5x53,0.73,zheng,6wwz
5x54,1.636,zheng,6wwz
5x55,2.205,zheng,6wwz
5x56,1.651,zheng,6wwz
5x57,1.058,zheng,6wwz
5x58,2.317,zheng,6wwz
5x59,2.693,zheng,6wwz
5x60,1.584,zheng,6wwz
5x61,1.145,zheng,6wwz
5x62,1.483,zheng,6wwz
5x63,1.332,zheng,6wwz
5x64,1.168,zheng,6wwz
5x65,0.893,zheng,6wwz
5x66,1.872,zheng,6wwz
5x67,1.92,zheng,6wwz
5x68,1.579,zheng,6wwz
ICL3,3.764,zheng,6wwz
6x30,6.555,zheng,6wwz
6x31,6.39,zheng,6wwz
6x32,5.528,zheng,6wwz
6x33,6.131,zheng,6wwz
6x34,6.58,zheng,6wwz
6x35,5.652,zheng,6wwz
6x36,5.083,zheng,6wwz
6x37,6.096,zheng,6wwz
6x38,5.749,zheng,6wwz
6x39,4.309,zheng,6wwz
6x40,4.341,zheng,6wwz
6x41,5.013,zheng,6wwz
6x42,4.224,zheng,6wwz
6x43,2.675,zheng,6wwz
6x44,3.366,zheng,6wwz
6x45,3.504,zheng,6wwz
6x46,2.578,zheng,6wwz
6x47,1.937,zheng,6wwz
6x48,2.232,zheng,6wwz
6x49,2.162,zheng,6wwz
6x50,1.347,zheng,6wwz
6x51,0.848,zheng,6wwz
6x52,0.977,zheng,6wwz
6x53,1.037,zheng,6wwz
6x54,0.598,zheng,6wwz
6x55,0.234,zheng,6wwz
6x56,0.402,zheng,6wwz
6x57,0.839,zheng,6wwz
6x58,1.17,zheng,6wwz
6x59,1.393,zheng,6wwz
6x60,1.012,zheng,6wwz
6x61,2.956,zheng,6wwz
6x62,5.661,zheng,6wwz
6x63,8.798,zheng,6wwz
6x64,9.917,zheng,6wwz
6x65,9.538,zheng,6wwz
ECL3.Cm3,9.225,zheng,6wwz
ECL3.Cm2,3.839,zheng,6wwz
7x23,3.038,zheng,6wwz
7x24,2.142,zheng,6wwz
7x25,1.942,zheng,6wwz
7x26,0.902,zheng,6wwz
7x27,0.974,zheng,6wwz
7x28,1.521,zheng,6wwz
7x29,0.911,zheng,6wwz
7x30,0.74,zheng,6wwz
7x31,2.122,zheng,6wwz
7x32,1.383,zheng,6wwz
7x33,1.47,zheng,6wwz
7x34,1.382,zheng,6wwz
7x35,1.43,zheng,6wwz
7x36,1.093,zheng,6wwz
7x37,0.907,zheng,6wwz
7x38,0.731,zheng,6wwz
7x39,1.326,zheng,6wwz
7x40,1.421,zheng,6wwz
7x41,1.038,zheng,6wwz
7x42,1.688,zheng,6wwz
7x43,1.978,zheng,6wwz
7x45,2.274,zheng,6wwz
7x46,2.961,zheng,6wwz
7x47,2.248,zheng,6wwz
7x48,0.62,zheng,6wwz
7x49,2.102,zheng,6wwz
7x50,4.381,zheng,6wwz
7x51,3.91,zheng,6wwz
7x52,1.511,zheng,6wwz
7x53,4.099,zheng,6wwz
7x54,6.922,zheng,6wwz
7x55,5.966,zheng,6wwz
7x56,2.885,zheng,6wwz
8x47,3.043,zheng,6wwz
8x48,3.805,zheng,6wwz
8x49,3.698,zheng,6wwz
8x50,3.78,zheng,6wwz
8x51,3.416,zheng,6wwz
8x52,3.234,zheng,6wwz
8x53,3.608,zheng,6wwz
8x54,3.398,zheng,6wwz
8x55,2.67,zheng,6wwz
8x56,3.108,zheng,6wwz
8x57,3.853,zheng,6wwz
8x58,2.952,zheng,6wwz
8x59,2.567,zheng,6wwz
CT,14.245,zheng,6wwz
NTr.Cm7,14.317,zheng,6lfo
NTr.Cm6,16.324,zheng,6lfo
NTr.Cm5,13.188,zheng,6lfo
NTr.Cm4,9.921,zheng,6lfo
NTr.Cm3,8.156,zheng,6lfo
NTr.Cm2,6.68,zheng,6lfo
NTr.Cm1,5.18,zheng,6lfo
1x22,2.766,zheng,6lfo
1x23,1.399,zheng,6lfo
1x24,2.915,zheng,6lfo
1x25,1.607,zheng,6lfo
1x26,3.58,zheng,6lfo
1x27,7.721,zheng,6lfo
1x28,4.432,zheng,6lfo
1x30,1.536,zheng,6lfo
1x31,2.273,zheng,6lfo
1x32,1.882,zheng,6lfo
1x33,0.391,zheng,6lfo
1x34,0.646,zheng,6lfo
1x35,0.511,zheng,6lfo
1x36,0.634,zheng,6lfo
1x37,0.883,zheng,6lfo
1x38,0.551,zheng,6lfo
1x39,0.325,zheng,6lfo
1x40,0.389,zheng,6lfo
1x41,0.538,zheng,6lfo
1x42,0.346,zheng,6lfo
1x43,0.835,zheng,6lfo
1x44,0.655,zheng,6lfo
1x45,0.456,zheng,6lfo
1x46,0.69,zheng,6lfo
1x47,1.343,zheng,6lfo
1x48,1.291,zheng,6lfo
1x49,1.643,zheng,6lfo
1x50,1.596,zheng,6lfo
1x51,0.9,zheng,6lfo
1x52,0.834,zheng,6lfo
1x53,0.716,zheng,6lfo
1x54,1.3,zheng,6lfo
1x55,1.183,zheng,6lfo
1x56,0.799,zheng,6lfo
1x57,1.303,zheng,6lfo
1x58,1.773,zheng,6lfo
1x59,1.807,zheng,6lfo
1x60,3.151,zheng,6lfo
12x48,6.05,zheng,6lfo
12x49,3.628,zheng,6lfo
12x50,3.605,zheng,6lfo
12x51,1.228,zheng,6lfo
2x37,0.841,zheng,6lfo
2x38,1.269,zheng,6lfo
2x39,1.242,zheng,6lfo
2x40,1.534,zheng,6lfo
2x41,1.3,zheng,6lfo
2x42,1.167,zheng,6lfo
2x43,1.185,zheng,6lfo
2x44,1.025,zheng,6lfo
2x45,0.933,zheng,6lfo
2x46,0.867,zheng,6lfo
2x47,0.995,zheng,6lfo
2x48,1.441,zheng,6lfo
2x49,1.511,zheng,6lfo
2x50,0.969,zheng,6lfo
2x51,1.738,zheng,6lfo
2x52,2.425,zheng,6lfo
2x53,1.581,zheng,6lfo
2x54,0.742,zheng,6lfo
2x55,1.282,zheng,6lfo
2x56,1.41,zheng,6lfo
2x57,1.404,zheng,6lfo
2x58,0.758,zheng,6lfo
2x59,1.271,zheng,6lfo
2x60,1.731,zheng,6lfo
2x61,1.084,zheng,6lfo
2x62,0.81,zheng,6lfo
2x63,0.892,zheng,6lfo
2x64,1.736,zheng,6lfo
2x65,2.233,zheng,6lfo
2x66,1.502,zheng,6lfo
23x49,1.946,zheng,6lfo
23x50,0.822,zheng,6lfo
23x51,0.549,zheng,6lfo
23x52,2.777,zheng,6lfo
3x21,2.243,zheng,6lfo
3x22,1.79,zheng,6lfo
3x23,1.509,zheng,6lfo
3x24,1.119,zheng,6lfo
3x25,1.045,zheng,6lfo
3x26,1.474,zheng,6lfo
3x27,1.197,zheng,6lfo
3x28,1.311,zheng,6lfo
3x29,1.178,zheng,6lfo
3x30,1.018,zheng,6lfo
3x31,1.051,zheng,6lfo
3x32,0.971,zheng,6lfo
3x33,1.357,zheng,6lfo
3x34,1.187,zheng,6lfo
3x35,0.962,zheng,6lfo
3x36,0.997,zheng,6lfo
3x37,0.959,zheng,6lfo
3x38,0.742,zheng,6lfo
3x39,1.102,zheng,6lfo
3x40,1.126,zheng,6lfo
3x41,0.466,zheng,6lfo
3x42,0.399,zheng,6lfo
3x43,0.49,zheng,6lfo
3x44,0.848,zheng,6lfo
3x45,0.568,zheng,6lfo
3x46,0.493,zheng,6lfo
3x47,0.624,zheng,6lfo
3x48,0.527,zheng,6lfo
3x49,0.415,zheng,6lfo
3x50,1.498,zheng,6lfo
3x51,0.495,zheng,6lfo
3x52,0.941,zheng,6lfo
3x53,1.2,zheng,6lfo
3x54,1.312,zheng,6lfo
3x55,1.718,zheng,6lfo
3x56,1.622,zheng,6lfo
34x50,2.412,zheng,6lfo
34x51,3.602,zheng,6lfo
34x52,3.678,zheng,6lfo
34x53,3.088,zheng,6lfo
34x54,3.101,zheng,6lfo
34x55,2.25,zheng,6lfo
34x56,0.866,zheng,6lfo
4x38,4.973,zheng,6lfo
4x39,4.416,zheng,6lfo
4x40,5.449,zheng,6lfo
4x41,1.422,zheng,6lfo
4x42,1.151,zheng,6lfo
4x43,1.249,zheng,6lfo
4x44,1.542,zheng,6lfo
4x45,1.2,zheng,6lfo
4x46,1.198,zheng,6lfo
4x47,1.123,zheng,6lfo
4x48,0.996,zheng,6lfo
4x49,0.817,zheng,6lfo
4x50,0.934,zheng,6lfo
4x51,1.226,zheng,6lfo
4x52,0.69,zheng,6lfo
4x53,0.727,zheng,6lfo
4x54,1.273,zheng,6lfo
4x55,1.103,zheng,6lfo
4x56,1.049,zheng,6lfo
4x57,1.802,zheng,6lfo
4x59,2.155,zheng,6lfo
4x60,2.158,zheng,6lfo
4x61,2.983,zheng,6lfo
4x62,3.211,zheng,6lfo
4x63,2.95,zheng,6lfo
4x64,3.341,zheng,6lfo
4x65,3.087,zheng,6lfo
ECL2.Cm10,3.568,zheng,6lfo
ECL2.Cm9,3.919,zheng,6lfo
ECL2.Cm8,3.021,zheng,6lfo
ECL2.Cm7,5.281,zheng,6lfo
ECL2.Cm6,4.316,zheng,6lfo
ECL2.Cm5,5.385,zheng,6lfo
ECL2.Cm4,6.819,zheng,6lfo
ECL2.Cm3,2.613,zheng,6lfo
ECL2.Cm2,2.555,zheng,6lfo
ECL2.Cm1,2.08,zheng,6lfo
45x50,2.896,zheng,6lfo
45x51,3.472,zheng,6lfo
45x52,3.772,zheng,6lfo
ECL2.Cp3,4.715,zheng,6lfo
ECL2.Cp4,6.641,zheng,6lfo
ECL2.Cp5,4.432,zheng,6lfo
ECL2.Cp6,3.609,zheng,6lfo
ECL2.Cp7,3.299,zheng,6lfo
5x34,4.934,zheng,6lfo
5x35,2.736,zheng,6lfo
5x36,4.575,zheng,6lfo
5x37,4.194,zheng,6lfo
5x38,2.44,zheng,6lfo
5x39,3.247,zheng,6lfo
5x40,3.664,zheng,6lfo
5x41,2.574,zheng,6lfo
5x42,2.516,zheng,6lfo
5x43,4.579,zheng,6lfo
5x44,4.342,zheng,6lfo
5x45,2.17,zheng,6lfo
5x46,2.514,zheng,6lfo
5x461,3.6,zheng,6lfo
5x47,3.138,zheng,6lfo
5x48,1.995,zheng,6lfo
5x49,1.709,zheng,6lfo
5x50,2.25,zheng,6lfo
5x51,2.444,zheng,6lfo
5x52,2.062,zheng,6lfo
5x53,1.456,zheng,6lfo
5x54,2.457,zheng,6lfo
5x55,2.731,zheng,6lfo
5x56,2.009,zheng,6lfo
5x57,1.224,zheng,6lfo
5x58,3.043,zheng,6lfo
5x59,3.291,zheng,6lfo
5x60,2.091,zheng,6lfo
5x61,1.814,zheng,6lfo
5x62,2.415,zheng,6lfo
5x63,2.577,zheng,6lfo
5x64,1.789,zheng,6lfo
5x65,1.812,zheng,6lfo
5x66,2.956,zheng,6lfo
5x67,3.041,zheng,6lfo
5x68,3.096,zheng,6lfo
ICL3,3.928,zheng,6lfo
6x30,7.558,zheng,6lfo
6x31,7.304,zheng,6lfo
6x32,6.143,zheng,6lfo
6x33,6.24,zheng,6lfo
6x34,6.276,zheng,6lfo
6x35,5.259,zheng,6lfo
6x36,4.563,zheng,6lfo
6x37,5.184,zheng,6lfo
6x38,4.93,zheng,6lfo
6x39,3.12,zheng,6lfo
6x40,3.126,zheng,6lfo
6x41,3.413,zheng,6lfo
6x42,2.674,zheng,6lfo
6x43,1.096,zheng,6lfo
6x44,1.693,zheng,6lfo
6x45,1.554,zheng,6lfo
6x46,0.892,zheng,6lfo
6x47,1.251,zheng,6lfo
6x48,1.33,zheng,6lfo
6x49,0.758,zheng,6lfo
6x50,0.492,zheng,6lfo
6x51,0.992,zheng,6lfo
6x52,0.54,zheng,6lfo
6x53,0.695,zheng,6lfo
6x54,0.725,zheng,6lfo
6x55,0.872,zheng,6lfo
6x56,0.904,zheng,6lfo
6x57,0.992,zheng,6lfo
6x58,1.128,zheng,6lfo
6x59,0.825,zheng,6lfo
6x60,0.479,zheng,6lfo
6x61,1.452,zheng,6lfo
6x62,5.146,zheng,6lfo
6x63,6.67,zheng,6lfo
6x64,7.82,zheng,6lfo
ECL3.Cm3,4.156,zheng,6lfo
ECL3.Cm2,1.784,zheng,6lfo
7x23,1.811,zheng,6lfo
7x24,0.875,zheng,6lfo
7x25,1.155,zheng,6lfo
7x26,0.839,zheng,6lfo
7x27,0.639,zheng,6lfo
7x28,0.707,zheng,6lfo
7x29,1.102,zheng,6lfo
7x30,1.549,zheng,6lfo
7x31,1.365,zheng,6lfo
7x32,0.832,zheng,6lfo
7x33,1.226,zheng,6lfo
7x34,1.312,zheng,6lfo
7x35,1.161,zheng,6lfo
7x36,0.693,zheng,6lfo
7x37,1.032,zheng,6lfo
7x38,1.573,zheng,6lfo
7x39,1.359,zheng,6lfo
7x40,1.099,zheng,6lfo
7x41,0.758,zheng,6lfo
7x42,1.273,zheng,6lfo
7x43,1.586,zheng,6lfo
7x45,1.309,zheng,6lfo
7x46,0.651,zheng,6lfo
7x47,1.524,zheng,6lfo
7x48,1.042,zheng,6lfo
7x49,1.373,zheng,6lfo
7x50,1.98,zheng,6lfo
7x51,2.265,zheng,6lfo
7x52,1.978,zheng,6lfo
7x53,4.622,zheng,6lfo
7x54,6.803,zheng,6lfo
7x55,5.901,zheng,6lfo
7x56,2.42,zheng,6lfo
8x47,1.941,zheng,6lfo
8x48,2.98,zheng,6lfo
8x49,2.272,zheng,6lfo
8x50,1.934,zheng,6lfo
8x51,2.484,zheng,6lfo
8x52,2.675,zheng,6lfo
8x53,1.928,zheng,6lfo
8x54,2.065,zheng,6lfo
8x55,1.653,zheng,6lfo
8x56,1.926,zheng,6lfo
8x57,2.533,zheng,6lfo
8x58,2.182,zheng,6lfo
8x59,2.116,zheng,6lfo
CT,22.746,zheng,6lfo
NTr.Cm7,7.736,zheng,ngo
NTr.Cm6,9.425,zheng,ngo
NTr.Cm5,7.659,zheng,ngo
NTr.Cm4,4.173,zheng,ngo
NTr.Cm3,5.254,zheng,ngo
NTr.Cm2,3.642,zheng,ngo
NTr.Cm1,2.751,zheng,ngo
1x22,1.648,zheng,ngo
1x23,2.033,zheng,ngo
1x24,2.309,zheng,ngo
1x25,1.945,zheng,ngo
1x26,2.427,zheng,ngo
1x27,3.136,zheng,ngo
1x28,1.852,zheng,ngo
1x29,1.47,zheng,ngo
1x30,2.872,zheng,ngo
1x31,2.482,zheng,ngo
1x32,0.615,zheng,ngo
1x33,2.369,zheng,ngo
1x34,1.964,zheng,ngo
1x35,1.433,zheng,ngo
1x36,1.145,zheng,ngo
1x37,1.885,zheng,ngo
1x38,1.773,zheng,ngo
1x39,0.67,zheng,ngo
1x40,0.825,zheng,ngo
1x41,1.017,zheng,ngo
1x42,0.512,zheng,ngo
1x43,0.467,zheng,ngo
1x44,0.834,zheng,ngo
1x45,0.45,zheng,ngo
1x46,1.081,zheng,ngo
1x47,1.42,zheng,ngo
1x48,0.971,zheng,ngo
1x49,0.977,zheng,ngo
1x50,0.663,zheng,ngo
1x51,0.71,zheng,ngo
1x52,0.962,zheng,ngo
1x53,0.74,zheng,ngo
1x54,0.496,zheng,ngo
1x55,0.534,zheng,ngo
1x56,0.672,zheng,ngo
1x57,0.647,zheng,ngo
1x58,0.96,zheng,ngo
1x59,1.251,zheng,ngo
1x60,2.107,zheng,ngo
12x48,3.826,zheng,ngo
12x49,9.312,zheng,ngo
12x50,9.732,zheng,ngo
12x51,6.631,zheng,ngo
2x37,6.521,zheng,ngo
2x38,5.36,zheng,ngo
2x39,2.199,zheng,ngo
2x40,2.033,zheng,ngo
2x41,1.545,zheng,ngo
2x42,0.93,zheng,ngo
2x43,1.211,zheng,ngo
2x44,0.744,zheng,ngo
2x45,0.653,zheng,ngo
2x46,0.749,zheng,ngo
2x47,0.198,zheng,ngo
2x48,0.393,zheng,ngo
2x49,0.759,zheng,ngo
2x50,0.755,zheng,ngo
2x51,1.056,zheng,ngo
2x52,1.821,zheng,ngo
2x53,1.828,zheng,ngo
2x54,0.719,zheng,ngo
2x55,2.094,zheng,ngo
2x56,1.856,zheng,ngo
2x57,1.325,zheng,ngo
2x58,1.321,zheng,ngo
2x59,0.645,zheng,ngo
2x60,0.371,zheng,ngo
2x61,0.441,zheng,ngo
2x62,0.667,zheng,ngo
2x63,0.572,zheng,ngo
2x64,0.611,zheng,ngo
2x65,0.774,zheng,ngo
2x66,0.84,zheng,ngo
23x49,0.598,zheng,ngo
23x50,0.802,zheng,ngo
23x51,0.811,zheng,ngo
23x52,1.005,zheng,ngo
3x21,1.498,zheng,ngo
3x22,1.696,zheng,ngo
3x23,1.666,zheng,ngo
3x24,0.82,zheng,ngo
3x25,0.901,zheng,ngo
3x26,1.311,zheng,ngo
3x27,0.85,zheng,ngo
3x28,0.306,zheng,ngo
3x29,0.696,zheng,ngo
3x30,0.643,zheng,ngo
3x31,0.411,zheng,ngo
3x32,0.642,zheng,ngo
3x33,1.43,zheng,ngo
3x34,0.501,zheng,ngo
3x35,1.101,zheng,ngo
3x36,1.748,zheng,ngo
3x37,0.785,zheng,ngo
3x38,0.715,zheng,ngo
3x39,0.593,zheng,ngo
3x40,0.595,zheng,ngo
3x41,0.958,zheng,ngo
3x42,1.075,zheng,ngo
3x43,1.628,zheng,ngo
3x44,1.471,zheng,ngo
3x45,1.156,zheng,ngo
3x46,1.063,zheng,ngo
3x47,1.217,zheng,ngo
3x48,0.995,zheng,ngo
3x49,0.927,zheng,ngo
3x50,1.222,zheng,ngo
3x51,1.22,zheng,ngo
3x52,0.731,zheng,ngo
3x53,0.468,zheng,ngo
3x54,0.42,zheng,ngo
3x55,1.055,zheng,ngo
3x56,1.336,zheng,ngo
34x50,1.997,zheng,ngo
34x51,3.763,zheng,ngo
34x52,3.703,zheng,ngo
34x53,2.159,zheng,ngo
34x54,1.86,zheng,ngo
34x55,2.434,zheng,ngo
34x56,2.502,zheng,ngo
34x57,2.503,zheng,ngo
4x38,2.679,zheng,ngo
4x39,7.815,zheng,ngo
4x40,9.001,zheng,ngo
4x41,4.915,zheng,ngo
4x42,1.82,zheng,ngo
4x43,5.212,zheng,ngo
4x44,5.289,zheng,ngo
4x45,2.24,zheng,ngo
4x46,3.281,zheng,ngo
4x47,6.137,zheng,ngo
4x48,5.407,zheng,ngo
4x49,2.415,zheng,ngo
4x50,1.393,zheng,ngo
4x51,1.213,zheng,ngo
4x52,1.309,zheng,ngo
4x53,1.069,zheng,ngo
4x54,0.778,zheng,ngo
4x55,1.167,zheng,ngo
4x56,2.432,zheng,ngo
4x57,3.06,zheng,ngo
4x59,2.601,zheng,ngo
4x60,2.129,zheng,ngo
4x61,3.574,zheng,ngo
4x62,3.506,zheng,ngo
4x63,2.444,zheng,ngo
4x64,2.749,zheng,ngo
4x65,2.198,zheng,ngo
ECL2.Cm10,2.291,zheng,ngo
ECL2.Cm9,1.705,zheng,ngo
ECL2.Cm8,0.712,zheng,ngo
ECL2.Cm7,1.294,zheng,ngo
ECL2.Cm6,1.906,zheng,ngo
ECL2.Cm5,3.024,zheng,ngo
ECL2.Cm4,4.85,zheng,ngo
ECL2.Cm3,1.696,zheng,ngo
ECL2.Cm2,0.703,zheng,ngo
ECL2.Cm1,0.965,zheng,ngo
45x50,0.938,zheng,ngo
45x51,1.256,zheng,ngo
45x52,1.844,zheng,ngo
ECL2.Cp3,2.37,zheng,ngo
ECL2.Cp4,2.189,zheng,ngo
ECL2.Cp5,1.668,zheng,ngo
ECL2.Cp6,2.897,zheng,ngo
5x33,3.586,zheng,ngo
5x34,2.378,zheng,ngo
5x35,1.691,zheng,ngo
5x36,1.929,zheng,ngo
5x37,1.649,zheng,ngo
5x38,0.965,zheng,ngo
5x39,0.769,zheng,ngo
5x40,0.849,zheng,ngo
5x41,1.341,zheng,ngo
5x42,1.401,zheng,ngo
5x43,1.421,zheng,ngo
5x44,1.55,zheng,ngo
5x45,1.589,zheng,ngo
5x46,1.428,zheng,ngo
5x461,1.418,zheng,ngo
5x47,1.328,zheng,ngo
5x48,1.169,zheng,ngo
5x49,1.377,zheng,ngo
5x50,1.497,zheng,ngo
5x51,1.128,zheng,ngo
5x52,0.876,zheng,ngo
5x53,1.104,zheng,ngo
5x54,1.64,zheng,ngo
5x55,1.569,zheng,ngo
5x56,0.952,zheng,ngo
5x57,0.339,zheng,ngo
5x58,1.262,zheng,ngo
5x59,1.694,zheng,ngo
5x60,1.392,zheng,ngo
5x61,0.395,zheng,ngo
5x62,0.813,zheng,ngo
5x63,1.632,zheng,ngo
5x64,1.672,zheng,ngo
5x65,2.239,zheng,ngo
5x66,5.003,zheng,ngo
5x67,5.499,zheng,ngo
5x68,7.67,zheng,ngo
ICL3,3.06,zheng,ngo
6x30,1.453,zheng,ngo
6x31,1.349,zheng,ngo
6x32,1.205,zheng,ngo
6x33,0.649,zheng,ngo
6x34,0.641,zheng,ngo
6x35,0.926,zheng,ngo
6x36,1.094,zheng,ngo
6x37,0.923,zheng,ngo
6x38,1.271,zheng,ngo
6x39,1.402,zheng,ngo
6x40,1.343,zheng,ngo
6x41,1.186,zheng,ngo
6x42,1.331,zheng,ngo
6x43,1.485,zheng,ngo
6x44,1.743,zheng,ngo
6x45,1.506,zheng,ngo
6x46,1.066,zheng,ngo
6x47,0.785,zheng,ngo
6x48,0.797,zheng,ngo
6x49,1.184,zheng,ngo
6x50,1.319,zheng,ngo
6x51,0.857,zheng,ngo
6x52,1.144,zheng,ngo
6x53,1.427,zheng,ngo
6x54,1.165,zheng,ngo
6x55,1.178,zheng,ngo
6x56,2.155,zheng,ngo
6x57,1.313,zheng,ngo
6x58,1.548,zheng,ngo
6x59,2.423,zheng,ngo
6x60,1.722,zheng,ngo
6x61,1.153,zheng,ngo
6x62,6.082,zheng,ngo
6x63,6.081,zheng,ngo
6x64,7.47,zheng,ngo
ECL3.Cm3,4.035,zheng,ngo
ECL3.Cm2,3.559,zheng,ngo
7x23,2.159,zheng,ngo
7x24,0.743,zheng,ngo
7x25,1.423,zheng,ngo
7x26,1.161,zheng,ngo
7x27,0.629,zheng,ngo
7x28,1.362,zheng,ngo
7x29,1.406,zheng,ngo
7x30,1.397,zheng,ngo
7x31,1.24,zheng,ngo
7x32,1.639,zheng,ngo
7x33,1.5,zheng,ngo
7x34,1.421,zheng,ngo
7x35,1.619,zheng,ngo
7x36,2.136,zheng,ngo
7x37,1.635,zheng,ngo
7x38,1.495,zheng,ngo
7x39,1.937,zheng,ngo
7x40,1.594,zheng,ngo
7x41,0.927,zheng,ngo
7x42,2.621,zheng,ngo
7x43,2.693,zheng,ngo
7x45,2.601,zheng,ngo
7x46,1.896,zheng,ngo
7x47,1.398,zheng,ngo
7x48,1.694,zheng,ngo
7x49,2.093,zheng,ngo
7x50,1.572,zheng,ngo
7x51,0.822,zheng,ngo
7x52,2.133,zheng,ngo
7x53,2.617,zheng,ngo
7x54,2.47,zheng,ngo
7x55,4.676,zheng,ngo
NTr.Cm7,16.698,zheng,7sk3
NTr.Cm6,16.627,zheng,7sk3
NTr.Cm5,10.344,zheng,7sk3
NTr.Cm4,9.42,zheng,7sk3
NTr.Cm3,7.008,zheng,7sk3
NTr.Cm2,7.904,zheng,7sk3
NTr.Cm1,7.701,zheng,7sk3
1x22,5.082,zheng,7sk3
1x23,6.153,zheng,7sk3
1x24,7.667,zheng,7sk3
1x25,2.467,zheng,7sk3
1x26,3.882,zheng,7sk3
1x27,7.31,zheng,7sk3
1x28,4.337,zheng,7sk3
1x29,3.425,zheng,7sk3
1x30,3.405,zheng,7sk3
1x31,3.241,zheng,7sk3
1x32,2.329,zheng,7sk3
1x33,1.31,zheng,7sk3
1x34,1.702,zheng,7sk3
1x35,1.892,zheng,7sk3
1x36,1.701,zheng,7sk3
1x37,1.692,zheng,7sk3
1x38,1.593,zheng,7sk3
1x39,1.304,zheng,7sk3
1x40,1.484,zheng,7sk3
1x41,1.515,zheng,7sk3
1x42,1.33,zheng,7sk3
1x43,1.181,zheng,7sk3
1x44,1.04,zheng,7sk3
1x45,1.116,zheng,7sk3
1x46,1.12,zheng,7sk3
1x47,0.935,zheng,7sk3
1x48,0.979,zheng,7sk3
1x49,1.098,zheng,7sk3
1x50,0.67,zheng,7sk3
1x51,0.618,zheng,7sk3
1x52,0.77,zheng,7sk3
1x53,0.932,zheng,7sk3
1x54,0.598,zheng,7sk3
1x55,0.507,zheng,7sk3
1x56,0.853,zheng,7sk3
1x57,0.876,zheng,7sk3
1x58,0.713,zheng,7sk3
1x59,0.738,zheng,7sk3
1x60,2.851,zheng,7sk3
12x48,4.984,zheng,7sk3
12x49,5.609,zheng,7sk3
12x50,10.038,zheng,7sk3
12x51,7.468,zheng,7sk3
2x37,7.959,zheng,7sk3
2x38,7.976,zheng,7sk3
2x39,6.265,zheng,7sk3
2x40,2.163,zheng,7sk3
2x41,1.008,zheng,7sk3
2x42,0.643,zheng,7sk3
2x43,0.835,zheng,7sk3
2x44,0.886,zheng,7sk3
2x45,0.852,zheng,7sk3
2x46,0.788,zheng,7sk3
2x47,0.989,zheng,7sk3
2x48,0.849,zheng,7sk3
2x49,0.841,zheng,7sk3
2x50,0.785,zheng,7sk3
2x51,1.347,zheng,7sk3
2x52,1.561,zheng,7sk3
2x53,0.784,zheng,7sk3
2x54,0.995,zheng,7sk3
2x55,1.681,zheng,7sk3
2x56,1.148,zheng,7sk3
2x57,0.376,zheng,7sk3
2x58,0.343,zheng,7sk3
2x59,0.404,zheng,7sk3
2x60,0.225,zheng,7sk3
2x61,0.459,zheng,7sk3
2x62,0.577,zheng,7sk3
2x63,0.666,zheng,7sk3
2x64,0.8,zheng,7sk3
2x65,1.229,zheng,7sk3
2x66,2.251,zheng,7sk3
23x49,2.956,zheng,7sk3
23x50,1.286,zheng,7sk3
23x51,1.51,zheng,7sk3
23x52,1.276,zheng,7sk3
3x21,1.754,zheng,7sk3
3x22,2.013,zheng,7sk3
3x23,1.638,zheng,7sk3
3x24,0.837,zheng,7sk3
3x25,0.684,zheng,7sk3
3x26,1.228,zheng,7sk3
3x27,1.056,zheng,7sk3
3x28,0.842,zheng,7sk3
3x29,0.92,zheng,7sk3
3x30,0.975,zheng,7sk3
3x31,1.112,zheng,7sk3
3x32,1.149,zheng,7sk3
3x33,1.199,zheng,7sk3
3x34,0.969,zheng,7sk3
3x35,1.613,zheng,7sk3
3x36,1.449,zheng,7sk3
3x37,0.897,zheng,7sk3
3x38,0.562,zheng,7sk3
3x39,0.642,zheng,7sk3
3x40,0.668,zheng,7sk3
3x41,0.493,zheng,7sk3
3x42,0.567,zheng,7sk3
3x43,0.686,zheng,7sk3
3x44,0.764,zheng,7sk3
3x45,0.97,zheng,7sk3
3x46,0.724,zheng,7sk3
3x47,0.46,zheng,7sk3
3x48,0.752,zheng,7sk3
3x49,0.79,zheng,7sk3
3x50,0.449,zheng,7sk3
3x51,0.75,zheng,7sk3
3x52,0.329,zheng,7sk3
3x53,1.151,zheng,7sk3
3x54,1.967,zheng,7sk3
3x55,2.252,zheng,7sk3
3x56,1.846,zheng,7sk3
4x41,2.462,zheng,7sk3
4x42,1.63,zheng,7sk3
4x43,2.081,zheng,7sk3
4x44,2.431,zheng,7sk3
4x45,1.55,zheng,7sk3
4x46,1.161,zheng,7sk3
4x47,1.597,zheng,7sk3
4x48,1.504,zheng,7sk3
4x49,0.923,zheng,7sk3
4x50,0.988,zheng,7sk3
4x51,1.127,zheng,7sk3
4x52,0.808,zheng,7sk3
4x53,0.63,zheng,7sk3
4x54,0.925,zheng,7sk3
4x55,0.907,zheng,7sk3
4x56,0.79,zheng,7sk3
4x57,0.749,zheng,7sk3
4x59,1.235,zheng,7sk3
4x60,2.034,zheng,7sk3
4x61,2.119,zheng,7sk3
4x62,1.139,zheng,7sk3
4x63,2.377,zheng,7sk3
4x64,3.564,zheng,7sk3
4x65,2.958,zheng,7sk3
ECL2.Cm10,7.427,zheng,7sk3
ECL2.Cm9,8.232,zheng,7sk3
ECL2.Cm8,6.961,zheng,7sk3
ECL2.Cm7,7.585,zheng,7sk3
ECL2.Cm6,7.461,zheng,7sk3
ECL2.Cm5,2.16,zheng,7sk3
ECL2.Cm4,4.131,zheng,7sk3
ECL2.Cm3,3.417,zheng,7sk3
ECL2.Cm2,2.643,zheng,7sk3
ECL2.Cm1,2.756,zheng,7sk3
45x50,2.942,zheng,7sk3
45x51,3.329,zheng,7sk3
45x52,3.449,zheng,7sk3
ECL2.Cp3,4.451,zheng,7sk3
ECL2.Cp4,4.36,zheng,7sk3
ECL2.Cp5,4.575,zheng,7sk3
ECL2.Cp6,5.45,zheng,7sk3
ECL2.Cp7,3.544,zheng,7sk3
5x31,2.323,zheng,7sk3
5x32,2.977,zheng,7sk3
5x33,2.837,zheng,7sk3
5x34,2.076,zheng,7sk3
5x35,2.126,zheng,7sk3
5x36,2.792,zheng,7sk3
5x37,2.416,zheng,7sk3
5x38,1.225,zheng,7sk3
5x39,1.815,zheng,7sk3
5x40,2.543,zheng,7sk3
5x41,2.145,zheng,7sk3
5x42,0.82,zheng,7sk3
5x43,1.097,zheng,7sk3
5x44,1.236,zheng,7sk3
5x45,1.232,zheng,7sk3
5x46,1.57,zheng,7sk3
5x461,1.757,zheng,7sk3
5x47,1.521,zheng,7sk3
5x48,1.333,zheng,7sk3
5x49,0.968,zheng,7sk3
5x50,1.775,zheng,7sk3
5x51,2.346,zheng,7sk3
5x52,2.074,zheng,7sk3
5x53,0.71,zheng,7sk3
5x54,2.326,zheng,7sk3
5x55,3.563,zheng,7sk3
5x56,2.949,zheng,7sk3
5x57,1.178,zheng,7sk3
5x58,3.072,zheng,7sk3
5x59,3.906,zheng,7sk3
5x60,2.37,zheng,7sk3
5x61,1.716,zheng,7sk3
5x62,2.248,zheng,7sk3
5x63,2.182,zheng,7sk3
5x64,1.161,zheng,7sk3
5x65,1.73,zheng,7sk3
5x66,2.158,zheng,7sk3
5x67,1.397,zheng,7sk3
5x68,3.012,zheng,7sk3
ICL3,2.862,zheng,7sk3
6x28,4.77,zheng,7sk3
6x29,8.749,zheng,7sk3
6x30,9.356,zheng,7sk3
6x31,6.12,zheng,7sk3
6x32,4.176,zheng,7sk3
6x33,8.75,zheng,7sk3
6x34,7.281,zheng,7sk3
6x35,5.985,zheng,7sk3
6x36,5.342,zheng,7sk3
6x37,6.101,zheng,7sk3
6x38,4.962,zheng,7sk3
6x39,3.448,zheng,7sk3
6x40,3.908,zheng,7sk3
6x41,4.089,zheng,7sk3
6x42,2.991,zheng,7sk3
6x43,1.518,zheng,7sk3
6x44,2.315,zheng,7sk3
6x45,2.075,zheng,7sk3
6x46,1.398,zheng,7sk3
6x47,0.896,zheng,7sk3
6x48,1.011,zheng,7sk3
6x49,1.274,zheng,7sk3
6x50,1.041,zheng,7sk3
6x51,0.733,zheng,7sk3
6x52,0.795,zheng,7sk3
6x53,1.417,zheng,7sk3
6x54,1.505,zheng,7sk3
6x55,1.061,zheng,7sk3
6x56,1.072,zheng,7sk3
6x57,1.483,zheng,7sk3
6x58,1.446,zheng,7sk3
6x59,0.455,zheng,7sk3
6x60,1.679,zheng,7sk3
6x61,2.788,zheng,7sk3
6x62,6.404,zheng,7sk3
6x63,6.707,zheng,7sk3
6x64,8.064,zheng,7sk3
ECL3.Cm3,4.57,zheng,7sk3
ECL3.Cm2,3.623,zheng,7sk3
7x23,3.369,zheng,7sk3
7x24,3.197,zheng,7sk3
7x25,2.015,zheng,7sk3
7x26,2.523,zheng,7sk3
7x27,3.446,zheng,7sk3
7x28,2.596,zheng,7sk3
7x29,1.77,zheng,7sk3
7x30,2.787,zheng,7sk3
7x31,2.874,zheng,7sk3
7x32,2.134,zheng,7sk3
7x33,1.772,zheng,7sk3
7x34,1.878,zheng,7sk3
7x35,1.843,zheng,7sk3
7x36,1.444,zheng,7sk3
7x37,1.025,zheng,7sk3
7x38,1.441,zheng,7sk3
7x39,1.685,zheng,7sk3
7x40,1.323,zheng,7sk3
7x41,0.706,zheng,7sk3
7x42,2.133,zheng,7sk3
7x43,2.293,zheng,7sk3
7x45,2.051,zheng,7sk3
7x46,1.693,zheng,7sk3
7x47,1.74,zheng,7sk3
7x48,1.719,zheng,7sk3
7x49,1.525,zheng,7sk3
7x50,2.459,zheng,7sk3
7x51,2.684,zheng,7sk3
7x52,2.557,zheng,7sk3
7x53,4.546,zheng,7sk3
7x54,6.682,zheng,7sk3
7x55,5.763,zheng,7sk3
7x56,2.917,zheng,7sk3
8x47,2.558,zheng,7sk3
8x48,2.858,zheng,7sk3
8x49,3.044,zheng,7sk3
8x50,3.197,zheng,7sk3
8x51,3.044,zheng,7sk3
8x52,3.02,zheng,7sk3
8x53,3.058,zheng,7sk3
8x54,3.053,zheng,7sk3
8x55,2.576,zheng,7sk3
8x56,2.674,zheng,7sk3
8x57,3.658,zheng,7sk3
1x23,3.587,zheng,7xbx
1x24,2.423,zheng,7xbx
1x25,3.25,zheng,7xbx
1x26,1.461,zheng,7xbx
1x27,2.904,zheng,7xbx
1x28,2.719,zheng,7xbx
1x29,1.012,zheng,7xbx
1x30,1.486,zheng,7xbx
1x31,2.827,zheng,7xbx
1x32,2.738,zheng,7xbx
1x33,0.947,zheng,7xbx
1x34,1.036,zheng,7xbx
1x35,1.254,zheng,7xbx
1x36,1.327,zheng,7xbx
1x37,0.783,zheng,7xbx
1x38,0.648,zheng,7xbx
1x39,0.419,zheng,7xbx
1x40,0.88,zheng,7xbx
1x41,1.097,zheng,7xbx
1x42,1.412,zheng,7xbx
1x43,1.022,zheng,7xbx
1x44,0.704,zheng,7xbx
1x45,0.95,zheng,7xbx
1x46,1.09,zheng,7xbx
1x47,0.766,zheng,7xbx
1x48,0.602,zheng,7xbx
1x49,0.495,zheng,7xbx
1x50,0.681,zheng,7xbx
1x51,0.507,zheng,7xbx
1x52,0.491,zheng,7xbx
1x53,0.456,zheng,7xbx
1x54,0.775,zheng,7xbx
1x55,0.668,zheng,7xbx
1x56,0.649,zheng,7xbx
1x57,0.838,zheng,7xbx
1x58,1.17,zheng,7xbx
1x59,0.772,zheng,7xbx
1x60,3.853,zheng,7xbx
12x48,4.081,zheng,7xbx
12x49,4.598,zheng,7xbx
12x50,3.667,zheng,7xbx
12x51,4.123,zheng,7xbx
2x37,1.544,zheng,7xbx
2x38,0.741,zheng,7xbx
2x39,0.635,zheng,7xbx
2x40,0.537,zheng,7xbx
2x41,0.679,zheng,7xbx
2x42,0.617,zheng,7xbx
2x43,0.43,zheng,7xbx
2x44,0.253,zheng,7xbx
2x45,0.193,zheng,7xbx
2x46,0.385,zheng,7xbx
2x47,0.295,zheng,7xbx
2x48,0.29,zheng,7xbx
2x49,0.283,zheng,7xbx
2x50,0.441,zheng,7xbx
2x51,0.603,zheng,7xbx
2x52,0.801,zheng,7xbx
2x53,0.936,zheng,7xbx
2x54,0.815,zheng,7xbx
2x55,0.747,zheng,7xbx
2x56,0.813,zheng,7xbx
2x57,0.786,zheng,7xbx
2x58,0.58,zheng,7xbx
2x59,0.94,zheng,7xbx
2x60,0.878,zheng,7xbx
2x61,0.938,zheng,7xbx
2x62,1.495,zheng,7xbx
2x63,1.667,zheng,7xbx
2x64,1.943,zheng,7xbx
2x65,1.578,zheng,7xbx
2x66,2.062,zheng,7xbx
3x24,1.82,zheng,7xbx
3x25,2.151,zheng,7xbx
3x26,2.191,zheng,7xbx
3x27,1.642,zheng,7xbx
3x28,1.488,zheng,7xbx
3x29,1.494,zheng,7xbx
3x30,1.518,zheng,7xbx
3x31,1.259,zheng,7xbx
3x32,1.062,zheng,7xbx
3x33,0.871,zheng,7xbx
3x34,0.864,zheng,7xbx
3x35,0.534,zheng,7xbx
3x36,0.585,zheng,7xbx
3x37,0.583,zheng,7xbx
3x38,0.529,zheng,7xbx
3x39,0.243,zheng,7xbx
3x40,0.589,zheng,7xbx
3x41,0.611,zheng,7xbx
3x42,0.652,zheng,7xbx
3x43,0.36,zheng,7xbx
3x44,0.569,zheng,7xbx
3x45,1.136,zheng,7xbx
3x46,1.048,zheng,7xbx
3x47,0.574,zheng,7xbx
3x48,0.866,zheng,7xbx
3x49,1.02,zheng,7xbx
3x50,1.09,zheng,7xbx
3x51,1.057,zheng,7xbx
3x52,0.89,zheng,7xbx
3x53,1.347,zheng,7xbx
3x54,1.147,zheng,7xbx
3x55,0.313,zheng,7xbx
3x56,0.762,zheng,7xbx
34x50,0.998,zheng,7xbx
34x51,1.531,zheng,7xbx
34x52,1.015,zheng,7xbx
34x53,1.398,zheng,7xbx
34x54,1.719,zheng,7xbx
34x55,2.129,zheng,7xbx
34x56,2.64,zheng,7xbx
34x57,3.421,zheng,7xbx
4x38,1.309,zheng,7xbx
4x39,1.506,zheng,7xbx
4x40,1.406,zheng,7xbx
4x41,0.987,zheng,7xbx
4x42,0.955,zheng,7xbx
4x43,0.68,zheng,7xbx
4x44,0.753,zheng,7xbx
4x45,0.541,zheng,7xbx
4x46,0.621,zheng,7xbx
4x47,0.65,zheng,7xbx
4x48,0.716,zheng,7xbx
4x49,0.703,zheng,7xbx
4x50,0.596,zheng,7xbx
4x51,0.758,zheng,7xbx
4x52,0.809,zheng,7xbx
4x53,0.599,zheng,7xbx
4x54,0.754,zheng,7xbx
4x55,1.121,zheng,7xbx
4x56,1.159,zheng,7xbx
4x57,1.284,zheng,7xbx
4x59,1.072,zheng,7xbx
4x60,1.237,zheng,7xbx
4x61,2.115,zheng,7xbx
4x62,2.205,zheng,7xbx
4x63,1.86,zheng,7xbx
4x64,1.587,zheng,7xbx
4x65,0.979,zheng,7xbx
ECL2.Cm6,12.15,zheng,7xbx
ECL2.Cm5,13.772,zheng,7xbx
ECL2.Cm4,11.038,zheng,7xbx
ECL2.Cm3,5.656,zheng,7xbx
ECL2.Cm2,1.871,zheng,7xbx
ECL2.Cm1,1.615,zheng,7xbx
45x50,1.911,zheng,7xbx
45x51,3.074,zheng,7xbx
45x52,3.607,zheng,7xbx
ECL2.Cp3,4.886,zheng,7xbx
ECL2.Cp4,2.992,zheng,7xbx
ECL2.Cp5,3.618,zheng,7xbx
ECL2.Cp6,4.786,zheng,7xbx
ECL2.Cp7,4.153,zheng,7xbx
5x31,3.549,zheng,7xbx
5x32,2.915,zheng,7xbx
5x33,2.797,zheng,7xbx
5x34,2.586,zheng,7xbx
5x35,2.446,zheng,7xbx
5x36,2.22,zheng,7xbx
5x37,2.107,zheng,7xbx
5x38,1.296,zheng,7xbx
5x39,1.042,zheng,7xbx
5x40,0.953,zheng,7xbx
5x41,1.054,zheng,7xbx
5x42,0.5,zheng,7xbx
5x43,0.44,zheng,7xbx
5x44,0.673,zheng,7xbx
5x45,1.226,zheng,7xbx
5x46,1.249,zheng,7xbx
5x461,0.926,zheng,7xbx
5x47,0.718,zheng,7xbx
5x48,1.216,zheng,7xbx
5x49,1.375,zheng,7xbx
5x50,0.93,zheng,7xbx
5x51,0.796,zheng,7xbx
5x52,0.729,zheng,7xbx
5x53,0.596,zheng,7xbx
5x54,1.682,zheng,7xbx
5x55,1.903,zheng,7xbx
5x56,1.358,zheng,7xbx
5x57,1.065,zheng,7xbx
5x58,2.394,zheng,7xbx
5x59,2.577,zheng,7xbx
5x60,1.495,zheng,7xbx
5x61,1.681,zheng,7xbx
5x62,1.524,zheng,7xbx
5x63,1.538,zheng,7xbx
5x64,1.444,zheng,7xbx
5x65,1.853,zheng,7xbx
5x66,1.478,zheng,7xbx
5x67,2.319,zheng,7xbx
5x68,4.483,zheng,7xbx
ICL3,3.019,zheng,7xbx
6x28,6.834,zheng,7xbx
6x29,8.224,zheng,7xbx
6x30,4.832,zheng,7xbx
6x31,0.499,zheng,7xbx
6x32,1.469,zheng,7xbx
6x33,1.671,zheng,7xbx
6x34,0.776,zheng,7xbx
6x35,0.597,zheng,7xbx
6x36,1.58,zheng,7xbx
6x37,1.546,zheng,7xbx
6x38,0.765,zheng,7xbx
6x39,1.266,zheng,7xbx
6x40,1.633,zheng,7xbx
6x41,1.202,zheng,7xbx
6x42,0.919,zheng,7xbx
6x43,1.218,zheng,7xbx
6x44,0.989,zheng,7xbx
6x45,0.697,zheng,7xbx
6x46,1.191,zheng,7xbx
6x47,1.158,zheng,7xbx
6x48,1.069,zheng,7xbx
6x49,1.62,zheng,7xbx
6x50,1.199,zheng,7xbx
6x51,0.694,zheng,7xbx
6x52,1.247,zheng,7xbx
6x53,1.016,zheng,7xbx
6x54,0.568,zheng,7xbx
6x55,0.619,zheng,7xbx
6x56,0.804,zheng,7xbx
6x57,0.389,zheng,7xbx
6x58,0.355,zheng,7xbx
6x59,1.266,zheng,7xbx
6x60,1.435,zheng,7xbx
6x61,0.874,zheng,7xbx
6x62,4.165,zheng,7xbx
6x63,3.294,zheng,7xbx
6x64,5.167,zheng,7xbx
ECL3.Cm3,1.627,zheng,7xbx
ECL3.Cm2,3.396,zheng,7xbx
7x23,4.752,zheng,7xbx
7x24,3.368,zheng,7xbx
7x25,3.019,zheng,7xbx
7x26,2.415,zheng,7xbx
7x27,1.763,zheng,7xbx
7x28,1.675,zheng,7xbx
7x29,1.708,zheng,7xbx
7x30,1.323,zheng,7xbx
7x31,0.66,zheng,7xbx
7x32,0.808,zheng,7xbx
7x33,0.891,zheng,7xbx
7x34,0.998,zheng,7xbx
7x35,0.722,zheng,7xbx
7x36,0.961,zheng,7xbx
7x37,1.137,zheng,7xbx
7x38,1.679,zheng,7xbx
7x39,1.732,zheng,7xbx
7x40,1.306,zheng,7xbx
7x41,1.621,zheng,7xbx
7x42,2.173,zheng,7xbx
7x43,2.176,zheng,7xbx
7x45,2.191,zheng,7xbx
7x46,1.76,zheng,7xbx
7x47,1.055,zheng,7xbx
7x48,2.08,zheng,7xbx
7x49,1.805,zheng,7xbx
7x50,0.912,zheng,7xbx
7x51,0.985,zheng,7xbx
7x52,1.525,zheng,7xbx
7x53,1.105,zheng,7xbx
7x54,0.519,zheng,7xbx
7x55,0.883,zheng,7xbx
7x56,1.016,zheng,7xbx
8x47,1.648,zheng,7xbx
8x48,0.904,zheng,7xbx
8x49,1.977,zheng,7xbx
8x50,1.077,zheng,7xbx
8x51,1.02,zheng,7xbx
8x52,1.911,zheng,7xbx
8x53,2.401,zheng,7xbx
8x54,1.976,zheng,7xbx
8x55,1.943,zheng,7xbx
8x56,2.203,zheng,7xbx
8x57,2.671,zheng,7xbx
8x58,2.099,zheng,7xbx
NTr.Cm5,14.334,zheng,4rws
NTr.Cm4,9.089,zheng,4rws
NTr.Cm3,8.697,zheng,4rws
NTr.Cm2,6.965,zheng,4rws
NTr.Cm1,5.292,zheng,4rws
1x22,2.61,zheng,4rws
1x23,1.836,zheng,4rws
1x24,2.099,zheng,4rws
1x25,1.335,zheng,4rws
1x26,1.894,zheng,4rws
1x27,2.345,zheng,4rws
1x28,1.716,zheng,4rws
1x29,1.179,zheng,4rws
1x30,1.816,zheng,4rws
1x31,0.888,zheng,4rws
1x32,1.628,zheng,4rws
1x33,2.347,zheng,4rws
1x34,1.822,zheng,4rws
1x35,1.14,zheng,4rws
1x36,1.756,zheng,4rws
1x37,2.279,zheng,4rws
1x38,1.688,zheng,4rws
1x39,0.844,zheng,4rws
1x40,1.508,zheng,4rws
1x41,1.401,zheng,4rws
1x42,0.771,zheng,4rws
1x43,0.917,zheng,4rws
1x44,0.872,zheng,4rws
1x45,0.762,zheng,4rws
1x46,0.491,zheng,4rws
1x47,1.083,zheng,4rws
1x48,1.359,zheng,4rws
1x49,0.979,zheng,4rws
1x50,0.987,zheng,4rws
1x51,1.536,zheng,4rws
1x52,1.532,zheng,4rws
1x53,1.511,zheng,4rws
1x54,1.598,zheng,4rws
1x55,1.885,zheng,4rws
1x56,2.051,zheng,4rws
1x57,1.472,zheng,4rws
1x58,1.698,zheng,4rws
1x59,2.595,zheng,4rws
1x60,4.343,zheng,4rws
2x37,5.687,zheng,4rws
2x38,4.863,zheng,4rws
2x39,2.744,zheng,4rws
2x40,2.753,zheng,4rws
2x41,2.39,zheng,4rws
2x42,1.598,zheng,4rws
2x43,1.344,zheng,4rws
2x44,0.897,zheng,4rws
2x45,0.854,zheng,4rws
2x46,0.64,zheng,4rws
2x47,0.756,zheng,4rws
2x48,0.964,zheng,4rws
2x49,0.977,zheng,4rws
2x50,0.641,zheng,4rws
2x51,0.947,zheng,4rws
2x52,1.733,zheng,4rws
2x53,1.426,zheng,4rws
2x54,0.738,zheng,4rws
2x55,1.693,zheng,4rws
2x56,0.975,zheng,4rws
2x57,0.637,zheng,4rws
2x58,0.858,zheng,4rws
2x59,0.671,zheng,4rws
2x60,0.786,zheng,4rws
2x61,0.992,zheng,4rws
2x62,1.66,zheng,4rws
2x63,1.797,zheng,4rws
2x64,2.345,zheng,4rws
2x65,3.169,zheng,4rws
2x66,1.61,zheng,4rws
23x49,0.816,zheng,4rws
23x50,0.606,zheng,4rws
23x51,0.743,zheng,4rws
23x52,0.491,zheng,4rws
3x21,1.094,zheng,4rws
3x22,1.737,zheng,4rws
3x23,1.827,zheng,4rws
3x24,0.92,zheng,4rws
3x25,1.045,zheng,4rws
3x26,1.6,zheng,4rws
3x27,1.167,zheng,4rws
3x28,0.421,zheng,4rws
3x29,1.195,zheng,4rws
3x30,1.041,zheng,4rws
3x31,0.633,zheng,4rws
3x32,1.196,zheng,4rws
3x33,1.764,zheng,4rws
3x34,0.883,zheng,4rws
3x35,1.037,zheng,4rws
3x36,1.533,zheng,4rws
3x37,1.099,zheng,4rws
3x38,0.661,zheng,4rws
3x39,0.785,zheng,4rws
3x40,0.595,zheng,4rws
3x41,0.973,zheng,4rws
3x42,0.697,zheng,4rws
3x43,1.025,zheng,4rws
3x44,0.818,zheng,4rws
3x45,0.951,zheng,4rws
3x46,0.925,zheng,4rws
3x47,0.976,zheng,4rws
3x48,0.853,zheng,4rws
3x49,1.278,zheng,4rws
3x50,1.51,zheng,4rws
3x51,1.081,zheng,4rws
3x52,1.421,zheng,4rws
3x53,1.545,zheng,4rws
3x54,1.221,zheng,4rws
3x55,1.116,zheng,4rws
3x56,2.019,zheng,4rws
34x50,2.754,zheng,4rws
34x51,4.672,zheng,4rws
34x52,5.65,zheng,4rws
34x53,2.993,zheng,4rws
34x54,2.58,zheng,4rws
34x55,1.559,zheng,4rws
34x56,1.237,zheng,4rws
34x57,1.747,zheng,4rws
4x38,1.914,zheng,4rws
4x39,5.372,zheng,4rws
4x40,7.534,zheng,4rws
4x41,5.648,zheng,4rws
4x42,2.309,zheng,4rws
4x43,3.517,zheng,4rws
4x44,4.522,zheng,4rws
4x45,2.415,zheng,4rws
4x46,2.19,zheng,4rws
4x47,4.749,zheng,4rws
4x48,4.169,zheng,4rws
4x49,1.408,zheng,4rws
4x50,1.185,zheng,4rws
4x51,1.864,zheng,4rws
4x52,0.798,zheng,4rws
4x53,0.886,zheng,4rws
4x54,1.823,zheng,4rws
4x55,1.965,zheng,4rws
4x56,2.118,zheng,4rws
4x57,3.239,zheng,4rws
4x59,2.909,zheng,4rws
4x60,2.419,zheng,4rws
4x61,4.207,zheng,4rws
4x62,4.597,zheng,4rws
4x63,3.009,zheng,4rws
4x64,2.787,zheng,4rws
4x65,2.59,zheng,4rws
ECL2.Cm10,2.347,zheng,4rws
ECL2.Cm9,1.385,zheng,4rws
ECL2.Cm8,1.529,zheng,4rws
ECL2.Cm7,1.852,zheng,4rws
ECL2.Cm6,1.898,zheng,4rws
ECL2.Cm5,2.897,zheng,4rws
ECL2.Cm4,2.921,zheng,4rws
ECL2.Cm3,1.477,zheng,4rws
ECL2.Cm2,1.685,zheng,4rws
ECL2.Cm1,1.741,zheng,4rws
45x50,1.773,zheng,4rws
45x51,2.357,zheng,4rws
45x52,2.818,zheng,4rws
ECL2.Cp3,2.766,zheng,4rws
ECL2.Cp4,3.224,zheng,4rws
ECL2.Cp5,3.143,zheng,4rws
ECL2.Cp6,3.909,zheng,4rws
5x33,4.053,zheng,4rws
5x34,3.334,zheng,4rws
5x35,3.353,zheng,4rws
5x36,3.563,zheng,4rws
5x37,2.914,zheng,4rws
5x38,2.459,zheng,4rws
5x39,2.93,zheng,4rws
5x40,2.912,zheng,4rws
5x41,2.379,zheng,4rws
5x42,2.682,zheng,4rws
5x43,2.66,zheng,4rws
5x44,2.435,zheng,4rws
5x45,2.398,zheng,4rws
5x46,2.836,zheng,4rws
5x461,2.914,zheng,4rws
5x47,2.46,zheng,4rws
5x48,1.866,zheng,4rws
5x49,2.186,zheng,4rws
5x50,2.811,zheng,4rws
5x51,2.39,zheng,4rws
5x52,1.921,zheng,4rws
5x53,1.939,zheng,4rws
5x54,2.465,zheng,4rws
5x55,2.066,zheng,4rws
5x56,1.046,zheng,4rws
5x57,0.567,zheng,4rws
5x58,1.326,zheng,4rws
5x59,1.39,zheng,4rws
5x60,1.202,zheng,4rws
5x61,0.756,zheng,4rws
5x62,1.422,zheng,4rws
5x63,2.577,zheng,4rws
5x64,2.276,zheng,4rws
5x65,2.4,zheng,4rws
5x66,3.193,zheng,4rws
5x67,5.399,zheng,4rws
ICL3,11.824,zheng,4rws
6x30,7.448,zheng,4rws
6x31,7.327,zheng,4rws
6x32,6.069,zheng,4rws
6x33,1.914,zheng,4rws
6x34,1.039,zheng,4rws
6x35,1.007,zheng,4rws
6x36,1.386,zheng,4rws
6x37,1.228,zheng,4rws
6x38,0.839,zheng,4rws
6x39,0.879,zheng,4rws
6x40,1.037,zheng,4rws
6x41,0.731,zheng,4rws
6x42,0.602,zheng,4rws
6x43,0.779,zheng,4rws
6x44,0.817,zheng,4rws
6x45,0.78,zheng,4rws
6x46,0.514,zheng,4rws
6x47,0.622,zheng,4rws
6x48,0.978,zheng,4rws
6x49,2.435,zheng,4rws
6x50,2.582,zheng,4rws
6x51,1.751,zheng,4rws
6x52,2.356,zheng,4rws
6x53,3.161,zheng,4rws
6x54,2.292,zheng,4rws
6x55,2.096,zheng,4rws
6x56,3.087,zheng,4rws
6x57,2.915,zheng,4rws
6x58,2.221,zheng,4rws
6x59,3.092,zheng,4rws
6x60,3.789,zheng,4rws
6x61,2.356,zheng,4rws
6x62,3.523,zheng,4rws
6x63,3.537,zheng,4rws
6x64,6.181,zheng,4rws
ECL3.Cm3,4.439,zheng,4rws
ECL3.Cm2,6.384,zheng,4rws
7x23,4.552,zheng,4rws
7x24,2.362,zheng,4rws
7x25,2.532,zheng,4rws
7x26,2.153,zheng,4rws
7x27,1.404,zheng,4rws
7x28,0.824,zheng,4rws
7x29,1.27,zheng,4rws
7x30,1.21,zheng,4rws
7x31,0.849,zheng,4rws
7x32,1.543,zheng,4rws
7x33,1.61,zheng,4rws
7x34,1.065,zheng,4rws
7x35,1.379,zheng,4rws
7x36,2.43,zheng,4rws
7x37,1.903,zheng,4rws
7x38,1.17,zheng,4rws
7x39,1.684,zheng,4rws
7x40,1.927,zheng,4rws
7x41,0.973,zheng,4rws
7x42,1.654,zheng,4rws
7x43,2.088,zheng,4rws
7x45,1.964,zheng,4rws
7x46,1.283,zheng,4rws
7x47,1.057,zheng,4rws
7x48,1.382,zheng,4rws
7x49,1.523,zheng,4rws
7x50,1.048,zheng,4rws
7x51,0.601,zheng,4rws
7x52,1.283,zheng,4rws
7x53,2.703,zheng,4rws
7x54,2.559,zheng,4rws
NTr.Cm7,12.016,zheng,4xt1
NTr.Cm6,11.387,zheng,4xt1
NTr.Cm5,6.897,zheng,4xt1
NTr.Cm4,7.233,zheng,4xt1
NTr.Cm3,3.655,zheng,4xt1
NTr.Cm2,4.542,zheng,4xt1
NTr.Cm1,3.19,zheng,4xt1
1x22,1.922,zheng,4xt1
1x23,1.208,zheng,4xt1
1x24,1.017,zheng,4xt1
1x25,1.298,zheng,4xt1
1x26,1.498,zheng,4xt1
1x27,1.623,zheng,4xt1
1x28,0.63,zheng,4xt1
1x29,0.62,zheng,4xt1
1x30,1.367,zheng,4xt1
1x31,2.049,zheng,4xt1
1x32,2.1,zheng,4xt1
1x33,1.938,zheng,4xt1
1x34,2.14,zheng,4xt1
1x35,1.935,zheng,4xt1
1x36,1.64,zheng,4xt1
1x37,2.586,zheng,4xt1
1x38,2.197,zheng,4xt1
1x39,0.856,zheng,4xt1
1x40,1.28,zheng,4xt1
1x41,2.005,zheng,4xt1
1x42,1.392,zheng,4xt1
1x43,0.673,zheng,4xt1
1x44,1.379,zheng,4xt1
1x45,1.209,zheng,4xt1
1x46,0.923,zheng,4xt1
1x47,0.777,zheng,4xt1
1x48,1.273,zheng,4xt1
1x49,1.149,zheng,4xt1
1x50,0.637,zheng,4xt1
1x51,0.856,zheng,4xt1
1x52,1.049,zheng,4xt1
1x53,0.707,zheng,4xt1
1x54,0.418,zheng,4xt1
1x55,0.83,zheng,4xt1
1x56,0.563,zheng,4xt1
1x57,1.24,zheng,4xt1
1x58,1.229,zheng,4xt1
1x59,2.108,zheng,4xt1
1x60,3.751,zheng,4xt1
12x48,3.925,zheng,4xt1
12x49,1.664,zheng,4xt1
12x50,1.055,zheng,4xt1
12x51,0.331,zheng,4xt1
2x37,0.259,zheng,4xt1
2x38,0.409,zheng,4xt1
2x39,0.497,zheng,4xt1
2x40,0.66,zheng,4xt1
2x41,0.584,zheng,4xt1
2x42,0.462,zheng,4xt1
2x43,0.514,zheng,4xt1
2x44,0.605,zheng,4xt1
2x45,0.412,zheng,4xt1
2x46,0.293,zheng,4xt1
2x47,0.227,zheng,4xt1
2x48,0.513,zheng,4xt1
2x49,0.558,zheng,4xt1
2x50,0.18,zheng,4xt1
2x51,0.925,zheng,4xt1
2x52,1.239,zheng,4xt1
2x53,0.389,zheng,4xt1
2x54,1.13,zheng,4xt1
2x55,1.657,zheng,4xt1
2x56,0.809,zheng,4xt1
2x57,1.059,zheng,4xt1
2x58,1.123,zheng,4xt1
2x59,1.719,zheng,4xt1
2x60,1.861,zheng,4xt1
2x61,1.765,zheng,4xt1
2x62,2.368,zheng,4xt1
2x63,2.61,zheng,4xt1
2x64,2.799,zheng,4xt1
2x65,2.568,zheng,4xt1
2x66,2.651,zheng,4xt1
3x22,9.127,zheng,4xt1
3x23,7.607,zheng,4xt1
3x24,1.179,zheng,4xt1
3x25,0.828,zheng,4xt1
3x26,0.881,zheng,4xt1
3x27,0.738,zheng,4xt1
3x28,1.139,zheng,4xt1
3x29,1.059,zheng,4xt1
3x30,0.915,zheng,4xt1
3x31,0.854,zheng,4xt1
3x32,1.096,zheng,4xt1
3x33,1.029,zheng,4xt1
3x34,0.89,zheng,4xt1
3x35,1.022,zheng,4xt1
3x36,1.188,zheng,4xt1
3x37,1.058,zheng,4xt1
3x38,0.802,zheng,4xt1
3x39,0.816,zheng,4xt1
3x40,1.052,zheng,4xt1
3x41,1.075,zheng,4xt1
3x42,0.676,zheng,4xt1
3x43,0.79,zheng,4xt1
3x44,0.947,zheng,4xt1
3x45,0.851,zheng,4xt1
3x46,0.654,zheng,4xt1
3x47,0.541,zheng,4xt1
3x48,1.143,zheng,4xt1
3x49,1.384,zheng,4xt1
3x50,1.393,zheng,4xt1
3x51,1.641,zheng,4xt1
3x52,1.832,zheng,4xt1
3x53,2.12,zheng,4xt1
3x54,1.661,zheng,4xt1
3x55,0.78,zheng,4xt1
4x38,1.266,zheng,4xt1
4x39,1.22,zheng,4xt1
4x40,1.328,zheng,4xt1
4x41,1.278,zheng,4xt1
4x42,0.701,zheng,4xt1
4x43,0.844,zheng,4xt1
4x44,0.731,zheng,4xt1
4x45,0.658,zheng,4xt1
4x46,0.573,zheng,4xt1
4x47,0.57,zheng,4xt1
4x48,0.526,zheng,4xt1
4x49,0.579,zheng,4xt1
4x50,0.639,zheng,4xt1
4x51,0.529,zheng,4xt1
4x52,0.414,zheng,4xt1
4x53,0.444,zheng,4xt1
4x54,0.635,zheng,4xt1
4x55,0.526,zheng,4xt1
4x56,0.55,zheng,4xt1
4x57,0.762,zheng,4xt1
4x59,1.117,zheng,4xt1
4x60,1.291,zheng,4xt1
4x61,0.974,zheng,4xt1
4x62,1.577,zheng,4xt1
4x63,1.274,zheng,4xt1
ECL2.Cm8,11.468,zheng,4xt1
ECL2.Cm7,12.645,zheng,4xt1
ECL2.Cm6,12.774,zheng,4xt1
ECL2.Cm5,13.792,zheng,4xt1
ECL2.Cm4,11.784,zheng,4xt1
ECL2.Cm3,7.847,zheng,4xt1
ECL2.Cm2,4.653,zheng,4xt1
ECL2.Cm1,3.168,zheng,4xt1
45x50,1.848,zheng,4xt1
45x51,3.492,zheng,4xt1
45x52,3.318,zheng,4xt1
ECL2.Cp3,3.985,zheng,4xt1
ECL2.Cp4,3.73,zheng,4xt1
ECL2.Cp5,4.89,zheng,4xt1
ECL2.Cp6,6.162,zheng,4xt1
ECL2.Cp7,6.096,zheng,4xt1
5x34,2.156,zheng,4xt1
5x35,1.681,zheng,4xt1
5x36,2.219,zheng,4xt1
5x37,2.631,zheng,4xt1
5x38,1.768,zheng,4xt1
5x39,1.257,zheng,4xt1
5x40,1.409,zheng,4xt1
5x41,1.619,zheng,4xt1
5x42,1.112,zheng,4xt1
5x43,1.229,zheng,4xt1
5x44,1.419,zheng,4xt1
5x45,1.423,zheng,4xt1
5x46,1.633,zheng,4xt1
5x461,1.224,zheng,4xt1
5x47,1.409,zheng,4xt1
5x48,1.456,zheng,4xt1
5x49,1.087,zheng,4xt1
5x50,1.786,zheng,4xt1
5x51,2.469,zheng,4xt1
5x52,2.243,zheng,4xt1
5x53,1.133,zheng,4xt1
5x54,2.806,zheng,4xt1
5x55,3.716,zheng,4xt1
5x56,2.771,zheng,4xt1
5x57,1.628,zheng,4xt1
5x58,3.258,zheng,4xt1
5x59,3.805,zheng,4xt1
5x60,2.137,zheng,4xt1
5x61,1.761,zheng,4xt1
5x62,2.73,zheng,4xt1
5x63,2.592,zheng,4xt1
5x64,1.119,zheng,4xt1
5x65,2.085,zheng,4xt1
5x66,3.206,zheng,4xt1
5x67,1.926,zheng,4xt1
5x68,3.235,zheng,4xt1
ICL3,1.248,zheng,4xt1
6x29,4.778,zheng,4xt1
6x30,5.523,zheng,4xt1
6x31,5.129,zheng,4xt1
6x32,4.623,zheng,4xt1
6x33,4.902,zheng,4xt1
6x34,4.955,zheng,4xt1
6x35,4.232,zheng,4xt1
6x36,3.785,zheng,4xt1
6x37,4.365,zheng,4xt1
6x38,4.031,zheng,4xt1
6x39,2.659,zheng,4xt1
6x40,3.091,zheng,4xt1
6x41,3.863,zheng,4xt1
6x42,3.11,zheng,4xt1
6x43,1.705,zheng,4xt1
6x44,2.376,zheng,4xt1
6x45,2.692,zheng,4xt1
6x46,2.207,zheng,4xt1
6x47,1.254,zheng,4xt1
6x48,1.493,zheng,4xt1
6x49,1.912,zheng,4xt1
6x50,1.581,zheng,4xt1
6x51,1.085,zheng,4xt1
6x52,1.332,zheng,4xt1
6x53,1.4,zheng,4xt1
6x54,0.978,zheng,4xt1
6x55,1.049,zheng,4xt1
6x56,1.558,zheng,4xt1
6x57,1.14,zheng,4xt1
6x58,0.476,zheng,4xt1
6x59,1.345,zheng,4xt1
6x60,1.542,zheng,4xt1
6x61,1.275,zheng,4xt1
6x62,5.288,zheng,4xt1
6x63,5.591,zheng,4xt1
6x64,7.376,zheng,4xt1
ECL3.Cm3,4.504,zheng,4xt1
ECL3.Cm2,2.531,zheng,4xt1
7x23,2.415,zheng,4xt1
7x24,1.373,zheng,4xt1
7x25,0.914,zheng,4xt1
7x26,0.453,zheng,4xt1
7x27,0.77,zheng,4xt1
7x28,0.588,zheng,4xt1
7x29,0.349,zheng,4xt1
7x30,0.772,zheng,4xt1
7x31,1.153,zheng,4xt1
7x32,1.044,zheng,4xt1
7x33,0.924,zheng,4xt1
7x34,0.67,zheng,4xt1
7x35,0.754,zheng,4xt1
7x36,1.063,zheng,4xt1
7x37,0.859,zheng,4xt1
7x38,0.34,zheng,4xt1
7x39,0.471,zheng,4xt1
7x40,0.483,zheng,4xt1
7x41,1.239,zheng,4xt1
7x42,1.668,zheng,4xt1
7x43,1.906,zheng,4xt1
7x45,1.933,zheng,4xt1
7x46,2.21,zheng,4xt1
7x47,1.668,zheng,4xt1
7x48,1.804,zheng,4xt1
7x49,1.588,zheng,4xt1
7x50,2.205,zheng,4xt1
7x51,3.659,zheng,4xt1
7x52,3.716,zheng,4xt1
7x53,5.332,zheng,4xt1
7x54,7.705,zheng,4xt1
7x55,6.708,zheng,4xt1
7x56,3.161,zheng,4xt1
8x47,2.867,zheng,4xt1
8x48,2.886,zheng,4xt1
8x49,2.781,zheng,4xt1
8x50,2.731,zheng,4xt1
8x51,2.557,zheng,4xt1
8x52,1.934,zheng,4xt1
8x53,2.029,zheng,4xt1
8x54,2.01,zheng,4xt1
8x55,1.244,zheng,4xt1
8x56,0.79,zheng,4xt1
8x57,1.357,zheng,4xt1
8x58,1.185,zheng,4xt1
8x59,0.712,zheng,4xt1
NTr.Cm6,11.371,zheng,5wb2
NTr.Cm5,9.483,zheng,5wb2
NTr.Cm4,8.514,zheng,5wb2
NTr.Cm3,7.183,zheng,5wb2
NTr.Cm2,5.388,zheng,5wb2
NTr.Cm1,3.263,zheng,5wb2
1x22,2.067,zheng,5wb2
1x23,1.159,zheng,5wb2
1x24,0.906,zheng,5wb2
1x25,0.957,zheng,5wb2
1x26,1.43,zheng,5wb2
1x27,1.621,zheng,5wb2
1x28,0.602,zheng,5wb2
1x29,0.552,zheng,5wb2
1x30,1.384,zheng,5wb2
1x31,2.177,zheng,5wb2
1x32,2.071,zheng,5wb2
1x33,1.754,zheng,5wb2
1x34,1.87,zheng,5wb2
1x35,1.614,zheng,5wb2
1x36,1.394,zheng,5wb2
1x37,2.32,zheng,5wb2
1x38,1.926,zheng,5wb2
1x39,0.631,zheng,5wb2
1x40,1.29,zheng,5wb2
1x41,1.994,zheng,5wb2
1x42,1.295,zheng,5wb2
1x43,0.612,zheng,5wb2
1x44,1.477,zheng,5wb2
1x45,1.319,zheng,5wb2
1x46,0.957,zheng,5wb2
1x47,0.743,zheng,5wb2
1x48,1.378,zheng,5wb2
1x49,1.234,zheng,5wb2
1x50,0.569,zheng,5wb2
1x51,0.83,zheng,5wb2
1x52,1.057,zheng,5wb2
1x53,0.74,zheng,5wb2
1x54,0.528,zheng,5wb2
1x55,0.969,zheng,5wb2
1x56,0.727,zheng,5wb2
1x57,1.184,zheng,5wb2
1x58,1.318,zheng,5wb2
1x59,2.009,zheng,5wb2
1x60,4.937,zheng,5wb2
12x48,4.828,zheng,5wb2
12x49,2.344,zheng,5wb2
12x50,1.215,zheng,5wb2
12x51,0.868,zheng,5wb2
2x37,0.837,zheng,5wb2
2x38,0.696,zheng,5wb2
2x39,0.491,zheng,5wb2
2x40,0.555,zheng,5wb2
2x41,0.568,zheng,5wb2
2x42,0.582,zheng,5wb2
2x43,0.568,zheng,5wb2
2x44,0.698,zheng,5wb2
2x45,0.538,zheng,5wb2
2x46,0.402,zheng,5wb2
2x47,0.28,zheng,5wb2
2x48,0.537,zheng,5wb2
2x49,0.695,zheng,5wb2
2x50,0.372,zheng,5wb2
2x51,0.837,zheng,5wb2
2x52,1.346,zheng,5wb2
2x53,0.825,zheng,5wb2
2x54,0.768,zheng,5wb2
2x55,1.75,zheng,5wb2
2x56,1.46,zheng,5wb2
2x57,1.548,zheng,5wb2
2x58,1.769,zheng,5wb2
2x59,2.192,zheng,5wb2
2x60,2.251,zheng,5wb2
2x61,2.078,zheng,5wb2
2x62,2.479,zheng,5wb2
2x63,2.426,zheng,5wb2
2x64,2.561,zheng,5wb2
2x65,2.476,zheng,5wb2
2x66,2.427,zheng,5wb2
3x21,1.163,zheng,5wb2
3x22,1.595,zheng,5wb2
3x23,1.523,zheng,5wb2
3x24,0.996,zheng,5wb2
3x25,0.964,zheng,5wb2
3x26,0.888,zheng,5wb2
3x27,0.94,zheng,5wb2
3x28,1.34,zheng,5wb2
3x29,1.206,zheng,5wb2
3x30,1.086,zheng,5wb2
3x31,0.828,zheng,5wb2
3x32,0.623,zheng,5wb2
3x33,1.043,zheng,5wb2
3x34,1.169,zheng,5wb2
3x35,1.219,zheng,5wb2
3x36,1.168,zheng,5wb2
3x37,1.144,zheng,5wb2
3x38,0.97,zheng,5wb2
3x39,0.862,zheng,5wb2
3x40,1.258,zheng,5wb2
3x41,1.262,zheng,5wb2
3x42,0.74,zheng,5wb2
3x43,0.906,zheng,5wb2
3x44,1.004,zheng,5wb2
3x45,0.724,zheng,5wb2
3x46,0.562,zheng,5wb2
3x47,0.625,zheng,5wb2
3x48,1.204,zheng,5wb2
3x49,1.25,zheng,5wb2
3x50,1.298,zheng,5wb2
3x51,1.628,zheng,5wb2
3x52,1.693,zheng,5wb2
3x53,1.848,zheng,5wb2
3x54,1.48,zheng,5wb2
3x55,1.007,zheng,5wb2
4x38,1.83,zheng,5wb2
4x39,1.71,zheng,5wb2
4x40,1.924,zheng,5wb2
4x41,1.822,zheng,5wb2
4x42,1.016,zheng,5wb2
4x43,1.239,zheng,5wb2
4x44,1.287,zheng,5wb2
4x45,1.088,zheng,5wb2
4x46,0.831,zheng,5wb2
4x47,0.763,zheng,5wb2
4x48,0.734,zheng,5wb2
4x49,0.634,zheng,5wb2
4x50,0.7,zheng,5wb2
4x51,0.886,zheng,5wb2
4x52,0.887,zheng,5wb2
4x53,0.577,zheng,5wb2
4x54,0.456,zheng,5wb2
4x55,0.972,zheng,5wb2
4x56,1.102,zheng,5wb2
4x57,0.623,zheng,5wb2
4x59,0.297,zheng,5wb2
4x60,0.239,zheng,5wb2
4x61,0.889,zheng,5wb2
4x62,1.636,zheng,5wb2
4x63,1.94,zheng,5wb2
ECL2.Cm8,11.682,zheng,5wb2
ECL2.Cm7,12.774,zheng,5wb2
ECL2.Cm6,11.817,zheng,5wb2
ECL2.Cm5,12.013,zheng,5wb2
ECL2.Cm4,11.124,zheng,5wb2
ECL2.Cm3,6.735,zheng,5wb2
ECL2.Cm2,2.262,zheng,5wb2
ECL2.Cm1,1.373,zheng,5wb2
45x50,1.495,zheng,5wb2
45x51,1.81,zheng,5wb2
45x52,1.356,zheng,5wb2
ECL2.Cp3,2.91,zheng,5wb2
ECL2.Cp4,3.352,zheng,5wb2
ECL2.Cp5,4.863,zheng,5wb2
ECL2.Cp6,7.294,zheng,5wb2
ECL2.Cp7,6.668,zheng,5wb2
5x34,2.611,zheng,5wb2
5x35,1.615,zheng,5wb2
5x36,1.957,zheng,5wb2
5x37,2.801,zheng,5wb2
5x38,2.2,zheng,5wb2
5x39,1.399,zheng,5wb2
5x40,1.462,zheng,5wb2
5x41,1.986,zheng,5wb2
5x42,1.883,zheng,5wb2
5x43,1.643,zheng,5wb2
5x44,1.549,zheng,5wb2
5x45,1.663,zheng,5wb2
5x46,2.167,zheng,5wb2
5x461,1.667,zheng,5wb2
5x47,1.429,zheng,5wb2
5x48,1.236,zheng,5wb2
5x49,1.1,zheng,5wb2
5x50,2.078,zheng,5wb2
5x51,2.415,zheng,5wb2
5x52,2.119,zheng,5wb2
5x53,1.299,zheng,5wb2
5x54,3.013,zheng,5wb2
5x55,3.734,zheng,5wb2
5x56,2.731,zheng,5wb2
5x57,1.793,zheng,5wb2
5x58,3.31,zheng,5wb2
5x59,3.707,zheng,5wb2
5x60,2.191,zheng,5wb2
5x61,1.691,zheng,5wb2
5x62,2.465,zheng,5wb2
5x63,2.508,zheng,5wb2
5x64,1.174,zheng,5wb2
5x65,1.608,zheng,5wb2
5x66,2.853,zheng,5wb2
5x67,2.095,zheng,5wb2
5x68,3.13,zheng,5wb2
6x29,5.522,zheng,5wb2
6x30,6.094,zheng,5wb2
6x31,5.626,zheng,5wb2
6x32,5.038,zheng,5wb2
6x33,5.296,zheng,5wb2
6x34,5.322,zheng,5wb2
6x35,4.473,zheng,5wb2
6x36,3.886,zheng,5wb2
6x37,4.444,zheng,5wb2
6x38,4.02,zheng,5wb2
6x39,2.582,zheng,5wb2
6x40,2.891,zheng,5wb2
6x41,3.567,zheng,5wb2
6x42,2.772,zheng,5wb2
6x43,1.308,zheng,5wb2
6x44,1.976,zheng,5wb2
6x45,2.171,zheng,5wb2
6x46,1.741,zheng,5wb2
6x47,0.658,zheng,5wb2
6x48,0.936,zheng,5wb2
6x49,1.529,zheng,5wb2
6x50,1.328,zheng,5wb2
6x51,0.715,zheng,5wb2
6x52,1.151,zheng,5wb2
6x53,1.359,zheng,5wb2
6x54,1.039,zheng,5wb2
6x55,1.214,zheng,5wb2
6x56,1.707,zheng,5wb2
6x57,1.491,zheng,5wb2
6x58,0.864,zheng,5wb2
6x59,1.588,zheng,5wb2
6x60,2.118,zheng,5wb2
6x61,1.124,zheng,5wb2
6x62,4.507,zheng,5wb2
6x63,4.838,zheng,5wb2
6x64,6.595,zheng,5wb2
ECL3.Cm3,4.298,zheng,5wb2
ECL3.Cm2,3.542,zheng,5wb2
7x23,3.349,zheng,5wb2
7x24,2.064,zheng,5wb2
7x25,1.8,zheng,5wb2
7x26,1.1,zheng,5wb2
7x27,1.173,zheng,5wb2
7x28,1.186,zheng,5wb2
7x29,0.863,zheng,5wb2
7x30,0.989,zheng,5wb2
7x31,1.314,zheng,5wb2
7x32,1.186,zheng,5wb2
7x33,1.09,zheng,5wb2
7x34,1.081,zheng,5wb2
7x35,1.103,zheng,5wb2
7x36,1.221,zheng,5wb2
7x37,1.022,zheng,5wb2
7x38,0.873,zheng,5wb2
7x39,0.818,zheng,5wb2
7x40,0.411,zheng,5wb2
7x41,0.647,zheng,5wb2
7x42,1.235,zheng,5wb2
7x43,1.668,zheng,5wb2
7x45,1.621,zheng,5wb2
7x46,1.806,zheng,5wb2
7x47,1.443,zheng,5wb2
7x48,1.656,zheng,5wb2
7x49,1.742,zheng,5wb2
7x50,2.262,zheng,5wb2
7x51,3.599,zheng,5wb2
7x52,3.737,zheng,5wb2
7x53,5.392,zheng,5wb2
7x54,7.548,zheng,5wb2
7x55,6.343,zheng,5wb2
7x56,2.829,zheng,5wb2
8x47,2.493,zheng,5wb2
8x48,2.495,zheng,5wb2
8x49,2.538,zheng,5wb2
8x50,2.563,zheng,5wb2
8x51,2.459,zheng,5wb2
8x52,2.042,zheng,5wb2
8x53,2.246,zheng,5wb2
8x54,2.188,zheng,5wb2
8x55,1.337,zheng,5wb2
8x56,1.323,zheng,5wb2
8x57,1.777,zheng,5wb2
8x58,1.619,zheng,5wb2
8x59,1.211,zheng,5wb2
NTr.Cm3,5.382,7vl9,7xa3
NTr.Cm2,3.831,7vl9,7xa3
NTr.Cm1,3.48,7vl9,7xa3
1x22,2.977,7vl9,7xa3
1x23,4.165,7vl9,7xa3
1x24,1.996,7vl9,7xa3
1x25,0.921,7vl9,7xa3
1x26,1.107,7vl9,7xa3
1x27,0.706,7vl9,7xa3
1x28,0.708,7vl9,7xa3
1x29,1.324,7vl9,7xa3
1x30,1.308,7vl9,7xa3
1x31,1.065,7vl9,7xa3
1x32,1.828,7vl9,7xa3
1x33,2.802,7vl9,7xa3
1x34,2.508,7vl9,7xa3
1x35,1.548,7vl9,7xa3
1x36,1.189,7vl9,7xa3
1x37,1.49,7vl9,7xa3
1x38,1.14,7vl9,7xa3
1x39,0.904,7vl9,7xa3
1x40,0.927,7vl9,7xa3
1x41,0.827,7vl9,7xa3
1x42,0.77,7vl9,7xa3
1x43,0.935,7vl9,7xa3
1x44,0.908,7vl9,7xa3
1x45,0.537,7vl9,7xa3
1x46,0.604,7vl9,7xa3
1x47,0.678,7vl9,7xa3
1x48,0.812,7vl9,7xa3
1x49,0.876,7vl9,7xa3
1x50,0.572,7vl9,7xa3
1x51,0.531,7vl9,7xa3
1x52,0.67,7vl9,7xa3
1x53,0.598,7vl9,7xa3
1x54,0.628,7vl9,7xa3
1x55,0.767,7vl9,7xa3
1x56,0.716,7vl9,7xa3
1x57,0.347,7vl9,7xa3
1x58,1.252,7vl9,7xa3
1x59,0.738,7vl9,7xa3
1x60,1.929,7vl9,7xa3
12x48,2.692,7vl9,7xa3
12x49,6.152,7vl9,7xa3
12x50,5.977,7vl9,7xa3
12x51,2.95,7vl9,7xa3
2x37,1.8,7vl9,7xa3
2x38,1.221,7vl9,7xa3
2x39,0.729,7vl9,7xa3
2x40,0.911,7vl9,7xa3
2x41,0.854,7vl9,7xa3
2x42,0.495,7vl9,7xa3
2x43,0.438,7vl9,7xa3
2x44,0.474,7vl9,7xa3
2x45,0.397,7vl9,7xa3
2x46,0.247,7vl9,7xa3
2x47,0.318,7vl9,7xa3
2x48,0.572,7vl9,7xa3
2x49,0.518,7vl9,7xa3
2x50,0.353,7vl9,7xa3
2x51,0.532,7vl9,7xa3
2x52,0.737,7vl9,7xa3
2x53,0.556,7vl9,7xa3
2x54,0.411,7vl9,7xa3
2x55,1.304,7vl9,7xa3
2x56,1.806,7vl9,7xa3
2x57,1.315,7vl9,7xa3
2x58,1.191,7vl9,7xa3
2x59,1.117,7vl9,7xa3
2x60,0.844,7vl9,7xa3
2x61,0.428,7vl9,7xa3
2x62,0.238,7vl9,7xa3
2x63,0.726,7vl9,7xa3
2x64,0.63,7vl9,7xa3
2x65,2.529,7vl9,7xa3
2x66,4.405,7vl9,7xa3
23x49,1.34,7vl9,7xa3
23x50,1.051,7vl9,7xa3
23x51,1.753,7vl9,7xa3
23x52,3.875,7vl9,7xa3
3x21,0.654,7vl9,7xa3
3x22,0.731,7vl9,7xa3
3x23,0.636,7vl9,7xa3
3x24,0.942,7vl9,7xa3
3x25,0.967,7vl9,7xa3
3x26,0.554,7vl9,7xa3
3x27,0.767,7vl9,7xa3
3x28,1.177,7vl9,7xa3
3x29,1.175,7vl9,7xa3
3x30,1.074,7vl9,7xa3
3x31,1.146,7vl9,7xa3
3x32,1.153,7vl9,7xa3
3x33,1.2,7vl9,7xa3
3x34,1.387,7vl9,7xa3
3x35,1.166,7vl9,7xa3
3x36,1.067,7vl9,7xa3
3x37,1.009,7vl9,7xa3
3x38,1.191,7vl9,7xa3
3x39,0.594,7vl9,7xa3
3x40,0.48,7vl9,7xa3
3x41,0.497,7vl9,7xa3
3x42,0.254,7vl9,7xa3
3x43,0.27,7vl9,7xa3
3x44,0.342,7vl9,7xa3
3x45,0.233,7vl9,7xa3
3x46,0.171,7vl9,7xa3
3x47,0.353,7vl9,7xa3
3x48,0.476,7vl9,7xa3
3x49,0.478,7vl9,7xa3
3x50,0.468,7vl9,7xa3
3x51,0.529,7vl9,7xa3
3x52,0.624,7vl9,7xa3
3x53,0.705,7vl9,7xa3
3x54,0.666,7vl9,7xa3
3x55,0.685,7vl9,7xa3
3x56,0.679,7vl9,7xa3
34x50,0.776,7vl9,7xa3
34x51,0.822,7vl9,7xa3
34x52,0.752,7vl9,7xa3
34x53,0.507,7vl9,7xa3
34x54,0.501,7vl9,7xa3
34x55,1.184,7vl9,7xa3
34x56,1.495,7vl9,7xa3
34x57,1.649,7vl9,7xa3
4x38,1.289,7vl9,7xa3
4x39,1.161,7vl9,7xa3
4x40,0.889,7vl9,7xa3
4x41,0.65,7vl9,7xa3
4x42,0.702,7vl9,7xa3
4x43,0.764,7vl9,7xa3
4x44,0.533,7vl9,7xa3
4x45,0.576,7vl9,7xa3
4x46,0.688,7vl9,7xa3
4x47,0.817,7vl9,7xa3
4x48,0.835,7vl9,7xa3
4x49,0.801,7vl9,7xa3
4x50,0.542,7vl9,7xa3
4x51,0.6,7vl9,7xa3
4x52,0.605,7vl9,7xa3
4x53,0.469,7vl9,7xa3
4x54,0.476,7vl9,7xa3
4x55,0.714,7vl9,7xa3
4x56,0.648,7vl9,7xa3
4x57,0.565,7vl9,7xa3
4x59,0.949,7vl9,7xa3
4x60,1.287,7vl9,7xa3
4x61,1.193,7vl9,7xa3
4x62,0.788,7vl9,7xa3
4x63,0.475,7vl9,7xa3
4x64,0.354,7vl9,7xa3
4x65,0.55,7vl9,7xa3
ECL2.Cm10,0.605,7vl9,7xa3
ECL2.Cm9,1.041,7vl9,7xa3
ECL2.Cm8,1.18,7vl9,7xa3
ECL2.Cm7,1.37,7vl9,7xa3
ECL2.Cm6,1.902,7vl9,7xa3
ECL2.Cm5,2.068,7vl9,7xa3
ECL2.Cm4,3.08,7vl9,7xa3
ECL2.Cm3,1.797,7vl9,7xa3
ECL2.Cm2,0.883,7vl9,7xa3
ECL2.Cm1,0.891,7vl9,7xa3
45x50,1.101,7vl9,7xa3
45x51,0.518,7vl9,7xa3
45x52,0.217,7vl9,7xa3
ECL2.Cp3,1.053,7vl9,7xa3
ECL2.Cp4,1.583,7vl9,7xa3
5x32,3.275,7vl9,7xa3
5x33,3.46,7vl9,7xa3
5x34,1.681,7vl9,7xa3
5x35,1.154,7vl9,7xa3
5x36,1.541,7vl9,7xa3
5x37,2.003,7vl9,7xa3
5x38,1.419,7vl9,7xa3
5x39,0.929,7vl9,7xa3
5x40,1.006,7vl9,7xa3
5x41,1.562,7vl9,7xa3
5x42,1.681,7vl9,7xa3
5x43,1.425,7vl9,7xa3
5x44,0.992,7vl9,7xa3
5x45,0.887,7vl9,7xa3
5x46,1.179,7vl9,7xa3
5x461,0.909,7vl9,7xa3
5x47,0.693,7vl9,7xa3
5x48,0.767,7vl9,7xa3
5x49,0.721,7vl9,7xa3
5x50,0.443,7vl9,7xa3
5x51,0.505,7vl9,7xa3
5x52,0.577,7vl9,7xa3
5x53,0.514,7vl9,7xa3
5x54,0.481,7vl9,7xa3
5x55,0.547,7vl9,7xa3
5x56,0.611,7vl9,7xa3
5x57,0.607,7vl9,7xa3
5x58,0.489,7vl9,7xa3
5x59,0.58,7vl9,7xa3
5x60,0.783,7vl9,7xa3
5x61,0.704,7vl9,7xa3
5x62,0.748,7vl9,7xa3
5x63,0.904,7vl9,7xa3
5x64,1.163,7vl9,7xa3
5x65,1.07,7vl9,7xa3
5x66,1.642,7vl9,7xa3
5x67,1.643,7vl9,7xa3
ICL3,2.201,7vl9,7xa3
6x28,1.106,7vl9,7xa3
6x29,1.237,7vl9,7xa3
6x30,1.647,7vl9,7xa3
6x31,1.162,7vl9,7xa3
6x32,0.483,7vl9,7xa3
6x33,1.007,7vl9,7xa3
6x34,1.116,7vl9,7xa3
6x35,0.591,7vl9,7xa3
6x36,0.42,7vl9,7xa3
6x37,0.558,7vl9,7xa3
6x38,0.502,7vl9,7xa3
6x39,0.274,7vl9,7xa3
6x40,0.417,7vl9,7xa3
6x41,0.562,7vl9,7xa3
6x42,0.466,7vl9,7xa3
6x43,0.287,7vl9,7xa3
6x44,0.485,7vl9,7xa3
6x45,0.844,7vl9,7xa3
6x46,0.843,7vl9,7xa3
6x47,0.648,7vl9,7xa3
6x48,0.637,7vl9,7xa3
6x49,0.57,7vl9,7xa3
6x50,0.775,7vl9,7xa3
6x51,1.06,7vl9,7xa3
6x52,0.864,7vl9,7xa3
6x53,0.586,7vl9,7xa3
6x54,0.952,7vl9,7xa3
6x55,1.009,7vl9,7xa3
6x56,0.539,7vl9,7xa3
6x57,0.601,7vl9,7xa3
6x58,1.184,7vl9,7xa3
6x59,1.013,7vl9,7xa3
6x60,1.079,7vl9,7xa3
6x61,1.29,7vl9,7xa3
6x62,3.742,7vl9,7xa3
6x63,4.24,7vl9,7xa3
6x64,4.152,7vl9,7xa3
6x65,4.266,7vl9,7xa3
ECL3.Cm3,3.496,7vl9,7xa3
ECL3.Cm2,4.983,7vl9,7xa3
7x24,3.321,7vl9,7xa3
7x25,2.689,7vl9,7xa3
7x26,1.53,7vl9,7xa3
7x27,1.016,7vl9,7xa3
7x28,1.314,7vl9,7xa3
7x29,1.22,7vl9,7xa3
7x30,0.945,7vl9,7xa3
7x31,1.013,7vl9,7xa3
7x32,0.984,7vl9,7xa3
7x33,0.728,7vl9,7xa3
7x34,0.709,7vl9,7xa3
7x35,0.932,7vl9,7xa3
7x36,0.711,7vl9,7xa3
7x37,0.459,7vl9,7xa3
7x38,0.668,7vl9,7xa3
7x39,0.514,7vl9,7xa3
7x40,0.364,7vl9,7xa3
7x41,0.457,7vl9,7xa3
7x42,0.517,7vl9,7xa3
7x43,0.292,7vl9,7xa3
7x45,0.369,7vl9,7xa3
7x46,0.326,7vl9,7xa3
7x47,0.58,7vl9,7xa3
7x48,0.594,7vl9,7xa3
7x49,0.294,7vl9,7xa3
7x50,0.319,7vl9,7xa3
7x51,0.474,7vl9,7xa3
7x52,0.683,7vl9,7xa3
7x53,0.7,7vl9,7xa3
7x54,0.335,7vl9,7xa3
7x55,0.472,7vl9,7xa3
7x56,0.507,7vl9,7xa3
8x47,0.44,7vl9,7xa3
8x48,0.844,7vl9,7xa3
8x49,1.138,7vl9,7xa3
8x50,0.715,7vl9,7xa3
8x51,0.804,7vl9,7xa3
8x52,1.079,7vl9,7xa3
8x53,1.008,7vl9,7xa3
8x54,1.209,7vl9,7xa3
8x55,1.605,7vl9,7xa3
8x56,1.645,7vl9,7xa3
8x57,1.467,7vl9,7xa3
8x58,1.549,7vl9,7xa3
NTr.Cm7,4.902,7vl9,7f1t
NTr.Cm6,3.81,7vl9,7f1t
NTr.Cm5,5.987,7vl9,7f1t
NTr.Cm4,4.509,7vl9,7f1t
NTr.Cm3,1.599,7vl9,7f1t
NTr.Cm2,1.463,7vl9,7f1t
NTr.Cm1,1.357,7vl9,7f1t
1x22,1.826,7vl9,7f1t
1x23,1.45,7vl9,7f1t
1x24,1.709,7vl9,7f1t
1x25,1.011,7vl9,7f1t
1x26,1.822,7vl9,7f1t
1x27,1.734,7vl9,7f1t
1x28,1.377,7vl9,7f1t
1x29,1.296,7vl9,7f1t
1x30,1.244,7vl9,7f1t
1x31,1.514,7vl9,7f1t
1x32,1.544,7vl9,7f1t
1x33,2.051,7vl9,7f1t
1x34,2.121,7vl9,7f1t
1x35,1.767,7vl9,7f1t
1x36,1.559,7vl9,7f1t
1x37,1.992,7vl9,7f1t
1x38,2.012,7vl9,7f1t
1x39,1.641,7vl9,7f1t
1x40,1.781,7vl9,7f1t
1x41,1.98,7vl9,7f1t
1x42,2.267,7vl9,7f1t
1x43,1.973,7vl9,7f1t
1x44,1.913,7vl9,7f1t
1x45,1.839,7vl9,7f1t
1x46,1.611,7vl9,7f1t
1x47,1.177,7vl9,7f1t
1x48,1.853,7vl9,7f1t
1x49,1.509,7vl9,7f1t
1x50,0.722,7vl9,7f1t
1x51,0.734,7vl9,7f1t
1x52,0.604,7vl9,7f1t
1x53,0.718,7vl9,7f1t
1x54,0.852,7vl9,7f1t
1x55,0.875,7vl9,7f1t
1x56,0.538,7vl9,7f1t
1x57,1.825,7vl9,7f1t
1x58,1.871,7vl9,7f1t
1x59,1.33,7vl9,7f1t
1x60,4.158,7vl9,7f1t
12x48,7.788,7vl9,7f1t
12x49,4.417,7vl9,7f1t
12x50,4.876,7vl9,7f1t
12x51,2.451,7vl9,7f1t
2x37,1.579,7vl9,7f1t
2x38,0.993,7vl9,7f1t
2x39,1.259,7vl9,7f1t
2x40,1.472,7vl9,7f1t
2x41,1.141,7vl9,7f1t
2x42,0.956,7vl9,7f1t
2x43,1.063,7vl9,7f1t
2x44,1.06,7vl9,7f1t
2x45,0.892,7vl9,7f1t
2x46,0.863,7vl9,7f1t
2x47,0.939,7vl9,7f1t
2x48,0.839,7vl9,7f1t
2x49,0.602,7vl9,7f1t
2x50,0.634,7vl9,7f1t
2x51,0.526,7vl9,7f1t
2x52,0.489,7vl9,7f1t
2x53,0.692,7vl9,7f1t
2x54,0.793,7vl9,7f1t
2x55,0.731,7vl9,7f1t
2x56,0.756,7vl9,7f1t
2x57,0.801,7vl9,7f1t
2x58,0.355,7vl9,7f1t
2x59,0.434,7vl9,7f1t
2x60,0.925,7vl9,7f1t
2x61,0.709,7vl9,7f1t
2x62,0.933,7vl9,7f1t
2x63,0.962,7vl9,7f1t
2x64,1.015,7vl9,7f1t
2x65,1.078,7vl9,7f1t
2x66,1.377,7vl9,7f1t
23x49,1.791,7vl9,7f1t
23x50,1.367,7vl9,7f1t
23x51,1.245,7vl9,7f1t
23x52,0.842,7vl9,7f1t
3x21,1.163,7vl9,7f1t
3x22,0.473,7vl9,7f1t
3x23,0.303,7vl9,7f1t
3x24,0.477,7vl9,7f1t
3x25,0.296,7vl9,7f1t
3x26,0.575,7vl9,7f1t
3x27,0.369,7vl9,7f1t
3x28,0.645,7vl9,7f1t
3x29,0.754,7vl9,7f1t
3x30,0.448,7vl9,7f1t
3x31,0.542,7vl9,7f1t
3x32,0.813,7vl9,7f1t
3x33,0.875,7vl9,7f1t
3x34,0.432,7vl9,7f1t
3x35,0.563,7vl9,7f1t
3x36,0.427,7vl9,7f1t
3x37,0.357,7vl9,7f1t
3x38,0.438,7vl9,7f1t
3x39,0.398,7vl9,7f1t
3x40,0.564,7vl9,7f1t
3x41,0.65,7vl9,7f1t
3x42,0.861,7vl9,7f1t
3x43,0.891,7vl9,7f1t
3x44,1.267,7vl9,7f1t
3x45,1.266,7vl9,7f1t
3x46,1.119,7vl9,7f1t
3x47,1.233,7vl9,7f1t
3x48,1.625,7vl9,7f1t
3x49,1.6,7vl9,7f1t
3x50,1.348,7vl9,7f1t
3x51,1.679,7vl9,7f1t
3x52,2.109,7vl9,7f1t
3x53,2.136,7vl9,7f1t
3x54,2.392,7vl9,7f1t
3x55,2.263,7vl9,7f1t
3x56,3.536,7vl9,7f1t
34x50,3.847,7vl9,7f1t
34x51,6.216,7vl9,7f1t
34x52,4.527,7vl9,7f1t
34x53,2.771,7vl9,7f1t
34x54,3.114,7vl9,7f1t
34x55,3.628,7vl9,7f1t
34x56,3.265,7vl9,7f1t
34x57,1.522,7vl9,7f1t
4x38,1.369,7vl9,7f1t
4x39,1.213,7vl9,7f1t
4x40,1.164,7vl9,7f1t
4x41,1.124,7vl9,7f1t
4x42,0.983,7vl9,7f1t
4x43,0.83,7vl9,7f1t
4x44,0.715,7vl9,7f1t
4x45,0.627,7vl9,7f1t
4x46,0.452,7vl9,7f1t
4x47,0.227,7vl9,7f1t
4x48,0.192,7vl9,7f1t
4x49,0.138,7vl9,7f1t
4x50,0.518,7vl9,7f1t
4x51,0.354,7vl9,7f1t
4x52,0.339,7vl9,7f1t
4x53,0.429,7vl9,7f1t
4x54,0.761,7vl9,7f1t
4x55,0.865,7vl9,7f1t
4x56,0.674,7vl9,7f1t
4x57,0.642,7vl9,7f1t
4x59,0.434,7vl9,7f1t
4x60,1.015,7vl9,7f1t
4x61,1.455,7vl9,7f1t
4x62,1.183,7vl9,7f1t
4x63,0.927,7vl9,7f1t
4x64,1.025,7vl9,7f1t
4x65,0.79,7vl9,7f1t
ECL2.Cm10,1.077,7vl9,7f1t
ECL2.Cm9,1.336,7vl9,7f1t
ECL2.Cm8,1.288,7vl9,7f1t
ECL2.Cm7,1.138,7vl9,7f1t
ECL2.Cm6,1.431,7vl9,7f1t
ECL2.Cm5,1.491,7vl9,7f1t
ECL2.Cm4,2.713,7vl9,7f1t
ECL2.Cm3,1.336,7vl9,7f1t
ECL2.Cm2,0.967,7vl9,7f1t
ECL2.Cm1,1.002,7vl9,7f1t
45x50,1.046,7vl9,7f1t
45x51,0.809,7vl9,7f1t
45x52,0.763,7vl9,7f1t
ECL2.Cp3,1.228,7vl9,7f1t
ECL2.Cp4,1.523,7vl9,7f1t
ECL2.Cp5,1.525,7vl9,7f1t
ECL2.Cp6,1.34,7vl9,7f1t
ECL2.Cp7,2.201,7vl9,7f1t
5x31,1.452,7vl9,7f1t
5x32,1.419,7vl9,7f1t
5x33,1.253,7vl9,7f1t
5x34,1.024,7vl9,7f1t
5x35,0.312,7vl9,7f1t
5x36,0.81,7vl9,7f1t
5x37,0.659,7vl9,7f1t
5x38,0.485,7vl9,7f1t
5x39,0.246,7vl9,7f1t
5x40,0.926,7vl9,7f1t
5x41,1.386,7vl9,7f1t
5x42,0.928,7vl9,7f1t
5x43,0.908,7vl9,7f1t
5x44,1.568,7vl9,7f1t
5x45,1.696,7vl9,7f1t
5x46,1.668,7vl9,7f1t
5x461,1.704,7vl9,7f1t
5x47,1.59,7vl9,7f1t
5x48,1.713,7vl9,7f1t
5x49,1.589,7vl9,7f1t
5x50,1.482,7vl9,7f1t
5x51,1.658,7vl9,7f1t
5x52,1.45,7vl9,7f1t
5x53,1.702,7vl9,7f1t
5x54,2.069,7vl9,7f1t
5x55,2.119,7vl9,7f1t
5x56,1.968,7vl9,7f1t
5x57,1.938,7vl9,7f1t
5x58,2.075,7vl9,7f1t
5x59,2.032,7vl9,7f1t
5x60,2.177,7vl9,7f1t
5x61,2.08,7vl9,7f1t
5x62,2.54,7vl9,7f1t
5x63,2.668,7vl9,7f1t
5x64,3.098,7vl9,7f1t
5x65,3.352,7vl9,7f1t
5x66,3.789,7vl9,7f1t
5x67,5.176,7vl9,7f1t
ICL3,9.996,7vl9,7f1t
6x28,14.633,7vl9,7f1t
6x29,12.855,7vl9,7f1t
6x30,13.932,7vl9,7f1t
6x31,13.728,7vl9,7f1t
6x32,13.011,7vl9,7f1t
6x33,8.007,7vl9,7f1t
6x34,7.658,7vl9,7f1t
6x35,6.653,7vl9,7f1t
6x36,5.659,7vl9,7f1t
6x37,6.233,7vl9,7f1t
6x38,5.521,7vl9,7f1t
6x39,3.959,7vl9,7f1t
6x40,4.093,7vl9,7f1t
6x41,4.36,7vl9,7f1t
6x42,3.29,7vl9,7f1t
6x43,2.22,7vl9,7f1t
6x44,2.776,7vl9,7f1t
6x45,2.641,7vl9,7f1t
6x46,2.836,7vl9,7f1t
6x47,2.401,7vl9,7f1t
6x48,2.368,7vl9,7f1t
6x49,2.272,7vl9,7f1t
6x50,2.037,7vl9,7f1t
6x51,1.425,7vl9,7f1t
6x52,1.568,7vl9,7f1t
6x53,1.95,7vl9,7f1t
6x54,1.396,7vl9,7f1t
6x55,1.527,7vl9,7f1t
6x56,2.391,7vl9,7f1t
6x57,2.14,7vl9,7f1t
6x58,2.035,7vl9,7f1t
6x59,3.319,7vl9,7f1t
6x60,3.903,7vl9,7f1t
6x61,2.29,7vl9,7f1t
6x62,3.901,7vl9,7f1t
6x63,4.119,7vl9,7f1t
6x64,2.107,7vl9,7f1t
6x65,2.349,7vl9,7f1t
ECL3.Cm3,5.407,7vl9,7f1t
ECL3.Cm2,6.989,7vl9,7f1t
7x23,1.344,7vl9,7f1t
7x24,1.571,7vl9,7f1t
7x25,0.784,7vl9,7f1t
7x26,1.781,7vl9,7f1t
7x27,1.297,7vl9,7f1t
7x28,0.574,7vl9,7f1t
7x29,0.733,7vl9,7f1t
7x30,0.396,7vl9,7f1t
7x31,0.479,7vl9,7f1t
7x32,0.631,7vl9,7f1t
7x33,0.48,7vl9,7f1t
7x34,0.467,7vl9,7f1t
7x35,0.814,7vl9,7f1t
7x36,0.789,7vl9,7f1t
7x37,0.663,7vl9,7f1t
7x38,0.773,7vl9,7f1t
7x39,1.406,7vl9,7f1t
7x40,1.906,7vl9,7f1t
7x41,1.735,7vl9,7f1t
7x42,1.758,7vl9,7f1t
7x43,2.041,7vl9,7f1t
7x45,2.223,7vl9,7f1t
7x46,1.938,7vl9,7f1t
7x47,2.139,7vl9,7f1t
7x48,2.008,7vl9,7f1t
7x49,2.267,7vl9,7f1t
7x50,3,7vl9,7f1t
7x51,3.614,7vl9,7f1t
7x52,3.771,7vl9,7f1t
7x53,5.616,7vl9,7f1t
7x54,7.266,7vl9,7f1t
7x55,6.217,7vl9,7f1t
7x56,2.881,7vl9,7f1t
8x47,2.865,7vl9,7f1t
8x48,2.857,7vl9,7f1t
8x49,3.092,7vl9,7f1t
8x50,3.453,7vl9,7f1t
8x51,3.271,7vl9,7f1t
8x52,3.25,7vl9,7f1t
8x53,3.507,7vl9,7f1t
8x54,4.569,7vl9,7f1t
8x55,4.057,7vl9,7f1t
8x56,3.36,7vl9,7f1t
8x57,6.461,7vl9,7f1t
8x58,6.947,7vl9,7f1t
8x59,5.951,7vl9,7f1t
NTr.Cm7,14.051,7vl9,6wwz
NTr.Cm6,15.836,7vl9,6wwz
NTr.Cm5,13.234,7vl9,6wwz
NTr.Cm4,9.181,7vl9,6wwz
NTr.Cm3,6.243,7vl9,6wwz
NTr.Cm2,5.528,7vl9,6wwz
NTr.Cm1,3.858,7vl9,6wwz
1x22,2.199,7vl9,6wwz
1x23,2.759,7vl9,6wwz
1x24,0.821,7vl9,6wwz
1x25,1.082,7vl9,6wwz
1x26,1.233,7vl9,6wwz
1x27,1.147,7vl9,6wwz
1x28,0.742,7vl9,6wwz
1x29,1.241,7vl9,6wwz
1x30,1.168,7vl9,6wwz
1x31,1.474,7vl9,6wwz
1x32,2.061,7vl9,6wwz
1x33,2.775,7vl9,6wwz
1x34,2.031,7vl9,6wwz
1x35,1.779,7vl9,6wwz
1x36,1.519,7vl9,6wwz
1x37,1.444,7vl9,6wwz
1x38,1.318,7vl9,6wwz
1x39,1.365,7vl9,6wwz
1x40,1.672,7vl9,6wwz
1x41,2.002,7vl9,6wwz
1x42,1.79,7vl9,6wwz
1x43,1.456,7vl9,6wwz
1x44,1.768,7vl9,6wwz
1x45,1.91,7vl9,6wwz
1x46,1.557,7vl9,6wwz
1x47,1.118,7vl9,6wwz
1x48,1.772,7vl9,6wwz
1x49,1.995,7vl9,6wwz
1x50,1.524,7vl9,6wwz
1x51,0.944,7vl9,6wwz
1x52,1.329,7vl9,6wwz
1x53,1.624,7vl9,6wwz
1x54,1.197,7vl9,6wwz
1x55,1.346,7vl9,6wwz
1x56,1.597,7vl9,6wwz
1x57,1.619,7vl9,6wwz
1x58,2.214,7vl9,6wwz
1x59,2.064,7vl9,6wwz
1x60,1.443,7vl9,6wwz
12x48,0.26,7vl9,6wwz
12x49,1.231,7vl9,6wwz
12x50,1.737,7vl9,6wwz
12x51,1.564,7vl9,6wwz
2x37,1.493,7vl9,6wwz
2x38,2.372,7vl9,6wwz
2x39,1.197,7vl9,6wwz
2x40,1.765,7vl9,6wwz
2x41,1.77,7vl9,6wwz
2x42,1.059,7vl9,6wwz
2x43,0.998,7vl9,6wwz
2x44,1.444,7vl9,6wwz
2x45,1.426,7vl9,6wwz
2x46,1.069,7vl9,6wwz
2x47,1.281,7vl9,6wwz
2x48,1.556,7vl9,6wwz
2x49,1.437,7vl9,6wwz
2x50,1.442,7vl9,6wwz
2x51,1.839,7vl9,6wwz
2x52,2.597,7vl9,6wwz
2x53,1.868,7vl9,6wwz
2x54,1.105,7vl9,6wwz
2x55,2.349,7vl9,6wwz
2x56,2.591,7vl9,6wwz
2x57,1.564,7vl9,6wwz
2x58,0.19,7vl9,6wwz
2x59,0.913,7vl9,6wwz
2x60,1.216,7vl9,6wwz
2x61,0.796,7vl9,6wwz
2x62,0.872,7vl9,6wwz
2x63,1.204,7vl9,6wwz
2x64,1.188,7vl9,6wwz
2x65,1.323,7vl9,6wwz
2x66,1.476,7vl9,6wwz
23x49,1.662,7vl9,6wwz
23x50,1.485,7vl9,6wwz
23x51,2.326,7vl9,6wwz
23x52,1.699,7vl9,6wwz
3x21,1.862,7vl9,6wwz
3x22,1.647,7vl9,6wwz
3x23,1.395,7vl9,6wwz
3x24,1.059,7vl9,6wwz
3x25,1.436,7vl9,6wwz
3x26,1.489,7vl9,6wwz
3x27,1.367,7vl9,6wwz
3x28,1.463,7vl9,6wwz
3x29,1.481,7vl9,6wwz
3x30,1.664,7vl9,6wwz
3x31,1.87,7vl9,6wwz
3x32,1.825,7vl9,6wwz
3x33,1.338,7vl9,6wwz
3x34,1.224,7vl9,6wwz
3x35,1.678,7vl9,6wwz
3x36,1.622,7vl9,6wwz
3x37,1.119,7vl9,6wwz
3x38,0.821,7vl9,6wwz
3x39,0.76,7vl9,6wwz
3x40,0.735,7vl9,6wwz
3x41,0.592,7vl9,6wwz
3x42,0.604,7vl9,6wwz
3x43,0.615,7vl9,6wwz
3x44,0.719,7vl9,6wwz
3x45,0.824,7vl9,6wwz
3x46,0.935,7vl9,6wwz
3x47,0.948,7vl9,6wwz
3x48,1.109,7vl9,6wwz
3x49,1.178,7vl9,6wwz
3x50,1.299,7vl9,6wwz
3x51,1.348,7vl9,6wwz
3x52,1.661,7vl9,6wwz
3x53,1.678,7vl9,6wwz
3x54,1.893,7vl9,6wwz
3x55,1.947,7vl9,6wwz
3x56,2.261,7vl9,6wwz
34x50,2.416,7vl9,6wwz
34x51,4.048,7vl9,6wwz
34x52,4.487,7vl9,6wwz
34x53,4.019,7vl9,6wwz
34x54,4.888,7vl9,6wwz
34x55,8.366,7vl9,6wwz
34x56,8.605,7vl9,6wwz
4x38,2.595,7vl9,6wwz
4x39,2.854,7vl9,6wwz
4x40,2.003,7vl9,6wwz
4x41,1.279,7vl9,6wwz
4x42,0.961,7vl9,6wwz
4x43,1.059,7vl9,6wwz
4x44,0.784,7vl9,6wwz
4x45,0.561,7vl9,6wwz
4x46,0.548,7vl9,6wwz
4x47,0.811,7vl9,6wwz
4x48,0.537,7vl9,6wwz
4x49,0.542,7vl9,6wwz
4x50,0.888,7vl9,6wwz
4x51,1.237,7vl9,6wwz
4x52,0.763,7vl9,6wwz
4x53,1.146,7vl9,6wwz
4x54,1.51,7vl9,6wwz
4x55,1.287,7vl9,6wwz
4x56,1.254,7vl9,6wwz
4x57,0.979,7vl9,6wwz
4x59,3.071,7vl9,6wwz
4x60,2.683,7vl9,6wwz
4x61,4.351,7vl9,6wwz
4x62,4.597,7vl9,6wwz
4x63,3.634,7vl9,6wwz
4x64,3.4,7vl9,6wwz
ECL2.Cm10,1.403,7vl9,6wwz
ECL2.Cm9,1.581,7vl9,6wwz
ECL2.Cm8,1.583,7vl9,6wwz
ECL2.Cm7,2.649,7vl9,6wwz
ECL2.Cm6,4.542,7vl9,6wwz
ECL2.Cm5,4.715,7vl9,6wwz
ECL2.Cm4,4.263,7vl9,6wwz
ECL2.Cm3,2.209,7vl9,6wwz
ECL2.Cm2,1.973,7vl9,6wwz
ECL2.Cm1,0.985,7vl9,6wwz
45x50,0.95,7vl9,6wwz
45x51,1.05,7vl9,6wwz
45x52,1.663,7vl9,6wwz
ECL2.Cp3,2.14,7vl9,6wwz
ECL2.Cp4,3.215,7vl9,6wwz
ECL2.Cp5,4.45,7vl9,6wwz
ECL2.Cp6,7.423,7vl9,6wwz
ECL2.Cp7,7.047,7vl9,6wwz
5x34,1.738,7vl9,6wwz
5x35,2.181,7vl9,6wwz
5x36,2.792,7vl9,6wwz
5x37,2.561,7vl9,6wwz
5x38,2.166,7vl9,6wwz
5x39,2.543,7vl9,6wwz
5x40,3.032,7vl9,6wwz
5x41,2.513,7vl9,6wwz
5x42,2.422,7vl9,6wwz
5x43,2.767,7vl9,6wwz
5x44,2.686,7vl9,6wwz
5x45,2.13,7vl9,6wwz
5x46,1.812,7vl9,6wwz
5x461,2.11,7vl9,6wwz
5x47,1.581,7vl9,6wwz
5x48,1.855,7vl9,6wwz
5x49,1.688,7vl9,6wwz
5x50,0.928,7vl9,6wwz
5x51,1.458,7vl9,6wwz
5x52,1.041,7vl9,6wwz
5x53,0.898,7vl9,6wwz
5x54,0.764,7vl9,6wwz
5x55,1.246,7vl9,6wwz
5x56,1.272,7vl9,6wwz
5x57,1.021,7vl9,6wwz
5x58,0.897,7vl9,6wwz
5x59,1.403,7vl9,6wwz
5x60,1.929,7vl9,6wwz
5x61,1.497,7vl9,6wwz
5x62,1.083,7vl9,6wwz
5x63,2.083,7vl9,6wwz
5x64,2.778,7vl9,6wwz
5x65,2.188,7vl9,6wwz
5x66,1.4,7vl9,6wwz
5x67,2.4,7vl9,6wwz
ICL3,1.586,7vl9,6wwz
6x30,1.762,7vl9,6wwz
6x31,1.975,7vl9,6wwz
6x32,1.774,7vl9,6wwz
6x33,1.577,7vl9,6wwz
6x34,0.706,7vl9,6wwz
6x35,1.443,7vl9,6wwz
6x36,1.086,7vl9,6wwz
6x37,0.695,7vl9,6wwz
6x38,0.887,7vl9,6wwz
6x39,1.004,7vl9,6wwz
6x40,0.786,7vl9,6wwz
6x41,0.876,7vl9,6wwz
6x42,1.311,7vl9,6wwz
6x43,0.864,7vl9,6wwz
6x44,0.803,7vl9,6wwz
6x45,1.46,7vl9,6wwz
6x46,1.867,7vl9,6wwz
6x47,1.096,7vl9,6wwz
6x48,1.091,7vl9,6wwz
6x49,1.569,7vl9,6wwz
6x50,1.534,7vl9,6wwz
6x51,1.388,7vl9,6wwz
6x52,1.206,7vl9,6wwz
6x53,1.189,7vl9,6wwz
6x54,1.01,7vl9,6wwz
6x55,0.899,7vl9,6wwz
6x56,1.138,7vl9,6wwz
6x57,0.743,7vl9,6wwz
6x58,1.153,7vl9,6wwz
6x59,1.995,7vl9,6wwz
6x60,2.724,7vl9,6wwz
6x61,3.253,7vl9,6wwz
6x62,4.555,7vl9,6wwz
6x63,6.23,7vl9,6wwz
6x64,7.602,7vl9,6wwz
6x65,9.076,7vl9,6wwz
ECL3.Cm3,5.45,7vl9,6wwz
ECL3.Cm2,4.302,7vl9,6wwz
7x23,3.196,7vl9,6wwz
7x24,3.228,7vl9,6wwz
7x25,2.485,7vl9,6wwz
7x26,1.814,7vl9,6wwz
7x27,0.808,7vl9,6wwz
7x28,1.858,7vl9,6wwz
7x29,1.679,7vl9,6wwz
7x30,0.583,7vl9,6wwz
7x31,2.297,7vl9,6wwz
7x32,1.614,7vl9,6wwz
7x33,1.368,7vl9,6wwz
7x34,1.544,7vl9,6wwz
7x35,1.54,7vl9,6wwz
7x36,1.043,7vl9,6wwz
7x37,0.881,7vl9,6wwz
7x38,1.024,7vl9,6wwz
7x39,0.613,7vl9,6wwz
7x40,0.407,7vl9,6wwz
7x41,0.927,7vl9,6wwz
7x42,0.921,7vl9,6wwz
7x43,0.308,7vl9,6wwz
7x45,0.302,7vl9,6wwz
7x46,1.325,7vl9,6wwz
7x47,2.225,7vl9,6wwz
7x48,1.975,7vl9,6wwz
7x49,0.308,7vl9,6wwz
7x50,1.657,7vl9,6wwz
7x51,2.488,7vl9,6wwz
7x52,2.369,7vl9,6wwz
7x53,1.255,7vl9,6wwz
7x54,0.723,7vl9,6wwz
7x55,0.839,7vl9,6wwz
7x56,0.62,7vl9,6wwz
8x47,0.554,7vl9,6wwz
8x48,0.8,7vl9,6wwz
8x49,1.364,7vl9,6wwz
8x50,1.416,7vl9,6wwz
8x51,0.881,7vl9,6wwz
8x52,1.607,7vl9,6wwz
8x53,2.162,7vl9,6wwz
8x54,1.792,7vl9,6wwz
8x55,1.683,7vl9,6wwz
8x56,2.445,7vl9,6wwz
8x57,2.831,7vl9,6wwz
8x58,1.883,7vl9,6wwz
8x59,2.605,7vl9,6wwz
NTr.Cm7,13.963,7vl9,6lfo
NTr.Cm6,15.84,7vl9,6lfo
NTr.Cm5,13.52,7vl9,6lfo
NTr.Cm4,9.863,7vl9,6lfo
NTr.Cm3,7.502,7vl9,6lfo
NTr.Cm2,5.856,7vl9,6lfo
NTr.Cm1,4.957,7vl9,6lfo
1x22,2.288,7vl9,6lfo
1x23,2.878,7vl9,6lfo
1x24,2.238,7vl9,6lfo
1x25,2.135,7vl9,6lfo
1x26,3.348,7vl9,6lfo
1x27,7.935,7vl9,6lfo
1x28,4.263,7vl9,6lfo
1x30,2.363,7vl9,6lfo
1x31,1.982,7vl9,6lfo
1x32,0.89,7vl9,6lfo
1x33,2.993,7vl9,6lfo
1x34,2.735,7vl9,6lfo
1x35,1.686,7vl9,6lfo
1x36,1.506,7vl9,6lfo
1x37,1.759,7vl9,6lfo
1x38,1.798,7vl9,6lfo
1x39,1.508,7vl9,6lfo
1x40,1.792,7vl9,6lfo
1x41,1.732,7vl9,6lfo
1x42,2.07,7vl9,6lfo
1x43,2.245,7vl9,6lfo
1x44,2.152,7vl9,6lfo
1x45,1.881,7vl9,6lfo
1x46,2.089,7vl9,6lfo
1x47,2.189,7vl9,6lfo
1x48,2.313,7vl9,6lfo
1x49,2.443,7vl9,6lfo
1x50,1.7,7vl9,6lfo
1x51,0.913,7vl9,6lfo
1x52,0.888,7vl9,6lfo
1x53,0.843,7vl9,6lfo
1x54,1.045,7vl9,6lfo
1x55,1.268,7vl9,6lfo
1x56,1.057,7vl9,6lfo
1x57,1.025,7vl9,6lfo
1x58,1.628,7vl9,6lfo
1x59,1.829,7vl9,6lfo
1x60,1.734,7vl9,6lfo
12x48,1.577,7vl9,6lfo
12x49,1.775,7vl9,6lfo
12x50,1.997,7vl9,6lfo
12x51,1.193,7vl9,6lfo
2x37,2.233,7vl9,6lfo
2x38,2.088,7vl9,6lfo
2x39,1.601,7vl9,6lfo
2x40,1.976,7vl9,6lfo
2x41,2.004,7vl9,6lfo
2x42,1.454,7vl9,6lfo
2x43,1.336,7vl9,6lfo
2x44,1.076,7vl9,6lfo
2x45,1.105,7vl9,6lfo
2x46,1.004,7vl9,6lfo
2x47,1.21,7vl9,6lfo
2x48,1.775,7vl9,6lfo
2x49,1.707,7vl9,6lfo
2x50,1.096,7vl9,6lfo
2x51,1.83,7vl9,6lfo
2x52,2.463,7vl9,6lfo
2x53,1.959,7vl9,6lfo
2x54,1.665,7vl9,6lfo
2x55,2.006,7vl9,6lfo
2x56,2.065,7vl9,6lfo
2x57,2.007,7vl9,6lfo
2x58,0.652,7vl9,6lfo
2x59,1.282,7vl9,6lfo
2x60,2.229,7vl9,6lfo
2x61,1.839,7vl9,6lfo
2x62,1.088,7vl9,6lfo
2x63,1.484,7vl9,6lfo
2x64,2.285,7vl9,6lfo
2x65,2.577,7vl9,6lfo
2x66,2.377,7vl9,6lfo
23x49,3.123,7vl9,6lfo
23x50,1.749,7vl9,6lfo
23x51,1.516,7vl9,6lfo
23x52,2.15,7vl9,6lfo
3x21,2.252,7vl9,6lfo
3x22,1.109,7vl9,6lfo
3x23,0.893,7vl9,6lfo
3x24,0.804,7vl9,6lfo
3x25,0.962,7vl9,6lfo
3x26,0.565,7vl9,6lfo
3x27,0.897,7vl9,6lfo
3x28,1.713,7vl9,6lfo
3x29,1.643,7vl9,6lfo
3x30,1.071,7vl9,6lfo
3x31,1.359,7vl9,6lfo
3x32,1.54,7vl9,6lfo
3x33,1.483,7vl9,6lfo
3x34,1.486,7vl9,6lfo
3x35,1.249,7vl9,6lfo
3x36,1.186,7vl9,6lfo
3x37,0.929,7vl9,6lfo
3x38,0.805,7vl9,6lfo
3x39,1.043,7vl9,6lfo
3x40,1.054,7vl9,6lfo
3x41,0.511,7vl9,6lfo
3x42,0.301,7vl9,6lfo
3x43,0.452,7vl9,6lfo
3x44,0.818,7vl9,6lfo
3x45,0.683,7vl9,6lfo
3x46,0.451,7vl9,6lfo
3x47,0.697,7vl9,6lfo
3x48,0.931,7vl9,6lfo
3x49,0.997,7vl9,6lfo
3x50,1.287,7vl9,6lfo
3x51,1.051,7vl9,6lfo
3x52,0.977,7vl9,6lfo
3x53,1.184,7vl9,6lfo
3x54,1.307,7vl9,6lfo
3x55,1.617,7vl9,6lfo
3x56,1.856,7vl9,6lfo
34x50,2.293,7vl9,6lfo
34x51,3.186,7vl9,6lfo
34x52,3.374,7vl9,6lfo
34x53,4.775,7vl9,6lfo
34x54,4.968,7vl9,6lfo
34x55,2.942,7vl9,6lfo
34x56,2.327,7vl9,6lfo
4x38,5.975,7vl9,6lfo
4x39,5.726,7vl9,6lfo
4x40,6.05,7vl9,6lfo
4x41,1.559,7vl9,6lfo
4x42,1.608,7vl9,6lfo
4x43,1.633,7vl9,6lfo
4x44,1.367,7vl9,6lfo
4x45,1.148,7vl9,6lfo
4x46,1.284,7vl9,6lfo
4x47,1.3,7vl9,6lfo
4x48,0.961,7vl9,6lfo
4x49,0.871,7vl9,6lfo
4x50,0.96,7vl9,6lfo
4x51,1.347,7vl9,6lfo
4x52,0.949,7vl9,6lfo
4x53,0.781,7vl9,6lfo
4x54,1.163,7vl9,6lfo
4x55,1.105,7vl9,6lfo
4x56,1.083,7vl9,6lfo
4x57,1.473,7vl9,6lfo
4x59,2.316,7vl9,6lfo
4x60,2.46,7vl9,6lfo
4x61,1.967,7vl9,6lfo
4x62,1.604,7vl9,6lfo
4x63,1.797,7vl9,6lfo
4x64,1.871,7vl9,6lfo
4x65,1.83,7vl9,6lfo
ECL2.Cm10,2.735,7vl9,6lfo
ECL2.Cm9,3.352,7vl9,6lfo
ECL2.Cm8,2.521,7vl9,6lfo
ECL2.Cm7,6.327,7vl9,6lfo
ECL2.Cm6,4.893,7vl9,6lfo
ECL2.Cm5,6.394,7vl9,6lfo
ECL2.Cm4,8.922,7vl9,6lfo
ECL2.Cm3,4.512,7vl9,6lfo
ECL2.Cm2,3.592,7vl9,6lfo
ECL2.Cm1,2.966,7vl9,6lfo
45x50,2.924,7vl9,6lfo
45x51,3.122,7vl9,6lfo
45x52,3.167,7vl9,6lfo
ECL2.Cp3,4.734,7vl9,6lfo
ECL2.Cp4,5.585,7vl9,6lfo
ECL2.Cp5,3.919,7vl9,6lfo
ECL2.Cp6,2.224,7vl9,6lfo
ECL2.Cp7,2.8,7vl9,6lfo
5x34,4.3,7vl9,6lfo
5x35,2.604,7vl9,6lfo
5x36,3.855,7vl9,6lfo
5x37,3.7,7vl9,6lfo
5x38,2.769,7vl9,6lfo
5x39,3.315,7vl9,6lfo
5x40,3.728,7vl9,6lfo
5x41,2.76,7vl9,6lfo
5x42,3.138,7vl9,6lfo
5x43,4.907,7vl9,6lfo
5x44,4.977,7vl9,6lfo
5x45,3.073,7vl9,6lfo
5x46,2.336,7vl9,6lfo
5x461,3.396,7vl9,6lfo
5x47,3.286,7vl9,6lfo
5x48,2.518,7vl9,6lfo
5x49,2.143,7vl9,6lfo
5x50,2.083,7vl9,6lfo
5x51,2.59,7vl9,6lfo
5x52,2.164,7vl9,6lfo
5x53,1.747,7vl9,6lfo
5x54,1.844,7vl9,6lfo
5x55,2.287,7vl9,6lfo
5x56,2.114,7vl9,6lfo
5x57,1.704,7vl9,6lfo
5x58,1.85,7vl9,6lfo
5x59,2.544,7vl9,6lfo
5x60,2.61,7vl9,6lfo
5x61,2.061,7vl9,6lfo
5x62,2.211,7vl9,6lfo
5x63,2.788,7vl9,6lfo
5x64,2.584,7vl9,6lfo
5x65,2.434,7vl9,6lfo
5x66,2.833,7vl9,6lfo
5x67,3.514,7vl9,6lfo
ICL3,1.693,7vl9,6lfo
6x30,1.561,7vl9,6lfo
6x31,1.094,7vl9,6lfo
6x32,0.678,7vl9,6lfo
6x33,0.588,7vl9,6lfo
6x34,0.977,7vl9,6lfo
6x35,1.274,7vl9,6lfo
6x36,1.222,7vl9,6lfo
6x37,0.976,7vl9,6lfo
6x38,0.79,7vl9,6lfo
6x39,1.175,7vl9,6lfo
6x40,1.131,7vl9,6lfo
6x41,1.501,7vl9,6lfo
6x42,1.355,7vl9,6lfo
6x43,1.483,7vl9,6lfo
6x44,1.393,7vl9,6lfo
6x45,1.465,7vl9,6lfo
6x46,2.43,7vl9,6lfo
6x47,2.148,7vl9,6lfo
6x48,1.675,7vl9,6lfo
6x49,1.207,7vl9,6lfo
6x50,1.302,7vl9,6lfo
6x51,1.125,7vl9,6lfo
6x52,1.072,7vl9,6lfo
6x53,0.972,7vl9,6lfo
6x54,0.183,7vl9,6lfo
6x55,0.535,7vl9,6lfo
6x56,0.924,7vl9,6lfo
6x57,0.702,7vl9,6lfo
6x58,1.048,7vl9,6lfo
6x59,1.303,7vl9,6lfo
6x60,2.336,7vl9,6lfo
6x61,1.656,7vl9,6lfo
6x62,4.094,7vl9,6lfo
6x63,5.64,7vl9,6lfo
6x64,6.629,7vl9,6lfo
ECL3.Cm3,3.507,7vl9,6lfo
ECL3.Cm2,4.786,7vl9,6lfo
7x23,1.843,7vl9,6lfo
7x24,1.705,7vl9,6lfo
7x25,1.791,7vl9,6lfo
7x26,1.446,7vl9,6lfo
7x27,0.934,7vl9,6lfo
7x28,0.365,7vl9,6lfo
7x29,0.802,7vl9,6lfo
7x30,1.078,7vl9,6lfo
7x31,0.757,7vl9,6lfo
7x32,0.407,7vl9,6lfo
7x33,0.89,7vl9,6lfo
7x34,1.15,7vl9,6lfo
7x35,0.997,7vl9,6lfo
7x36,0.837,7vl9,6lfo
7x37,1.37,7vl9,6lfo
7x38,1.495,7vl9,6lfo
7x39,0.939,7vl9,6lfo
7x40,0.956,7vl9,6lfo
7x41,1.996,7vl9,6lfo
7x42,1.788,7vl9,6lfo
7x43,0.706,7vl9,6lfo
7x45,1.382,7vl9,6lfo
7x46,1.626,7vl9,6lfo
7x47,1.464,7vl9,6lfo
7x48,1.948,7vl9,6lfo
7x49,1.241,7vl9,6lfo
7x50,0.9,7vl9,6lfo
7x51,1.046,7vl9,6lfo
7x52,1.226,7vl9,6lfo
7x53,1.05,7vl9,6lfo
7x54,0.245,7vl9,6lfo
7x55,0.158,7vl9,6lfo
7x56,0.391,7vl9,6lfo
8x47,1.006,7vl9,6lfo
8x48,0.867,7vl9,6lfo
8x49,1.037,7vl9,6lfo
8x50,1.094,7vl9,6lfo
8x51,1.328,7vl9,6lfo
8x52,1.102,7vl9,6lfo
8x53,1.242,7vl9,6lfo
8x54,0.86,7vl9,6lfo
8x55,0.936,7vl9,6lfo
8x56,1.271,7vl9,6lfo
8x57,1.572,7vl9,6lfo
8x58,1.419,7vl9,6lfo
8x59,1.736,7vl9,6lfo
NTr.Cm7,6.427,7vl9,ngo
NTr.Cm6,8.865,7vl9,ngo
NTr.Cm5,7.403,7vl9,ngo
NTr.Cm4,4.609,7vl9,ngo
NTr.Cm3,4.52,7vl9,ngo
NTr.Cm2,2.733,7vl9,ngo
NTr.Cm1,2.245,7vl9,ngo
1x22,2.445,7vl9,ngo
1x23,2.497,7vl9,ngo
1x24,2.329,7vl9,ngo
1x25,2,7vl9,ngo
1x26,2.364,7vl9,ngo
1x27,2.311,7vl9,ngo
1x28,1.769,7vl9,ngo
1x29,1.695,7vl9,ngo
1x30,2.34,7vl9,ngo
1x31,2.454,7vl9,ngo
1x32,1.594,7vl9,ngo
1x33,1.571,7vl9,ngo
1x34,1.015,7vl9,ngo
1x35,0.793,7vl9,ngo
1x36,0.851,7vl9,ngo
1x37,0.893,7vl9,ngo
1x38,1.355,7vl9,ngo
1x39,1.4,7vl9,ngo
1x40,1.061,7vl9,ngo
1x41,0.883,7vl9,ngo
1x42,1.809,7vl9,ngo
1x43,2.081,7vl9,ngo
1x44,1.921,7vl9,ngo
1x45,1.682,7vl9,ngo
1x46,2.382,7vl9,ngo
1x47,2.442,7vl9,ngo
1x48,2.652,7vl9,ngo
1x49,2.413,7vl9,ngo
1x50,1.04,7vl9,ngo
1x51,0.926,7vl9,ngo
1x52,1.28,7vl9,ngo
1x53,1.032,7vl9,ngo
1x54,0.494,7vl9,ngo
1x55,0.294,7vl9,ngo
1x56,0.794,7vl9,ngo
1x57,1.348,7vl9,ngo
1x58,1.846,7vl9,ngo
1x59,1.74,7vl9,ngo
1x60,5.359,7vl9,ngo
12x48,9.905,7vl9,ngo
12x49,13.015,7vl9,ngo
12x50,10.127,7vl9,ngo
12x51,7.285,7vl9,ngo
2x37,8.319,7vl9,ngo
2x38,6.471,7vl9,ngo
2x39,3.312,7vl9,ngo
2x40,3.43,7vl9,ngo
2x41,2.863,7vl9,ngo
2x42,1.821,7vl9,ngo
2x43,1.946,7vl9,ngo
2x44,1.517,7vl9,ngo
2x45,1.192,7vl9,ngo
2x46,1.154,7vl9,ngo
2x47,0.868,7vl9,ngo
2x48,0.967,7vl9,ngo
2x49,0.884,7vl9,ngo
2x50,0.979,7vl9,ngo
2x51,1.259,7vl9,ngo
2x52,1.906,7vl9,ngo
2x53,2.228,7vl9,ngo
2x54,1.611,7vl9,ngo
2x55,2.661,7vl9,ngo
2x56,2.461,7vl9,ngo
2x57,1.46,7vl9,ngo
2x58,0.973,7vl9,ngo
2x59,0.504,7vl9,ngo
2x60,1.025,7vl9,ngo
2x61,0.637,7vl9,ngo
2x62,0.789,7vl9,ngo
2x63,1.157,7vl9,ngo
2x64,1.171,7vl9,ngo
2x65,1.206,7vl9,ngo
2x66,1.656,7vl9,ngo
23x49,1.315,7vl9,ngo
23x50,0.985,7vl9,ngo
23x51,0.547,7vl9,ngo
23x52,1.331,7vl9,ngo
3x21,0.71,7vl9,ngo
3x22,0.817,7vl9,ngo
3x23,1.159,7vl9,ngo
3x24,0.747,7vl9,ngo
3x25,0.781,7vl9,ngo
3x26,0.605,7vl9,ngo
3x27,0.593,7vl9,ngo
3x28,0.645,7vl9,ngo
3x29,0.644,7vl9,ngo
3x30,0.534,7vl9,ngo
3x31,0.349,7vl9,ngo
3x32,0.332,7vl9,ngo
3x33,0.787,7vl9,ngo
3x34,0.428,7vl9,ngo
3x35,0.55,7vl9,ngo
3x36,1.268,7vl9,ngo
3x37,0.571,7vl9,ngo
3x38,0.714,7vl9,ngo
3x39,0.744,7vl9,ngo
3x40,0.737,7vl9,ngo
3x41,1.118,7vl9,ngo
3x42,1.34,7vl9,ngo
3x43,1.71,7vl9,ngo
3x44,1.55,7vl9,ngo
3x45,1.536,7vl9,ngo
3x46,1.751,7vl9,ngo
3x47,1.819,7vl9,ngo
3x48,1.474,7vl9,ngo
3x49,1.683,7vl9,ngo
3x50,1.995,7vl9,ngo
3x51,1.908,7vl9,ngo
3x52,1.639,7vl9,ngo
3x53,1.982,7vl9,ngo
3x54,2.171,7vl9,ngo
3x55,2.197,7vl9,ngo
3x56,2.484,7vl9,ngo
34x50,2.97,7vl9,ngo
34x51,4.037,7vl9,ngo
34x52,2.22,7vl9,ngo
34x53,2.965,7vl9,ngo
34x54,3.119,7vl9,ngo
34x55,3.596,7vl9,ngo
34x56,3.96,7vl9,ngo
34x57,3.664,7vl9,ngo
4x38,3.495,7vl9,ngo
4x39,8.107,7vl9,ngo
4x40,9.353,7vl9,ngo
4x41,5.225,7vl9,ngo
4x42,1.279,7vl9,ngo
4x43,4.673,7vl9,ngo
4x44,4.88,7vl9,ngo
4x45,2.493,7vl9,ngo
4x46,2.747,7vl9,ngo
4x47,5.453,7vl9,ngo
4x48,5.026,7vl9,ngo
4x49,2.351,7vl9,ngo
4x50,1.195,7vl9,ngo
4x51,0.878,7vl9,ngo
4x52,0.898,7vl9,ngo
4x53,0.833,7vl9,ngo
4x54,0.672,7vl9,ngo
4x55,1.418,7vl9,ngo
4x56,2.276,7vl9,ngo
4x57,2.461,7vl9,ngo
4x59,1.988,7vl9,ngo
4x60,1.176,7vl9,ngo
4x61,2.012,7vl9,ngo
4x62,2.095,7vl9,ngo
4x63,1.588,7vl9,ngo
4x64,1.13,7vl9,ngo
4x65,0.87,7vl9,ngo
ECL2.Cm10,1.641,7vl9,ngo
ECL2.Cm9,1.712,7vl9,ngo
ECL2.Cm8,1.598,7vl9,ngo
ECL2.Cm7,2.39,7vl9,ngo
ECL2.Cm6,3.236,7vl9,ngo
ECL2.Cm5,4.1,7vl9,ngo
ECL2.Cm4,6.642,7vl9,ngo
ECL2.Cm3,3.329,7vl9,ngo
ECL2.Cm2,1.498,7vl9,ngo
ECL2.Cm1,1.634,7vl9,ngo
45x50,0.969,7vl9,ngo
45x51,1.1,7vl9,ngo
45x52,1.024,7vl9,ngo
ECL2.Cp3,1.066,7vl9,ngo
ECL2.Cp4,0.533,7vl9,ngo
ECL2.Cp5,0.512,7vl9,ngo
ECL2.Cp6,2.989,7vl9,ngo
5x33,2.864,7vl9,ngo
5x34,1.733,7vl9,ngo
5x35,1.31,7vl9,ngo
5x36,1.182,7vl9,ngo
5x37,1.555,7vl9,ngo
5x38,1.361,7vl9,ngo
5x39,0.948,7vl9,ngo
5x40,1.037,7vl9,ngo
5x41,1.41,7vl9,ngo
5x42,1.775,7vl9,ngo
5x43,1.725,7vl9,ngo
5x44,1.213,7vl9,ngo
5x45,1.25,7vl9,ngo
5x46,1.053,7vl9,ngo
5x461,1.066,7vl9,ngo
5x47,1.21,7vl9,ngo
5x48,1.299,7vl9,ngo
5x49,1.623,7vl9,ngo
5x50,1.699,7vl9,ngo
5x51,1.885,7vl9,ngo
5x52,1.451,7vl9,ngo
5x53,1.381,7vl9,ngo
5x54,1.403,7vl9,ngo
5x55,1.468,7vl9,ngo
5x56,1.599,7vl9,ngo
5x57,1.609,7vl9,ngo
5x58,1.708,7vl9,ngo
5x59,2.21,7vl9,ngo
5x60,2.794,7vl9,ngo
5x61,2.543,7vl9,ngo
5x62,2.191,7vl9,ngo
5x63,3.165,7vl9,ngo
5x64,3.876,7vl9,ngo
5x65,4.288,7vl9,ngo
5x66,5.724,7vl9,ngo
5x67,6.152,7vl9,ngo
ICL3,5.699,7vl9,ngo
6x30,7.874,7vl9,ngo
6x31,7.386,7vl9,ngo
6x32,6.992,7vl9,ngo
6x33,6.634,7vl9,ngo
6x34,6.476,7vl9,ngo
6x35,5.905,7vl9,ngo
6x36,5.267,7vl9,ngo
6x37,5.513,7vl9,ngo
6x38,4.985,7vl9,ngo
6x39,3.956,7vl9,ngo
6x40,4.073,7vl9,ngo
6x41,4.729,7vl9,ngo
6x42,3.561,7vl9,ngo
6x43,2.645,7vl9,ngo
6x44,3.559,7vl9,ngo
6x45,3.601,7vl9,ngo
6x46,3.323,7vl9,ngo
6x47,2.571,7vl9,ngo
6x48,2.303,7vl9,ngo
6x49,2.426,7vl9,ngo
6x50,2.377,7vl9,ngo
6x51,1.259,7vl9,ngo
6x52,1.61,7vl9,ngo
6x53,2.273,7vl9,ngo
6x54,1.167,7vl9,ngo
6x55,1.538,7vl9,ngo
6x56,2.982,7vl9,ngo
6x57,2.319,7vl9,ngo
6x58,2.232,7vl9,ngo
6x59,3.264,7vl9,ngo
6x60,3.293,7vl9,ngo
6x61,1.878,7vl9,ngo
6x62,5.973,7vl9,ngo
6x63,6.423,7vl9,ngo
6x64,6.159,7vl9,ngo
ECL3.Cm3,4.72,7vl9,ngo
ECL3.Cm2,4.144,7vl9,ngo
7x23,1.976,7vl9,ngo
7x24,1.211,7vl9,ngo
7x25,1.724,7vl9,ngo
7x26,1.42,7vl9,ngo
7x27,1.034,7vl9,ngo
7x28,1.184,7vl9,ngo
7x29,0.944,7vl9,ngo
7x30,1.137,7vl9,ngo
7x31,0.805,7vl9,ngo
7x32,0.955,7vl9,ngo
7x33,1.111,7vl9,ngo
7x34,1,7vl9,ngo
7x35,1.546,7vl9,ngo
7x36,2.21,7vl9,ngo
7x37,1.878,7vl9,ngo
7x38,1.593,7vl9,ngo
7x39,2.747,7vl9,ngo
7x40,2.612,7vl9,ngo
7x41,1.678,7vl9,ngo
7x42,1.718,7vl9,ngo
7x43,1.509,7vl9,ngo
7x45,2.499,7vl9,ngo
7x46,2.693,7vl9,ngo
7x47,1.764,7vl9,ngo
7x48,1.65,7vl9,ngo
7x49,3.667,7vl9,ngo
7x50,4.259,7vl9,ngo
7x51,3.778,7vl9,ngo
7x52,4.209,7vl9,ngo
7x53,7.197,7vl9,ngo
7x54,8.19,7vl9,ngo
7x55,6.808,7vl9,ngo
NTr.Cm7,18.843,7vl9,7sk3
NTr.Cm6,15.51,7vl9,7sk3
NTr.Cm5,11.202,7vl9,7sk3
NTr.Cm4,7.442,7vl9,7sk3
NTr.Cm3,5.923,7vl9,7sk3
NTr.Cm2,6.781,7vl9,7sk3
NTr.Cm1,6.802,7vl9,7sk3
1x22,3.832,7vl9,7sk3
1x23,5.909,7vl9,7sk3
1x24,6.567,7vl9,7sk3
1x25,2.067,7vl9,7sk3
1x26,3.328,7vl9,7sk3
1x27,7.387,7vl9,7sk3
1x28,4.124,7vl9,7sk3
1x29,3.739,7vl9,7sk3
1x30,4.722,7vl9,7sk3
1x31,3.495,7vl9,7sk3
1x32,1.082,7vl9,7sk3
1x33,3.39,7vl9,7sk3
1x34,3.013,7vl9,7sk3
1x35,1.895,7vl9,7sk3
1x36,1.069,7vl9,7sk3
1x37,1.334,7vl9,7sk3
1x38,1.683,7vl9,7sk3
1x39,1.049,7vl9,7sk3
1x40,1.321,7vl9,7sk3
1x41,1.261,7vl9,7sk3
1x42,1.434,7vl9,7sk3
1x43,1.321,7vl9,7sk3
1x44,1.328,7vl9,7sk3
1x45,1.023,7vl9,7sk3
1x46,1.057,7vl9,7sk3
1x47,0.681,7vl9,7sk3
1x48,1.239,7vl9,7sk3
1x49,1.204,7vl9,7sk3
1x50,0.798,7vl9,7sk3
1x51,1.055,7vl9,7sk3
1x52,1.102,7vl9,7sk3
1x53,1.19,7vl9,7sk3
1x54,1.258,7vl9,7sk3
1x55,1.345,7vl9,7sk3
1x56,1.069,7vl9,7sk3
1x57,1.638,7vl9,7sk3
1x58,1.617,7vl9,7sk3
1x59,1.569,7vl9,7sk3
1x60,2.74,7vl9,7sk3
12x48,3.443,7vl9,7sk3
12x49,4.06,7vl9,7sk3
12x50,6.653,7vl9,7sk3
12x51,8.572,7vl9,7sk3
2x37,8.368,7vl9,7sk3
2x38,8.162,7vl9,7sk3
2x39,5.591,7vl9,7sk3
2x40,2.378,7vl9,7sk3
2x41,1.333,7vl9,7sk3
2x42,0.799,7vl9,7sk3
2x43,0.856,7vl9,7sk3
2x44,1.077,7vl9,7sk3
2x45,0.953,7vl9,7sk3
2x46,0.621,7vl9,7sk3
2x47,1.067,7vl9,7sk3
2x48,1.211,7vl9,7sk3
2x49,0.986,7vl9,7sk3
2x50,0.689,7vl9,7sk3
2x51,1.456,7vl9,7sk3
2x52,1.606,7vl9,7sk3
2x53,1.119,7vl9,7sk3
2x54,1.068,7vl9,7sk3
2x55,1.942,7vl9,7sk3
2x56,1.761,7vl9,7sk3
2x57,0.942,7vl9,7sk3
2x58,0.217,7vl9,7sk3
2x59,0.75,7vl9,7sk3
2x60,1.023,7vl9,7sk3
2x61,0.766,7vl9,7sk3
2x62,0.704,7vl9,7sk3
2x63,1.154,7vl9,7sk3
2x64,1.269,7vl9,7sk3
2x65,1.324,7vl9,7sk3
2x66,2.699,7vl9,7sk3
23x49,3.293,7vl9,7sk3
23x50,1.631,7vl9,7sk3
23x51,1.772,7vl9,7sk3
23x52,0.549,7vl9,7sk3
3x21,0.705,7vl9,7sk3
3x22,1.027,7vl9,7sk3
3x23,1.09,7vl9,7sk3
3x24,0.631,7vl9,7sk3
3x25,0.568,7vl9,7sk3
3x26,0.398,7vl9,7sk3
3x27,0.752,7vl9,7sk3
3x28,1.179,7vl9,7sk3
3x29,1.192,7vl9,7sk3
3x30,0.969,7vl9,7sk3
3x31,1.464,7vl9,7sk3
3x32,1.705,7vl9,7sk3
3x33,1.31,7vl9,7sk3
3x34,1.111,7vl9,7sk3
3x35,1.933,7vl9,7sk3
3x36,1.824,7vl9,7sk3
3x37,0.91,7vl9,7sk3
3x38,0.66,7vl9,7sk3
3x39,0.663,7vl9,7sk3
3x40,0.459,7vl9,7sk3
3x41,0.663,7vl9,7sk3
3x42,0.941,7vl9,7sk3
3x43,0.922,7vl9,7sk3
3x44,1.289,7vl9,7sk3
3x45,1.584,7vl9,7sk3
3x46,1.446,7vl9,7sk3
3x47,1.352,7vl9,7sk3
3x48,1.74,7vl9,7sk3
3x49,1.875,7vl9,7sk3
3x50,1.119,7vl9,7sk3
3x51,1.299,7vl9,7sk3
3x52,1.699,7vl9,7sk3
3x53,1.358,7vl9,7sk3
3x54,1.815,7vl9,7sk3
3x55,2.156,7vl9,7sk3
3x56,2.346,7vl9,7sk3
4x41,2.795,7vl9,7sk3
4x42,2.377,7vl9,7sk3
4x43,2.416,7vl9,7sk3
4x44,2.197,7vl9,7sk3
4x45,1.556,7vl9,7sk3
4x46,1.158,7vl9,7sk3
4x47,1.462,7vl9,7sk3
4x48,1.223,7vl9,7sk3
4x49,0.762,7vl9,7sk3
4x50,0.852,7vl9,7sk3
4x51,0.953,7vl9,7sk3
4x52,0.809,7vl9,7sk3
4x53,0.785,7vl9,7sk3
4x54,0.858,7vl9,7sk3
4x55,0.802,7vl9,7sk3
4x56,0.868,7vl9,7sk3
4x57,0.611,7vl9,7sk3
4x59,1.46,7vl9,7sk3
4x60,2.331,7vl9,7sk3
4x61,2.113,7vl9,7sk3
4x62,0.695,7vl9,7sk3
4x63,1.103,7vl9,7sk3
4x64,1.923,7vl9,7sk3
4x65,1.779,7vl9,7sk3
ECL2.Cm10,6.637,7vl9,7sk3
ECL2.Cm9,7.009,7vl9,7sk3
ECL2.Cm8,5.979,7vl9,7sk3
ECL2.Cm7,7.399,7vl9,7sk3
ECL2.Cm6,6.865,7vl9,7sk3
ECL2.Cm5,1.942,7vl9,7sk3
ECL2.Cm4,4.388,7vl9,7sk3
ECL2.Cm3,2.812,7vl9,7sk3
ECL2.Cm2,2.162,7vl9,7sk3
ECL2.Cm1,2.027,7vl9,7sk3
45x50,2.276,7vl9,7sk3
45x51,2.581,7vl9,7sk3
45x52,2.701,7vl9,7sk3
ECL2.Cp3,3.637,7vl9,7sk3
ECL2.Cp4,3.662,7vl9,7sk3
ECL2.Cp5,3.846,7vl9,7sk3
ECL2.Cp6,3.682,7vl9,7sk3
ECL2.Cp7,4.468,7vl9,7sk3
5x31,2.851,7vl9,7sk3
5x32,3.346,7vl9,7sk3
5x33,2.898,7vl9,7sk3
5x34,1.77,7vl9,7sk3
5x35,1.871,7vl9,7sk3
5x36,2.545,7vl9,7sk3
5x37,2.263,7vl9,7sk3
5x38,1.599,7vl9,7sk3
5x39,1.936,7vl9,7sk3
5x40,2.911,7vl9,7sk3
5x41,2.595,7vl9,7sk3
5x42,1.73,7vl9,7sk3
5x43,2.12,7vl9,7sk3
5x44,2.193,7vl9,7sk3
5x45,2.033,7vl9,7sk3
5x46,1.768,7vl9,7sk3
5x461,1.999,7vl9,7sk3
5x47,1.914,7vl9,7sk3
5x48,2.249,7vl9,7sk3
5x49,1.901,7vl9,7sk3
5x50,1.857,7vl9,7sk3
5x51,2.141,7vl9,7sk3
5x52,2.212,7vl9,7sk3
5x53,1.797,7vl9,7sk3
5x54,1.566,7vl9,7sk3
5x55,2.395,7vl9,7sk3
5x56,2.584,7vl9,7sk3
5x57,1.835,7vl9,7sk3
5x58,1.401,7vl9,7sk3
5x59,2.171,7vl9,7sk3
5x60,2.464,7vl9,7sk3
5x61,1.554,7vl9,7sk3
5x62,1.111,7vl9,7sk3
5x63,1.756,7vl9,7sk3
5x64,2.467,7vl9,7sk3
5x65,1.911,7vl9,7sk3
5x66,1.3,7vl9,7sk3
5x67,3.112,7vl9,7sk3
ICL3,0.886,7vl9,7sk3
6x28,9.221,7vl9,7sk3
6x29,6.529,7vl9,7sk3
6x30,4.502,7vl9,7sk3
6x31,7.092,7vl9,7sk3
6x32,5.156,7vl9,7sk3
6x33,2.786,7vl9,7sk3
6x34,1.174,7vl9,7sk3
6x35,0.52,7vl9,7sk3
6x36,0.315,7vl9,7sk3
6x37,0.706,7vl9,7sk3
6x38,0.629,7vl9,7sk3
6x39,0.704,7vl9,7sk3
6x40,0.801,7vl9,7sk3
6x41,0.719,7vl9,7sk3
6x42,0.518,7vl9,7sk3
6x43,0.62,7vl9,7sk3
6x44,0.526,7vl9,7sk3
6x45,1.125,7vl9,7sk3
6x46,1.535,7vl9,7sk3
6x47,1.265,7vl9,7sk3
6x48,1.269,7vl9,7sk3
6x49,1.65,7vl9,7sk3
6x50,1.913,7vl9,7sk3
6x51,1.598,7vl9,7sk3
6x52,1.552,7vl9,7sk3
6x53,1.811,7vl9,7sk3
6x54,1.519,7vl9,7sk3
6x55,1.136,7vl9,7sk3
6x56,1.38,7vl9,7sk3
6x57,1.27,7vl9,7sk3
6x58,0.602,7vl9,7sk3
6x59,0.779,7vl9,7sk3
6x60,1.698,7vl9,7sk3
6x61,0.931,7vl9,7sk3
6x62,4.82,7vl9,7sk3
6x63,5.12,7vl9,7sk3
6x64,5.881,7vl9,7sk3
ECL3.Cm3,2.348,7vl9,7sk3
ECL3.Cm2,3.656,7vl9,7sk3
7x23,2.995,7vl9,7sk3
7x24,3.823,7vl9,7sk3
7x25,2.256,7vl9,7sk3
7x26,2.29,7vl9,7sk3
7x27,3.428,7vl9,7sk3
7x28,2.242,7vl9,7sk3
7x29,0.955,7vl9,7sk3
7x30,2.199,7vl9,7sk3
7x31,2.443,7vl9,7sk3
7x32,1.669,7vl9,7sk3
7x33,1.479,7vl9,7sk3
7x34,1.775,7vl9,7sk3
7x35,1.657,7vl9,7sk3
7x36,1.509,7vl9,7sk3
7x37,1.356,7vl9,7sk3
7x38,1.209,7vl9,7sk3
7x39,1.19,7vl9,7sk3
7x40,0.979,7vl9,7sk3
7x41,1.095,7vl9,7sk3
7x42,1.133,7vl9,7sk3
7x43,0.698,7vl9,7sk3
7x45,0.556,7vl9,7sk3
7x46,0.648,7vl9,7sk3
7x47,0.825,7vl9,7sk3
7x48,0.426,7vl9,7sk3
7x49,0.88,7vl9,7sk3
7x50,1.078,7vl9,7sk3
7x51,0.871,7vl9,7sk3
7x52,0.951,7vl9,7sk3
7x53,1.077,7vl9,7sk3
7x54,1.093,7vl9,7sk3
7x55,0.599,7vl9,7sk3
7x56,0.887,7vl9,7sk3
8x47,0.9,7vl9,7sk3
8x48,1.618,7vl9,7sk3
8x49,2.047,7vl9,7sk3
8x50,1.688,7vl9,7sk3
8x51,1.144,7vl9,7sk3
8x52,1.637,7vl9,7sk3
8x53,1.74,7vl9,7sk3
8x54,1.33,7vl9,7sk3
8x55,0.877,7vl9,7sk3
8x56,1.267,7vl9,7sk3
8x57,1.794,7vl9,7sk3
1x23,5.009,7vl9,7xbx
1x24,2.794,7vl9,7xbx
1x25,3.636,7vl9,7xbx
1x26,1.151,7vl9,7xbx
1x27,3.494,7vl9,7xbx
1x28,3.186,7vl9,7xbx
1x29,1.62,7vl9,7xbx
1x30,2.953,7vl9,7xbx
1x31,2.813,7vl9,7xbx
1x32,1.787,7vl9,7xbx
1x33,3.33,7vl9,7xbx
1x34,3.189,7vl9,7xbx
1x35,1.593,7vl9,7xbx
1x36,0.893,7vl9,7xbx
1x37,2.159,7vl9,7xbx
1x38,1.895,7vl9,7xbx
1x39,1.315,7vl9,7xbx
1x40,1.682,7vl9,7xbx
1x41,2.537,7vl9,7xbx
1x42,2.535,7vl9,7xbx
1x43,1.938,7vl9,7xbx
1x44,2.019,7vl9,7xbx
1x45,2.134,7vl9,7xbx
1x46,1.696,7vl9,7xbx
1x47,0.813,7vl9,7xbx
1x48,1.759,7vl9,7xbx
1x49,1.721,7vl9,7xbx
1x50,0.895,7vl9,7xbx
1x51,0.639,7vl9,7xbx
1x52,0.84,7vl9,7xbx
1x53,0.672,7vl9,7xbx
1x54,0.495,7vl9,7xbx
1x55,0.581,7vl9,7xbx
1x56,0.37,7vl9,7xbx
1x57,1.189,7vl9,7xbx
1x58,1.122,7vl9,7xbx
1x59,1.096,7vl9,7xbx
1x60,2.661,7vl9,7xbx
12x48,6.099,7vl9,7xbx
12x49,3.833,7vl9,7xbx
12x50,2.957,7vl9,7xbx
12x51,3.584,7vl9,7xbx
2x37,0.641,7vl9,7xbx
2x38,0.482,7vl9,7xbx
2x39,0.456,7vl9,7xbx
2x40,0.907,7vl9,7xbx
2x41,0.843,7vl9,7xbx
2x42,0.323,7vl9,7xbx
2x43,0.569,7vl9,7xbx
2x44,0.769,7vl9,7xbx
2x45,0.562,7vl9,7xbx
2x46,0.416,7vl9,7xbx
2x47,0.645,7vl9,7xbx
2x48,0.667,7vl9,7xbx
2x49,0.448,7vl9,7xbx
2x50,0.519,7vl9,7xbx
2x51,0.557,7vl9,7xbx
2x52,0.899,7vl9,7xbx
2x53,1.354,7vl9,7xbx
2x54,1.059,7vl9,7xbx
2x55,0.847,7vl9,7xbx
2x56,1.044,7vl9,7xbx
2x57,0.834,7vl9,7xbx
2x58,0.9,7vl9,7xbx
2x59,1.163,7vl9,7xbx
2x60,0.993,7vl9,7xbx
2x61,1.122,7vl9,7xbx
2x62,1.356,7vl9,7xbx
2x63,1.521,7vl9,7xbx
2x64,1.59,7vl9,7xbx
2x65,1.803,7vl9,7xbx
2x66,1.891,7vl9,7xbx
3x24,1.774,7vl9,7xbx
3x25,2.55,7vl9,7xbx
3x26,2.99,7vl9,7xbx
3x27,1.846,7vl9,7xbx
3x28,1.38,7vl9,7xbx
3x29,1.846,7vl9,7xbx
3x30,1.528,7vl9,7xbx
3x31,0.805,7vl9,7xbx
3x32,0.927,7vl9,7xbx
3x33,0.877,7vl9,7xbx
3x34,0.791,7vl9,7xbx
3x35,0.568,7vl9,7xbx
3x36,0.754,7vl9,7xbx
3x37,0.611,7vl9,7xbx
3x38,0.535,7vl9,7xbx
3x39,0.474,7vl9,7xbx
3x40,0.475,7vl9,7xbx
3x41,0.532,7vl9,7xbx
3x42,0.349,7vl9,7xbx
3x43,0.271,7vl9,7xbx
3x44,0.796,7vl9,7xbx
3x45,1.408,7vl9,7xbx
3x46,1.176,7vl9,7xbx
3x47,0.962,7vl9,7xbx
3x48,1.384,7vl9,7xbx
3x49,1.632,7vl9,7xbx
3x50,1.512,7vl9,7xbx
3x51,1.611,7vl9,7xbx
3x52,1.844,7vl9,7xbx
3x53,1.929,7vl9,7xbx
3x54,1.916,7vl9,7xbx
3x55,1.868,7vl9,7xbx
3x56,2.8,7vl9,7xbx
34x50,3.202,7vl9,7xbx
34x51,4.129,7vl9,7xbx
34x52,2.988,7vl9,7xbx
34x53,3.457,7vl9,7xbx
34x54,3.166,7vl9,7xbx
34x55,3.018,7vl9,7xbx
34x56,3.744,7vl9,7xbx
34x57,4.02,7vl9,7xbx
4x38,1.814,7vl9,7xbx
4x39,1.285,7vl9,7xbx
4x40,0.46,7vl9,7xbx
4x41,0.851,7vl9,7xbx
4x42,1.089,7vl9,7xbx
4x43,0.643,7vl9,7xbx
4x44,0.275,7vl9,7xbx
4x45,0.254,7vl9,7xbx
4x46,0.516,7vl9,7xbx
4x47,0.48,7vl9,7xbx
4x48,0.38,7vl9,7xbx
4x49,0.458,7vl9,7xbx
4x50,0.485,7vl9,7xbx
4x51,0.497,7vl9,7xbx
4x52,0.603,7vl9,7xbx
4x53,0.592,7vl9,7xbx
4x54,0.755,7vl9,7xbx
4x55,0.824,7vl9,7xbx
4x56,1.286,7vl9,7xbx
4x57,1.808,7vl9,7xbx
4x59,1.314,7vl9,7xbx
4x60,2.148,7vl9,7xbx
4x61,3.811,7vl9,7xbx
4x62,3.738,7vl9,7xbx
4x63,2.781,7vl9,7xbx
4x64,0.816,7vl9,7xbx
4x65,0.962,7vl9,7xbx
ECL2.Cm6,13.241,7vl9,7xbx
ECL2.Cm5,14.728,7vl9,7xbx
ECL2.Cm4,12.313,7vl9,7xbx
ECL2.Cm3,6.014,7vl9,7xbx
ECL2.Cm2,2.846,7vl9,7xbx
ECL2.Cm1,2.771,7vl9,7xbx
45x50,2.539,7vl9,7xbx
45x51,2.447,7vl9,7xbx
45x52,3.006,7vl9,7xbx
ECL2.Cp3,3.922,7vl9,7xbx
ECL2.Cp4,2.397,7vl9,7xbx
ECL2.Cp5,2.668,7vl9,7xbx
ECL2.Cp6,3.33,7vl9,7xbx
ECL2.Cp7,4.876,7vl9,7xbx
5x31,2.994,7vl9,7xbx
5x32,2.75,7vl9,7xbx
5x33,2.581,7vl9,7xbx
5x34,1.919,7vl9,7xbx
5x35,1.836,7vl9,7xbx
5x36,1.562,7vl9,7xbx
5x37,1.694,7vl9,7xbx
5x38,1.294,7vl9,7xbx
5x39,0.909,7vl9,7xbx
5x40,1.427,7vl9,7xbx
5x41,1.734,7vl9,7xbx
5x42,1.421,7vl9,7xbx
5x43,1.24,7vl9,7xbx
5x44,1.461,7vl9,7xbx
5x45,1.667,7vl9,7xbx
5x46,1.295,7vl9,7xbx
5x461,1.282,7vl9,7xbx
5x47,1.168,7vl9,7xbx
5x48,1.844,7vl9,7xbx
5x49,1.913,7vl9,7xbx
5x50,1.303,7vl9,7xbx
5x51,0.949,7vl9,7xbx
5x52,1.135,7vl9,7xbx
5x53,1.472,7vl9,7xbx
5x54,1.148,7vl9,7xbx
5x55,1.235,7vl9,7xbx
5x56,1.147,7vl9,7xbx
5x57,1.18,7vl9,7xbx
5x58,0.839,7vl9,7xbx
5x59,1.037,7vl9,7xbx
5x60,1.651,7vl9,7xbx
5x61,1.328,7vl9,7xbx
5x62,1.354,7vl9,7xbx
5x63,1.849,7vl9,7xbx
5x64,2.748,7vl9,7xbx
5x65,2.669,7vl9,7xbx
5x66,2.946,7vl9,7xbx
5x67,4.484,7vl9,7xbx
ICL3,2.664,7vl9,7xbx
6x28,8.18,7vl9,7xbx
6x29,4.452,7vl9,7xbx
6x30,3.377,7vl9,7xbx
6x31,6.263,7vl9,7xbx
6x32,4.887,7vl9,7xbx
6x33,5.413,7vl9,7xbx
6x34,6.674,7vl9,7xbx
6x35,5.411,7vl9,7xbx
6x36,4.181,7vl9,7xbx
6x37,5.608,7vl9,7xbx
6x38,5.06,7vl9,7xbx
6x39,2.832,7vl9,7xbx
6x40,3.464,7vl9,7xbx
6x41,4.158,7vl9,7xbx
6x42,2.854,7vl9,7xbx
6x43,1.102,7vl9,7xbx
6x44,2.149,7vl9,7xbx
6x45,2.073,7vl9,7xbx
6x46,1.391,7vl9,7xbx
6x47,1.389,7vl9,7xbx
6x48,1.567,7vl9,7xbx
6x49,1.929,7vl9,7xbx
6x50,1.898,7vl9,7xbx
6x51,1.189,7vl9,7xbx
6x52,1.568,7vl9,7xbx
6x53,1.624,7vl9,7xbx
6x54,1.131,7vl9,7xbx
6x55,1.177,7vl9,7xbx
6x56,1.669,7vl9,7xbx
6x57,1.541,7vl9,7xbx
6x58,1.494,7vl9,7xbx
6x59,2.217,7vl9,7xbx
6x60,3.08,7vl9,7xbx
6x61,1.589,7vl9,7xbx
6x62,4.291,7vl9,7xbx
6x63,3.199,7vl9,7xbx
6x64,3,7vl9,7xbx
ECL3.Cm3,5.83,7vl9,7xbx
ECL3.Cm2,4.523,7vl9,7xbx
7x23,4.948,7vl9,7xbx
7x24,3.884,7vl9,7xbx
7x25,3.718,7vl9,7xbx
7x26,2.695,7vl9,7xbx
7x27,1.577,7vl9,7xbx
7x28,2.098,7vl9,7xbx
7x29,2.132,7vl9,7xbx
7x30,1.679,7vl9,7xbx
7x31,1.21,7vl9,7xbx
7x32,1.161,7vl9,7xbx
7x33,1.033,7vl9,7xbx
7x34,0.797,7vl9,7xbx
7x35,0.637,7vl9,7xbx
7x36,0.761,7vl9,7xbx
7x37,1.273,7vl9,7xbx
7x38,1.221,7vl9,7xbx
7x39,1.405,7vl9,7xbx
7x40,1.632,7vl9,7xbx
7x41,2.424,7vl9,7xbx
7x42,2.884,7vl9,7xbx
7x43,2.668,7vl9,7xbx
7x45,2.76,7vl9,7xbx
7x46,1.768,7vl9,7xbx
7x47,2.113,7vl9,7xbx
7x48,2.96,7vl9,7xbx
7x49,2.767,7vl9,7xbx
7x50,3.106,7vl9,7xbx
7x51,4.313,7vl9,7xbx
7x52,4.667,7vl9,7xbx
7x53,5.541,7vl9,7xbx
7x54,6.974,7vl9,7xbx
7x55,6.072,7vl9,7xbx
7x56,2.776,7vl9,7xbx
8x47,3.435,7vl9,7xbx
8x48,3.272,7vl9,7xbx
8x49,3.703,7vl9,7xbx
8x50,3.503,7vl9,7xbx
8x51,3.579,7vl9,7xbx
8x52,3.857,7vl9,7xbx
8x53,4.244,7vl9,7xbx
8x54,4.396,7vl9,7xbx
8x55,3.913,7vl9,7xbx
8x56,3.738,7vl9,7xbx
8x57,4.315,7vl9,7xbx
8x58,4.187,7vl9,7xbx
NTr.Cm5,13.175,7vl9,4rws
NTr.Cm4,9.237,7vl9,4rws
NTr.Cm3,7.744,7vl9,4rws
NTr.Cm2,5.911,7vl9,4rws
NTr.Cm1,4.268,7vl9,4rws
1x22,1.716,7vl9,4rws
1x23,1.798,7vl9,4rws
1x24,1.386,7vl9,4rws
1x25,1.101,7vl9,4rws
1x26,1.648,7vl9,4rws
1x27,1.225,7vl9,4rws
1x28,1.122,7vl9,4rws
1x29,0.754,7vl9,4rws
1x30,1.044,7vl9,4rws
1x31,1.422,7vl9,4rws
1x32,1.56,7vl9,4rws
1x33,1.14,7vl9,4rws
1x34,1.115,7vl9,4rws
1x35,1.171,7vl9,4rws
1x36,1.526,7vl9,4rws
1x37,0.714,7vl9,4rws
1x38,0.398,7vl9,4rws
1x39,1.119,7vl9,4rws
1x40,0.682,7vl9,4rws
1x41,0.762,7vl9,4rws
1x42,0.997,7vl9,4rws
1x43,1.567,7vl9,4rws
1x44,1.438,7vl9,4rws
1x45,0.805,7vl9,4rws
1x46,1.512,7vl9,4rws
1x47,1.816,7vl9,4rws
1x48,2.246,7vl9,4rws
1x49,2.292,7vl9,4rws
1x50,1.503,7vl9,4rws
1x51,1.547,7vl9,4rws
1x52,1.803,7vl9,4rws
1x53,1.635,7vl9,4rws
1x54,1.132,7vl9,4rws
1x55,1.388,7vl9,4rws
1x56,1.694,7vl9,4rws
1x57,1.719,7vl9,4rws
1x58,1.637,7vl9,4rws
1x59,1.392,7vl9,4rws
1x60,3.897,7vl9,4rws
2x37,7.66,7vl9,4rws
2x38,6.207,7vl9,4rws
2x39,4.059,7vl9,4rws
2x40,4.495,7vl9,4rws
2x41,3.995,7vl9,4rws
2x42,2.709,7vl9,4rws
2x43,2.463,7vl9,4rws
2x44,2.029,7vl9,4rws
2x45,1.791,7vl9,4rws
2x46,1.405,7vl9,4rws
2x47,1.554,7vl9,4rws
2x48,1.688,7vl9,4rws
2x49,1.15,7vl9,4rws
2x50,0.692,7vl9,4rws
2x51,1.241,7vl9,4rws
2x52,1.901,7vl9,4rws
2x53,1.881,7vl9,4rws
2x54,1.634,7vl9,4rws
2x55,2.294,7vl9,4rws
2x56,1.574,7vl9,4rws
2x57,0.799,7vl9,4rws
2x58,0.424,7vl9,4rws
2x59,0.722,7vl9,4rws
2x60,1.594,7vl9,4rws
2x61,1.206,7vl9,4rws
2x62,2.036,7vl9,4rws
2x63,2.363,7vl9,4rws
2x64,2.859,7vl9,4rws
2x65,3.577,7vl9,4rws
2x66,2.497,7vl9,4rws
23x49,1.575,7vl9,4rws
23x50,1.248,7vl9,4rws
23x51,1.248,7vl9,4rws
23x52,1.07,7vl9,4rws
3x21,0.603,7vl9,4rws
3x22,1.069,7vl9,4rws
3x23,1.463,7vl9,4rws
3x24,1.175,7vl9,4rws
3x25,0.649,7vl9,4rws
3x26,1.089,7vl9,4rws
3x27,1.04,7vl9,4rws
3x28,0.759,7vl9,4rws
3x29,0.93,7vl9,4rws
3x30,1.153,7vl9,4rws
3x31,1.097,7vl9,4rws
3x32,0.885,7vl9,4rws
3x33,1.461,7vl9,4rws
3x34,1.366,7vl9,4rws
3x35,1.097,7vl9,4rws
3x36,1.045,7vl9,4rws
3x37,1.079,7vl9,4rws
3x38,1.006,7vl9,4rws
3x39,0.984,7vl9,4rws
3x40,0.85,7vl9,4rws
3x41,1.259,7vl9,4rws
3x42,1.302,7vl9,4rws
3x43,1.369,7vl9,4rws
3x44,1.116,7vl9,4rws
3x45,1.468,7vl9,4rws
3x46,1.833,7vl9,4rws
3x47,1.726,7vl9,4rws
3x48,1.211,7vl9,4rws
3x49,1.908,7vl9,4rws
3x50,2.33,7vl9,4rws
3x51,1.821,7vl9,4rws
3x52,1.836,7vl9,4rws
3x53,2.678,7vl9,4rws
3x54,2.853,7vl9,4rws
3x55,2.239,7vl9,4rws
3x56,2.005,7vl9,4rws
34x50,2.516,7vl9,4rws
34x51,3.476,7vl9,4rws
34x52,3.506,7vl9,4rws
34x53,1.927,7vl9,4rws
34x54,2.083,7vl9,4rws
34x55,2.11,7vl9,4rws
34x56,2.202,7vl9,4rws
34x57,2.807,7vl9,4rws
4x38,2.866,7vl9,4rws
4x39,5.834,7vl9,4rws
4x40,8.182,7vl9,4rws
4x41,6.206,7vl9,4rws
4x42,2.111,7vl9,4rws
4x43,3.183,7vl9,4rws
4x44,4.414,7vl9,4rws
4x45,3.029,7vl9,4rws
4x46,1.491,7vl9,4rws
4x47,4.048,7vl9,4rws
4x48,3.875,7vl9,4rws
4x49,1.523,7vl9,4rws
4x50,1.145,7vl9,4rws
4x51,1.89,7vl9,4rws
4x52,0.864,7vl9,4rws
4x53,0.919,7vl9,4rws
4x54,1.818,7vl9,4rws
4x55,2.164,7vl9,4rws
4x56,2.223,7vl9,4rws
4x57,2.833,7vl9,4rws
4x59,2.745,7vl9,4rws
4x60,2.505,7vl9,4rws
4x61,3.064,7vl9,4rws
4x62,3.075,7vl9,4rws
4x63,1.855,7vl9,4rws
4x64,1.374,7vl9,4rws
4x65,1.774,7vl9,4rws
ECL2.Cm10,2.131,7vl9,4rws
ECL2.Cm9,1.53,7vl9,4rws
ECL2.Cm8,2.42,7vl9,4rws
ECL2.Cm7,3.134,7vl9,4rws
ECL2.Cm6,3.73,7vl9,4rws
ECL2.Cm5,4.715,7vl9,4rws
ECL2.Cm4,5.158,7vl9,4rws
ECL2.Cm3,2.996,7vl9,4rws
ECL2.Cm2,2.38,7vl9,4rws
ECL2.Cm1,2.298,7vl9,4rws
45x50,2.021,7vl9,4rws
45x51,2.276,7vl9,4rws
45x52,2.367,7vl9,4rws
ECL2.Cp3,2.63,7vl9,4rws
ECL2.Cp4,2.576,7vl9,4rws
ECL2.Cp5,2.355,7vl9,4rws
ECL2.Cp6,3.422,7vl9,4rws
5x33,4.248,7vl9,4rws
5x34,3.452,7vl9,4rws
5x35,3.451,7vl9,4rws
5x36,3.519,7vl9,4rws
5x37,3.124,7vl9,4rws
5x38,2.895,7vl9,4rws
5x39,3.142,7vl9,4rws
5x40,3.185,7vl9,4rws
5x41,2.355,7vl9,4rws
5x42,2.941,7vl9,4rws
5x43,3.091,7vl9,4rws
5x44,2.275,7vl9,4rws
5x45,2.112,7vl9,4rws
5x46,2.471,7vl9,4rws
5x461,2.613,7vl9,4rws
5x47,2.47,7vl9,4rws
5x48,2.175,7vl9,4rws
5x49,2.481,7vl9,4rws
5x50,2.761,7vl9,4rws
5x51,2.775,7vl9,4rws
5x52,2.151,7vl9,4rws
5x53,1.848,7vl9,4rws
5x54,1.881,7vl9,4rws
5x55,2.359,7vl9,4rws
5x56,2.024,7vl9,4rws
5x57,1.628,7vl9,4rws
5x58,2.368,7vl9,4rws
5x59,3.336,7vl9,4rws
5x60,3.602,7vl9,4rws
5x61,3.317,7vl9,4rws
5x62,3.864,7vl9,4rws
5x63,4.779,7vl9,4rws
5x64,4.911,7vl9,4rws
5x65,5.26,7vl9,4rws
5x66,6.104,7vl9,4rws
5x67,7.446,7vl9,4rws
ICL3,14.173,7vl9,4rws
6x30,11.405,7vl9,4rws
6x31,11.856,7vl9,4rws
6x32,10.907,7vl9,4rws
6x33,4.889,7vl9,4rws
6x34,5.225,7vl9,4rws
6x35,4.821,7vl9,4rws
6x36,4.402,7vl9,4rws
6x37,4.928,7vl9,4rws
6x38,4.431,7vl9,4rws
6x39,3.009,7vl9,4rws
6x40,3.723,7vl9,4rws
6x41,4.443,7vl9,4rws
6x42,3.063,7vl9,4rws
6x43,1.937,7vl9,4rws
6x44,3.123,7vl9,4rws
6x45,3.325,7vl9,4rws
6x46,2.597,7vl9,4rws
6x47,2.505,7vl9,4rws
6x48,2.541,7vl9,4rws
6x49,3.033,7vl9,4rws
6x50,3.266,7vl9,4rws
6x51,2.556,7vl9,4rws
6x52,2.736,7vl9,4rws
6x53,3.463,7vl9,4rws
6x54,2.518,7vl9,4rws
6x55,2.496,7vl9,4rws
6x56,3.512,7vl9,4rws
6x57,3.308,7vl9,4rws
6x58,2.858,7vl9,4rws
6x59,3.609,7vl9,4rws
6x60,4.076,7vl9,4rws
6x61,2.04,7vl9,4rws
6x62,2.837,7vl9,4rws
6x63,3.504,7vl9,4rws
6x64,4.644,7vl9,4rws
ECL3.Cm3,1.714,7vl9,4rws
ECL3.Cm2,2.026,7vl9,4rws
7x23,3.882,7vl9,4rws
7x24,2.749,7vl9,4rws
7x25,2.125,7vl9,4rws
7x26,0.589,7vl9,4rws
7x27,1.044,7vl9,4rws
7x28,0.291,7vl9,4rws
7x29,0.559,7vl9,4rws
7x30,0.682,7vl9,4rws
7x31,0.577,7vl9,4rws
7x32,1.056,7vl9,4rws
7x33,1.201,7vl9,4rws
7x34,0.869,7vl9,4rws
7x35,1.714,7vl9,4rws
7x36,2.47,7vl9,4rws
7x37,2.063,7vl9,4rws
7x38,1.479,7vl9,4rws
7x39,2.755,7vl9,4rws
7x40,3.201,7vl9,4rws
7x41,2.017,7vl9,4rws
7x42,1.163,7vl9,4rws
7x43,1.037,7vl9,4rws
7x45,1.748,7vl9,4rws
7x46,2.104,7vl9,4rws
7x47,1.455,7vl9,4rws
7x48,1.019,7vl9,4rws
7x49,2.915,7vl9,4rws
7x50,3.765,7vl9,4rws
7x51,3.991,7vl9,4rws
7x52,4.068,7vl9,4rws
7x53,8.145,7vl9,4rws
7x54,9.997,7vl9,4rws
NTr.Cm7,13.079,7vl9,4xt1
NTr.Cm6,10.848,7vl9,4xt1
NTr.Cm5,7.626,7vl9,4xt1
NTr.Cm4,6.362,7vl9,4xt1
NTr.Cm3,2.78,7vl9,4xt1
NTr.Cm2,3.565,7vl9,4xt1
NTr.Cm1,2.46,7vl9,4xt1
1x22,1.588,7vl9,4xt1
1x23,1.973,7vl9,4xt1
1x24,0.451,7vl9,4xt1
1x25,0.845,7vl9,4xt1
1x26,1.036,7vl9,4xt1
1x27,0.685,7vl9,4xt1
1x28,1.04,7vl9,4xt1
1x29,1.261,7vl9,4xt1
1x30,1.068,7vl9,4xt1
1x31,0.806,7vl9,4xt1
1x32,1.491,7vl9,4xt1
1x33,2.519,7vl9,4xt1
1x34,1.015,7vl9,4xt1
1x35,0.745,7vl9,4xt1
1x36,0.575,7vl9,4xt1
1x37,0.967,7vl9,4xt1
1x38,1.512,7vl9,4xt1
1x39,1.295,7vl9,4xt1
1x40,1.134,7vl9,4xt1
1x41,0.566,7vl9,4xt1
1x42,1.283,7vl9,4xt1
1x43,1.351,7vl9,4xt1
1x44,0.774,7vl9,4xt1
1x45,0.699,7vl9,4xt1
1x46,0.558,7vl9,4xt1
1x47,0.637,7vl9,4xt1
1x48,0.879,7vl9,4xt1
1x49,0.434,7vl9,4xt1
1x50,0.436,7vl9,4xt1
1x51,0.884,7vl9,4xt1
1x52,0.889,7vl9,4xt1
1x53,0.881,7vl9,4xt1
1x54,1.077,7vl9,4xt1
1x55,0.945,7vl9,4xt1
1x56,1.03,7vl9,4xt1
1x57,1.747,7vl9,4xt1
1x58,1.65,7vl9,4xt1
1x59,1.671,7vl9,4xt1
1x60,3.619,7vl9,4xt1
12x48,4.905,7vl9,4xt1
12x49,3.481,7vl9,4xt1
12x50,4.481,7vl9,4xt1
12x51,2.288,7vl9,4xt1
2x37,1.81,7vl9,4xt1
2x38,0.665,7vl9,4xt1
2x39,0.579,7vl9,4xt1
2x40,0.651,7vl9,4xt1
2x41,0.536,7vl9,4xt1
2x42,0.454,7vl9,4xt1
2x43,0.444,7vl9,4xt1
2x44,0.575,7vl9,4xt1
2x45,0.436,7vl9,4xt1
2x46,0.381,7vl9,4xt1
2x47,0.631,7vl9,4xt1
2x48,0.831,7vl9,4xt1
2x49,0.658,7vl9,4xt1
2x50,0.429,7vl9,4xt1
2x51,0.844,7vl9,4xt1
2x52,1.212,7vl9,4xt1
2x53,0.893,7vl9,4xt1
2x54,0.837,7vl9,4xt1
2x55,1.682,7vl9,4xt1
2x56,1.331,7vl9,4xt1
2x57,0.81,7vl9,4xt1
2x58,1.066,7vl9,4xt1
2x59,1.743,7vl9,4xt1
2x60,1.672,7vl9,4xt1
2x61,1.735,7vl9,4xt1
2x62,2.054,7vl9,4xt1
2x63,2.369,7vl9,4xt1
2x64,2.476,7vl9,4xt1
2x65,2.724,7vl9,4xt1
2x66,2.61,7vl9,4xt1
3x22,8.608,7vl9,4xt1
3x23,7.604,7vl9,4xt1
3x24,0.875,7vl9,4xt1
3x25,0.868,7vl9,4xt1
3x26,0.909,7vl9,4xt1
3x27,0.808,7vl9,4xt1
3x28,1.082,7vl9,4xt1
3x29,1.211,7vl9,4xt1
3x30,0.911,7vl9,4xt1
3x31,0.751,7vl9,4xt1
3x32,1.174,7vl9,4xt1
3x33,1.129,7vl9,4xt1
3x34,0.851,7vl9,4xt1
3x35,1.139,7vl9,4xt1
3x36,1.403,7vl9,4xt1
3x37,0.976,7vl9,4xt1
3x38,0.589,7vl9,4xt1
3x39,0.685,7vl9,4xt1
3x40,0.792,7vl9,4xt1
3x41,0.891,7vl9,4xt1
3x42,0.211,7vl9,4xt1
3x43,0.571,7vl9,4xt1
3x44,0.98,7vl9,4xt1
3x45,0.924,7vl9,4xt1
3x46,0.848,7vl9,4xt1
3x47,0.92,7vl9,4xt1
3x48,1.426,7vl9,4xt1
3x49,1.786,7vl9,4xt1
3x50,1.829,7vl9,4xt1
3x51,2.03,7vl9,4xt1
3x52,2.85,7vl9,4xt1
3x53,3.048,7vl9,4xt1
3x54,2.74,7vl9,4xt1
3x55,2.694,7vl9,4xt1
4x38,0.212,7vl9,4xt1
4x39,0.852,7vl9,4xt1
4x40,1.188,7vl9,4xt1
4x41,0.927,7vl9,4xt1
4x42,0.189,7vl9,4xt1
4x43,0.902,7vl9,4xt1
4x44,1.088,7vl9,4xt1
4x45,0.728,7vl9,4xt1
4x46,0.629,7vl9,4xt1
4x47,0.681,7vl9,4xt1
4x48,0.715,7vl9,4xt1
4x49,0.607,7vl9,4xt1
4x50,0.737,7vl9,4xt1
4x51,0.611,7vl9,4xt1
4x52,0.251,7vl9,4xt1
4x53,0.31,7vl9,4xt1
4x54,0.801,7vl9,4xt1
4x55,0.565,7vl9,4xt1
4x56,0.642,7vl9,4xt1
4x57,1.264,7vl9,4xt1
4x59,1.17,7vl9,4xt1
4x60,1.563,7vl9,4xt1
4x61,2.381,7vl9,4xt1
4x62,3.091,7vl9,4xt1
4x63,1.682,7vl9,4xt1
ECL2.Cm8,12.56,7vl9,4xt1
ECL2.Cm7,13.705,7vl9,4xt1
ECL2.Cm6,13.564,7vl9,4xt1
ECL2.Cm5,14.443,7vl9,4xt1
ECL2.Cm4,12.485,7vl9,4xt1
ECL2.Cm3,7.426,7vl9,4xt1
ECL2.Cm2,4.124,7vl9,4xt1
ECL2.Cm1,2.43,7vl9,4xt1
45x50,1.091,7vl9,4xt1
45x51,2.561,7vl9,4xt1
45x52,2.808,7vl9,4xt1
ECL2.Cp3,2.702,7vl9,4xt1
ECL2.Cp4,4.138,7vl9,4xt1
ECL2.Cp5,5.456,7vl9,4xt1
ECL2.Cp6,3.914,7vl9,4xt1
ECL2.Cp7,5.681,7vl9,4xt1
5x34,1.786,7vl9,4xt1
5x35,1.651,7vl9,4xt1
5x36,2.103,7vl9,4xt1
5x37,2.652,7vl9,4xt1
5x38,2.298,7vl9,4xt1
5x39,1.814,7vl9,4xt1
5x40,2.083,7vl9,4xt1
5x41,2.539,7vl9,4xt1
5x42,2.259,7vl9,4xt1
5x43,2.121,7vl9,4xt1
5x44,2.328,7vl9,4xt1
5x45,2.315,7vl9,4xt1
5x46,2.382,7vl9,4xt1
5x461,1.992,7vl9,4xt1
5x47,1.902,7vl9,4xt1
5x48,2.212,7vl9,4xt1
5x49,1.868,7vl9,4xt1
5x50,1.66,7vl9,4xt1
5x51,2.027,7vl9,4xt1
5x52,2.079,7vl9,4xt1
5x53,1.614,7vl9,4xt1
5x54,1.528,7vl9,4xt1
5x55,2.187,7vl9,4xt1
5x56,2.056,7vl9,4xt1
5x57,1.563,7vl9,4xt1
5x58,1.303,7vl9,4xt1
5x59,1.91,7vl9,4xt1
5x60,2.266,7vl9,4xt1
5x61,1.585,7vl9,4xt1
5x62,1.175,7vl9,4xt1
5x63,1.774,7vl9,4xt1
5x64,2.248,7vl9,4xt1
5x65,1.954,7vl9,4xt1
5x66,1.298,7vl9,4xt1
5x67,1.804,7vl9,4xt1
ICL3,3.193,7vl9,4xt1
6x29,2.957,7vl9,4xt1
6x30,2.084,7vl9,4xt1
6x31,1.491,7vl9,4xt1
6x32,2.076,7vl9,4xt1
6x33,2.1,7vl9,4xt1
6x34,1.583,7vl9,4xt1
6x35,1.663,7vl9,4xt1
6x36,1.815,7vl9,4xt1
6x37,1.592,7vl9,4xt1
6x38,1.326,7vl9,4xt1
6x39,1.355,7vl9,4xt1
6x40,1.302,7vl9,4xt1
6x41,1.036,7vl9,4xt1
6x42,0.771,7vl9,4xt1
6x43,0.77,7vl9,4xt1
6x44,0.939,7vl9,4xt1
6x45,1.76,7vl9,4xt1
6x46,2.023,7vl9,4xt1
6x47,1.555,7vl9,4xt1
6x48,1.644,7vl9,4xt1
6x49,1.86,7vl9,4xt1
6x50,2.088,7vl9,4xt1
6x51,1.754,7vl9,4xt1
6x52,1.716,7vl9,4xt1
6x53,1.918,7vl9,4xt1
6x54,1.626,7vl9,4xt1
6x55,1.735,7vl9,4xt1
6x56,2.403,7vl9,4xt1
6x57,1.913,7vl9,4xt1
6x58,1.673,7vl9,4xt1
6x59,2.323,7vl9,4xt1
6x60,3.031,7vl9,4xt1
6x61,1.451,7vl9,4xt1
6x62,4.678,7vl9,4xt1
6x63,5.606,7vl9,4xt1
6x64,5.747,7vl9,4xt1
ECL3.Cm3,3.096,7vl9,4xt1
ECL3.Cm2,4.147,7vl9,4xt1
7x23,2.484,7vl9,4xt1
7x24,2.555,7vl9,4xt1
7x25,1.368,7vl9,4xt1
7x26,0.773,7vl9,4xt1
7x27,0.691,7vl9,4xt1
7x28,0.683,7vl9,4xt1
7x29,0.615,7vl9,4xt1
7x30,0.227,7vl9,4xt1
7x31,0.971,7vl9,4xt1
7x32,0.637,7vl9,4xt1
7x33,0.616,7vl9,4xt1
7x34,0.729,7vl9,4xt1
7x35,1.061,7vl9,4xt1
7x36,1.243,7vl9,4xt1
7x37,0.98,7vl9,4xt1
7x38,0.669,7vl9,4xt1
7x39,1.381,7vl9,4xt1
7x40,1.603,7vl9,4xt1
7x41,1.056,7vl9,4xt1
7x42,0.751,7vl9,4xt1
7x43,0.567,7vl9,4xt1
7x45,0.515,7vl9,4xt1
7x46,0.804,7vl9,4xt1
7x47,0.571,7vl9,4xt1
7x48,0.842,7vl9,4xt1
7x49,0.952,7vl9,4xt1
7x50,1.067,7vl9,4xt1
7x51,0.933,7vl9,4xt1
7x52,0.637,7vl9,4xt1
7x53,0.711,7vl9,4xt1
7x54,0.996,7vl9,4xt1
7x55,1.041,7vl9,4xt1
7x56,0.885,7vl9,4xt1
8x47,0.598,7vl9,4xt1
8x48,0.777,7vl9,4xt1
8x49,1.071,7vl9,4xt1
8x50,0.848,7vl9,4xt1
8x51,0.99,7vl9,4xt1
8x52,1.593,7vl9,4xt1
8x53,1.515,7vl9,4xt1
8x54,0.978,7vl9,4xt1
8x55,1.466,7vl9,4xt1
8x56,1.8,7vl9,4xt1
8x57,1.337,7vl9,4xt1
8x58,1.239,7vl9,4xt1
8x59,2.004,7vl9,4xt1
8x60,1.809,7vl9,4xt1
NTr.Cm6,10.834,7vl9,5wb2
NTr.Cm5,9.976,7vl9,5wb2
NTr.Cm4,7.349,7vl9,5wb2
NTr.Cm3,6.772,7vl9,5wb2
NTr.Cm2,4.641,7vl9,5wb2
NTr.Cm1,2.841,7vl9,5wb2
1x22,2.057,7vl9,5wb2
1x23,2.153,7vl9,5wb2
1x24,0.752,7vl9,5wb2
1x25,0.454,7vl9,5wb2
1x26,1.085,7vl9,5wb2
1x27,1.272,7vl9,5wb2
1x28,0.981,7vl9,5wb2
1x29,0.881,7vl9,5wb2
1x30,1.399,7vl9,5wb2
1x31,1.287,7vl9,5wb2
1x32,1.245,7vl9,5wb2
1x33,2.64,7vl9,5wb2
1x34,1.27,7vl9,5wb2
1x35,0.8,7vl9,5wb2
1x36,0.673,7vl9,5wb2
1x37,0.836,7vl9,5wb2
1x38,1.384,7vl9,5wb2
1x39,1.311,7vl9,5wb2
1x40,1.153,7vl9,5wb2
1x41,0.52,7vl9,5wb2
1x42,1.306,7vl9,5wb2
1x43,1.416,7vl9,5wb2
1x44,0.842,7vl9,5wb2
1x45,0.72,7vl9,5wb2
1x46,0.657,7vl9,5wb2
1x47,0.728,7vl9,5wb2
1x48,0.868,7vl9,5wb2
1x49,0.317,7vl9,5wb2
1x50,0.37,7vl9,5wb2
1x51,0.883,7vl9,5wb2
1x52,0.895,7vl9,5wb2
1x53,0.847,7vl9,5wb2
1x54,1.069,7vl9,5wb2
1x55,0.994,7vl9,5wb2
1x56,1.078,7vl9,5wb2
1x57,1.751,7vl9,5wb2
1x58,1.839,7vl9,5wb2
1x59,1.722,7vl9,5wb2
1x60,3.948,7vl9,5wb2
12x48,4.1,7vl9,5wb2
12x49,2.368,7vl9,5wb2
12x50,3.86,7vl9,5wb2
12x51,2.866,7vl9,5wb2
2x37,2.309,7vl9,5wb2
2x38,1.129,7vl9,5wb2
2x39,0.684,7vl9,5wb2
2x40,0.854,7vl9,5wb2
2x41,0.781,7vl9,5wb2
2x42,0.503,7vl9,5wb2
2x43,0.525,7vl9,5wb2
2x44,0.685,7vl9,5wb2
2x45,0.536,7vl9,5wb2
2x46,0.326,7vl9,5wb2
2x47,0.462,7vl9,5wb2
2x48,0.712,7vl9,5wb2
2x49,0.714,7vl9,5wb2
2x50,0.554,7vl9,5wb2
2x51,0.844,7vl9,5wb2
2x52,1.292,7vl9,5wb2
2x53,1.325,7vl9,5wb2
2x54,1.115,7vl9,5wb2
2x55,2.001,7vl9,5wb2
2x56,1.979,7vl9,5wb2
2x57,1.515,7vl9,5wb2
2x58,1.644,7vl9,5wb2
2x59,2.163,7vl9,5wb2
2x60,2.102,7vl9,5wb2
2x61,2.104,7vl9,5wb2
2x62,2.157,7vl9,5wb2
2x63,2.218,7vl9,5wb2
2x64,2.306,7vl9,5wb2
2x65,2.68,7vl9,5wb2
2x66,2.63,7vl9,5wb2
3x21,1.826,7vl9,5wb2
3x22,1.506,7vl9,5wb2
3x23,1.613,7vl9,5wb2
3x24,0.655,7vl9,5wb2
3x25,1.003,7vl9,5wb2
3x26,1.084,7vl9,5wb2
3x27,0.937,7vl9,5wb2
3x28,1.44,7vl9,5wb2
3x29,1.374,7vl9,5wb2
3x30,1.062,7vl9,5wb2
3x31,0.908,7vl9,5wb2
3x32,0.835,7vl9,5wb2
3x33,0.957,7vl9,5wb2
3x34,1.3,7vl9,5wb2
3x35,1.375,7vl9,5wb2
3x36,1.366,7vl9,5wb2
3x37,0.919,7vl9,5wb2
3x38,0.771,7vl9,5wb2
3x39,0.701,7vl9,5wb2
3x40,0.845,7vl9,5wb2
3x41,0.972,7vl9,5wb2
3x42,0.359,7vl9,5wb2
3x43,0.667,7vl9,5wb2
3x44,0.831,7vl9,5wb2
3x45,0.645,7vl9,5wb2
3x46,0.791,7vl9,5wb2
3x47,1.016,7vl9,5wb2
3x48,1.393,7vl9,5wb2
3x49,1.6,7vl9,5wb2
3x50,1.746,7vl9,5wb2
3x51,2.025,7vl9,5wb2
3x52,2.695,7vl9,5wb2
3x53,2.89,7vl9,5wb2
3x54,2.797,7vl9,5wb2
3x55,2.895,7vl9,5wb2
4x38,0.883,7vl9,5wb2
4x39,1.595,7vl9,5wb2
4x40,2.044,7vl9,5wb2
4x41,1.45,7vl9,5wb2
4x42,0.595,7vl9,5wb2
4x43,1.474,7vl9,5wb2
4x44,1.619,7vl9,5wb2
4x45,1.126,7vl9,5wb2
4x46,0.895,7vl9,5wb2
4x47,1.062,7vl9,5wb2
4x48,1.08,7vl9,5wb2
4x49,0.843,7vl9,5wb2
4x50,0.762,7vl9,5wb2
4x51,1.038,7vl9,5wb2
4x52,1.102,7vl9,5wb2
4x53,0.582,7vl9,5wb2
4x54,0.239,7vl9,5wb2
4x55,1.056,7vl9,5wb2
4x56,1.424,7vl9,5wb2
4x57,0.996,7vl9,5wb2
4x59,0.331,7vl9,5wb2
4x60,1.284,7vl9,5wb2
4x61,2.591,7vl9,5wb2
4x62,3.125,7vl9,5wb2
4x63,1.949,7vl9,5wb2
ECL2.Cm8,12.832,7vl9,5wb2
ECL2.Cm7,13.911,7vl9,5wb2
ECL2.Cm6,12.75,7vl9,5wb2
ECL2.Cm5,12.879,7vl9,5wb2
ECL2.Cm4,12.394,7vl9,5wb2
ECL2.Cm3,7.38,7vl9,5wb2
ECL2.Cm2,2.047,7vl9,5wb2
ECL2.Cm1,0.493,7vl9,5wb2
45x50,0.618,7vl9,5wb2
45x51,1.088,7vl9,5wb2
45x52,1.299,7vl9,5wb2
ECL2.Cp3,1.209,7vl9,5wb2
ECL2.Cp4,3.384,7vl9,5wb2
ECL2.Cp5,4.671,7vl9,5wb2
ECL2.Cp6,4.975,7vl9,5wb2
ECL2.Cp7,6.21,7vl9,5wb2
5x34,2.351,7vl9,5wb2
5x35,1.768,7vl9,5wb2
5x36,2.059,7vl9,5wb2
5x37,3.007,7vl9,5wb2
5x38,2.877,7vl9,5wb2
5x39,2.175,7vl9,5wb2
5x40,2.178,7vl9,5wb2
5x41,2.946,7vl9,5wb2
5x42,2.973,7vl9,5wb2
5x43,2.436,7vl9,5wb2
5x44,2.319,7vl9,5wb2
5x45,2.384,7vl9,5wb2
5x46,2.574,7vl9,5wb2
5x461,2.068,7vl9,5wb2
5x47,1.859,7vl9,5wb2
5x48,2.047,7vl9,5wb2
5x49,1.942,7vl9,5wb2
5x50,2.014,7vl9,5wb2
5x51,2.16,7vl9,5wb2
5x52,1.974,7vl9,5wb2
5x53,1.673,7vl9,5wb2
5x54,1.871,7vl9,5wb2
5x55,2.408,7vl9,5wb2
5x56,2.132,7vl9,5wb2
5x57,1.743,7vl9,5wb2
5x58,1.584,7vl9,5wb2
5x59,2.213,7vl9,5wb2
5x60,2.615,7vl9,5wb2
5x61,1.834,7vl9,5wb2
5x62,1.512,7vl9,5wb2
5x63,2.293,7vl9,5wb2
5x64,2.653,7vl9,5wb2
5x65,2.115,7vl9,5wb2
5x66,1.626,7vl9,5wb2
5x67,2.275,7vl9,5wb2
6x29,2.627,7vl9,5wb2
6x30,2.089,7vl9,5wb2
6x31,1.112,7vl9,5wb2
6x32,1.952,7vl9,5wb2
6x33,2.044,7vl9,5wb2
6x34,1.607,7vl9,5wb2
6x35,1.62,7vl9,5wb2
6x36,1.826,7vl9,5wb2
6x37,1.648,7vl9,5wb2
6x38,1.518,7vl9,5wb2
6x39,1.623,7vl9,5wb2
6x40,1.615,7vl9,5wb2
6x41,1.409,7vl9,5wb2
6x42,1.132,7vl9,5wb2
6x43,1.14,7vl9,5wb2
6x44,1.122,7vl9,5wb2
6x45,1.69,7vl9,5wb2
6x46,1.955,7vl9,5wb2
6x47,1.558,7vl9,5wb2
6x48,1.586,7vl9,5wb2
6x49,1.728,7vl9,5wb2
6x50,2.059,7vl9,5wb2
6x51,1.619,7vl9,5wb2
6x52,1.596,7vl9,5wb2
6x53,1.893,7vl9,5wb2
6x54,1.55,7vl9,5wb2
6x55,1.747,7vl9,5wb2
6x56,2.47,7vl9,5wb2
6x57,2.244,7vl9,5wb2
6x58,1.959,7vl9,5wb2
6x59,2.538,7vl9,5wb2
6x60,3.381,7vl9,5wb2
6x61,1.477,7vl9,5wb2
6x62,3.665,7vl9,5wb2
6x63,4.485,7vl9,5wb2
6x64,4.713,7vl9,5wb2
ECL3.Cm3,2.52,7vl9,5wb2
ECL3.Cm2,3.891,7vl9,5wb2
7x23,3.452,7vl9,5wb2
7x24,3.017,7vl9,5wb2
7x25,2.346,7vl9,5wb2
7x26,0.658,7vl9,5wb2
7x27,0.859,7vl9,5wb2
7x28,1.324,7vl9,5wb2
7x29,0.906,7vl9,5wb2
7x30,0.7,7vl9,5wb2
7x31,1.261,7vl9,5wb2
7x32,0.918,7vl9,5wb2
7x33,0.824,7vl9,5wb2
7x34,1.124,7vl9,5wb2
7x35,1.37,7vl9,5wb2
7x36,1.36,7vl9,5wb2
7x37,1.243,7vl9,5wb2
7x38,1.274,7vl9,5wb2
7x39,1.639,7vl9,5wb2
7x40,1.737,7vl9,5wb2
7x41,1.294,7vl9,5wb2
7x42,1.134,7vl9,5wb2
7x43,0.751,7vl9,5wb2
7x45,0.721,7vl9,5wb2
7x46,0.78,7vl9,5wb2
7x47,0.67,7vl9,5wb2
7x48,0.992,7vl9,5wb2
7x49,1.058,7vl9,5wb2
7x50,0.99,7vl9,5wb2
7x51,0.789,7vl9,5wb2
7x52,0.727,7vl9,5wb2
7x53,0.634,7vl9,5wb2
7x54,0.827,7vl9,5wb2
7x55,0.747,7vl9,5wb2
7x56,0.814,7vl9,5wb2
8x47,0.607,7vl9,5wb2
8x48,1.185,7vl9,5wb2
8x49,1.433,7vl9,5wb2
8x50,1.154,7vl9,5wb2
8x51,1.154,7vl9,5wb2
8x52,1.74,7vl9,5wb2
8x53,1.698,7vl9,5wb2
8x54,1.091,7vl9,5wb2
8x55,1.11,7vl9,5wb2
8x56,1.563,7vl9,5wb2
8x57,1.293,7vl9,5wb2
8x58,1.141,7vl9,5wb2
8x59,2.35,7vl9,5wb2
8x60,9.422,7vl9,5wb2
NTr.Cm3,6.661,7xa3,7f1t
NTr.Cm2,5.246,7xa3,7f1t
NTr.Cm1,4.734,7xa3,7f1t
1x22,4.196,7xa3,7f1t
1x23,3.749,7xa3,7f1t
1x24,3.24,7xa3,7f1t
1x25,1.305,7xa3,7f1t
1x26,2.506,7xa3,7f1t
1x27,2.413,7xa3,7f1t
1x28,1.413,7xa3,7f1t
1x29,1.198,7xa3,7f1t
1x30,1.519,7xa3,7f1t
1x31,1.257,7xa3,7f1t
1x32,0.774,7xa3,7f1t
1x33,0.793,7xa3,7f1t
1x34,0.816,7xa3,7f1t
1x35,1.397,7xa3,7f1t
1x36,0.951,7xa3,7f1t
1x37,0.982,7xa3,7f1t
1x38,1.313,7xa3,7f1t
1x39,1.232,7xa3,7f1t
1x40,1.261,7xa3,7f1t
1x41,1.341,7xa3,7f1t
1x42,1.591,7xa3,7f1t
1x43,0.988,7xa3,7f1t
1x44,1.274,7xa3,7f1t
1x45,1.469,7xa3,7f1t
1x46,1.001,7xa3,7f1t
1x47,0.779,7xa3,7f1t
1x48,1.243,7xa3,7f1t
1x49,0.639,7xa3,7f1t
1x50,0.302,7xa3,7f1t
1x51,0.876,7xa3,7f1t
1x52,0.575,7xa3,7f1t
1x53,0.761,7xa3,7f1t
1x54,1.259,7xa3,7f1t
1x55,1.391,7xa3,7f1t
1x56,1.263,7xa3,7f1t
1x57,2.036,7xa3,7f1t
1x58,2.528,7xa3,7f1t
1x59,1.583,7xa3,7f1t
1x60,3.312,7xa3,7f1t
12x48,5.519,7xa3,7f1t
12x49,3.567,7xa3,7f1t
12x50,3.912,7xa3,7f1t
12x51,2.002,7xa3,7f1t
2x37,2.039,7xa3,7f1t
2x38,1.73,7xa3,7f1t
2x39,1.357,7xa3,7f1t
2x40,1.346,7xa3,7f1t
2x41,1.051,7xa3,7f1t
2x42,1.018,7xa3,7f1t
2x43,0.903,7xa3,7f1t
2x44,0.934,7xa3,7f1t
2x45,0.853,7xa3,7f1t
2x46,0.879,7xa3,7f1t
2x47,0.815,7xa3,7f1t
2x48,0.82,7xa3,7f1t
2x49,0.852,7xa3,7f1t
2x50,0.71,7xa3,7f1t
2x51,0.446,7xa3,7f1t
2x52,0.621,7xa3,7f1t
2x53,0.613,7xa3,7f1t
2x54,0.381,7xa3,7f1t
2x55,0.688,7xa3,7f1t
2x56,1.268,7xa3,7f1t
2x57,0.816,7xa3,7f1t
2x58,0.934,7xa3,7f1t
2x59,1.335,7xa3,7f1t
2x60,1.227,7xa3,7f1t
2x61,0.979,7xa3,7f1t
2x62,1.048,7xa3,7f1t
2x63,1.052,7xa3,7f1t
2x64,1.052,7xa3,7f1t
2x65,2.293,7xa3,7f1t
2x66,3.058,7xa3,7f1t
23x49,2.553,7xa3,7f1t
23x50,2.294,7xa3,7f1t
23x51,1.952,7xa3,7f1t
23x52,4.665,7xa3,7f1t
3x21,1.805,7xa3,7f1t
3x22,1.081,7xa3,7f1t
3x23,0.717,7xa3,7f1t
3x24,1.273,7xa3,7f1t
3x25,1.089,7xa3,7f1t
3x26,0.948,7xa3,7f1t
3x27,1.124,7xa3,7f1t
3x28,0.881,7xa3,7f1t
3x29,0.793,7xa3,7f1t
3x30,0.838,7xa3,7f1t
3x31,0.955,7xa3,7f1t
3x32,0.66,7xa3,7f1t
3x33,0.893,7xa3,7f1t
3x34,1,7xa3,7f1t
3x35,0.841,7xa3,7f1t
3x36,0.734,7xa3,7f1t
3x37,1.022,7xa3,7f1t
3x38,1.37,7xa3,7f1t
3x39,0.504,7xa3,7f1t
3x40,0.733,7xa3,7f1t
3x41,0.956,7xa3,7f1t
3x42,1.051,7xa3,7f1t
3x43,0.964,7xa3,7f1t
3x44,1.171,7xa3,7f1t
3x45,1.178,7xa3,7f1t
3x46,1.02,7xa3,7f1t
3x47,1.139,7xa3,7f1t
3x48,1.361,7xa3,7f1t
3x49,1.183,7xa3,7f1t
3x50,1.006,7xa3,7f1t
3x51,1.274,7xa3,7f1t
3x52,1.645,7xa3,7f1t
3x53,1.508,7xa3,7f1t
3x54,1.742,7xa3,7f1t
3x55,1.554,7xa3,7f1t
3x56,2.884,7xa3,7f1t
34x50,3.06,7xa3,7f1t
34x51,5.443,7xa3,7f1t
34x52,3.777,7xa3,7f1t
34x53,2.281,7xa3,7f1t
34x54,2.706,7xa3,7f1t
34x55,4.209,7xa3,7f1t
34x56,4.237,7xa3,7f1t
34x57,2.929,7xa3,7f1t
4x38,2.339,7xa3,7f1t
4x39,2.108,7xa3,7f1t
4x40,1.859,7xa3,7f1t
4x41,1.614,7xa3,7f1t
4x42,1.591,7xa3,7f1t
4x43,1.469,7xa3,7f1t
4x44,1.187,7xa3,7f1t
4x45,1.09,7xa3,7f1t
4x46,1.069,7xa3,7f1t
4x47,0.938,7xa3,7f1t
4x48,0.922,7xa3,7f1t
4x49,0.869,7xa3,7f1t
4x50,0.93,7xa3,7f1t
4x51,0.862,7xa3,7f1t
4x52,0.84,7xa3,7f1t
4x53,0.83,7xa3,7f1t
4x54,1.185,7xa3,7f1t
4x55,1.508,7xa3,7f1t
4x56,1.113,7xa3,7f1t
4x57,0.889,7xa3,7f1t
4x59,0.933,7xa3,7f1t
4x60,0.703,7xa3,7f1t
4x61,0.438,7xa3,7f1t
4x62,0.427,7xa3,7f1t
4x63,0.5,7xa3,7f1t
4x64,0.734,7xa3,7f1t
4x65,0.674,7xa3,7f1t
ECL2.Cm10,0.652,7xa3,7f1t
ECL2.Cm9,0.767,7xa3,7f1t
ECL2.Cm8,0.339,7xa3,7f1t
ECL2.Cm7,0.645,7xa3,7f1t
ECL2.Cm6,0.682,7xa3,7f1t
ECL2.Cm5,1.443,7xa3,7f1t
ECL2.Cm4,1.105,7xa3,7f1t
ECL2.Cm3,0.484,7xa3,7f1t
ECL2.Cm2,0.461,7xa3,7f1t
ECL2.Cm1,0.526,7xa3,7f1t
45x50,0.997,7xa3,7f1t
45x51,1.022,7xa3,7f1t
45x52,0.792,7xa3,7f1t
ECL2.Cp3,0.637,7xa3,7f1t
ECL2.Cp4,2.194,7xa3,7f1t
5x32,3.243,7xa3,7f1t
5x33,3.389,7xa3,7f1t
5x34,1.791,7xa3,7f1t
5x35,1.014,7xa3,7f1t
5x36,1.581,7xa3,7f1t
5x37,1.795,7xa3,7f1t
5x38,1.104,7xa3,7f1t
5x39,0.7,7xa3,7f1t
5x40,0.513,7xa3,7f1t
5x41,1.187,7xa3,7f1t
5x42,1.22,7xa3,7f1t
5x43,1.243,7xa3,7f1t
5x44,0.928,7xa3,7f1t
5x45,0.979,7xa3,7f1t
5x46,1.115,7xa3,7f1t
5x461,0.95,7xa3,7f1t
5x47,0.972,7xa3,7f1t
5x48,1.006,7xa3,7f1t
5x49,0.978,7xa3,7f1t
5x50,1.315,7xa3,7f1t
5x51,1.356,7xa3,7f1t
5x52,1.053,7xa3,7f1t
5x53,1.402,7xa3,7f1t
5x54,1.69,7xa3,7f1t
5x55,1.662,7xa3,7f1t
5x56,1.541,7xa3,7f1t
5x57,1.579,7xa3,7f1t
5x58,1.774,7xa3,7f1t
5x59,1.654,7xa3,7f1t
5x60,1.545,7xa3,7f1t
5x61,1.586,7xa3,7f1t
5x62,1.911,7xa3,7f1t
5x63,1.966,7xa3,7f1t
5x64,2.284,7xa3,7f1t
5x65,2.466,7xa3,7f1t
5x66,2.461,7xa3,7f1t
5x67,4.739,7xa3,7f1t
ICL3,9.912,7xa3,7f1t
6x28,15.281,7xa3,7f1t
6x29,13.189,7xa3,7f1t
6x30,15.138,7xa3,7f1t
6x31,14.713,7xa3,7f1t
6x32,13.142,7xa3,7f1t
6x33,8.585,7xa3,7f1t
6x34,8.586,7xa3,7f1t
6x35,6.901,7xa3,7f1t
6x36,5.657,7xa3,7f1t
6x37,6.531,7xa3,7f1t
6x38,5.784,7xa3,7f1t
6x39,4.045,7xa3,7f1t
6x40,4.224,7xa3,7f1t
6x41,4.619,7xa3,7f1t
6x42,3.647,7xa3,7f1t
6x43,2.343,7xa3,7f1t
6x44,2.91,7xa3,7f1t
6x45,2.625,7xa3,7f1t
6x46,2.379,7xa3,7f1t
6x47,1.884,7xa3,7f1t
6x48,1.75,7xa3,7f1t
6x49,1.743,7xa3,7f1t
6x50,1.459,7xa3,7f1t
6x51,0.461,7xa3,7f1t
6x52,0.962,7xa3,7f1t
6x53,1.387,7xa3,7f1t
6x54,0.705,7xa3,7f1t
6x55,1.398,7xa3,7f1t
6x56,2.182,7xa3,7f1t
6x57,1.547,7xa3,7f1t
6x58,1.933,7xa3,7f1t
6x59,3.715,7xa3,7f1t
6x60,3.445,7xa3,7f1t
6x61,1.211,7xa3,7f1t
6x62,0.722,7xa3,7f1t
6x63,1.409,7xa3,7f1t
6x64,3.458,7xa3,7f1t
6x65,4.123,7xa3,7f1t
ECL3.Cm3,3.265,7xa3,7f1t
ECL3.Cm2,2.714,7xa3,7f1t
7x24,3.882,7xa3,7f1t
7x25,3.486,7xa3,7f1t
7x26,2.931,7xa3,7f1t
7x27,2.338,7xa3,7f1t
7x28,1.969,7xa3,7f1t
7x29,1.89,7xa3,7f1t
7x30,1.417,7xa3,7f1t
7x31,1.563,7xa3,7f1t
7x32,1.625,7xa3,7f1t
7x33,1.166,7xa3,7f1t
7x34,0.703,7xa3,7f1t
7x35,1.112,7xa3,7f1t
7x36,1.3,7xa3,7f1t
7x37,0.652,7xa3,7f1t
7x38,0.295,7xa3,7f1t
7x39,1.184,7xa3,7f1t
7x40,1.527,7xa3,7f1t
7x41,1.332,7xa3,7f1t
7x42,1.272,7xa3,7f1t
7x43,1.762,7xa3,7f1t
7x45,2.01,7xa3,7f1t
7x46,2.205,7xa3,7f1t
7x47,1.929,7xa3,7f1t
7x48,1.433,7xa3,7f1t
7x49,2.012,7xa3,7f1t
7x50,2.717,7xa3,7f1t
7x51,3.169,7xa3,7f1t
7x52,3.183,7xa3,7f1t
7x53,5.096,7xa3,7f1t
7x54,6.993,7xa3,7f1t
7x55,5.862,7xa3,7f1t
7x56,2.556,7xa3,7f1t
8x47,2.828,7xa3,7f1t
8x48,2.703,7xa3,7f1t
8x49,3.54,7xa3,7f1t
8x50,3.712,7xa3,7f1t
8x51,3.597,7xa3,7f1t
8x52,3.908,7xa3,7f1t
8x53,4.116,7xa3,7f1t
8x54,4.495,7xa3,7f1t
8x55,4.141,7xa3,7f1t
8x56,4.306,7xa3,7f1t
8x57,6.817,7xa3,7f1t
8x58,6.591,7xa3,7f1t
NTr.Cm3,5.826,7xa3,6wwz
NTr.Cm2,3.059,7xa3,6wwz
NTr.Cm1,1.743,7xa3,6wwz
1x22,0.448,7xa3,6wwz
1x23,3.934,7xa3,6wwz
1x24,1.729,7xa3,6wwz
1x25,1.64,7xa3,6wwz
1x26,1.247,7xa3,6wwz
1x27,1.069,7xa3,6wwz
1x28,1.156,7xa3,6wwz
1x29,1.228,7xa3,6wwz
1x30,1.045,7xa3,6wwz
1x31,0.685,7xa3,6wwz
1x32,1.189,7xa3,6wwz
1x33,1.156,7xa3,6wwz
1x34,0.812,7xa3,6wwz
1x35,0.3,7xa3,6wwz
1x36,0.436,7xa3,6wwz
1x37,0.425,7xa3,6wwz
1x38,0.28,7xa3,6wwz
1x39,0.358,7xa3,6wwz
1x40,0.706,7xa3,6wwz
1x41,1.142,7xa3,6wwz
1x42,1.161,7xa3,6wwz
1x43,0.496,7xa3,6wwz
1x44,1.264,7xa3,6wwz
1x45,1.507,7xa3,6wwz
1x46,0.982,7xa3,6wwz
1x47,0.514,7xa3,6wwz
1x48,0.998,7xa3,6wwz
1x49,1.228,7xa3,6wwz
1x50,1.104,7xa3,6wwz
1x51,0.679,7xa3,6wwz
1x52,0.891,7xa3,6wwz
1x53,1.135,7xa3,6wwz
1x54,0.914,7xa3,6wwz
1x55,0.982,7xa3,6wwz
1x56,1.294,7xa3,6wwz
1x57,1.632,7xa3,6wwz
1x58,1.37,7xa3,6wwz
1x59,1.604,7xa3,6wwz
1x60,3.264,7xa3,6wwz
12x48,3.282,7xa3,6wwz
12x49,6.974,7xa3,6wwz
12x50,6.523,7xa3,6wwz
12x51,3.306,7xa3,6wwz
2x37,1.343,7xa3,6wwz
2x38,1.158,7xa3,6wwz
2x39,0.518,7xa3,6wwz
2x40,0.902,7xa3,6wwz
2x41,0.83,7xa3,6wwz
2x42,0.558,7xa3,6wwz
2x43,0.622,7xa3,6wwz
2x44,1.011,7xa3,6wwz
2x45,0.978,7xa3,6wwz
2x46,0.846,7xa3,6wwz
2x47,1.012,7xa3,6wwz
2x48,0.927,7xa3,6wwz
2x49,0.874,7xa3,6wwz
2x50,1.068,7xa3,6wwz
2x51,1.269,7xa3,6wwz
2x52,1.787,7xa3,6wwz
2x53,1.243,7xa3,6wwz
2x54,0.725,7xa3,6wwz
2x55,0.989,7xa3,6wwz
2x56,1.576,7xa3,6wwz
2x57,1.677,7xa3,6wwz
2x58,1.273,7xa3,6wwz
2x59,0.914,7xa3,6wwz
2x60,1.308,7xa3,6wwz
2x61,0.825,7xa3,6wwz
2x62,0.537,7xa3,6wwz
2x63,1.301,7xa3,6wwz
2x64,1.21,7xa3,6wwz
2x65,2.156,7xa3,6wwz
2x66,4.688,7xa3,6wwz
23x49,2.53,7xa3,6wwz
23x50,1.731,7xa3,6wwz
23x51,2.984,7xa3,6wwz
23x52,2.493,7xa3,6wwz
3x21,1.381,7xa3,6wwz
3x22,1.273,7xa3,6wwz
3x23,1.203,7xa3,6wwz
3x24,1.177,7xa3,6wwz
3x25,1.361,7xa3,6wwz
3x26,1.543,7xa3,6wwz
3x27,1.357,7xa3,6wwz
3x28,0.731,7xa3,6wwz
3x29,1.055,7xa3,6wwz
3x30,1.839,7xa3,6wwz
3x31,1.889,7xa3,6wwz
3x32,0.906,7xa3,6wwz
3x33,0.672,7xa3,6wwz
3x34,1.015,7xa3,6wwz
3x35,1.053,7xa3,6wwz
3x36,0.478,7xa3,6wwz
3x37,0.649,7xa3,6wwz
3x38,1.166,7xa3,6wwz
3x39,0.907,7xa3,6wwz
3x40,0.7,7xa3,6wwz
3x41,0.79,7xa3,6wwz
3x42,0.687,7xa3,6wwz
3x43,0.885,7xa3,6wwz
3x44,1.058,7xa3,6wwz
3x45,0.948,7xa3,6wwz
3x46,0.893,7xa3,6wwz
3x47,0.891,7xa3,6wwz
3x48,1.06,7xa3,6wwz
3x49,0.864,7xa3,6wwz
3x50,1.028,7xa3,6wwz
3x51,1.059,7xa3,6wwz
3x52,1.424,7xa3,6wwz
3x53,1.019,7xa3,6wwz
3x54,1.363,7xa3,6wwz
3x55,1.267,7xa3,6wwz
3x56,1.41,7xa3,6wwz
34x50,1.66,7xa3,6wwz
34x51,3.729,7xa3,6wwz
34x52,4.144,7xa3,6wwz
34x53,3.613,7xa3,6wwz
34x54,4.215,7xa3,6wwz
34x55,6.934,7xa3,6wwz
34x56,7.141,7xa3,6wwz
4x38,2.103,7xa3,6wwz
4x39,2.397,7xa3,6wwz
4x40,1.961,7xa3,6wwz
4x41,0.95,7xa3,6wwz
4x42,0.829,7xa3,6wwz
4x43,0.752,7xa3,6wwz
4x44,0.687,7xa3,6wwz
4x45,0.553,7xa3,6wwz
4x46,0.345,7xa3,6wwz
4x47,0.708,7xa3,6wwz
4x48,0.92,7xa3,6wwz
4x49,0.424,7xa3,6wwz
4x50,0.577,7xa3,6wwz
4x51,1.116,7xa3,6wwz
4x52,0.64,7xa3,6wwz
4x53,0.824,7xa3,6wwz
4x54,1.372,7xa3,6wwz
4x55,1.069,7xa3,6wwz
4x56,0.914,7xa3,6wwz
4x57,0.941,7xa3,6wwz
4x59,4.303,7xa3,6wwz
4x60,3.523,7xa3,6wwz
4x61,4.591,7xa3,6wwz
4x62,4.782,7xa3,6wwz
4x63,4.134,7xa3,6wwz
4x64,3.675,7xa3,6wwz
ECL2.Cm10,0.906,7xa3,6wwz
ECL2.Cm9,1.264,7xa3,6wwz
ECL2.Cm8,1.266,7xa3,6wwz
ECL2.Cm7,2.005,7xa3,6wwz
ECL2.Cm6,3.022,7xa3,6wwz
ECL2.Cm5,3.244,7xa3,6wwz
ECL2.Cm4,3.82,7xa3,6wwz
ECL2.Cm3,1.292,7xa3,6wwz
ECL2.Cm2,1.701,7xa3,6wwz
ECL2.Cm1,1.2,7xa3,6wwz
45x50,1.309,7xa3,6wwz
45x51,1.143,7xa3,6wwz
45x52,1.524,7xa3,6wwz
ECL2.Cp3,2.197,7xa3,6wwz
ECL2.Cp4,4.38,7xa3,6wwz
5x34,1.621,7xa3,6wwz
5x35,1.666,7xa3,6wwz
5x36,1.058,7xa3,6wwz
5x37,0.327,7xa3,6wwz
5x38,1.114,7xa3,6wwz
5x39,1.931,7xa3,6wwz
5x40,2.039,7xa3,6wwz
5x41,1.692,7xa3,6wwz
5x42,1.728,7xa3,6wwz
5x43,1.504,7xa3,6wwz
5x44,1.582,7xa3,6wwz
5x45,1.198,7xa3,6wwz
5x46,0.786,7xa3,6wwz
5x461,1.377,7xa3,6wwz
5x47,1.138,7xa3,6wwz
5x48,1.336,7xa3,6wwz
5x49,1.328,7xa3,6wwz
5x50,0.55,7xa3,6wwz
5x51,0.859,7xa3,6wwz
5x52,0.417,7xa3,6wwz
5x53,0.392,7xa3,6wwz
5x54,0.469,7xa3,6wwz
5x55,0.626,7xa3,6wwz
5x56,0.51,7xa3,6wwz
5x57,0.348,7xa3,6wwz
5x58,0.454,7xa3,6wwz
5x59,0.886,7xa3,6wwz
5x60,1.082,7xa3,6wwz
5x61,0.731,7xa3,6wwz
5x62,0.383,7xa3,6wwz
5x63,1.378,7xa3,6wwz
5x64,2.145,7xa3,6wwz
5x65,1.146,7xa3,6wwz
5x66,1.16,7xa3,6wwz
5x67,2.578,7xa3,6wwz
5x68,2.856,7xa3,6wwz
ICL3,2.432,7xa3,6wwz
6x30,2.787,7xa3,6wwz
6x31,3.457,7xa3,6wwz
6x32,2.641,7xa3,6wwz
6x33,2.087,7xa3,6wwz
6x34,1.9,7xa3,6wwz
6x35,2.309,7xa3,6wwz
6x36,1.756,7xa3,6wwz
6x37,1.383,7xa3,6wwz
6x38,1.673,7xa3,6wwz
6x39,1.609,7xa3,6wwz
6x40,1.439,7xa3,6wwz
6x41,1.547,7xa3,6wwz
6x42,1.836,7xa3,6wwz
6x43,1.159,7xa3,6wwz
6x44,0.986,7xa3,6wwz
6x45,1.276,7xa3,6wwz
6x46,1.578,7xa3,6wwz
6x47,0.992,7xa3,6wwz
6x48,1.028,7xa3,6wwz
6x49,1.299,7xa3,6wwz
6x50,1.039,7xa3,6wwz
6x51,0.512,7xa3,6wwz
6x52,0.876,7xa3,6wwz
6x53,0.989,7xa3,6wwz
6x54,0.464,7xa3,6wwz
6x55,0.922,7xa3,6wwz
6x56,1.381,7xa3,6wwz
6x57,0.688,7xa3,6wwz
6x58,1.521,7xa3,6wwz
6x59,2.937,7xa3,6wwz
6x60,2.822,7xa3,6wwz
6x61,2.192,7xa3,6wwz
6x62,5.33,7xa3,6wwz
6x63,8.149,7xa3,6wwz
6x64,9.998,7xa3,6wwz
6x65,11.354,7xa3,6wwz
ECL3.Cm3,6.559,7xa3,6wwz
ECL3.Cm2,3.043,7xa3,6wwz
7x24,0.689,7xa3,6wwz
7x25,1.16,7xa3,6wwz
7x26,1.473,7xa3,6wwz
7x27,1.064,7xa3,6wwz
7x28,1.712,7xa3,6wwz
7x29,1.616,7xa3,6wwz
7x30,0.802,7xa3,6wwz
7x31,1.876,7xa3,6wwz
7x32,1.422,7xa3,6wwz
7x33,1.097,7xa3,6wwz
7x34,0.997,7xa3,6wwz
7x35,0.752,7xa3,6wwz
7x36,0.96,7xa3,6wwz
7x37,1.095,7xa3,6wwz
7x38,0.848,7xa3,6wwz
7x39,0.304,7xa3,6wwz
7x40,0.521,7xa3,6wwz
7x41,0.433,7xa3,6wwz
7x42,0.486,7xa3,6wwz
7x43,0.332,7xa3,6wwz
7x45,0.321,7xa3,6wwz
7x46,1.031,7xa3,6wwz
7x47,1.712,7xa3,6wwz
7x48,1.43,7xa3,6wwz
7x49,0.26,7xa3,6wwz
7x50,1.943,7xa3,6wwz
7x51,2.606,7xa3,6wwz
7x52,2.131,7xa3,6wwz
7x53,0.712,7xa3,6wwz
7x54,0.796,7xa3,6wwz
7x55,1.024,7xa3,6wwz
7x56,1.135,7xa3,6wwz
8x47,1.214,7xa3,6wwz
8x48,1.195,7xa3,6wwz
8x49,1.636,7xa3,6wwz
8x50,1.556,7xa3,6wwz
8x51,0.707,7xa3,6wwz
8x52,1.13,7xa3,6wwz
8x53,1.921,7xa3,6wwz
8x54,1.119,7xa3,6wwz
8x55,0.821,7xa3,6wwz
8x56,1.453,7xa3,6wwz
8x57,1.951,7xa3,6wwz
8x58,0.712,7xa3,6wwz
CT,12.223,7xa3,6wwz
NTr.Cm3,6.68,7xa3,6lfo
NTr.Cm2,3.401,7xa3,6lfo
NTr.Cm1,3.767,7xa3,6lfo
1x22,0.576,7xa3,6lfo
1x23,1.042,7xa3,6lfo
1x24,2.7,7xa3,6lfo
1x25,3.17,7xa3,6lfo
1x26,1.957,7xa3,6lfo
1x27,7.395,7xa3,6lfo
1x28,5.021,7xa3,6lfo
1x30,2.334,7xa3,6lfo
1x31,3.032,7xa3,6lfo
1x32,2.455,7xa3,6lfo
1x33,1.855,7xa3,6lfo
1x34,1.892,7xa3,6lfo
1x35,1.604,7xa3,6lfo
1x36,1.048,7xa3,6lfo
1x37,1.001,7xa3,6lfo
1x38,1.323,7xa3,6lfo
1x39,0.825,7xa3,6lfo
1x40,0.785,7xa3,6lfo
1x41,1.155,7xa3,6lfo
1x42,1.407,7xa3,6lfo
1x43,1.242,7xa3,6lfo
1x44,1.654,7xa3,6lfo
1x45,1.688,7xa3,6lfo
1x46,1.644,7xa3,6lfo
1x47,1.698,7xa3,6lfo
1x48,1.65,7xa3,6lfo
1x49,1.622,7xa3,6lfo
1x50,1.22,7xa3,6lfo
1x51,0.98,7xa3,6lfo
1x52,1.033,7xa3,6lfo
1x53,0.817,7xa3,6lfo
1x54,0.819,7xa3,6lfo
1x55,1.441,7xa3,6lfo
1x56,1.33,7xa3,6lfo
1x57,1.087,7xa3,6lfo
1x58,1.142,7xa3,6lfo
1x59,1.083,7xa3,6lfo
1x60,2.569,7xa3,6lfo
12x48,2.735,7xa3,6lfo
12x49,6.086,7xa3,6lfo
12x50,5.966,7xa3,6lfo
12x51,2.02,7xa3,6lfo
2x37,0.716,7xa3,6lfo
2x38,1.038,7xa3,6lfo
2x39,0.707,7xa3,6lfo
2x40,1.22,7xa3,6lfo
2x41,0.945,7xa3,6lfo
2x42,0.874,7xa3,6lfo
2x43,0.942,7xa3,6lfo
2x44,0.674,7xa3,6lfo
2x45,0.672,7xa3,6lfo
2x46,0.729,7xa3,6lfo
2x47,0.842,7xa3,6lfo
2x48,1.055,7xa3,6lfo
2x49,1.074,7xa3,6lfo
2x50,0.708,7xa3,6lfo
2x51,1.206,7xa3,6lfo
2x52,1.589,7xa3,6lfo
2x53,1.213,7xa3,6lfo
2x54,1.185,7xa3,6lfo
2x55,1.08,7xa3,6lfo
2x56,1.144,7xa3,6lfo
2x57,1.227,7xa3,6lfo
2x58,0.811,7xa3,6lfo
2x59,0.657,7xa3,6lfo
2x60,1.387,7xa3,6lfo
2x61,1.511,7xa3,6lfo
2x62,1.33,7xa3,6lfo
2x63,1.226,7xa3,6lfo
2x64,1.921,7xa3,6lfo
2x65,2.539,7xa3,6lfo
2x66,2.116,7xa3,6lfo
23x49,4.346,7xa3,6lfo
23x50,2.981,7xa3,6lfo
23x51,2.711,7xa3,6lfo
23x52,2.188,7xa3,6lfo
3x21,3.014,7xa3,6lfo
3x22,1.387,7xa3,6lfo
3x23,0.829,7xa3,6lfo
3x24,1.062,7xa3,6lfo
3x25,0.99,7xa3,6lfo
3x26,0.503,7xa3,6lfo
3x27,0.719,7xa3,6lfo
3x28,0.596,7xa3,6lfo
3x29,0.529,7xa3,6lfo
3x30,0.427,7xa3,6lfo
3x31,0.515,7xa3,6lfo
3x32,0.587,7xa3,6lfo
3x33,0.413,7xa3,6lfo
3x34,0.817,7xa3,6lfo
3x35,0.969,7xa3,6lfo
3x36,0.461,7xa3,6lfo
3x37,0.335,7xa3,6lfo
3x38,0.663,7xa3,6lfo
3x39,0.687,7xa3,6lfo
3x40,0.668,7xa3,6lfo
3x41,0.543,7xa3,6lfo
3x42,0.45,7xa3,6lfo
3x43,0.456,7xa3,6lfo
3x44,0.468,7xa3,6lfo
3x45,0.457,7xa3,6lfo
3x46,0.172,7xa3,6lfo
3x47,0.241,7xa3,6lfo
3x48,0.395,7xa3,6lfo
3x49,0.441,7xa3,6lfo
3x50,0.686,7xa3,6lfo
3x51,0.371,7xa3,6lfo
3x52,0.605,7xa3,6lfo
3x53,0.74,7xa3,6lfo
3x54,0.502,7xa3,6lfo
3x55,0.974,7xa3,6lfo
3x56,1.126,7xa3,6lfo
34x50,1.567,7xa3,6lfo
34x51,2.624,7xa3,6lfo
34x52,2.729,7xa3,6lfo
34x53,4.103,7xa3,6lfo
34x54,4.292,7xa3,6lfo
34x55,2.862,7xa3,6lfo
34x56,2.308,7xa3,6lfo
4x38,6.168,7xa3,6lfo
4x39,5.413,7xa3,6lfo
4x40,5.737,7xa3,6lfo
4x41,1.37,7xa3,6lfo
4x42,1.422,7xa3,6lfo
4x43,1.431,7xa3,6lfo
4x44,1.519,7xa3,6lfo
4x45,1.359,7xa3,6lfo
4x46,1.534,7xa3,6lfo
4x47,1.509,7xa3,6lfo
4x48,1.385,7xa3,6lfo
4x49,1.186,7xa3,6lfo
4x50,0.975,7xa3,6lfo
4x51,1.022,7xa3,6lfo
4x52,0.504,7xa3,6lfo
4x53,0.196,7xa3,6lfo
4x54,0.693,7xa3,6lfo
4x55,0.606,7xa3,6lfo
4x56,0.403,7xa3,6lfo
4x57,0.802,7xa3,6lfo
4x59,1.051,7xa3,6lfo
4x60,0.957,7xa3,6lfo
4x61,1.724,7xa3,6lfo
4x62,1.817,7xa3,6lfo
4x63,1.199,7xa3,6lfo
4x64,1.198,7xa3,6lfo
4x65,1.079,7xa3,6lfo
ECL2.Cm10,3.369,7xa3,6lfo
ECL2.Cm9,4.869,7xa3,6lfo
ECL2.Cm8,4.05,7xa3,6lfo
ECL2.Cm7,6.295,7xa3,6lfo
ECL2.Cm6,5.062,7xa3,6lfo
ECL2.Cm5,6.003,7xa3,6lfo
ECL2.Cm4,8.968,7xa3,6lfo
ECL2.Cm3,4.426,7xa3,6lfo
ECL2.Cm2,3.883,7xa3,6lfo
ECL2.Cm1,2.459,7xa3,6lfo
45x50,2.853,7xa3,6lfo
45x51,3.154,7xa3,6lfo
45x52,2.99,7xa3,6lfo
ECL2.Cp3,3.578,7xa3,6lfo
ECL2.Cp4,6.376,7xa3,6lfo
5x34,3.993,7xa3,6lfo
5x35,2.409,7xa3,6lfo
5x36,1.868,7xa3,6lfo
5x37,2.195,7xa3,6lfo
5x38,1.734,7xa3,6lfo
5x39,2.613,7xa3,6lfo
5x40,3.006,7xa3,6lfo
5x41,2.096,7xa3,6lfo
5x42,1.723,7xa3,6lfo
5x43,3.951,7xa3,6lfo
5x44,4.185,7xa3,6lfo
5x45,2.069,7xa3,6lfo
5x46,2.137,7xa3,6lfo
5x461,3.515,7xa3,6lfo
5x47,3.174,7xa3,6lfo
5x48,2.005,7xa3,6lfo
5x49,1.743,7xa3,6lfo
5x50,1.787,7xa3,6lfo
5x51,2.076,7xa3,6lfo
5x52,1.566,7xa3,6lfo
5x53,1.234,7xa3,6lfo
5x54,1.546,7xa3,6lfo
5x55,1.721,7xa3,6lfo
5x56,1.318,7xa3,6lfo
5x57,0.881,7xa3,6lfo
5x58,1.484,7xa3,6lfo
5x59,1.982,7xa3,6lfo
5x60,1.656,7xa3,6lfo
5x61,1.13,7xa3,6lfo
5x62,1.689,7xa3,6lfo
5x63,2.108,7xa3,6lfo
5x64,1.749,7xa3,6lfo
5x65,1.446,7xa3,6lfo
5x66,2.698,7xa3,6lfo
5x67,3.524,7xa3,6lfo
5x68,2.837,7xa3,6lfo
ICL3,2.293,7xa3,6lfo
6x30,0.938,7xa3,6lfo
6x31,1.273,7xa3,6lfo
6x32,1.004,7xa3,6lfo
6x33,1.196,7xa3,6lfo
6x34,1.336,7xa3,6lfo
6x35,1.45,7xa3,6lfo
6x36,1.185,7xa3,6lfo
6x37,1.087,7xa3,6lfo
6x38,0.97,7xa3,6lfo
6x39,1.151,7xa3,6lfo
6x40,1.214,7xa3,6lfo
6x41,1.425,7xa3,6lfo
6x42,1.499,7xa3,6lfo
6x43,1.508,7xa3,6lfo
6x44,1.45,7xa3,6lfo
6x45,1.336,7xa3,6lfo
6x46,2.152,7xa3,6lfo
6x47,2.041,7xa3,6lfo
6x48,1.38,7xa3,6lfo
6x49,1.103,7xa3,6lfo
6x50,1.406,7xa3,6lfo
6x51,1.276,7xa3,6lfo
6x52,0.78,7xa3,6lfo
6x53,0.941,7xa3,6lfo
6x54,0.54,7xa3,6lfo
6x55,0.693,7xa3,6lfo
6x56,0.941,7xa3,6lfo
6x57,0.872,7xa3,6lfo
6x58,1.257,7xa3,6lfo
6x59,2.339,7xa3,6lfo
6x60,2.429,7xa3,6lfo
6x61,0.693,7xa3,6lfo
6x62,4.693,7xa3,6lfo
6x63,5.668,7xa3,6lfo
6x64,6.833,7xa3,6lfo
ECL3.Cm3,0.865,7xa3,6lfo
ECL3.Cm2,0.932,7xa3,6lfo
7x24,0.932,7xa3,6lfo
7x25,1.251,7xa3,6lfo
7x26,1.021,7xa3,6lfo
7x27,1.047,7xa3,6lfo
7x28,0.848,7xa3,6lfo
7x29,0.971,7xa3,6lfo
7x30,0.914,7xa3,6lfo
7x31,0.649,7xa3,6lfo
7x32,0.786,7xa3,6lfo
7x33,0.786,7xa3,6lfo
7x34,0.626,7xa3,6lfo
7x35,0.854,7xa3,6lfo
7x36,0.722,7xa3,6lfo
7x37,0.701,7xa3,6lfo
7x38,0.835,7xa3,6lfo
7x39,0.336,7xa3,6lfo
7x40,0.486,7xa3,6lfo
7x41,1.376,7xa3,6lfo
7x42,1.177,7xa3,6lfo
7x43,0.505,7xa3,6lfo
7x45,1.431,7xa3,6lfo
7x46,1.911,7xa3,6lfo
7x47,1.298,7xa3,6lfo
7x48,1.553,7xa3,6lfo
7x49,1.244,7xa3,6lfo
7x50,0.772,7xa3,6lfo
7x51,0.666,7xa3,6lfo
7x52,0.709,7xa3,6lfo
7x53,0.482,7xa3,6lfo
7x54,0.346,7xa3,6lfo
7x55,0.778,7xa3,6lfo
7x56,0.768,7xa3,6lfo
8x47,0.717,7xa3,6lfo
8x48,0.68,7xa3,6lfo
8x49,1.015,7xa3,6lfo
8x50,1.256,7xa3,6lfo
8x51,0.711,7xa3,6lfo
8x52,0.837,7xa3,6lfo
8x53,0.948,7xa3,6lfo
8x54,1.134,7xa3,6lfo
8x55,1.671,7xa3,6lfo
8x56,1.236,7xa3,6lfo
8x57,1.456,7xa3,6lfo
8x58,1.301,7xa3,6lfo
CT,16.238,7xa3,6lfo
NTr.Cm3,1.657,7xa3,ngo
NTr.Cm2,2.041,7xa3,ngo
NTr.Cm1,2.655,7xa3,ngo
1x22,2.834,7xa3,ngo
1x23,2.221,7xa3,ngo
1x24,3.705,7xa3,ngo
1x25,1.964,7xa3,ngo
1x26,2.741,7xa3,ngo
1x27,2.615,7xa3,ngo
1x28,1.182,7xa3,ngo
1x29,1.609,7xa3,ngo
1x30,2.479,7xa3,ngo
1x31,1.856,7xa3,ngo
1x32,0.555,7xa3,ngo
1x33,1.932,7xa3,ngo
1x34,1.955,7xa3,ngo
1x35,1.353,7xa3,ngo
1x36,0.636,7xa3,ngo
1x37,1.127,7xa3,ngo
1x38,1.31,7xa3,ngo
1x39,0.892,7xa3,ngo
1x40,0.188,7xa3,ngo
1x41,0.533,7xa3,ngo
1x42,1.288,7xa3,ngo
1x43,1.228,7xa3,ngo
1x44,1.387,7xa3,ngo
1x45,1.586,7xa3,ngo
1x46,2.048,7xa3,ngo
1x47,2.077,7xa3,ngo
1x48,2.157,7xa3,ngo
1x49,1.826,7xa3,ngo
1x50,0.695,7xa3,ngo
1x51,0.831,7xa3,ngo
1x52,0.924,7xa3,ngo
1x53,0.612,7xa3,ngo
1x54,0.398,7xa3,ngo
1x55,0.417,7xa3,ngo
1x56,0.782,7xa3,ngo
1x57,1.158,7xa3,ngo
1x58,1.447,7xa3,ngo
1x59,0.987,7xa3,ngo
1x60,4.829,7xa3,ngo
12x48,8.079,7xa3,ngo
12x49,11.732,7xa3,ngo
12x50,13.762,7xa3,ngo
12x51,8.806,7xa3,ngo
2x37,6.465,7xa3,ngo
2x38,5.274,7xa3,ngo
2x39,2.553,7xa3,ngo
2x40,2.631,7xa3,ngo
2x41,2.16,7xa3,ngo
2x42,1.594,7xa3,ngo
2x43,1.702,7xa3,ngo
2x44,1.247,7xa3,ngo
2x45,1.165,7xa3,ngo
2x46,1.165,7xa3,ngo
2x47,0.679,7xa3,ngo
2x48,0.453,7xa3,ngo
2x49,0.555,7xa3,ngo
2x50,0.795,7xa3,ngo
2x51,0.665,7xa3,ngo
2x52,1.067,7xa3,ngo
2x53,1.778,7xa3,ngo
2x54,1.196,7xa3,ngo
2x55,1.333,7xa3,ngo
2x56,0.947,7xa3,ngo
2x57,0.814,7xa3,ngo
2x58,1.422,7xa3,ngo
2x59,1.656,7xa3,ngo
2x60,1.028,7xa3,ngo
2x61,0.529,7xa3,ngo
2x62,1.086,7xa3,ngo
2x63,1.294,7xa3,ngo
2x64,1.066,7xa3,ngo
2x65,1.967,7xa3,ngo
2x66,2.697,7xa3,ngo
23x49,1.854,7xa3,ngo
23x50,1.519,7xa3,ngo
23x51,1.589,7xa3,ngo
23x52,4.545,7xa3,ngo
3x21,1.376,7xa3,ngo
3x22,0.668,7xa3,ngo
3x23,0.791,7xa3,ngo
3x24,0.845,7xa3,ngo
3x25,0.568,7xa3,ngo
3x26,0.404,7xa3,ngo
3x27,0.447,7xa3,ngo
3x28,0.79,7xa3,ngo
3x29,0.748,7xa3,ngo
3x30,0.811,7xa3,ngo
3x31,1.045,7xa3,ngo
3x32,1.133,7xa3,ngo
3x33,1.154,7xa3,ngo
3x34,1.118,7xa3,ngo
3x35,1.748,7xa3,ngo
3x36,1.991,7xa3,ngo
3x37,1.654,7xa3,ngo
3x38,1.658,7xa3,ngo
3x39,0.894,7xa3,ngo
3x40,1.048,7xa3,ngo
3x41,1.515,7xa3,ngo
3x42,1.549,7xa3,ngo
3x43,1.883,7xa3,ngo
3x44,1.692,7xa3,ngo
3x45,1.485,7xa3,ngo
3x46,1.511,7xa3,ngo
3x47,1.58,7xa3,ngo
3x48,1.27,7xa3,ngo
3x49,1.224,7xa3,ngo
3x50,1.456,7xa3,ngo
3x51,1.42,7xa3,ngo
3x52,1.258,7xa3,ngo
3x53,1.278,7xa3,ngo
3x54,1.358,7xa3,ngo
3x55,1.447,7xa3,ngo
3x56,1.63,7xa3,ngo
34x50,2.196,7xa3,ngo
34x51,3.534,7xa3,ngo
34x52,2.177,7xa3,ngo
34x53,2.319,7xa3,ngo
34x54,3,7xa3,ngo
34x55,4.331,7xa3,ngo
34x56,3.872,7xa3,ngo
34x57,3.705,7xa3,ngo
4x38,3.479,7xa3,ngo
4x39,7.94,7xa3,ngo
4x40,9.706,7xa3,ngo
4x41,5.821,7xa3,ngo
4x42,0.782,7xa3,ngo
4x43,4.812,7xa3,ngo
4x44,5.389,7xa3,ngo
4x45,2.854,7xa3,ngo
4x46,3.15,7xa3,ngo
4x47,6.253,7xa3,ngo
4x48,5.899,7xa3,ngo
4x49,3.029,7xa3,ngo
4x50,1.809,7xa3,ngo
4x51,1.51,7xa3,ngo
4x52,1.624,7xa3,ngo
4x53,1.325,7xa3,ngo
4x54,0.312,7xa3,ngo
4x55,0.621,7xa3,ngo
4x56,2.026,7xa3,ngo
4x57,2.542,7xa3,ngo
4x59,2.478,7xa3,ngo
4x60,2.161,7xa3,ngo
4x61,2.734,7xa3,ngo
4x62,2.566,7xa3,ngo
4x63,2.041,7xa3,ngo
4x64,1.412,7xa3,ngo
4x65,1.003,7xa3,ngo
ECL2.Cm10,1.352,7xa3,ngo
ECL2.Cm9,1.292,7xa3,ngo
ECL2.Cm8,1.415,7xa3,ngo
ECL2.Cm7,1.974,7xa3,ngo
ECL2.Cm6,3.265,7xa3,ngo
ECL2.Cm5,3.213,7xa3,ngo
ECL2.Cm4,7.505,7xa3,ngo
ECL2.Cm3,3.502,7xa3,ngo
ECL2.Cm2,2.075,7xa3,ngo
ECL2.Cm1,1.296,7xa3,ngo
45x50,0.855,7xa3,ngo
45x51,0.879,7xa3,ngo
45x52,0.871,7xa3,ngo
ECL2.Cp3,0.988,7xa3,ngo
ECL2.Cp4,1.833,7xa3,ngo
5x33,2.082,7xa3,ngo
5x34,1.307,7xa3,ngo
5x35,1.026,7xa3,ngo
5x36,0.792,7xa3,ngo
5x37,0.694,7xa3,ngo
5x38,0.792,7xa3,ngo
5x39,0.457,7xa3,ngo
5x40,0.658,7xa3,ngo
5x41,1.098,7xa3,ngo
5x42,0.921,7xa3,ngo
5x43,0.811,7xa3,ngo
5x44,1.171,7xa3,ngo
5x45,1.286,7xa3,ngo
5x46,1.258,7xa3,ngo
5x461,1.276,7xa3,ngo
5x47,1.29,7xa3,ngo
5x48,1.144,7xa3,ngo
5x49,1.49,7xa3,ngo
5x50,1.508,7xa3,ngo
5x51,1.713,7xa3,ngo
5x52,1.343,7xa3,ngo
5x53,1.218,7xa3,ngo
5x54,1.139,7xa3,ngo
5x55,0.849,7xa3,ngo
5x56,0.826,7xa3,ngo
5x57,0.973,7xa3,ngo
5x58,0.984,7xa3,ngo
5x59,1.44,7xa3,ngo
5x60,1.971,7xa3,ngo
5x61,1.669,7xa3,ngo
5x62,1.282,7xa3,ngo
5x63,2.53,7xa3,ngo
5x64,3.107,7xa3,ngo
5x65,3.306,7xa3,ngo
5x66,4.451,7xa3,ngo
5x67,5.08,7xa3,ngo
5x68,5.564,7xa3,ngo
ICL3,6.119,7xa3,ngo
6x30,9.294,7xa3,ngo
6x31,8.633,7xa3,ngo
6x32,7.448,7xa3,ngo
6x33,7.468,7xa3,ngo
6x34,7.62,7xa3,ngo
6x35,6.425,7xa3,ngo
6x36,5.56,7xa3,ngo
6x37,6.036,7xa3,ngo
6x38,5.474,7xa3,ngo
6x39,4.295,7xa3,ngo
6x40,4.458,7xa3,ngo
6x41,5.121,7xa3,ngo
6x42,4.045,7xa3,ngo
6x43,2.978,7xa3,ngo
6x44,3.901,7xa3,ngo
6x45,3.865,7xa3,ngo
6x46,3.184,7xa3,ngo
6x47,2.278,7xa3,ngo
6x48,1.93,7xa3,ngo
6x49,2.181,7xa3,ngo
6x50,2.223,7xa3,ngo
6x51,0.995,7xa3,ngo
6x52,1.295,7xa3,ngo
6x53,2.058,7xa3,ngo
6x54,1.418,7xa3,ngo
6x55,1.874,7xa3,ngo
6x56,3.056,7xa3,ngo
6x57,2.195,7xa3,ngo
6x58,2.369,7xa3,ngo
6x59,3.875,7xa3,ngo
6x60,3.263,7xa3,ngo
6x61,0.863,7xa3,ngo
6x62,6.025,7xa3,ngo
6x63,5.63,7xa3,ngo
6x64,7.171,7xa3,ngo
ECL3.Cm3,1.861,7xa3,ngo
ECL3.Cm2,2.3,7xa3,ngo
7x24,1.712,7xa3,ngo
7x25,1.939,7xa3,ngo
7x26,1.175,7xa3,ngo
7x27,1.416,7xa3,ngo
7x28,1.835,7xa3,ngo
7x29,1.41,7xa3,ngo
7x30,0.899,7xa3,ngo
7x31,1.55,7xa3,ngo
7x32,1.53,7xa3,ngo
7x33,1.032,7xa3,ngo
7x34,1.141,7xa3,ngo
7x35,2.043,7xa3,ngo
7x36,2.224,7xa3,ngo
7x37,1.406,7xa3,ngo
7x38,1.159,7xa3,ngo
7x39,2.277,7xa3,ngo
7x40,2.343,7xa3,ngo
7x41,1.218,7xa3,ngo
7x42,1.44,7xa3,ngo
7x43,1.537,7xa3,ngo
7x45,2.722,7xa3,ngo
7x46,3.022,7xa3,ngo
7x47,1.935,7xa3,ngo
7x48,1.444,7xa3,ngo
7x49,3.591,7xa3,ngo
7x50,4.08,7xa3,ngo
7x51,3.413,7xa3,ngo
7x52,3.956,7xa3,ngo
7x53,6.869,7xa3,ngo
7x54,7.946,7xa3,ngo
7x55,6.502,7xa3,ngo
NTr.Cm3,5.179,7xa3,7sk3
NTr.Cm2,4.03,7xa3,7sk3
NTr.Cm1,4.262,7xa3,7sk3
1x22,2.815,7xa3,7sk3
1x23,7.148,7xa3,7sk3
1x24,4.388,7xa3,7sk3
1x25,2.911,7xa3,7sk3
1x26,2.421,7xa3,7sk3
1x27,6.372,7xa3,7sk3
1x28,4.283,7xa3,7sk3
1x29,3.581,7xa3,7sk3
1x30,3.955,7xa3,7sk3
1x31,3.719,7xa3,7sk3
1x32,2.739,7xa3,7sk3
1x33,2.569,7xa3,7sk3
1x34,2.249,7xa3,7sk3
1x35,2.285,7xa3,7sk3
1x36,1.553,7xa3,7sk3
1x37,1.28,7xa3,7sk3
1x38,1.601,7xa3,7sk3
1x39,1.237,7xa3,7sk3
1x40,0.879,7xa3,7sk3
1x41,1.043,7xa3,7sk3
1x42,0.948,7xa3,7sk3
1x43,0.478,7xa3,7sk3
1x44,0.738,7xa3,7sk3
1x45,0.611,7xa3,7sk3
1x46,0.535,7xa3,7sk3
1x47,0.742,7xa3,7sk3
1x48,0.866,7xa3,7sk3
1x49,0.618,7xa3,7sk3
1x50,0.786,7xa3,7sk3
1x51,1.091,7xa3,7sk3
1x52,0.999,7xa3,7sk3
1x53,0.976,7xa3,7sk3
1x54,1.455,7xa3,7sk3
1x55,1.377,7xa3,7sk3
1x56,1.186,7xa3,7sk3
1x57,1.561,7xa3,7sk3
1x58,2.015,7xa3,7sk3
1x59,1.428,7xa3,7sk3
1x60,1.943,7xa3,7sk3
12x48,1.47,7xa3,7sk3
12x49,8.914,7xa3,7sk3
12x50,11.89,7xa3,7sk3
12x51,7.819,7xa3,7sk3
2x37,7.173,7xa3,7sk3
2x38,7.261,7xa3,7sk3
2x39,5.634,7xa3,7sk3
2x40,2.323,7xa3,7sk3
2x41,1.073,7xa3,7sk3
2x42,0.684,7xa3,7sk3
2x43,0.668,7xa3,7sk3
2x44,0.8,7xa3,7sk3
2x45,0.543,7xa3,7sk3
2x46,0.543,7xa3,7sk3
2x47,0.81,7xa3,7sk3
2x48,0.642,7xa3,7sk3
2x49,0.525,7xa3,7sk3
2x50,0.602,7xa3,7sk3
2x51,0.976,7xa3,7sk3
2x52,0.89,7xa3,7sk3
2x53,0.444,7xa3,7sk3
2x54,0.611,7xa3,7sk3
2x55,0.643,7xa3,7sk3
2x56,1.07,7xa3,7sk3
2x57,1.173,7xa3,7sk3
2x58,1.498,7xa3,7sk3
2x59,1.821,7xa3,7sk3
2x60,1.438,7xa3,7sk3
2x61,1.026,7xa3,7sk3
2x62,1.325,7xa3,7sk3
2x63,1.316,7xa3,7sk3
2x64,1.247,7xa3,7sk3
2x65,2.207,7xa3,7sk3
2x66,2.114,7xa3,7sk3
23x49,5.148,7xa3,7sk3
23x50,3.196,7xa3,7sk3
23x51,3.45,7xa3,7sk3
23x52,3.633,7xa3,7sk3
3x21,1.126,7xa3,7sk3
3x22,0.304,7xa3,7sk3
3x23,0.535,7xa3,7sk3
3x24,0.971,7xa3,7sk3
3x25,0.891,7xa3,7sk3
3x26,0.636,7xa3,7sk3
3x27,0.646,7xa3,7sk3
3x28,0.696,7xa3,7sk3
3x29,0.756,7xa3,7sk3
3x30,0.8,7xa3,7sk3
3x31,1.022,7xa3,7sk3
3x32,0.925,7xa3,7sk3
3x33,0.549,7xa3,7sk3
3x34,1.14,7xa3,7sk3
3x35,1.456,7xa3,7sk3
3x36,0.781,7xa3,7sk3
3x37,0.35,7xa3,7sk3
3x38,0.859,7xa3,7sk3
3x39,0.789,7xa3,7sk3
3x40,0.405,7xa3,7sk3
3x41,0.968,7xa3,7sk3
3x42,1.12,7xa3,7sk3
3x43,1.063,7xa3,7sk3
3x44,1.254,7xa3,7sk3
3x45,1.32,7xa3,7sk3
3x46,1.079,7xa3,7sk3
3x47,1.071,7xa3,7sk3
3x48,1.338,7xa3,7sk3
3x49,1.108,7xa3,7sk3
3x50,0.474,7xa3,7sk3
3x51,1.228,7xa3,7sk3
3x52,1.094,7xa3,7sk3
3x53,0.399,7xa3,7sk3
3x54,1.65,7xa3,7sk3
3x55,2.117,7xa3,7sk3
3x56,1.907,7xa3,7sk3
4x41,2.614,7xa3,7sk3
4x42,2.302,7xa3,7sk3
4x43,2.337,7xa3,7sk3
4x44,2.376,7xa3,7sk3
4x45,1.874,7xa3,7sk3
4x46,1.45,7xa3,7sk3
4x47,1.806,7xa3,7sk3
4x48,1.88,7xa3,7sk3
4x49,1.347,7xa3,7sk3
4x50,1.218,7xa3,7sk3
4x51,1.37,7xa3,7sk3
4x52,1.18,7xa3,7sk3
4x53,1.107,7xa3,7sk3
4x54,1.258,7xa3,7sk3
4x55,1.21,7xa3,7sk3
4x56,1.021,7xa3,7sk3
4x57,0.882,7xa3,7sk3
4x59,0.52,7xa3,7sk3
4x60,1.306,7xa3,7sk3
4x61,1.663,7xa3,7sk3
4x62,0.619,7xa3,7sk3
4x63,1.038,7xa3,7sk3
4x64,1.87,7xa3,7sk3
4x65,1.837,7xa3,7sk3
ECL2.Cm10,7.184,7xa3,7sk3
ECL2.Cm9,8.098,7xa3,7sk3
ECL2.Cm8,7.268,7xa3,7sk3
ECL2.Cm7,7.953,7xa3,7sk3
ECL2.Cm6,6.822,7xa3,7sk3
ECL2.Cm5,1.757,7xa3,7sk3
ECL2.Cm4,2.267,7xa3,7sk3
ECL2.Cm3,1.965,7xa3,7sk3
ECL2.Cm2,2.079,7xa3,7sk3
ECL2.Cm1,2.389,7xa3,7sk3
45x50,2.679,7xa3,7sk3
45x51,2.944,7xa3,7sk3
45x52,2.972,7xa3,7sk3
ECL2.Cp3,3.405,7xa3,7sk3
ECL2.Cp4,4.523,7xa3,7sk3
5x32,2.864,7xa3,7sk3
5x33,1.779,7xa3,7sk3
5x34,1.026,7xa3,7sk3
5x35,0.947,7xa3,7sk3
5x36,0.856,7xa3,7sk3
5x37,0.496,7xa3,7sk3
5x38,0.859,7xa3,7sk3
5x39,1.505,7xa3,7sk3
5x40,1.963,7xa3,7sk3
5x41,1.635,7xa3,7sk3
5x42,1.024,7xa3,7sk3
5x43,0.925,7xa3,7sk3
5x44,0.937,7xa3,7sk3
5x45,0.875,7xa3,7sk3
5x46,1.232,7xa3,7sk3
5x461,1.739,7xa3,7sk3
5x47,1.543,7xa3,7sk3
5x48,1.227,7xa3,7sk3
5x49,0.958,7xa3,7sk3
5x50,1.405,7xa3,7sk3
5x51,1.567,7xa3,7sk3
5x52,1.326,7xa3,7sk3
5x53,0.964,7xa3,7sk3
5x54,1.209,7xa3,7sk3
5x55,2.014,7xa3,7sk3
5x56,1.949,7xa3,7sk3
5x57,0.909,7xa3,7sk3
5x58,1.237,7xa3,7sk3
5x59,2.091,7xa3,7sk3
5x60,1.681,7xa3,7sk3
5x61,0.543,7xa3,7sk3
5x62,1.041,7xa3,7sk3
5x63,1.491,7xa3,7sk3
5x64,1.144,7xa3,7sk3
5x65,0.621,7xa3,7sk3
5x66,1.091,7xa3,7sk3
5x67,2.412,7xa3,7sk3
5x68,2.96,7xa3,7sk3
ICL3,2.193,7xa3,7sk3
6x28,9.643,7xa3,7sk3
6x29,5.153,7xa3,7sk3
6x30,5.211,7xa3,7sk3
6x31,8.532,7xa3,7sk3
6x32,5.425,7xa3,7sk3
6x33,2.548,7xa3,7sk3
6x34,1.007,7xa3,7sk3
6x35,0.483,7xa3,7sk3
6x36,0.396,7xa3,7sk3
6x37,1.022,7xa3,7sk3
6x38,0.819,7xa3,7sk3
6x39,0.785,7xa3,7sk3
6x40,0.861,7xa3,7sk3
6x41,0.68,7xa3,7sk3
6x42,0.819,7xa3,7sk3
6x43,0.909,7xa3,7sk3
6x44,0.758,7xa3,7sk3
6x45,0.799,7xa3,7sk3
6x46,1.015,7xa3,7sk3
6x47,1.067,7xa3,7sk3
6x48,0.577,7xa3,7sk3
6x49,0.925,7xa3,7sk3
6x50,1.294,7xa3,7sk3
6x51,0.774,7xa3,7sk3
6x52,0.453,7xa3,7sk3
6x53,1.08,7xa3,7sk3
6x54,1.048,7xa3,7sk3
6x55,0.264,7xa3,7sk3
6x56,0.822,7xa3,7sk3
6x57,0.902,7xa3,7sk3
6x58,0.979,7xa3,7sk3
6x59,1.471,7xa3,7sk3
6x60,1.837,7xa3,7sk3
6x61,1.397,7xa3,7sk3
6x62,6.311,7xa3,7sk3
6x63,6.303,7xa3,7sk3
6x64,8.309,7xa3,7sk3
ECL3.Cm3,2.524,7xa3,7sk3
ECL3.Cm2,2.517,7xa3,7sk3
7x24,2.262,7xa3,7sk3
7x25,1.653,7xa3,7sk3
7x26,2.99,7xa3,7sk3
7x27,3.285,7xa3,7sk3
7x28,1.779,7xa3,7sk3
7x29,1.553,7xa3,7sk3
7x30,2.138,7xa3,7sk3
7x31,1.817,7xa3,7sk3
7x32,1.086,7xa3,7sk3
7x33,1.244,7xa3,7sk3
7x34,1.05,7xa3,7sk3
7x35,1.177,7xa3,7sk3
7x36,1.13,7xa3,7sk3
7x37,0.773,7xa3,7sk3
7x38,0.465,7xa3,7sk3
7x39,0.377,7xa3,7sk3
7x40,0.714,7xa3,7sk3
7x41,0.527,7xa3,7sk3
7x42,0.669,7xa3,7sk3
7x43,0.576,7xa3,7sk3
7x45,0.765,7xa3,7sk3
7x46,0.812,7xa3,7sk3
7x47,1.035,7xa3,7sk3
7x48,0.586,7xa3,7sk3
7x49,0.624,7xa3,7sk3
7x50,0.762,7xa3,7sk3
7x51,0.549,7xa3,7sk3
7x52,0.618,7xa3,7sk3
7x53,0.707,7xa3,7sk3
7x54,0.761,7xa3,7sk3
7x55,0.691,7xa3,7sk3
7x56,1.385,7xa3,7sk3
8x47,1.198,7xa3,7sk3
8x48,1.402,7xa3,7sk3
8x49,1.825,7xa3,7sk3
8x50,1.245,7xa3,7sk3
8x51,1.17,7xa3,7sk3
8x52,1.781,7xa3,7sk3
8x53,1.393,7xa3,7sk3
8x54,0.601,7xa3,7sk3
8x55,2.063,7xa3,7sk3
8x56,1.627,7xa3,7sk3
8x57,0.832,7xa3,7sk3
1x23,1.754,7xa3,7xbx
1x24,4.099,7xa3,7xbx
1x25,4.229,7xa3,7xbx
1x26,0.806,7xa3,7xbx
1x27,3.009,7xa3,7xbx
1x28,3.374,7xa3,7xbx
1x29,1.88,7xa3,7xbx
1x30,2.131,7xa3,7xbx
1x31,3.121,7xa3,7xbx
1x32,2.824,7xa3,7xbx
1x33,1.968,7xa3,7xbx
1x34,1.598,7xa3,7xbx
1x35,1.322,7xa3,7xbx
1x36,0.455,7xa3,7xbx
1x37,0.753,7xa3,7xbx
1x38,1.011,7xa3,7xbx
1x39,0.97,7xa3,7xbx
1x40,1.012,7xa3,7xbx
1x41,1.908,7xa3,7xbx
1x42,1.895,7xa3,7xbx
1x43,1.024,7xa3,7xbx
1x44,1.491,7xa3,7xbx
1x45,1.799,7xa3,7xbx
1x46,1.107,7xa3,7xbx
1x47,0.392,7xa3,7xbx
1x48,1.126,7xa3,7xbx
1x49,0.884,7xa3,7xbx
1x50,0.373,7xa3,7xbx
1x51,0.5,7xa3,7xbx
1x52,0.349,7xa3,7xbx
1x53,0.374,7xa3,7xbx
1x54,0.684,7xa3,7xbx
1x55,0.907,7xa3,7xbx
1x56,0.936,7xa3,7xbx
1x57,1.352,7xa3,7xbx
1x58,1.632,7xa3,7xbx
1x59,1.588,7xa3,7xbx
1x60,1.543,7xa3,7xbx
12x48,4.431,7xa3,7xbx
12x49,6.46,7xa3,7xbx
12x50,3.402,7xa3,7xbx
12x51,2.441,7xa3,7xbx
2x37,1.056,7xa3,7xbx
2x38,0.641,7xa3,7xbx
2x39,0.522,7xa3,7xbx
2x40,0.477,7xa3,7xbx
2x41,0.193,7xa3,7xbx
2x42,0.281,7xa3,7xbx
2x43,0.526,7xa3,7xbx
2x44,0.542,7xa3,7xbx
2x45,0.442,7xa3,7xbx
2x46,0.503,7xa3,7xbx
2x47,0.572,7xa3,7xbx
2x48,0.655,7xa3,7xbx
2x49,0.676,7xa3,7xbx
2x50,0.697,7xa3,7xbx
2x51,0.608,7xa3,7xbx
2x52,1.132,7xa3,7xbx
2x53,1.301,7xa3,7xbx
2x54,0.663,7xa3,7xbx
2x55,0.639,7xa3,7xbx
2x56,2.122,7xa3,7xbx
2x57,1.884,7xa3,7xbx
2x58,2.025,7xa3,7xbx
2x59,1.849,7xa3,7xbx
2x60,1.017,7xa3,7xbx
2x61,0.998,7xa3,7xbx
2x62,1.66,7xa3,7xbx
2x63,1.174,7xa3,7xbx
2x64,1.462,7xa3,7xbx
2x65,2.735,7xa3,7xbx
2x66,5.109,7xa3,7xbx
3x24,2.29,7xa3,7xbx
3x25,2.643,7xa3,7xbx
3x26,2.884,7xa3,7xbx
3x27,1.993,7xa3,7xbx
3x28,1.608,7xa3,7xbx
3x29,1.799,7xa3,7xbx
3x30,1.736,7xa3,7xbx
3x31,1.375,7xa3,7xbx
3x32,1.275,7xa3,7xbx
3x33,1.274,7xa3,7xbx
3x34,1.102,7xa3,7xbx
3x35,0.786,7xa3,7xbx
3x36,0.881,7xa3,7xbx
3x37,0.877,7xa3,7xbx
3x38,0.914,7xa3,7xbx
3x39,0.445,7xa3,7xbx
3x40,0.613,7xa3,7xbx
3x41,0.641,7xa3,7xbx
3x42,0.508,7xa3,7xbx
3x43,0.482,7xa3,7xbx
3x44,0.702,7xa3,7xbx
3x45,1.263,7xa3,7xbx
3x46,1.011,7xa3,7xbx
3x47,0.696,7xa3,7xbx
3x48,0.924,7xa3,7xbx
3x49,1.107,7xa3,7xbx
3x50,1.046,7xa3,7xbx
3x51,1.06,7xa3,7xbx
3x52,1.206,7xa3,7xbx
3x53,1.189,7xa3,7xbx
3x54,1.246,7xa3,7xbx
3x55,1.156,7xa3,7xbx
3x56,2.162,7xa3,7xbx
34x50,2.413,7xa3,7xbx
34x51,3.353,7xa3,7xbx
34x52,2.126,7xa3,7xbx
34x53,2.866,7xa3,7xbx
34x54,2.843,7xa3,7xbx
34x55,2.825,7xa3,7xbx
34x56,2.95,7xa3,7xbx
34x57,2.886,7xa3,7xbx
4x38,1.223,7xa3,7xbx
4x39,1.111,7xa3,7xbx
4x40,0.712,7xa3,7xbx
4x41,0.41,7xa3,7xbx
4x42,1.129,7xa3,7xbx
4x43,1.192,7xa3,7xbx
4x44,0.736,7xa3,7xbx
4x45,0.765,7xa3,7xbx
4x46,1.137,7xa3,7xbx
4x47,1.091,7xa3,7xbx
4x48,1.034,7xa3,7xbx
4x49,1.085,7xa3,7xbx
4x50,0.904,7xa3,7xbx
4x51,0.963,7xa3,7xbx
4x52,0.961,7xa3,7xbx
4x53,0.899,7xa3,7xbx
4x54,1.128,7xa3,7xbx
4x55,1.411,7xa3,7xbx
4x56,1.524,7xa3,7xbx
4x57,1.814,7xa3,7xbx
4x59,1.529,7xa3,7xbx
4x60,1.573,7xa3,7xbx
4x61,2.673,7xa3,7xbx
4x62,2.839,7xa3,7xbx
4x63,2.269,7xa3,7xbx
4x64,0.567,7xa3,7xbx
4x65,0.836,7xa3,7xbx
ECL2.Cm6,12.575,7xa3,7xbx
ECL2.Cm5,14.541,7xa3,7xbx
ECL2.Cm4,10.429,7xa3,7xbx
ECL2.Cm3,5.01,7xa3,7xbx
ECL2.Cm2,2.609,7xa3,7xbx
ECL2.Cm1,2.144,7xa3,7xbx
45x50,2.534,7xa3,7xbx
45x51,2.719,7xa3,7xbx
45x52,3.186,7xa3,7xbx
ECL2.Cp3,3.99,7xa3,7xbx
ECL2.Cp4,3.681,7xa3,7xbx
5x32,1.676,7xa3,7xbx
5x33,0.811,7xa3,7xbx
5x34,1.399,7xa3,7xbx
5x35,1.844,7xa3,7xbx
5x36,1.185,7xa3,7xbx
5x37,0.999,7xa3,7xbx
5x38,1.462,7xa3,7xbx
5x39,1.381,7xa3,7xbx
5x40,0.719,7xa3,7xbx
5x41,0.769,7xa3,7xbx
5x42,0.937,7xa3,7xbx
5x43,0.798,7xa3,7xbx
5x44,0.508,7xa3,7xbx
5x45,0.865,7xa3,7xbx
5x46,0.907,7xa3,7xbx
5x461,0.887,7xa3,7xbx
5x47,0.91,7xa3,7xbx
5x48,1.106,7xa3,7xbx
5x49,1.295,7xa3,7xbx
5x50,1.045,7xa3,7xbx
5x51,0.66,7xa3,7xbx
5x52,0.688,7xa3,7xbx
5x53,1.109,7xa3,7xbx
5x54,1.003,7xa3,7xbx
5x55,0.873,7xa3,7xbx
5x56,0.561,7xa3,7xbx
5x57,0.591,7xa3,7xbx
5x58,0.627,7xa3,7xbx
5x59,0.755,7xa3,7xbx
5x60,0.923,7xa3,7xbx
5x61,0.695,7xa3,7xbx
5x62,0.685,7xa3,7xbx
5x63,0.999,7xa3,7xbx
5x64,1.559,7xa3,7xbx
5x65,1.587,7xa3,7xbx
5x66,1.34,7xa3,7xbx
5x67,3.671,7xa3,7xbx
5x68,4.841,7xa3,7xbx
ICL3,4.474,7xa3,7xbx
6x28,8.165,7xa3,7xbx
6x29,3.438,7xa3,7xbx
6x30,4.762,7xa3,7xbx
6x31,7.159,7xa3,7xbx
6x32,4.94,7xa3,7xbx
6x33,6.045,7xa3,7xbx
6x34,7.537,7xa3,7xbx
6x35,5.602,7xa3,7xbx
6x36,4.197,7xa3,7xbx
6x37,5.946,7xa3,7xbx
6x38,5.301,7xa3,7xbx
6x39,2.903,7xa3,7xbx
6x40,3.662,7xa3,7xbx
6x41,4.457,7xa3,7xbx
6x42,3.231,7xa3,7xbx
6x43,1.256,7xa3,7xbx
6x44,2.357,7xa3,7xbx
6x45,2.41,7xa3,7xbx
6x46,1.402,7xa3,7xbx
6x47,0.91,7xa3,7xbx
6x48,1.016,7xa3,7xbx
6x49,1.375,7xa3,7xbx
6x50,1.425,7xa3,7xbx
6x51,0.599,7xa3,7xbx
6x52,0.897,7xa3,7xbx
6x53,0.964,7xa3,7xbx
6x54,0.339,7xa3,7xbx
6x55,0.579,7xa3,7xbx
6x56,1.242,7xa3,7xbx
6x57,0.908,7xa3,7xbx
6x58,1.19,7xa3,7xbx
6x59,2.462,7xa3,7xbx
6x60,2.379,7xa3,7xbx
6x61,0.651,7xa3,7xbx
6x62,4.65,7xa3,7xbx
6x63,3.525,7xa3,7xbx
6x64,6.268,7xa3,7xbx
ECL3.Cm3,2.987,7xa3,7xbx
ECL3.Cm2,1.688,7xa3,7xbx
7x24,1.304,7xa3,7xbx
7x25,1.197,7xa3,7xbx
7x26,1.163,7xa3,7xbx
7x27,0.841,7xa3,7xbx
7x28,0.993,7xa3,7xbx
7x29,1.092,7xa3,7xbx
7x30,0.982,7xa3,7xbx
7x31,0.88,7xa3,7xbx
7x32,0.781,7xa3,7xbx
7x33,0.561,7xa3,7xbx
7x34,0.679,7xa3,7xbx
7x35,0.5,7xa3,7xbx
7x36,0.471,7xa3,7xbx
7x37,0.808,7xa3,7xbx
7x38,0.806,7xa3,7xbx
7x39,1.042,7xa3,7xbx
7x40,1.393,7xa3,7xbx
7x41,1.986,7xa3,7xbx
7x42,2.377,7xa3,7xbx
7x43,2.368,7xa3,7xbx
7x45,2.461,7xa3,7xbx
7x46,1.961,7xa3,7xbx
7x47,1.923,7xa3,7xbx
7x48,2.55,7xa3,7xbx
7x49,2.577,7xa3,7xbx
7x50,2.875,7xa3,7xbx
7x51,3.928,7xa3,7xbx
7x52,4.056,7xa3,7xbx
7x53,4.96,7xa3,7xbx
7x54,6.737,7xa3,7xbx
7x55,5.763,7xa3,7xbx
7x56,2.607,7xa3,7xbx
8x47,3.515,7xa3,7xbx
8x48,3.19,7xa3,7xbx
8x49,4.191,7xa3,7xbx
8x50,3.764,7xa3,7xbx
8x51,4.054,7xa3,7xbx
8x52,4.793,7xa3,7xbx
8x53,4.969,7xa3,7xbx
8x54,4.886,7xa3,7xbx
8x55,5.141,7xa3,7xbx
8x56,5.286,7xa3,7xbx
8x57,5.494,7xa3,7xbx
8x58,5.424,7xa3,7xbx
NTr.Cm3,3.307,7xa3,4rws
NTr.Cm2,4.893,7xa3,4rws
NTr.Cm1,1.75,7xa3,4rws
1x22,1.272,7xa3,4rws
1x23,3.622,7xa3,4rws
1x24,1.918,7xa3,4rws
1x25,0.866,7xa3,4rws
1x26,1.551,7xa3,4rws
1x27,1.108,7xa3,4rws
1x28,0.908,7xa3,4rws
1x29,1.027,7xa3,4rws
1x30,1.106,7xa3,4rws
1x31,0.682,7xa3,4rws
1x32,1.958,7xa3,4rws
1x33,2.244,7xa3,4rws
1x34,1.89,7xa3,4rws
1x35,1.029,7xa3,4rws
1x36,1.887,7xa3,4rws
1x37,1.88,7xa3,4rws
1x38,0.817,7xa3,4rws
1x39,0.49,7xa3,4rws
1x40,1.075,7xa3,4rws
1x41,0.529,7xa3,4rws
1x42,0.426,7xa3,4rws
1x43,0.796,7xa3,4rws
1x44,0.723,7xa3,4rws
1x45,0.595,7xa3,4rws
1x46,1.212,7xa3,4rws
1x47,1.305,7xa3,4rws
1x48,1.578,7xa3,4rws
1x49,1.587,7xa3,4rws
1x50,1.022,7xa3,4rws
1x51,1.161,7xa3,4rws
1x52,1.313,7xa3,4rws
1x53,1.174,7xa3,4rws
1x54,0.733,7xa3,4rws
1x55,0.908,7xa3,4rws
1x56,1.296,7xa3,4rws
1x57,1.498,7xa3,4rws
1x58,1.563,7xa3,4rws
1x59,1.617,7xa3,4rws
1x60,4.255,7xa3,4rws
2x37,5.753,7xa3,4rws
2x38,4.966,7xa3,4rws
2x39,3.249,7xa3,4rws
2x40,3.502,7xa3,4rws
2x41,3.091,7xa3,4rws
2x42,2.271,7xa3,4rws
2x43,2.008,7xa3,4rws
2x44,1.476,7xa3,4rws
2x45,1.38,7xa3,4rws
2x46,1.231,7xa3,4rws
2x47,1.236,7xa3,4rws
2x48,1.133,7xa3,4rws
2x49,0.678,7xa3,4rws
2x50,0.697,7xa3,4rws
2x51,0.842,7xa3,4rws
2x52,1.166,7xa3,4rws
2x53,1.509,7xa3,4rws
2x54,1.302,7xa3,4rws
2x55,1.208,7xa3,4rws
2x56,0.799,7xa3,4rws
2x57,0.718,7xa3,4rws
2x58,1.22,7xa3,4rws
2x59,1.851,7xa3,4rws
2x60,1.722,7xa3,4rws
2x61,1.388,7xa3,4rws
2x62,2.192,7xa3,4rws
2x63,2.357,7xa3,4rws
2x64,2.646,7xa3,4rws
2x65,3.083,7xa3,4rws
2x66,2.272,7xa3,4rws
23x49,2.512,7xa3,4rws
23x50,2.089,7xa3,4rws
23x51,1.832,7xa3,4rws
23x52,4.659,7xa3,4rws
3x21,1.463,7xa3,4rws
3x22,0.719,7xa3,4rws
3x23,1.046,7xa3,4rws
3x24,1.439,7xa3,4rws
3x25,0.903,7xa3,4rws
3x26,0.914,7xa3,4rws
3x27,0.888,7xa3,4rws
3x28,1.334,7xa3,4rws
3x29,1.347,7xa3,4rws
3x30,1.11,7xa3,4rws
3x31,1.394,7xa3,4rws
3x32,1.721,7xa3,4rws
3x33,1.661,7xa3,4rws
3x34,1.274,7xa3,4rws
3x35,1.781,7xa3,4rws
3x36,1.976,7xa3,4rws
3x37,1.638,7xa3,4rws
3x38,1.427,7xa3,4rws
3x39,1.039,7xa3,4rws
3x40,1.258,7xa3,4rws
3x41,1.626,7xa3,4rws
3x42,1.382,7xa3,4rws
3x43,1.523,7xa3,4rws
3x44,1.255,7xa3,4rws
3x45,1.468,7xa3,4rws
3x46,1.643,7xa3,4rws
3x47,1.522,7xa3,4rws
3x48,1.225,7xa3,4rws
3x49,1.734,7xa3,4rws
3x50,1.939,7xa3,4rws
3x51,1.416,7xa3,4rws
3x52,1.838,7xa3,4rws
3x53,2.331,7xa3,4rws
3x54,2.204,7xa3,4rws
3x55,1.606,7xa3,4rws
3x56,1.402,7xa3,4rws
34x50,2.23,7xa3,4rws
34x51,3.549,7xa3,4rws
34x52,4.064,7xa3,4rws
34x53,1.755,7xa3,4rws
34x54,2.152,7xa3,4rws
34x55,3.003,7xa3,4rws
34x56,2.742,7xa3,4rws
34x57,3.729,7xa3,4rws
4x38,3.69,7xa3,4rws
4x39,5.609,7xa3,4rws
4x40,8.604,7xa3,4rws
4x41,6.773,7xa3,4rws
4x42,1.902,7xa3,4rws
4x43,3.105,7xa3,4rws
4x44,4.801,7xa3,4rws
4x45,3.111,7xa3,4rws
4x46,1.433,7xa3,4rws
4x47,4.55,7xa3,4rws
4x48,4.579,7xa3,4rws
4x49,1.986,7xa3,4rws
4x50,1.209,7xa3,4rws
4x51,1.746,7xa3,4rws
4x52,0.609,7xa3,4rws
4x53,0.514,7xa3,4rws
4x54,1.364,7xa3,4rws
4x55,1.41,7xa3,4rws
4x56,1.589,7xa3,4rws
4x57,2.544,7xa3,4rws
4x59,2.222,7xa3,4rws
4x60,1.779,7xa3,4rws
4x61,3.385,7xa3,4rws
4x62,3.63,7xa3,4rws
4x63,1.88,7xa3,4rws
4x64,1.025,7xa3,4rws
4x65,1.038,7xa3,4rws
ECL2.Cm10,1.313,7xa3,4rws
ECL2.Cm9,0.559,7xa3,4rws
ECL2.Cm8,1.407,7xa3,4rws
ECL2.Cm7,1.905,7xa3,4rws
ECL2.Cm6,2.341,7xa3,4rws
ECL2.Cm5,2.866,7xa3,4rws
ECL2.Cm4,4.725,7xa3,4rws
ECL2.Cm3,1.687,7xa3,4rws
ECL2.Cm2,1.808,7xa3,4rws
ECL2.Cm1,1.76,7xa3,4rws
45x50,1.252,7xa3,4rws
45x51,1.867,7xa3,4rws
45x52,2.25,7xa3,4rws
ECL2.Cp3,1.581,7xa3,4rws
ECL2.Cp4,2.787,7xa3,4rws
5x33,0.846,7xa3,4rws
5x34,1.702,7xa3,4rws
5x35,2.159,7xa3,4rws
5x36,1.96,7xa3,4rws
5x37,2.005,7xa3,4rws
5x38,2.411,7xa3,4rws
5x39,2.526,7xa3,4rws
5x40,2.628,7xa3,4rws
5x41,2.176,7xa3,4rws
5x42,2.165,7xa3,4rws
5x43,2.025,7xa3,4rws
5x44,2.132,7xa3,4rws
5x45,2.225,7xa3,4rws
5x46,2.664,7xa3,4rws
5x461,2.882,7xa3,4rws
5x47,2.583,7xa3,4rws
5x48,2.014,7xa3,4rws
5x49,2.356,7xa3,4rws
5x50,2.646,7xa3,4rws
5x51,2.627,7xa3,4rws
5x52,2.078,7xa3,4rws
5x53,1.745,7xa3,4rws
5x54,1.774,7xa3,4rws
5x55,1.949,7xa3,4rws
5x56,1.393,7xa3,4rws
5x57,0.908,7xa3,4rws
5x58,1.672,7xa3,4rws
5x59,2.536,7xa3,4rws
5x60,2.63,7xa3,4rws
5x61,2.429,7xa3,4rws
5x62,2.892,7xa3,4rws
5x63,3.763,7xa3,4rws
5x64,3.825,7xa3,4rws
5x65,4.049,7xa3,4rws
5x66,4.764,7xa3,4rws
5x67,6.933,7xa3,4rws
ICL3,14.477,7xa3,4rws
6x30,12.899,7xa3,4rws
6x31,13.296,7xa3,4rws
6x32,11.247,7xa3,4rws
6x33,5.737,7xa3,4rws
6x34,6.409,7xa3,4rws
6x35,5.289,7xa3,4rws
6x36,4.698,7xa3,4rws
6x37,5.466,7xa3,4rws
6x38,4.843,7xa3,4rws
6x39,3.258,7xa3,4rws
6x40,4.034,7xa3,4rws
6x41,4.779,7xa3,4rws
6x42,3.458,7xa3,4rws
6x43,2.186,7xa3,4rws
6x44,3.374,7xa3,4rws
6x45,3.459,7xa3,4rws
6x46,2.449,7xa3,4rws
6x47,2.196,7xa3,4rws
6x48,1.994,7xa3,4rws
6x49,2.631,7xa3,4rws
6x50,2.855,7xa3,4rws
6x51,1.714,7xa3,4rws
6x52,2.082,7xa3,4rws
6x53,3.128,7xa3,4rws
6x54,1.981,7xa3,4rws
6x55,1.872,7xa3,4rws
6x56,3.445,7xa3,4rws
6x57,3.159,7xa3,4rws
6x58,1.977,7xa3,4rws
6x59,3.747,7xa3,4rws
6x60,4.629,7xa3,4rws
6x61,2.164,7xa3,4rws
6x62,3.803,7xa3,4rws
6x63,3.554,7xa3,4rws
6x64,6.937,7xa3,4rws
ECL3.Cm3,2.128,7xa3,4rws
ECL3.Cm2,4.731,7xa3,4rws
7x24,1.656,7xa3,4rws
7x25,1.915,7xa3,4rws
7x26,1.278,7xa3,4rws
7x27,1.377,7xa3,4rws
7x28,1.111,7xa3,4rws
7x29,1.169,7xa3,4rws
7x30,0.487,7xa3,4rws
7x31,0.551,7xa3,4rws
7x32,1.228,7xa3,4rws
7x33,1.122,7xa3,4rws
7x34,0.329,7xa3,4rws
7x35,1.708,7xa3,4rws
7x36,2.527,7xa3,4rws
7x37,1.894,7xa3,4rws
7x38,0.807,7xa3,4rws
7x39,2.319,7xa3,4rws
7x40,2.945,7xa3,4rws
7x41,1.766,7xa3,4rws
7x42,0.745,7xa3,4rws
7x43,1.046,7xa3,4rws
7x45,2.009,7xa3,4rws
7x46,2.508,7xa3,4rws
7x47,1.619,7xa3,4rws
7x48,0.796,7xa3,4rws
7x49,2.851,7xa3,4rws
7x50,3.558,7xa3,4rws
7x51,3.595,7xa3,4rws
7x52,3.622,7xa3,4rws
7x53,7.636,7xa3,4rws
7x54,9.615,7xa3,4rws
NTr.Cm3,4.913,7xa3,4xt1
NTr.Cm2,1.346,7xa3,4xt1
NTr.Cm1,1.216,7xa3,4xt1
1x22,0.946,7xa3,4xt1
1x23,2.464,7xa3,4xt1
1x24,2.618,7xa3,4xt1
1x25,0.989,7xa3,4xt1
1x26,0.674,7xa3,4xt1
1x27,1.024,7xa3,4xt1
1x28,1.566,7xa3,4xt1
1x29,1.046,7xa3,4xt1
1x30,0.876,7xa3,4xt1
1x31,2.136,7xa3,4xt1
1x32,2.479,7xa3,4xt1
1x33,2.883,7xa3,4xt1
1x34,2.649,7xa3,4xt1
1x35,1.827,7xa3,4xt1
1x36,1.24,7xa3,4xt1
1x37,1.936,7xa3,4xt1
1x38,1.853,7xa3,4xt1
1x39,0.802,7xa3,4xt1
1x40,0.665,7xa3,4xt1
1x41,1.154,7xa3,4xt1
1x42,1.179,7xa3,4xt1
1x43,0.701,7xa3,4xt1
1x44,0.463,7xa3,4xt1
1x45,0.848,7xa3,4xt1
1x46,0.536,7xa3,4xt1
1x47,0.839,7xa3,4xt1
1x48,0.89,7xa3,4xt1
1x49,0.536,7xa3,4xt1
1x50,0.764,7xa3,4xt1
1x51,1.155,7xa3,4xt1
1x52,1.292,7xa3,4xt1
1x53,1.123,7xa3,4xt1
1x54,1.37,7xa3,4xt1
1x55,1.389,7xa3,4xt1
1x56,1.437,7xa3,4xt1
1x57,1.774,7xa3,4xt1
1x58,1.601,7xa3,4xt1
1x59,1.19,7xa3,4xt1
1x60,4.342,7xa3,4xt1
12x48,3.775,7xa3,4xt1
12x49,3.934,7xa3,4xt1
12x50,3.159,7xa3,4xt1
12x51,2.057,7xa3,4xt1
2x37,1.068,7xa3,4xt1
2x38,0.811,7xa3,4xt1
2x39,0.632,7xa3,4xt1
2x40,0.558,7xa3,4xt1
2x41,0.581,7xa3,4xt1
2x42,0.488,7xa3,4xt1
2x43,0.111,7xa3,4xt1
2x44,0.373,7xa3,4xt1
2x45,0.492,7xa3,4xt1
2x46,0.363,7xa3,4xt1
2x47,0.44,7xa3,4xt1
2x48,0.496,7xa3,4xt1
2x49,0.488,7xa3,4xt1
2x50,0.508,7xa3,4xt1
2x51,0.533,7xa3,4xt1
2x52,0.628,7xa3,4xt1
2x53,0.539,7xa3,4xt1
2x54,0.861,7xa3,4xt1
2x55,0.771,7xa3,4xt1
2x56,0.847,7xa3,4xt1
2x57,0.7,7xa3,4xt1
2x58,0.742,7xa3,4xt1
2x59,0.834,7xa3,4xt1
2x60,0.591,7xa3,4xt1
2x61,1.076,7xa3,4xt1
2x62,1.652,7xa3,4xt1
2x63,1.486,7xa3,4xt1
2x64,1.846,7xa3,4xt1
2x65,2.778,7xa3,4xt1
2x66,4.823,7xa3,4xt1
3x22,8.113,7xa3,4xt1
3x23,7.999,7xa3,4xt1
3x24,1.757,7xa3,4xt1
3x25,1.558,7xa3,4xt1
3x26,1.619,7xa3,4xt1
3x27,1.394,7xa3,4xt1
3x28,0.783,7xa3,4xt1
3x29,0.973,7xa3,4xt1
3x30,1.126,7xa3,4xt1
3x31,0.782,7xa3,4xt1
3x32,0.67,7xa3,4xt1
3x33,0.999,7xa3,4xt1
3x34,1.124,7xa3,4xt1
3x35,0.554,7xa3,4xt1
3x36,0.405,7xa3,4xt1
3x37,0.926,7xa3,4xt1
3x38,0.871,7xa3,4xt1
3x39,0.386,7xa3,4xt1
3x40,0.409,7xa3,4xt1
3x41,0.52,7xa3,4xt1
3x42,0.259,7xa3,4xt1
3x43,0.36,7xa3,4xt1
3x44,0.637,7xa3,4xt1
3x45,0.661,7xa3,4xt1
3x46,0.564,7xa3,4xt1
3x47,0.525,7xa3,4xt1
3x48,0.85,7xa3,4xt1
3x49,1.344,7xa3,4xt1
3x50,1.467,7xa3,4xt1
3x51,1.449,7xa3,4xt1
3x52,2.076,7xa3,4xt1
3x53,2.28,7xa3,4xt1
3x54,2.034,7xa3,4xt1
3x55,1.77,7xa3,4xt1
4x38,1.424,7xa3,4xt1
4x39,1.869,7xa3,4xt1
4x40,1.878,7xa3,4xt1
4x41,1.203,7xa3,4xt1
4x42,0.845,7xa3,4xt1
4x43,1.441,7xa3,4xt1
4x44,1.188,7xa3,4xt1
4x45,0.71,7xa3,4xt1
4x46,0.915,7xa3,4xt1
4x47,1.007,7xa3,4xt1
4x48,0.998,7xa3,4xt1
4x49,1.064,7xa3,4xt1
4x50,1.056,7xa3,4xt1
4x51,1.006,7xa3,4xt1
4x52,0.772,7xa3,4xt1
4x53,0.95,7xa3,4xt1
4x54,1.444,7xa3,4xt1
4x55,1.469,7xa3,4xt1
4x56,1.379,7xa3,4xt1
4x57,1.792,7xa3,4xt1
4x59,2.203,7xa3,4xt1
4x60,2.411,7xa3,4xt1
4x61,2.146,7xa3,4xt1
4x62,2.712,7xa3,4xt1
4x63,1.76,7xa3,4xt1
ECL2.Cm8,11.443,7xa3,4xt1
ECL2.Cm7,12.489,7xa3,4xt1
ECL2.Cm6,12.507,7xa3,4xt1
ECL2.Cm5,13.842,7xa3,4xt1
ECL2.Cm4,9.81,7xa3,4xt1
ECL2.Cm3,5.919,7xa3,4xt1
ECL2.Cm2,2.947,7xa3,4xt1
ECL2.Cm1,1.631,7xa3,4xt1
45x50,1.034,7xa3,4xt1
45x51,2.612,7xa3,4xt1
45x52,2.905,7xa3,4xt1
ECL2.Cp3,3.288,7xa3,4xt1
ECL2.Cp4,5.279,7xa3,4xt1
5x34,2.634,7xa3,4xt1
5x35,2.658,7xa3,4xt1
5x36,2.209,7xa3,4xt1
5x37,1.788,7xa3,4xt1
5x38,1.491,7xa3,4xt1
5x39,1.677,7xa3,4xt1
5x40,1.314,7xa3,4xt1
5x41,1.241,7xa3,4xt1
5x42,1.281,7xa3,4xt1
5x43,1.236,7xa3,4xt1
5x44,1.378,7xa3,4xt1
5x45,1.573,7xa3,4xt1
5x46,1.264,7xa3,4xt1
5x461,1.2,7xa3,4xt1
5x47,1.37,7xa3,4xt1
5x48,1.471,7xa3,4xt1
5x49,1.033,7xa3,4xt1
5x50,1.129,7xa3,4xt1
5x51,1.496,7xa3,4xt1
5x52,1.436,7xa3,4xt1
5x53,0.936,7xa3,4xt1
5x54,1.498,7xa3,4xt1
5x55,2.056,7xa3,4xt1
5x56,1.581,7xa3,4xt1
5x57,0.883,7xa3,4xt1
5x58,1.361,7xa3,4xt1
5x59,1.852,7xa3,4xt1
5x60,1.442,7xa3,4xt1
5x61,0.786,7xa3,4xt1
5x62,1.419,7xa3,4xt1
5x63,1.61,7xa3,4xt1
5x64,1.093,7xa3,4xt1
5x65,1.152,7xa3,4xt1
5x66,2.019,7xa3,4xt1
5x67,2.072,7xa3,4xt1
5x68,2.707,7xa3,4xt1
ICL3,3.681,7xa3,4xt1
6x29,3.32,7xa3,4xt1
6x30,2.959,7xa3,4xt1
6x31,2.912,7xa3,4xt1
6x32,2.34,7xa3,4xt1
6x33,2.367,7xa3,4xt1
6x34,2.446,7xa3,4xt1
6x35,2.131,7xa3,4xt1
6x36,1.896,7xa3,4xt1
6x37,1.84,7xa3,4xt1
6x38,1.674,7xa3,4xt1
6x39,1.473,7xa3,4xt1
6x40,1.239,7xa3,4xt1
6x41,0.875,7xa3,4xt1
6x42,1.107,7xa3,4xt1
6x43,0.911,7xa3,4xt1
6x44,0.734,7xa3,4xt1
6x45,1.13,7xa3,4xt1
6x46,1.345,7xa3,4xt1
6x47,1.006,7xa3,4xt1
6x48,1.043,7xa3,4xt1
6x49,1.399,7xa3,4xt1
6x50,1.531,7xa3,4xt1
6x51,0.831,7xa3,4xt1
6x52,1.164,7xa3,4xt1
6x53,1.664,7xa3,4xt1
6x54,1.103,7xa3,4xt1
6x55,1.597,7xa3,4xt1
6x56,2.589,7xa3,4xt1
6x57,1.823,7xa3,4xt1
6x58,1.453,7xa3,4xt1
6x59,2.997,7xa3,4xt1
6x60,3.302,7xa3,4xt1
6x61,0.606,7xa3,4xt1
6x62,4.957,7xa3,4xt1
6x63,4.801,7xa3,4xt1
6x64,6.83,7xa3,4xt1
ECL3.Cm3,1.313,7xa3,4xt1
ECL3.Cm2,1.518,7xa3,4xt1
7x24,0.795,7xa3,4xt1
7x25,0.709,7xa3,4xt1
7x26,1.149,7xa3,4xt1
7x27,1.107,7xa3,4xt1
7x28,0.833,7xa3,4xt1
7x29,0.941,7xa3,4xt1
7x30,0.869,7xa3,4xt1
7x31,1.074,7xa3,4xt1
7x32,1.04,7xa3,4xt1
7x33,0.861,7xa3,4xt1
7x34,0.782,7xa3,4xt1
7x35,1.22,7xa3,4xt1
7x36,1.334,7xa3,4xt1
7x37,1.008,7xa3,4xt1
7x38,0.78,7xa3,4xt1
7x39,0.938,7xa3,4xt1
7x40,1.158,7xa3,4xt1
7x41,0.933,7xa3,4xt1
7x42,0.446,7xa3,4xt1
7x43,0.436,7xa3,4xt1
7x45,0.518,7xa3,4xt1
7x46,0.879,7xa3,4xt1
7x47,0.992,7xa3,4xt1
7x48,0.976,7xa3,4xt1
7x49,0.89,7xa3,4xt1
7x50,0.83,7xa3,4xt1
7x51,1.054,7xa3,4xt1
7x52,1.17,7xa3,4xt1
7x53,1.072,7xa3,4xt1
7x54,1.16,7xa3,4xt1
7x55,1.358,7xa3,4xt1
7x56,1.092,7xa3,4xt1
8x47,0.909,7xa3,4xt1
8x48,0.852,7xa3,4xt1
8x49,1.407,7xa3,4xt1
8x50,0.784,7xa3,4xt1
8x51,0.65,7xa3,4xt1
8x52,1.796,7xa3,4xt1
8x53,1.495,7xa3,4xt1
8x54,0.943,7xa3,4xt1
8x55,2.099,7xa3,4xt1
8x56,2.592,7xa3,4xt1
8x57,1.742,7xa3,4xt1
8x58,2.606,7xa3,4xt1
NTr.Cm3,6.621,7xa3,5wb2
NTr.Cm2,1.487,7xa3,5wb2
NTr.Cm1,1.527,7xa3,5wb2
1x22,0.779,7xa3,5wb2
1x23,2.58,7xa3,5wb2
1x24,2.61,7xa3,5wb2
1x25,1.009,7xa3,5wb2
1x26,0.981,7xa3,5wb2
1x27,1.367,7xa3,5wb2
1x28,1.711,7xa3,5wb2
1x29,1.065,7xa3,5wb2
1x30,1.278,7xa3,5wb2
1x31,2.397,7xa3,5wb2
1x32,2.431,7xa3,5wb2
1x33,2.842,7xa3,5wb2
1x34,2.508,7xa3,5wb2
1x35,1.637,7xa3,5wb2
1x36,1.032,7xa3,5wb2
1x37,1.668,7xa3,5wb2
1x38,1.591,7xa3,5wb2
1x39,0.65,7xa3,5wb2
1x40,0.739,7xa3,5wb2
1x41,1.121,7xa3,5wb2
1x42,1.066,7xa3,5wb2
1x43,0.543,7xa3,5wb2
1x44,0.478,7xa3,5wb2
1x45,0.914,7xa3,5wb2
1x46,0.652,7xa3,5wb2
1x47,0.835,7xa3,5wb2
1x48,0.878,7xa3,5wb2
1x49,0.672,7xa3,5wb2
1x50,0.754,7xa3,5wb2
1x51,1.19,7xa3,5wb2
1x52,1.369,7xa3,5wb2
1x53,1.165,7xa3,5wb2
1x54,1.438,7xa3,5wb2
1x55,1.581,7xa3,5wb2
1x56,1.675,7xa3,5wb2
1x57,1.919,7xa3,5wb2
1x58,2.002,7xa3,5wb2
1x59,1.226,7xa3,5wb2
1x60,5.042,7xa3,5wb2
12x48,3.811,7xa3,5wb2
12x49,4.455,7xa3,5wb2
12x50,3.361,7xa3,5wb2
12x51,2.255,7xa3,5wb2
2x37,0.955,7xa3,5wb2
2x38,0.427,7xa3,5wb2
2x39,0.317,7xa3,5wb2
2x40,0.255,7xa3,5wb2
2x41,0.16,7xa3,5wb2
2x42,0.281,7xa3,5wb2
2x43,0.206,7xa3,5wb2
2x44,0.388,7xa3,5wb2
2x45,0.347,7xa3,5wb2
2x46,0.226,7xa3,5wb2
2x47,0.327,7xa3,5wb2
2x48,0.343,7xa3,5wb2
2x49,0.422,7xa3,5wb2
2x50,0.43,7xa3,5wb2
2x51,0.33,7xa3,5wb2
2x52,0.628,7xa3,5wb2
2x53,0.912,7xa3,5wb2
2x54,0.817,7xa3,5wb2
2x55,0.719,7xa3,5wb2
2x56,0.496,7xa3,5wb2
2x57,0.373,7xa3,5wb2
2x58,0.916,7xa3,5wb2
2x59,1.108,7xa3,5wb2
2x60,1.018,7xa3,5wb2
2x61,1.448,7xa3,5wb2
2x62,1.791,7xa3,5wb2
2x63,1.415,7xa3,5wb2
2x64,1.72,7xa3,5wb2
2x65,2.751,7xa3,5wb2
2x66,4.496,7xa3,5wb2
3x21,2.784,7xa3,5wb2
3x22,2.424,7xa3,5wb2
3x23,2.303,7xa3,5wb2
3x24,0.856,7xa3,5wb2
3x25,1.083,7xa3,5wb2
3x26,1.531,7xa3,5wb2
3x27,1.115,7xa3,5wb2
3x28,0.398,7xa3,5wb2
3x29,0.503,7xa3,5wb2
3x30,0.573,7xa3,5wb2
3x31,0.389,7xa3,5wb2
3x32,0.472,7xa3,5wb2
3x33,0.401,7xa3,5wb2
3x34,0.774,7xa3,5wb2
3x35,0.794,7xa3,5wb2
3x36,0.419,7xa3,5wb2
3x37,0.487,7xa3,5wb2
3x38,0.796,7xa3,5wb2
3x39,0.662,7xa3,5wb2
3x40,0.383,7xa3,5wb2
3x41,0.519,7xa3,5wb2
3x42,0.191,7xa3,5wb2
3x43,0.446,7xa3,5wb2
3x44,0.488,7xa3,5wb2
3x45,0.379,7xa3,5wb2
3x46,0.529,7xa3,5wb2
3x47,0.659,7xa3,5wb2
3x48,0.903,7xa3,5wb2
3x49,1.184,7xa3,5wb2
3x50,1.36,7xa3,5wb2
3x51,1.5,7xa3,5wb2
3x52,1.974,7xa3,5wb2
3x53,2.119,7xa3,5wb2
3x54,2.093,7xa3,5wb2
3x55,2.075,7xa3,5wb2
4x38,2.046,7xa3,5wb2
4x39,2.474,7xa3,5wb2
4x40,2.721,7xa3,5wb2
4x41,1.793,7xa3,5wb2
4x42,1.167,7xa3,5wb2
4x43,1.787,7xa3,5wb2
4x44,1.646,7xa3,5wb2
4x45,0.846,7xa3,5wb2
4x46,0.825,7xa3,5wb2
4x47,0.723,7xa3,5wb2
4x48,0.659,7xa3,5wb2
4x49,0.504,7xa3,5wb2
4x50,0.461,7xa3,5wb2
4x51,0.517,7xa3,5wb2
4x52,0.431,7xa3,5wb2
4x53,0.138,7xa3,5wb2
4x54,0.41,7xa3,5wb2
4x55,0.382,7xa3,5wb2
4x56,0.921,7xa3,5wb2
4x57,1.15,7xa3,5wb2
4x59,0.888,7xa3,5wb2
4x60,0.971,7xa3,5wb2
4x61,1.728,7xa3,5wb2
4x62,2.636,7xa3,5wb2
4x63,2.005,7xa3,5wb2
ECL2.Cm8,11.61,7xa3,5wb2
ECL2.Cm7,12.664,7xa3,5wb2
ECL2.Cm6,11.746,7xa3,5wb2
ECL2.Cm5,12.204,7xa3,5wb2
ECL2.Cm4,9.716,7xa3,5wb2
ECL2.Cm3,5.535,7xa3,5wb2
ECL2.Cm2,1.575,7xa3,5wb2
ECL2.Cm1,1.268,7xa3,5wb2
45x50,1.441,7xa3,5wb2
45x51,1.657,7xa3,5wb2
45x52,1.436,7xa3,5wb2
ECL2.Cp3,1.656,7xa3,5wb2
ECL2.Cp4,4.534,7xa3,5wb2
5x34,2.679,7xa3,5wb2
5x35,2.643,7xa3,5wb2
5x36,2.066,7xa3,5wb2
5x37,1.839,7xa3,5wb2
5x38,1.731,7xa3,5wb2
5x39,1.675,7xa3,5wb2
5x40,1.285,7xa3,5wb2
5x41,1.456,7xa3,5wb2
5x42,1.465,7xa3,5wb2
5x43,1.115,7xa3,5wb2
5x44,1.327,7xa3,5wb2
5x45,1.637,7xa3,5wb2
5x46,1.791,7xa3,5wb2
5x461,1.639,7xa3,5wb2
5x47,1.432,7xa3,5wb2
5x48,1.269,7xa3,5wb2
5x49,1.168,7xa3,5wb2
5x50,1.571,7xa3,5wb2
5x51,1.669,7xa3,5wb2
5x52,1.359,7xa3,5wb2
5x53,1.113,7xa3,5wb2
5x54,1.832,7xa3,5wb2
5x55,2.224,7xa3,5wb2
5x56,1.621,7xa3,5wb2
5x57,1.169,7xa3,5wb2
5x58,1.504,7xa3,5wb2
5x59,2.002,7xa3,5wb2
5x60,1.852,7xa3,5wb2
5x61,1.072,7xa3,5wb2
5x62,1.406,7xa3,5wb2
5x63,1.954,7xa3,5wb2
5x64,1.687,7xa3,5wb2
5x65,1.069,7xa3,5wb2
5x66,1.984,7xa3,5wb2
5x67,2.659,7xa3,5wb2
5x68,2.931,7xa3,5wb2
6x29,2.546,7xa3,5wb2
6x30,2.369,7xa3,5wb2
6x31,2.15,7xa3,5wb2
6x32,1.95,7xa3,5wb2
6x33,2.008,7xa3,5wb2
6x34,2.108,7xa3,5wb2
6x35,1.837,7xa3,5wb2
6x36,1.74,7xa3,5wb2
6x37,1.752,7xa3,5wb2
6x38,1.624,7xa3,5wb2
6x39,1.56,7xa3,5wb2
6x40,1.499,7xa3,5wb2
6x41,1.259,7xa3,5wb2
6x42,1.242,7xa3,5wb2
6x43,1.15,7xa3,5wb2
6x44,0.996,7xa3,5wb2
6x45,1.126,7xa3,5wb2
6x46,1.25,7xa3,5wb2
6x47,1.043,7xa3,5wb2
6x48,0.921,7xa3,5wb2
6x49,1.139,7xa3,5wb2
6x50,1.529,7xa3,5wb2
6x51,0.721,7xa3,5wb2
6x52,0.812,7xa3,5wb2
6x53,1.435,7xa3,5wb2
6x54,0.823,7xa3,5wb2
6x55,1.351,7xa3,5wb2
6x56,2.436,7xa3,5wb2
6x57,1.975,7xa3,5wb2
6x58,1.325,7xa3,5wb2
6x59,2.918,7xa3,5wb2
6x60,3.566,7xa3,5wb2
6x61,1.008,7xa3,5wb2
6x62,4.427,7xa3,5wb2
6x63,4.336,7xa3,5wb2
6x64,6.568,7xa3,5wb2
ECL3.Cm3,1.407,7xa3,5wb2
ECL3.Cm2,2.37,7xa3,5wb2
7x24,0.648,7xa3,5wb2
7x25,0.57,7xa3,5wb2
7x26,0.527,7xa3,5wb2
7x27,0.799,7xa3,5wb2
7x28,0.763,7xa3,5wb2
7x29,0.622,7xa3,5wb2
7x30,0.636,7xa3,5wb2
7x31,0.849,7xa3,5wb2
7x32,0.714,7xa3,5wb2
7x33,0.672,7xa3,5wb2
7x34,0.641,7xa3,5wb2
7x35,1.054,7xa3,5wb2
7x36,1.321,7xa3,5wb2
7x37,1.034,7xa3,5wb2
7x38,0.589,7xa3,5wb2
7x39,1.055,7xa3,5wb2
7x40,1.28,7xa3,5wb2
7x41,0.91,7xa3,5wb2
7x42,0.579,7xa3,5wb2
7x43,0.517,7xa3,5wb2
7x45,0.757,7xa3,5wb2
7x46,0.911,7xa3,5wb2
7x47,0.836,7xa3,5wb2
7x48,0.934,7xa3,5wb2
7x49,0.998,7xa3,5wb2
7x50,0.792,7xa3,5wb2
7x51,1.037,7xa3,5wb2
7x52,1.209,7xa3,5wb2
7x53,1.014,7xa3,5wb2
7x54,0.969,7xa3,5wb2
7x55,0.96,7xa3,5wb2
7x56,0.771,7xa3,5wb2
8x47,0.733,7xa3,5wb2
8x48,0.875,7xa3,5wb2
8x49,1.369,7xa3,5wb2
8x50,0.922,7xa3,5wb2
8x51,0.881,7xa3,5wb2
8x52,1.929,7xa3,5wb2
8x53,1.593,7xa3,5wb2
8x54,0.664,7xa3,5wb2
8x55,1.878,7xa3,5wb2
8x56,2.313,7xa3,5wb2
8x57,1.533,7xa3,5wb2
8x58,2.622,7xa3,5wb2
NTr.Cm9,10.422,7f1t,6wwz
NTr.Cm8,14.557,7f1t,6wwz
NTr.Cm7,10.221,7f1t,6wwz
NTr.Cm6,13.078,7f1t,6wwz
NTr.Cm5,15.539,7f1t,6wwz
NTr.Cm4,12.529,7f1t,6wwz
NTr.Cm3,7.215,7f1t,6wwz
NTr.Cm2,6.292,7f1t,6wwz
NTr.Cm1,4.111,7f1t,6wwz
1x22,2.949,7f1t,6wwz
1x23,3.187,7f1t,6wwz
1x24,2.032,7f1t,6wwz
1x25,1.627,7f1t,6wwz
1x26,2.753,7f1t,6wwz
1x27,2.602,7f1t,6wwz
1x28,1.701,7f1t,6wwz
1x29,1.589,7f1t,6wwz
1x30,1.742,7f1t,6wwz
1x31,1.653,7f1t,6wwz
1x32,1.431,7f1t,6wwz
1x33,1.197,7f1t,6wwz
1x34,1.24,7f1t,6wwz
1x35,2.081,7f1t,6wwz
1x36,1.284,7f1t,6wwz
1x37,1.366,7f1t,6wwz
1x38,1.561,7f1t,6wwz
1x39,1.214,7f1t,6wwz
1x40,1.24,7f1t,6wwz
1x41,0.943,7f1t,6wwz
1x42,0.664,7f1t,6wwz
1x43,0.604,7f1t,6wwz
1x44,0.669,7f1t,6wwz
1x45,0.758,7f1t,6wwz
1x46,0.608,7f1t,6wwz
1x47,0.571,7f1t,6wwz
1x48,1.399,7f1t,6wwz
1x49,1.111,7f1t,6wwz
1x50,1.034,7f1t,6wwz
1x51,1.22,7f1t,6wwz
1x52,1.237,7f1t,6wwz
1x53,1.383,7f1t,6wwz
1x54,1.684,7f1t,6wwz
1x55,1.931,7f1t,6wwz
1x56,2.016,7f1t,6wwz
1x57,2.713,7f1t,6wwz
1x58,3.046,7f1t,6wwz
1x59,2.408,7f1t,6wwz
1x60,4.693,7f1t,6wwz
12x48,7.567,7f1t,6wwz
12x49,4.963,7f1t,6wwz
12x50,6.512,7f1t,6wwz
12x51,2.872,7f1t,6wwz
2x37,2.57,7f1t,6wwz
2x38,2.906,7f1t,6wwz
2x39,1.403,7f1t,6wwz
2x40,1.484,7f1t,6wwz
2x41,1.716,7f1t,6wwz
2x42,1.39,7f1t,6wwz
2x43,1.028,7f1t,6wwz
2x44,1.475,7f1t,6wwz
2x45,1.624,7f1t,6wwz
2x46,1.352,7f1t,6wwz
2x47,1.39,7f1t,6wwz
2x48,1.566,7f1t,6wwz
2x49,1.562,7f1t,6wwz
2x50,1.432,7f1t,6wwz
2x51,1.645,7f1t,6wwz
2x52,2.444,7f1t,6wwz
2x53,1.777,7f1t,6wwz
2x54,0.435,7f1t,6wwz
2x55,1.768,7f1t,6wwz
2x56,2.257,7f1t,6wwz
2x57,1.703,7f1t,6wwz
2x58,0.533,7f1t,6wwz
2x59,1.464,7f1t,6wwz
2x60,2.164,7f1t,6wwz
2x61,1.587,7f1t,6wwz
2x62,1.938,7f1t,6wwz
2x63,2.27,7f1t,6wwz
2x64,2.308,7f1t,6wwz
2x65,2.371,7f1t,6wwz
2x66,2.691,7f1t,6wwz
23x49,3.359,7f1t,6wwz
23x50,2.692,7f1t,6wwz
23x51,2.768,7f1t,6wwz
23x52,2.419,7f1t,6wwz
3x21,3.004,7f1t,6wwz
3x22,2.261,7f1t,6wwz
3x23,1.688,7f1t,6wwz
3x24,1.537,7f1t,6wwz
3x25,1.571,7f1t,6wwz
3x26,1.95,7f1t,6wwz
3x27,1.589,7f1t,6wwz
3x28,1.406,7f1t,6wwz
3x29,1.378,7f1t,6wwz
3x30,1.756,7f1t,6wwz
3x31,2.049,7f1t,6wwz
3x32,1.684,7f1t,6wwz
3x33,1.554,7f1t,6wwz
3x34,1.155,7f1t,6wwz
3x35,1.547,7f1t,6wwz
3x36,1.409,7f1t,6wwz
3x37,1.245,7f1t,6wwz
3x38,1.221,7f1t,6wwz
3x39,1.063,7f1t,6wwz
3x40,1.18,7f1t,6wwz
3x41,1.111,7f1t,6wwz
3x42,0.995,7f1t,6wwz
3x43,1.082,7f1t,6wwz
3x44,1.315,7f1t,6wwz
3x45,1.185,7f1t,6wwz
3x46,0.865,7f1t,6wwz
3x47,1.081,7f1t,6wwz
3x48,1.293,7f1t,6wwz
3x49,0.946,7f1t,6wwz
3x50,0.543,7f1t,6wwz
3x51,1.087,7f1t,6wwz
3x52,1.298,7f1t,6wwz
3x53,0.786,7f1t,6wwz
3x54,1.027,7f1t,6wwz
3x55,1.142,7f1t,6wwz
3x56,2.696,7f1t,6wwz
34x50,3.36,7f1t,6wwz
34x51,6.901,7f1t,6wwz
34x52,7.105,7f1t,6wwz
34x53,4.583,7f1t,6wwz
34x54,5.801,7f1t,6wwz
34x55,10.592,7f1t,6wwz
34x56,11.039,7f1t,6wwz
4x38,2.436,7f1t,6wwz
4x39,2.578,7f1t,6wwz
4x40,1.953,7f1t,6wwz
4x41,1.498,7f1t,6wwz
4x42,1.146,7f1t,6wwz
4x43,1.275,7f1t,6wwz
4x44,0.907,7f1t,6wwz
4x45,0.904,7f1t,6wwz
4x46,0.984,7f1t,6wwz
4x47,0.932,7f1t,6wwz
4x48,0.899,7f1t,6wwz
4x49,0.798,7f1t,6wwz
4x50,1.436,7f1t,6wwz
4x51,1.634,7f1t,6wwz
4x52,0.95,7f1t,6wwz
4x53,1.494,7f1t,6wwz
4x54,1.934,7f1t,6wwz
4x55,1.858,7f1t,6wwz
4x56,1.711,7f1t,6wwz
4x57,1.466,7f1t,6wwz
4x59,2.986,7f1t,6wwz
4x60,3.618,7f1t,6wwz
4x61,5.631,7f1t,6wwz
4x62,4.834,7f1t,6wwz
4x63,3.21,7f1t,6wwz
4x64,4.216,7f1t,6wwz
ECL2.Cm10,1.752,7f1t,6wwz
ECL2.Cm9,2.354,7f1t,6wwz
ECL2.Cm8,1.739,7f1t,6wwz
ECL2.Cm7,1.718,7f1t,6wwz
ECL2.Cm6,3.157,7f1t,6wwz
ECL2.Cm5,3.63,7f1t,6wwz
ECL2.Cm4,3.6,7f1t,6wwz
ECL2.Cm3,1.917,7f1t,6wwz
ECL2.Cm2,2.229,7f1t,6wwz
ECL2.Cm1,1.685,7f1t,6wwz
45x50,1.632,7f1t,6wwz
45x51,1.743,7f1t,6wwz
45x52,1.989,7f1t,6wwz
ECL2.Cp3,2.687,7f1t,6wwz
ECL2.Cp4,3.16,7f1t,6wwz
ECL2.Cp5,4.962,7f1t,6wwz
ECL2.Cp6,8.71,7f1t,6wwz
ECL2.Cp7,6.073,7f1t,6wwz
5x34,2.165,7f1t,6wwz
5x35,2.438,7f1t,6wwz
5x36,2.868,7f1t,6wwz
5x37,2.574,7f1t,6wwz
5x38,2.179,7f1t,6wwz
5x39,2.625,7f1t,6wwz
5x40,2.681,7f1t,6wwz
5x41,2.55,7f1t,6wwz
5x42,2.328,7f1t,6wwz
5x43,2.72,7f1t,6wwz
5x44,2.534,7f1t,6wwz
5x45,2.062,7f1t,6wwz
5x46,2.045,7f1t,6wwz
5x461,2.298,7f1t,6wwz
5x47,2.066,7f1t,6wwz
5x48,2.298,7f1t,6wwz
5x49,2.332,7f1t,6wwz
5x50,1.916,7f1t,6wwz
5x51,1.802,7f1t,6wwz
5x52,1.386,7f1t,6wwz
5x53,1.651,7f1t,6wwz
5x54,1.968,7f1t,6wwz
5x55,1.61,7f1t,6wwz
5x56,0.978,7f1t,6wwz
5x57,0.872,7f1t,6wwz
5x58,1.502,7f1t,6wwz
5x59,1.3,7f1t,6wwz
5x60,0.465,7f1t,6wwz
5x61,0.474,7f1t,6wwz
5x62,1.59,7f1t,6wwz
5x63,1.853,7f1t,6wwz
5x64,1.744,7f1t,6wwz
5x65,1.448,7f1t,6wwz
5x66,2.953,7f1t,6wwz
5x67,3.716,7f1t,6wwz
ICL3,9.941,7f1t,6wwz
6x30,13.855,7f1t,6wwz
6x31,13.774,7f1t,6wwz
6x32,12.223,7f1t,6wwz
6x33,8.185,7f1t,6wwz
6x34,8.248,7f1t,6wwz
6x35,6.635,7f1t,6wwz
6x36,5.476,7f1t,6wwz
6x37,6.694,7f1t,6wwz
6x38,6.021,7f1t,6wwz
6x39,4.255,7f1t,6wwz
6x40,4.278,7f1t,6wwz
6x41,4.794,7f1t,6wwz
6x42,3.794,7f1t,6wwz
6x43,2.43,7f1t,6wwz
6x44,3.079,7f1t,6wwz
6x45,2.87,7f1t,6wwz
6x46,2.019,7f1t,6wwz
6x47,1.636,7f1t,6wwz
6x48,1.79,7f1t,6wwz
6x49,1.509,7f1t,6wwz
6x50,0.879,7f1t,6wwz
6x51,0.512,7f1t,6wwz
6x52,0.804,7f1t,6wwz
6x53,1.264,7f1t,6wwz
6x54,1.059,7f1t,6wwz
6x55,1.035,7f1t,6wwz
6x56,1.577,7f1t,6wwz
6x57,1.89,7f1t,6wwz
6x58,1.861,7f1t,6wwz
6x59,1.973,7f1t,6wwz
6x60,1.724,7f1t,6wwz
6x61,3.122,7f1t,6wwz
6x62,5.972,7f1t,6wwz
6x63,10.009,7f1t,6wwz
6x64,9.951,7f1t,6wwz
6x65,8.745,7f1t,6wwz
ECL3.Cm3,8.823,7f1t,6wwz
ECL3.Cm2,3.773,7f1t,6wwz
7x23,3.758,7f1t,6wwz
7x24,2.917,7f1t,6wwz
7x25,2.619,7f1t,6wwz
7x26,1.568,7f1t,6wwz
7x27,1.453,7f1t,6wwz
7x28,1.94,7f1t,6wwz
7x29,1.267,7f1t,6wwz
7x30,0.71,7f1t,6wwz
7x31,2.332,7f1t,6wwz
7x32,1.511,7f1t,6wwz
7x33,1.281,7f1t,6wwz
7x34,1.269,7f1t,6wwz
7x35,1.143,7f1t,6wwz
7x36,0.817,7f1t,6wwz
7x37,0.449,7f1t,6wwz
7x38,0.477,7f1t,6wwz
7x39,1.193,7f1t,6wwz
7x40,1.773,7f1t,6wwz
7x41,1.545,7f1t,6wwz
7x42,1.252,7f1t,6wwz
7x43,1.735,7f1t,6wwz
7x45,2.024,7f1t,6wwz
7x46,3.061,7f1t,6wwz
7x47,3.006,7f1t,6wwz
7x48,1.399,7f1t,6wwz
7x49,2.302,7f1t,6wwz
7x50,4.492,7f1t,6wwz
7x51,3.949,7f1t,6wwz
7x52,1.671,7f1t,6wwz
7x53,4.435,7f1t,6wwz
7x54,6.855,7f1t,6wwz
7x55,5.961,7f1t,6wwz
7x56,2.683,7f1t,6wwz
8x47,3.06,7f1t,6wwz
8x48,3.023,7f1t,6wwz
8x49,3.52,7f1t,6wwz
8x50,3.939,7f1t,6wwz
8x51,3.24,7f1t,6wwz
8x52,2.798,7f1t,6wwz
8x53,3.508,7f1t,6wwz
8x54,4.049,7f1t,6wwz
8x55,2.968,7f1t,6wwz
8x56,3.202,7f1t,6wwz
8x57,5.366,7f1t,6wwz
8x58,5.459,7f1t,6wwz
8x59,3.404,7f1t,6wwz
NTr.Cm12,24.069,7f1t,6lfo
NTr.Cm11,20.714,7f1t,6lfo
NTr.Cm10,17.899,7f1t,6lfo
NTr.Cm9,13.846,7f1t,6lfo
NTr.Cm8,15.304,7f1t,6lfo
NTr.Cm7,9.198,7f1t,6lfo
NTr.Cm6,11.347,7f1t,6lfo
NTr.Cm5,12.809,7f1t,6lfo
NTr.Cm4,12.225,7f1t,6lfo
NTr.Cm3,7.161,7f1t,6lfo
NTr.Cm2,5.408,7f1t,6lfo
NTr.Cm1,3.976,7f1t,6lfo
1x22,2.746,7f1t,6lfo
1x23,1.594,7f1t,6lfo
1x24,3.605,7f1t,6lfo
1x25,2.309,7f1t,6lfo
1x26,5.626,7f1t,6lfo
1x27,9.875,7f1t,6lfo
1x28,5.644,7f1t,6lfo
1x30,3.339,7f1t,6lfo
1x31,2.583,7f1t,6lfo
1x32,1.176,7f1t,6lfo
1x33,2.481,7f1t,6lfo
1x34,1.756,7f1t,6lfo
1x35,0.927,7f1t,6lfo
1x36,1.007,7f1t,6lfo
1x37,0.82,7f1t,6lfo
1x38,0.885,7f1t,6lfo
1x39,0.815,7f1t,6lfo
1x40,1.057,7f1t,6lfo
1x41,0.709,7f1t,6lfo
1x42,0.724,7f1t,6lfo
1x43,0.751,7f1t,6lfo
1x44,0.728,7f1t,6lfo
1x45,0.451,7f1t,6lfo
1x46,1.052,7f1t,6lfo
1x47,1.498,7f1t,6lfo
1x48,1.298,7f1t,6lfo
1x49,1.43,7f1t,6lfo
1x50,1.398,7f1t,6lfo
1x51,1.427,7f1t,6lfo
1x52,1.353,7f1t,6lfo
1x53,0.948,7f1t,6lfo
1x54,1.534,7f1t,6lfo
1x55,1.972,7f1t,6lfo
1x56,1.476,7f1t,6lfo
1x57,1.584,7f1t,6lfo
1x58,1.842,7f1t,6lfo
1x59,1.768,7f1t,6lfo
1x60,2.769,7f1t,6lfo
12x48,6.017,7f1t,6lfo
12x49,3.993,7f1t,6lfo
12x50,4.656,7f1t,6lfo
12x51,0.569,7f1t,6lfo
2x37,2.354,7f1t,6lfo
2x38,2.555,7f1t,6lfo
2x39,2.008,7f1t,6lfo
2x40,2.012,7f1t,6lfo
2x41,2.008,7f1t,6lfo
2x42,1.643,7f1t,6lfo
2x43,1.392,7f1t,6lfo
2x44,1.381,7f1t,6lfo
2x45,1.423,7f1t,6lfo
2x46,1.237,7f1t,6lfo
2x47,1.308,7f1t,6lfo
2x48,1.921,7f1t,6lfo
2x49,2.047,7f1t,6lfo
2x50,1.313,7f1t,6lfo
2x51,1.886,7f1t,6lfo
2x52,2.718,7f1t,6lfo
2x53,2.224,7f1t,6lfo
2x54,1.5,7f1t,6lfo
2x55,1.981,7f1t,6lfo
2x56,2.239,7f1t,6lfo
2x57,2.153,7f1t,6lfo
2x58,1.247,7f1t,6lfo
2x59,2.414,7f1t,6lfo
2x60,2.698,7f1t,6lfo
2x61,2.214,7f1t,6lfo
2x62,1.989,7f1t,6lfo
2x63,1.748,7f1t,6lfo
2x64,2.019,7f1t,6lfo
2x65,1.602,7f1t,6lfo
2x66,1.467,7f1t,6lfo
23x49,1.395,7f1t,6lfo
23x50,1.296,7f1t,6lfo
23x51,1.225,7f1t,6lfo
23x52,2.71,7f1t,6lfo
3x21,2.412,7f1t,6lfo
3x22,1.998,7f1t,6lfo
3x23,1.981,7f1t,6lfo
3x24,1.864,7f1t,6lfo
3x25,2.107,7f1t,6lfo
3x26,1.985,7f1t,6lfo
3x27,1.889,7f1t,6lfo
3x28,2.029,7f1t,6lfo
3x29,1.948,7f1t,6lfo
3x30,1.656,7f1t,6lfo
3x31,1.693,7f1t,6lfo
3x32,1.602,7f1t,6lfo
3x33,1.811,7f1t,6lfo
3x34,1.692,7f1t,6lfo
3x35,1.271,7f1t,6lfo
3x36,1.288,7f1t,6lfo
3x37,1.367,7f1t,6lfo
3x38,1.321,7f1t,6lfo
3x39,1.27,7f1t,6lfo
3x40,1.253,7f1t,6lfo
3x41,0.664,7f1t,6lfo
3x42,0.478,7f1t,6lfo
3x43,0.439,7f1t,6lfo
3x44,1.005,7f1t,6lfo
3x45,0.62,7f1t,6lfo
3x46,0.383,7f1t,6lfo
3x47,0.675,7f1t,6lfo
3x48,0.555,7f1t,6lfo
3x49,0.418,7f1t,6lfo
3x50,1.044,7f1t,6lfo
3x51,0.389,7f1t,6lfo
3x52,0.852,7f1t,6lfo
3x53,1.167,7f1t,6lfo
3x54,1.179,7f1t,6lfo
3x55,1.657,7f1t,6lfo
3x56,2.203,7f1t,6lfo
34x50,3.448,7f1t,6lfo
34x51,5.452,7f1t,6lfo
34x52,5.504,7f1t,6lfo
34x53,3.488,7f1t,6lfo
34x54,3.808,7f1t,6lfo
34x55,3.634,7f1t,6lfo
34x56,2.699,7f1t,6lfo
4x38,5.327,7f1t,6lfo
4x39,5.517,7f1t,6lfo
4x40,5.878,7f1t,6lfo
4x41,1.384,7f1t,6lfo
4x42,1.85,7f1t,6lfo
4x43,1.897,7f1t,6lfo
4x44,1.389,7f1t,6lfo
4x45,1.285,7f1t,6lfo
4x46,1.66,7f1t,6lfo
4x47,1.708,7f1t,6lfo
4x48,1.505,7f1t,6lfo
4x49,1.252,7f1t,6lfo
4x50,1.685,7f1t,6lfo
4x51,2.126,7f1t,6lfo
4x52,1.607,7f1t,6lfo
4x53,1.557,7f1t,6lfo
4x54,2.336,7f1t,6lfo
4x55,2.376,7f1t,6lfo
4x56,2.156,7f1t,6lfo
4x57,2.602,7f1t,6lfo
4x59,3.053,7f1t,6lfo
4x60,3.103,7f1t,6lfo
4x61,3.531,7f1t,6lfo
4x62,3.62,7f1t,6lfo
4x63,3.131,7f1t,6lfo
4x64,3.343,7f1t,6lfo
4x65,3.115,7f1t,6lfo
ECL2.Cm10,3.609,7f1t,6lfo
ECL2.Cm9,3.271,7f1t,6lfo
ECL2.Cm8,2.429,7f1t,6lfo
ECL2.Cm7,4.466,7f1t,6lfo
ECL2.Cm6,3.362,7f1t,6lfo
ECL2.Cm5,5.062,7f1t,6lfo
ECL2.Cm4,7.66,7f1t,6lfo
ECL2.Cm3,3.06,7f1t,6lfo
ECL2.Cm2,1.975,7f1t,6lfo
ECL2.Cm1,2.277,7f1t,6lfo
45x50,2.64,7f1t,6lfo
45x51,3.204,7f1t,6lfo
45x52,3.549,7f1t,6lfo
ECL2.Cp3,4.402,7f1t,6lfo
ECL2.Cp4,6.406,7f1t,6lfo
ECL2.Cp5,4.399,7f1t,6lfo
ECL2.Cp6,3.651,7f1t,6lfo
ECL2.Cp7,4.218,7f1t,6lfo
5x34,5.692,7f1t,6lfo
5x35,3.444,7f1t,6lfo
5x36,5.124,7f1t,6lfo
5x37,4.793,7f1t,6lfo
5x38,3.35,7f1t,6lfo
5x39,3.907,7f1t,6lfo
5x40,4.286,7f1t,6lfo
5x41,3.388,7f1t,6lfo
5x42,3.106,7f1t,6lfo
5x43,5.586,7f1t,6lfo
5x44,5.66,7f1t,6lfo
5x45,3.136,7f1t,6lfo
5x46,3.498,7f1t,6lfo
5x461,4.927,7f1t,6lfo
5x47,4.575,7f1t,6lfo
5x48,3.318,7f1t,6lfo
5x49,3.029,7f1t,6lfo
5x50,3.304,7f1t,6lfo
5x51,3.4,7f1t,6lfo
5x52,2.823,7f1t,6lfo
5x53,2.566,7f1t,6lfo
5x54,3.023,7f1t,6lfo
5x55,2.981,7f1t,6lfo
5x56,2.354,7f1t,6lfo
5x57,1.815,7f1t,6lfo
5x58,2.743,7f1t,6lfo
5x59,2.816,7f1t,6lfo
5x60,1.623,7f1t,6lfo
5x61,1.894,7f1t,6lfo
5x62,3.17,7f1t,6lfo
5x63,3.269,7f1t,6lfo
5x64,2.888,7f1t,6lfo
5x65,3.497,7f1t,6lfo
5x66,4.539,7f1t,6lfo
5x67,4.476,7f1t,6lfo
ICL3,11.627,7f1t,6lfo
6x30,15.669,7f1t,6lfo
6x31,15.395,7f1t,6lfo
6x32,13.504,7f1t,6lfo
6x33,8.595,7f1t,6lfo
6x34,8.375,7f1t,6lfo
6x35,6.727,7f1t,6lfo
6x36,5.378,7f1t,6lfo
6x37,6.078,7f1t,6lfo
6x38,5.597,7f1t,6lfo
6x39,3.692,7f1t,6lfo
6x40,3.411,7f1t,6lfo
6x41,3.557,7f1t,6lfo
6x42,2.858,7f1t,6lfo
6x43,1.689,7f1t,6lfo
6x44,1.795,7f1t,6lfo
6x45,1.457,7f1t,6lfo
6x46,1.93,7f1t,6lfo
6x47,2.432,7f1t,6lfo
6x48,2.233,7f1t,6lfo
6x49,2.078,7f1t,6lfo
6x50,1.919,7f1t,6lfo
6x51,1.898,7f1t,6lfo
6x52,2.126,7f1t,6lfo
6x53,2.389,7f1t,6lfo
6x54,2.187,7f1t,6lfo
6x55,2.593,7f1t,6lfo
6x56,3.088,7f1t,6lfo
6x57,2.918,7f1t,6lfo
6x58,2.739,7f1t,6lfo
6x59,3.214,7f1t,6lfo
6x60,2.963,7f1t,6lfo
6x61,2.721,7f1t,6lfo
6x62,6.428,7f1t,6lfo
6x63,8.902,7f1t,6lfo
6x64,8.982,7f1t,6lfo
ECL3.Cm3,3.639,7f1t,6lfo
ECL3.Cm2,1.914,7f1t,6lfo
7x23,2.293,7f1t,6lfo
7x24,1.488,7f1t,6lfo
7x25,1.978,7f1t,6lfo
7x26,1.269,7f1t,6lfo
7x27,0.91,7f1t,6lfo
7x28,0.991,7f1t,6lfo
7x29,1.364,7f1t,6lfo
7x30,1.75,7f1t,6lfo
7x31,1.651,7f1t,6lfo
7x32,1.029,7f1t,6lfo
7x33,1.55,7f1t,6lfo
7x34,1.642,7f1t,6lfo
7x35,1.46,7f1t,6lfo
7x36,1.269,7f1t,6lfo
7x37,1.756,7f1t,6lfo
7x38,1.78,7f1t,6lfo
7x39,1.173,7f1t,6lfo
7x40,1.754,7f1t,6lfo
7x41,1.919,7f1t,6lfo
7x42,1.276,7f1t,6lfo
7x43,1.421,7f1t,6lfo
7x45,1.788,7f1t,6lfo
7x46,0.516,7f1t,6lfo
7x47,1.156,7f1t,6lfo
7x48,0.703,7f1t,6lfo
7x49,1.497,7f1t,6lfo
7x50,2.112,7f1t,6lfo
7x51,2.515,7f1t,6lfo
7x52,2.55,7f1t,6lfo
7x53,5.059,7f1t,6lfo
7x54,6.841,7f1t,6lfo
7x55,5.712,7f1t,6lfo
7x56,2.148,7f1t,6lfo
8x47,2.431,7f1t,6lfo
8x48,2.583,7f1t,6lfo
8x49,2.857,7f1t,6lfo
8x50,2.509,7f1t,6lfo
8x51,2.974,7f1t,6lfo
8x52,2.982,7f1t,6lfo
8x53,3.263,7f1t,6lfo
8x54,3.711,7f1t,6lfo
8x55,3.17,7f1t,6lfo
8x56,3.478,7f1t,6lfo
8x57,5.24,7f1t,6lfo
8x58,5.125,7f1t,6lfo
8x59,3.712,7f1t,6lfo
NTr.Cm12,10.358,7f1t,ngo
NTr.Cm11,10.206,7f1t,ngo
NTr.Cm10,7.754,7f1t,ngo
NTr.Cm9,9.405,7f1t,ngo
NTr.Cm8,8.293,7f1t,ngo
NTr.Cm7,6.359,7f1t,ngo
NTr.Cm6,5.139,7f1t,ngo
NTr.Cm5,10.18,7f1t,ngo
NTr.Cm4,8.769,7f1t,ngo
NTr.Cm3,5.626,7f1t,ngo
NTr.Cm2,3.699,7f1t,ngo
NTr.Cm1,2.111,7f1t,ngo
1x22,1.125,7f1t,ngo
1x23,0.843,7f1t,ngo
1x24,0.625,7f1t,ngo
1x25,0.989,7f1t,ngo
1x26,0.872,7f1t,ngo
1x27,1.081,7f1t,ngo
1x28,1.003,7f1t,ngo
1x29,0.736,7f1t,ngo
1x30,1.251,7f1t,ngo
1x31,1.348,7f1t,ngo
1x32,0.401,7f1t,ngo
1x33,1.207,7f1t,ngo
1x34,1.663,7f1t,ngo
1x35,1.453,7f1t,ngo
1x36,1.251,7f1t,ngo
1x37,1.705,7f1t,ngo
1x38,1.962,7f1t,ngo
1x39,1.371,7f1t,ngo
1x40,1.092,7f1t,ngo
1x41,1.253,7f1t,ngo
1x42,1.322,7f1t,ngo
1x43,0.719,7f1t,ngo
1x44,0.195,7f1t,ngo
1x45,0.703,7f1t,ngo
1x46,1.352,7f1t,ngo
1x47,1.294,7f1t,ngo
1x48,0.866,7f1t,ngo
1x49,0.966,7f1t,ngo
1x50,0.419,7f1t,ngo
1x51,0.449,7f1t,ngo
1x52,0.725,7f1t,ngo
1x53,0.637,7f1t,ngo
1x54,0.539,7f1t,ngo
1x55,0.451,7f1t,ngo
1x56,0.494,7f1t,ngo
1x57,0.708,7f1t,ngo
1x58,0.934,7f1t,ngo
1x59,1.098,7f1t,ngo
1x60,2.496,7f1t,ngo
12x48,4.327,7f1t,ngo
12x49,9.397,7f1t,ngo
12x50,10.182,7f1t,ngo
12x51,7.026,7f1t,ngo
2x37,7.721,7f1t,ngo
2x38,6.28,7f1t,ngo
2x39,2.731,7f1t,ngo
2x40,2.449,7f1t,ngo
2x41,1.849,7f1t,ngo
2x42,0.947,7f1t,ngo
2x43,1.127,7f1t,ngo
2x44,0.544,7f1t,ngo
2x45,0.367,7f1t,ngo
2x46,0.57,7f1t,ngo
2x47,0.314,7f1t,ngo
2x48,0.624,7f1t,ngo
2x49,1.026,7f1t,ngo
2x50,1.044,7f1t,ngo
2x51,1.094,7f1t,ngo
2x52,1.82,7f1t,ngo
2x53,2.11,7f1t,ngo
2x54,1.086,7f1t,ngo
2x55,2.094,7f1t,ngo
2x56,2.133,7f1t,ngo
2x57,1.427,7f1t,ngo
2x58,1.234,7f1t,ngo
2x59,0.97,7f1t,ngo
2x60,0.86,7f1t,ngo
2x61,1.196,7f1t,ngo
2x62,1.056,7f1t,ngo
2x63,0.61,7f1t,ngo
2x64,0.822,7f1t,ngo
2x65,0.968,7f1t,ngo
2x66,0.468,7f1t,ngo
23x49,1.449,7f1t,ngo
23x50,1.517,7f1t,ngo
23x51,1.584,7f1t,ngo
23x52,1.372,7f1t,ngo
3x21,1.625,7f1t,ngo
3x22,1.447,7f1t,ngo
3x23,1.401,7f1t,ngo
3x24,1.09,7f1t,ngo
3x25,1.164,7f1t,ngo
3x26,1.155,7f1t,ngo
3x27,1.052,7f1t,ngo
3x28,0.355,7f1t,ngo
3x29,0.633,7f1t,ngo
3x30,0.633,7f1t,ngo
3x31,0.362,7f1t,ngo
3x32,0.711,7f1t,ngo
3x33,1.363,7f1t,ngo
3x34,0.318,7f1t,ngo
3x35,0.826,7f1t,ngo
3x36,1.483,7f1t,ngo
3x37,0.621,7f1t,ngo
3x38,0.356,7f1t,ngo
3x39,0.401,7f1t,ngo
3x40,0.306,7f1t,ngo
3x41,0.711,7f1t,ngo
3x42,0.915,7f1t,ngo
3x43,1.74,7f1t,ngo
3x44,1.744,7f1t,ngo
3x45,1.188,7f1t,ngo
3x46,1.213,7f1t,ngo
3x47,1.718,7f1t,ngo
3x48,1.426,7f1t,ngo
3x49,0.901,7f1t,ngo
3x50,1.104,7f1t,ngo
3x51,1.369,7f1t,ngo
3x52,0.925,7f1t,ngo
3x53,0.491,7f1t,ngo
3x54,0.352,7f1t,ngo
3x55,0.851,7f1t,ngo
3x56,1.66,7f1t,ngo
34x50,2.606,7f1t,ngo
34x51,4.992,7f1t,ngo
34x52,5.562,7f1t,ngo
34x53,2.627,7f1t,ngo
34x54,0.791,7f1t,ngo
34x55,1.178,7f1t,ngo
34x56,3.412,7f1t,ngo
34x57,3.555,7f1t,ngo
4x38,3.273,7f1t,ngo
4x39,8.234,7f1t,ngo
4x40,8.789,7f1t,ngo
4x41,4.381,7f1t,ngo
4x42,2.067,7f1t,ngo
4x43,4.855,7f1t,ngo
4x44,4.624,7f1t,ngo
4x45,1.916,7f1t,ngo
4x46,2.944,7f1t,ngo
4x47,5.578,7f1t,ngo
4x48,5.045,7f1t,ngo
4x49,2.241,7f1t,ngo
4x50,0.957,7f1t,ngo
4x51,0.854,7f1t,ngo
4x52,0.754,7f1t,ngo
4x53,0.777,7f1t,ngo
4x54,1.385,7f1t,ngo
4x55,2.171,7f1t,ngo
4x56,2.939,7f1t,ngo
4x57,3.083,7f1t,ngo
4x59,2.354,7f1t,ngo
4x60,2.165,7f1t,ngo
4x61,3.505,7f1t,ngo
4x62,3.251,7f1t,ngo
4x63,2.436,7f1t,ngo
4x64,2.277,7f1t,ngo
4x65,1.886,7f1t,ngo
ECL2.Cm10,1.659,7f1t,ngo
ECL2.Cm9,1.568,7f1t,ngo
ECL2.Cm8,1.114,7f1t,ngo
ECL2.Cm7,1.907,7f1t,ngo
ECL2.Cm6,2.781,7f1t,ngo
ECL2.Cm5,3.773,7f1t,ngo
ECL2.Cm4,7.196,7f1t,ngo
ECL2.Cm3,2.88,7f1t,ngo
ECL2.Cm2,1.257,7f1t,ngo
ECL2.Cm1,1.411,7f1t,ngo
45x50,0.818,7f1t,ngo
45x51,1.133,7f1t,ngo
45x52,1.674,7f1t,ngo
ECL2.Cp3,2.061,7f1t,ngo
ECL2.Cp4,1.947,7f1t,ngo
ECL2.Cp5,1.797,7f1t,ngo
ECL2.Cp6,3.074,7f1t,ngo
5x33,3.858,7f1t,ngo
5x34,2.654,7f1t,ngo
5x35,1.695,7f1t,ngo
5x36,1.767,7f1t,ngo
5x37,1.717,7f1t,ngo
5x38,1.498,7f1t,ngo
5x39,0.949,7f1t,ngo
5x40,1.095,7f1t,ngo
5x41,2.09,7f1t,ngo
5x42,1.835,7f1t,ngo
5x43,1.988,7f1t,ngo
5x44,2.221,7f1t,ngo
5x45,2.455,7f1t,ngo
5x46,2.342,7f1t,ngo
5x461,2.402,7f1t,ngo
5x47,2.452,7f1t,ngo
5x48,2.275,7f1t,ngo
5x49,2.395,7f1t,ngo
5x50,2.619,7f1t,ngo
5x51,2.427,7f1t,ngo
5x52,1.972,7f1t,ngo
5x53,2.283,7f1t,ngo
5x54,2.606,7f1t,ngo
5x55,2.05,7f1t,ngo
5x56,1.335,7f1t,ngo
5x57,1.326,7f1t,ngo
5x58,1.425,7f1t,ngo
5x59,1.154,7f1t,ngo
5x60,1.132,7f1t,ngo
5x61,0.997,7f1t,ngo
5x62,1.332,7f1t,ngo
5x63,2.177,7f1t,ngo
5x64,2.173,7f1t,ngo
5x65,1.895,7f1t,ngo
5x66,4.125,7f1t,ngo
5x67,6.36,7f1t,ngo
ICL3,7.53,7f1t,ngo
6x30,6.392,7f1t,ngo
6x31,6.423,7f1t,ngo
6x32,6.06,7f1t,ngo
6x33,1.615,7f1t,ngo
6x34,1.39,7f1t,ngo
6x35,0.928,7f1t,ngo
6x36,0.943,7f1t,ngo
6x37,0.914,7f1t,ngo
6x38,0.792,7f1t,ngo
6x39,0.479,7f1t,ngo
6x40,0.801,7f1t,ngo
6x41,0.462,7f1t,ngo
6x42,0.248,7f1t,ngo
6x43,0.676,7f1t,ngo
6x44,1.194,7f1t,ngo
6x45,1.315,7f1t,ngo
6x46,1.005,7f1t,ngo
6x47,0.829,7f1t,ngo
6x48,0.828,7f1t,ngo
6x49,0.693,7f1t,ngo
6x50,1.12,7f1t,ngo
6x51,0.961,7f1t,ngo
6x52,0.467,7f1t,ngo
6x53,0.832,7f1t,ngo
6x54,1.428,7f1t,ngo
6x55,0.82,7f1t,ngo
6x56,0.907,7f1t,ngo
6x57,0.747,7f1t,ngo
6x58,0.849,7f1t,ngo
6x59,0.518,7f1t,ngo
6x60,0.959,7f1t,ngo
6x61,1.592,7f1t,ngo
6x62,6.179,7f1t,ngo
6x63,7.463,7f1t,ngo
6x64,8.045,7f1t,ngo
ECL3.Cm3,3.497,7f1t,ngo
ECL3.Cm2,4.169,7f1t,ngo
7x23,3.206,7f1t,ngo
7x24,1.741,7f1t,ngo
7x25,2.241,7f1t,ngo
7x26,1.716,7f1t,ngo
7x27,0.648,7f1t,ngo
7x28,0.982,7f1t,ngo
7x29,1.23,7f1t,ngo
7x30,1.318,7f1t,ngo
7x31,0.708,7f1t,ngo
7x32,1.209,7f1t,ngo
7x33,1.476,7f1t,ngo
7x34,1.146,7f1t,ngo
7x35,1.473,7f1t,ngo
7x36,2.215,7f1t,ngo
7x37,1.891,7f1t,ngo
7x38,1.598,7f1t,ngo
7x39,2.543,7f1t,ngo
7x40,2.111,7f1t,ngo
7x41,1.302,7f1t,ngo
7x42,2.399,7f1t,ngo
7x43,2.754,7f1t,ngo
7x45,2.919,7f1t,ngo
7x46,1.902,7f1t,ngo
7x47,1.343,7f1t,ngo
7x48,1.939,7f1t,ngo
7x49,2.053,7f1t,ngo
7x50,1.273,7f1t,ngo
7x51,0.276,7f1t,ngo
7x52,1.576,7f1t,ngo
7x53,1.855,7f1t,ngo
7x54,2.529,7f1t,ngo
7x55,4.725,7f1t,ngo
NTr.Cm8,21.941,7f1t,7sk3
NTr.Cm7,17.453,7f1t,7sk3
NTr.Cm6,12.724,7f1t,7sk3
NTr.Cm5,9.067,7f1t,7sk3
NTr.Cm4,11.008,7f1t,7sk3
NTr.Cm3,7.082,7f1t,7sk3
NTr.Cm2,7.947,7f1t,7sk3
NTr.Cm1,7.44,7f1t,7sk3
1x22,5.212,7f1t,7sk3
1x23,6.83,7f1t,7sk3
1x24,7.524,7f1t,7sk3
1x25,2.113,7f1t,7sk3
1x26,4.784,7f1t,7sk3
1x27,8.91,7f1t,7sk3
1x28,5.438,7f1t,7sk3
1x29,4.721,7f1t,7sk3
1x30,5.306,7f1t,7sk3
1x31,4.287,7f1t,7sk3
1x32,2.179,7f1t,7sk3
1x33,2.806,7f1t,7sk3
1x34,1.858,7f1t,7sk3
1x35,1.104,7f1t,7sk3
1x36,1.245,7f1t,7sk3
1x37,0.981,7f1t,7sk3
1x38,1.068,7f1t,7sk3
1x39,0.982,7f1t,7sk3
1x40,1.243,7f1t,7sk3
1x41,1.29,7f1t,7sk3
1x42,1.047,7f1t,7sk3
1x43,1.003,7f1t,7sk3
1x44,1.163,7f1t,7sk3
1x45,1.161,7f1t,7sk3
1x46,1.128,7f1t,7sk3
1x47,0.994,7f1t,7sk3
1x48,0.95,7f1t,7sk3
1x49,1.196,7f1t,7sk3
1x50,0.943,7f1t,7sk3
1x51,0.702,7f1t,7sk3
1x52,0.801,7f1t,7sk3
1x53,1.015,7f1t,7sk3
1x54,0.972,7f1t,7sk3
1x55,0.69,7f1t,7sk3
1x56,0.945,7f1t,7sk3
1x57,1.214,7f1t,7sk3
1x58,0.959,7f1t,7sk3
1x59,0.881,7f1t,7sk3
1x60,2.323,7f1t,7sk3
12x48,5.468,7f1t,7sk3
12x49,6.06,7f1t,7sk3
12x50,10.654,7f1t,7sk3
12x51,8.041,7f1t,7sk3
2x37,8.977,7f1t,7sk3
2x38,8.88,7f1t,7sk3
2x39,6.741,7f1t,7sk3
2x40,1.623,7f1t,7sk3
2x41,0.927,7f1t,7sk3
2x42,0.766,7f1t,7sk3
2x43,0.967,7f1t,7sk3
2x44,1.089,7f1t,7sk3
2x45,1.168,7f1t,7sk3
2x46,1.13,7f1t,7sk3
2x47,1.112,7f1t,7sk3
2x48,1.066,7f1t,7sk3
2x49,1.169,7f1t,7sk3
2x50,0.828,7f1t,7sk3
2x51,1.069,7f1t,7sk3
2x52,1.37,7f1t,7sk3
2x53,0.986,7f1t,7sk3
2x54,0.748,7f1t,7sk3
2x55,1.427,7f1t,7sk3
2x56,1.173,7f1t,7sk3
2x57,0.401,7f1t,7sk3
2x58,0.367,7f1t,7sk3
2x59,0.8,7f1t,7sk3
2x60,0.561,7f1t,7sk3
2x61,0.888,7f1t,7sk3
2x62,1.119,7f1t,7sk3
2x63,0.859,7f1t,7sk3
2x64,0.91,7f1t,7sk3
2x65,0.364,7f1t,7sk3
2x66,1.332,7f1t,7sk3
23x49,2.364,7f1t,7sk3
23x50,1.116,7f1t,7sk3
23x51,1.154,7f1t,7sk3
23x52,1.239,7f1t,7sk3
3x21,1.595,7f1t,7sk3
3x22,1.537,7f1t,7sk3
3x23,1.208,7f1t,7sk3
3x24,0.912,7f1t,7sk3
3x25,0.814,7f1t,7sk3
3x26,0.915,7f1t,7sk3
3x27,1.145,7f1t,7sk3
3x28,0.856,7f1t,7sk3
3x29,1.016,7f1t,7sk3
3x30,1.088,7f1t,7sk3
3x31,1.351,7f1t,7sk3
3x32,1.337,7f1t,7sk3
3x33,1.249,7f1t,7sk3
3x34,1.076,7f1t,7sk3
3x35,1.75,7f1t,7sk3
3x36,1.675,7f1t,7sk3
3x37,1.03,7f1t,7sk3
3x38,0.96,7f1t,7sk3
3x39,0.892,7f1t,7sk3
3x40,0.505,7f1t,7sk3
3x41,0.317,7f1t,7sk3
3x42,0.585,7f1t,7sk3
3x43,0.767,7f1t,7sk3
3x44,0.75,7f1t,7sk3
3x45,0.822,7f1t,7sk3
3x46,0.889,7f1t,7sk3
3x47,0.927,7f1t,7sk3
3x48,0.853,7f1t,7sk3
3x49,0.74,7f1t,7sk3
3x50,0.685,7f1t,7sk3
3x51,1.122,7f1t,7sk3
3x52,0.769,7f1t,7sk3
3x53,1.434,7f1t,7sk3
3x54,2.306,7f1t,7sk3
3x55,2.731,7f1t,7sk3
3x56,2.971,7f1t,7sk3
4x41,1.946,7f1t,7sk3
4x42,1.783,7f1t,7sk3
4x43,1.945,7f1t,7sk3
4x44,1.558,7f1t,7sk3
4x45,1.047,7f1t,7sk3
4x46,1.141,7f1t,7sk3
4x47,1.249,7f1t,7sk3
4x48,1.132,7f1t,7sk3
4x49,0.666,7f1t,7sk3
4x50,1.094,7f1t,7sk3
4x51,1.011,7f1t,7sk3
4x52,0.644,7f1t,7sk3
4x53,0.651,7f1t,7sk3
4x54,1.063,7f1t,7sk3
4x55,1.206,7f1t,7sk3
4x56,1.202,7f1t,7sk3
4x57,0.858,7f1t,7sk3
4x59,1.609,7f1t,7sk3
4x60,2.123,7f1t,7sk3
4x61,1.873,7f1t,7sk3
4x62,0.855,7f1t,7sk3
4x63,1.854,7f1t,7sk3
4x64,2.597,7f1t,7sk3
4x65,2.119,7f1t,7sk3
ECL2.Cm10,7.61,7f1t,7sk3
ECL2.Cm9,8.218,7f1t,7sk3
ECL2.Cm8,7.107,7f1t,7sk3
ECL2.Cm7,7.491,7f1t,7sk3
ECL2.Cm6,6.987,7f1t,7sk3
ECL2.Cm5,2.113,7f1t,7sk3
ECL2.Cm4,2.404,7f1t,7sk3
ECL2.Cm3,2.194,7f1t,7sk3
ECL2.Cm2,2.16,7f1t,7sk3
ECL2.Cm1,2.259,7f1t,7sk3
45x50,2.608,7f1t,7sk3
45x51,2.96,7f1t,7sk3
45x52,2.578,7f1t,7sk3
ECL2.Cp3,3.295,7f1t,7sk3
ECL2.Cp4,3.17,7f1t,7sk3
ECL2.Cp5,3.225,7f1t,7sk3
ECL2.Cp6,4.056,7f1t,7sk3
ECL2.Cp7,2.652,7f1t,7sk3
5x31,1.986,7f1t,7sk3
5x32,2.641,7f1t,7sk3
5x33,2.653,7f1t,7sk3
5x34,1.702,7f1t,7sk3
5x35,2.037,7f1t,7sk3
5x36,2.54,7f1t,7sk3
5x37,2.283,7f1t,7sk3
5x38,1.594,7f1t,7sk3
5x39,2.01,7f1t,7sk3
5x40,2.443,7f1t,7sk3
5x41,2.289,7f1t,7sk3
5x42,1.42,7f1t,7sk3
5x43,1.915,7f1t,7sk3
5x44,1.858,7f1t,7sk3
5x45,1.7,7f1t,7sk3
5x46,2.351,7f1t,7sk3
5x461,2.845,7f1t,7sk3
5x47,2.517,7f1t,7sk3
5x48,1.756,7f1t,7sk3
5x49,1.427,7f1t,7sk3
5x50,2.707,7f1t,7sk3
5x51,2.745,7f1t,7sk3
5x52,1.759,7f1t,7sk3
5x53,1.526,7f1t,7sk3
5x54,2.753,7f1t,7sk3
5x55,2.696,7f1t,7sk3
5x56,1.445,7f1t,7sk3
5x57,1.141,7f1t,7sk3
5x58,2.503,7f1t,7sk3
5x59,2.501,7f1t,7sk3
5x60,1.233,7f1t,7sk3
5x61,1.485,7f1t,7sk3
5x62,2.58,7f1t,7sk3
5x63,2.457,7f1t,7sk3
5x64,1.722,7f1t,7sk3
5x65,2.275,7f1t,7sk3
5x66,3.08,7f1t,7sk3
5x67,2.764,7f1t,7sk3
ICL3,9.297,7f1t,7sk3
6x28,6.082,7f1t,7sk3
6x29,12.3,7f1t,7sk3
6x30,15.577,7f1t,7sk3
6x31,10.762,7f1t,7sk3
6x32,9.069,7f1t,7sk3
6x33,10.508,7f1t,7sk3
6x34,8.756,7f1t,7sk3
6x35,6.869,7f1t,7sk3
6x36,5.634,7f1t,7sk3
6x37,6.597,7f1t,7sk3
6x38,5.219,7f1t,7sk3
6x39,3.496,7f1t,7sk3
6x40,4.004,7f1t,7sk3
6x41,3.987,7f1t,7sk3
6x42,2.812,7f1t,7sk3
6x43,1.528,7f1t,7sk3
6x44,2.199,7f1t,7sk3
6x45,1.679,7f1t,7sk3
6x46,1.36,7f1t,7sk3
6x47,1.315,7f1t,7sk3
6x48,1.068,7f1t,7sk3
6x49,0.897,7f1t,7sk3
6x50,0.743,7f1t,7sk3
6x51,0.837,7f1t,7sk3
6x52,1.152,7f1t,7sk3
6x53,1.678,7f1t,7sk3
6x54,1.911,7f1t,7sk3
6x55,1.992,7f1t,7sk3
6x56,2.186,7f1t,7sk3
6x57,2.326,7f1t,7sk3
6x58,2.585,7f1t,7sk3
6x59,2.974,7f1t,7sk3
6x60,3.054,7f1t,7sk3
6x61,3.299,7f1t,7sk3
6x62,6.77,7f1t,7sk3
6x63,7.891,7f1t,7sk3
6x64,8.034,7f1t,7sk3
ECL3.Cm3,4.093,7f1t,7sk3
ECL3.Cm2,4.009,7f1t,7sk3
7x23,4.216,7f1t,7sk3
7x24,3.939,7f1t,7sk3
7x25,2.827,7f1t,7sk3
7x26,2.044,7f1t,7sk3
7x27,3.11,7f1t,7sk3
7x28,2.443,7f1t,7sk3
7x29,1.45,7f1t,7sk3
7x30,2.258,7f1t,7sk3
7x31,2.631,7f1t,7sk3
7x32,1.991,7f1t,7sk3
7x33,1.492,7f1t,7sk3
7x34,1.541,7f1t,7sk3
7x35,1.542,7f1t,7sk3
7x36,1.387,7f1t,7sk3
7x37,1.019,7f1t,7sk3
7x38,1.087,7f1t,7sk3
7x39,1.459,7f1t,7sk3
7x40,1.696,7f1t,7sk3
7x41,1.254,7f1t,7sk3
7x42,1.743,7f1t,7sk3
7x43,2.157,7f1t,7sk3
7x45,2.106,7f1t,7sk3
7x46,1.621,7f1t,7sk3
7x47,2.022,7f1t,7sk3
7x48,1.833,7f1t,7sk3
7x49,1.77,7f1t,7sk3
7x50,2.652,7f1t,7sk3
7x51,2.921,7f1t,7sk3
7x52,2.975,7f1t,7sk3
7x53,4.954,7f1t,7sk3
7x54,6.787,7f1t,7sk3
7x55,6.006,7f1t,7sk3
7x56,2.917,7f1t,7sk3
8x47,2.888,7f1t,7sk3
8x48,2.444,7f1t,7sk3
8x49,3.234,7f1t,7sk3
8x50,3.692,7f1t,7sk3
8x51,2.909,7f1t,7sk3
8x52,2.67,7f1t,7sk3
8x53,3.474,7f1t,7sk3
8x54,4.312,7f1t,7sk3
8x55,3.359,7f1t,7sk3
8x56,3.087,7f1t,7sk3
8x57,6.994,7f1t,7sk3
1x23,5.082,7f1t,7xbx
1x24,3.569,7f1t,7xbx
1x25,3.499,7f1t,7xbx
1x26,2.723,7f1t,7xbx
1x27,5.366,7f1t,7xbx
1x28,3.886,7f1t,7xbx
1x29,1.211,7f1t,7xbx
1x30,3.39,7f1t,7xbx
1x31,3.94,7f1t,7xbx
1x32,2.662,7f1t,7xbx
1x33,1.958,7f1t,7xbx
1x34,1.417,7f1t,7xbx
1x35,0.576,7f1t,7xbx
1x36,0.833,7f1t,7xbx
1x37,0.941,7f1t,7xbx
1x38,0.467,7f1t,7xbx
1x39,0.359,7f1t,7xbx
1x40,0.651,7f1t,7xbx
1x41,0.735,7f1t,7xbx
1x42,0.526,7f1t,7xbx
1x43,0.218,7f1t,7xbx
1x44,0.225,7f1t,7xbx
1x45,0.38,7f1t,7xbx
1x46,0.518,7f1t,7xbx
1x47,0.387,7f1t,7xbx
1x48,0.251,7f1t,7xbx
1x49,0.368,7f1t,7xbx
1x50,0.322,7f1t,7xbx
1x51,0.484,7f1t,7xbx
1x52,0.489,7f1t,7xbx
1x53,0.584,7f1t,7xbx
1x54,0.682,7f1t,7xbx
1x55,0.592,7f1t,7xbx
1x56,0.579,7f1t,7xbx
1x57,0.924,7f1t,7xbx
1x58,1.267,7f1t,7xbx
1x59,0.87,7f1t,7xbx
1x60,3.516,7f1t,7xbx
12x48,4.704,7f1t,7xbx
12x49,4.117,7f1t,7xbx
12x50,3.861,7f1t,7xbx
12x51,3.86,7f1t,7xbx
2x37,1.644,7f1t,7xbx
2x38,1.085,7f1t,7xbx
2x39,0.902,7f1t,7xbx
2x40,0.896,7f1t,7xbx
2x41,0.94,7f1t,7xbx
2x42,0.879,7f1t,7xbx
2x43,0.592,7f1t,7xbx
2x44,0.504,7f1t,7xbx
2x45,0.442,7f1t,7xbx
2x46,0.547,7f1t,7xbx
2x47,0.408,7f1t,7xbx
2x48,0.341,7f1t,7xbx
2x49,0.265,7f1t,7xbx
2x50,0.3,7f1t,7xbx
2x51,0.227,7f1t,7xbx
2x52,0.625,7f1t,7xbx
2x53,0.797,7f1t,7xbx
2x54,0.498,7f1t,7xbx
2x55,0.444,7f1t,7xbx
2x56,0.938,7f1t,7xbx
2x57,1.102,7f1t,7xbx
2x58,1.061,7f1t,7xbx
2x59,1.164,7f1t,7xbx
2x60,1.01,7f1t,7xbx
2x61,1.354,7f1t,7xbx
2x62,2.087,7f1t,7xbx
2x63,1.914,7f1t,7xbx
2x64,2.329,7f1t,7xbx
2x65,2.638,7f1t,7xbx
2x66,2.768,7f1t,7xbx
3x24,1.843,7f1t,7xbx
3x25,2.377,7f1t,7xbx
3x26,2.697,7f1t,7xbx
3x27,2.085,7f1t,7xbx
3x28,1.621,7f1t,7xbx
3x29,1.537,7f1t,7xbx
3x30,1.488,7f1t,7xbx
3x31,1.144,7f1t,7xbx
3x32,0.963,7f1t,7xbx
3x33,0.729,7f1t,7xbx
3x34,0.728,7f1t,7xbx
3x35,0.439,7f1t,7xbx
3x36,0.468,7f1t,7xbx
3x37,0.358,7f1t,7xbx
3x38,0.529,7f1t,7xbx
3x39,0.146,7f1t,7xbx
3x40,0.122,7f1t,7xbx
3x41,0.544,7f1t,7xbx
3x42,0.803,7f1t,7xbx
3x43,0.801,7f1t,7xbx
3x44,0.739,7f1t,7xbx
3x45,1.16,7f1t,7xbx
3x46,1.392,7f1t,7xbx
3x47,1.273,7f1t,7xbx
3x48,1.308,7f1t,7xbx
3x49,1.213,7f1t,7xbx
3x50,1.275,7f1t,7xbx
3x51,1.382,7f1t,7xbx
3x52,1.379,7f1t,7xbx
3x53,1.644,7f1t,7xbx
3x54,1.559,7f1t,7xbx
3x55,0.91,7f1t,7xbx
3x56,1.102,7f1t,7xbx
34x50,0.957,7f1t,7xbx
34x51,2.381,7f1t,7xbx
34x52,2.673,7f1t,7xbx
34x53,1.916,7f1t,7xbx
34x54,0.867,7f1t,7xbx
34x55,2.786,7f1t,7xbx
34x56,4.42,7f1t,7xbx
34x57,4.831,7f1t,7xbx
4x38,2.271,7f1t,7xbx
4x39,1.634,7f1t,7xbx
4x40,1.413,7f1t,7xbx
4x41,1.757,7f1t,7xbx
4x42,1.245,7f1t,7xbx
4x43,0.375,7f1t,7xbx
4x44,0.778,7f1t,7xbx
4x45,0.477,7f1t,7xbx
4x46,0.219,7f1t,7xbx
4x47,0.347,7f1t,7xbx
4x48,0.349,7f1t,7xbx
4x49,0.35,7f1t,7xbx
4x50,0.195,7f1t,7xbx
4x51,0.266,7f1t,7xbx
4x52,0.445,7f1t,7xbx
4x53,0.253,7f1t,7xbx
4x54,0.304,7f1t,7xbx
4x55,0.25,7f1t,7xbx
4x56,0.687,7f1t,7xbx
4x57,1.179,7f1t,7xbx
4x59,1.078,7f1t,7xbx
4x60,1.24,7f1t,7xbx
4x61,2.366,7f1t,7xbx
4x62,2.641,7f1t,7xbx
4x63,1.916,7f1t,7xbx
4x64,0.457,7f1t,7xbx
4x65,0.458,7f1t,7xbx
ECL2.Cm6,11.987,7f1t,7xbx
ECL2.Cm5,13.838,7f1t,7xbx
ECL2.Cm4,10.145,7f1t,7xbx
ECL2.Cm3,4.737,7f1t,7xbx
ECL2.Cm2,2.316,7f1t,7xbx
ECL2.Cm1,1.846,7f1t,7xbx
45x50,1.733,7f1t,7xbx
45x51,2.77,7f1t,7xbx
45x52,2.713,7f1t,7xbx
ECL2.Cp3,3.534,7f1t,7xbx
ECL2.Cp4,1.706,7f1t,7xbx
ECL2.Cp5,2.143,7f1t,7xbx
ECL2.Cp6,3.099,7f1t,7xbx
ECL2.Cp7,2.649,7f1t,7xbx
5x31,2.438,7f1t,7xbx
5x32,2.416,7f1t,7xbx
5x33,2.449,7f1t,7xbx
5x34,2.021,7f1t,7xbx
5x35,2.05,7f1t,7xbx
5x36,1.872,7f1t,7xbx
5x37,1.825,7f1t,7xbx
5x38,1.372,7f1t,7xbx
5x39,1.092,7f1t,7xbx
5x40,0.661,7f1t,7xbx
5x41,1.11,7f1t,7xbx
5x42,0.774,7f1t,7xbx
5x43,0.769,7f1t,7xbx
5x44,0.705,7f1t,7xbx
5x45,0.852,7f1t,7xbx
5x46,1.437,7f1t,7xbx
5x461,1.668,7f1t,7xbx
5x47,1.301,7f1t,7xbx
5x48,0.728,7f1t,7xbx
5x49,1.084,7f1t,7xbx
5x50,1.77,7f1t,7xbx
5x51,1.297,7f1t,7xbx
5x52,0.688,7f1t,7xbx
5x53,1.847,7f1t,7xbx
5x54,2.501,7f1t,7xbx
5x55,2.035,7f1t,7xbx
5x56,1.555,7f1t,7xbx
5x57,1.746,7f1t,7xbx
5x58,2.297,7f1t,7xbx
5x59,1.94,7f1t,7xbx
5x60,1.392,7f1t,7xbx
5x61,1.867,7f1t,7xbx
5x62,2.087,7f1t,7xbx
5x63,1.69,7f1t,7xbx
5x64,1.589,7f1t,7xbx
5x65,1.884,7f1t,7xbx
5x66,1.901,7f1t,7xbx
5x67,1.859,7f1t,7xbx
ICL3,9.022,7f1t,7xbx
6x28,9.664,7f1t,7xbx
6x29,12.59,7f1t,7xbx
6x30,11.277,7f1t,7xbx
6x31,7.367,7f1t,7xbx
6x32,8.035,7f1t,7xbx
6x33,2.641,7f1t,7xbx
6x34,0.923,7f1t,7xbx
6x35,1.313,7f1t,7xbx
6x36,1.462,7f1t,7xbx
6x37,1.053,7f1t,7xbx
6x38,0.429,7f1t,7xbx
6x39,1.058,7f1t,7xbx
6x40,1.047,7f1t,7xbx
6x41,0.483,7f1t,7xbx
6x42,0.71,7f1t,7xbx
6x43,1.076,7f1t,7xbx
6x44,0.582,7f1t,7xbx
6x45,1.005,7f1t,7xbx
6x46,1.508,7f1t,7xbx
6x47,0.963,7f1t,7xbx
6x48,0.726,7f1t,7xbx
6x49,0.512,7f1t,7xbx
6x50,0.147,7f1t,7xbx
6x51,0.251,7f1t,7xbx
6x52,0.284,7f1t,7xbx
6x53,0.371,7f1t,7xbx
6x54,0.297,7f1t,7xbx
6x55,0.958,7f1t,7xbx
6x56,1.093,7f1t,7xbx
6x57,0.594,7f1t,7xbx
6x58,0.808,7f1t,7xbx
6x59,1.209,7f1t,7xbx
6x60,0.915,7f1t,7xbx
6x61,1.016,7f1t,7xbx
6x62,3.925,7f1t,7xbx
6x63,4.207,7f1t,7xbx
6x64,4.753,7f1t,7xbx
ECL3.Cm3,2.469,7f1t,7xbx
ECL3.Cm2,4.25,7f1t,7xbx
7x23,6.204,7f1t,7xbx
7x24,4.841,7f1t,7xbx
7x25,4.481,7f1t,7xbx
7x26,3.742,7f1t,7xbx
7x27,2.86,7f1t,7xbx
7x28,2.738,7f1t,7xbx
7x29,2.613,7f1t,7xbx
7x30,2.046,7f1t,7xbx
7x31,1.743,7f1t,7xbx
7x32,1.799,7f1t,7xbx
7x33,1.569,7f1t,7xbx
7x34,1.14,7f1t,7xbx
7x35,0.975,7f1t,7xbx
7x36,1.165,7f1t,7xbx
7x37,1.22,7f1t,7xbx
7x38,1.156,7f1t,7xbx
7x39,1.059,7f1t,7xbx
7x40,0.803,7f1t,7xbx
7x41,1.226,7f1t,7xbx
7x42,1.679,7f1t,7xbx
7x43,1.477,7f1t,7xbx
7x45,1.243,7f1t,7xbx
7x46,1.063,7f1t,7xbx
7x47,0.358,7f1t,7xbx
7x48,1.37,7f1t,7xbx
7x49,1.584,7f1t,7xbx
7x50,0.919,7f1t,7xbx
7x51,0.879,7f1t,7xbx
7x52,1.343,7f1t,7xbx
7x53,1.391,7f1t,7xbx
7x54,1.25,7f1t,7xbx
7x55,1.066,7f1t,7xbx
7x56,1.043,7f1t,7xbx
8x47,0.931,7f1t,7xbx
8x48,0.387,7f1t,7xbx
8x49,0.541,7f1t,7xbx
8x50,0.363,7f1t,7xbx
8x51,0.962,7f1t,7xbx
8x52,1.667,7f1t,7xbx
8x53,2.266,7f1t,7xbx
8x54,3.175,7f1t,7xbx
8x55,3.466,7f1t,7xbx
8x56,3.061,7f1t,7xbx
8x57,5.029,7f1t,7xbx
8x58,6.359,7f1t,7xbx
NTr.Cm5,17.415,7f1t,4rws
NTr.Cm4,13.768,7f1t,4rws
NTr.Cm3,9.129,7f1t,4rws
NTr.Cm2,7.108,7f1t,4rws
NTr.Cm1,5.215,7f1t,4rws
1x22,2.934,7f1t,4rws
1x23,2.504,7f1t,4rws
1x24,1.134,7f1t,4rws
1x25,1.109,7f1t,4rws
1x26,1.476,7f1t,4rws
1x27,1.459,7f1t,4rws
1x28,1.906,7f1t,4rws
1x29,1.341,7f1t,4rws
1x30,0.631,7f1t,4rws
1x31,0.868,7f1t,4rws
1x32,1.445,7f1t,4rws
1x33,1.15,7f1t,4rws
1x34,1.102,7f1t,4rws
1x35,0.889,7f1t,4rws
1x36,0.822,7f1t,4rws
1x37,1.601,7f1t,4rws
1x38,1.714,7f1t,4rws
1x39,1.06,7f1t,4rws
1x40,0.978,7f1t,4rws
1x41,1.224,7f1t,4rws
1x42,1.316,7f1t,4rws
1x43,0.678,7f1t,4rws
1x44,0.699,7f1t,4rws
1x45,1.149,7f1t,4rws
1x46,1.002,7f1t,4rws
1x47,0.809,7f1t,4rws
1x48,1.155,7f1t,4rws
1x49,0.822,7f1t,4rws
1x50,0.699,7f1t,4rws
1x51,1.62,7f1t,4rws
1x52,1.551,7f1t,4rws
1x53,1.63,7f1t,4rws
1x54,1.752,7f1t,4rws
1x55,2.01,7f1t,4rws
1x56,2.09,7f1t,4rws
1x57,1.756,7f1t,4rws
1x58,1.731,7f1t,4rws
1x59,2.901,7f1t,4rws
1x60,4.756,7f1t,4rws
2x37,7.019,7f1t,4rws
2x38,5.856,7f1t,4rws
2x39,3.385,7f1t,4rws
2x40,3.356,7f1t,4rws
2x41,2.805,7f1t,4rws
2x42,1.806,7f1t,4rws
2x43,1.518,7f1t,4rws
2x44,1.037,7f1t,4rws
2x45,0.894,7f1t,4rws
2x46,0.746,7f1t,4rws
2x47,0.852,7f1t,4rws
2x48,1.037,7f1t,4rws
2x49,1.209,7f1t,4rws
2x50,1.052,7f1t,4rws
2x51,0.614,7f1t,4rws
2x52,1.525,7f1t,4rws
2x53,1.599,7f1t,4rws
2x54,0.814,7f1t,4rws
2x55,1.492,7f1t,4rws
2x56,1.044,7f1t,4rws
2x57,0.698,7f1t,4rws
2x58,0.874,7f1t,4rws
2x59,0.862,7f1t,4rws
2x60,0.851,7f1t,4rws
2x61,0.891,7f1t,4rws
2x62,1.507,7f1t,4rws
2x63,1.63,7f1t,4rws
2x64,1.967,7f1t,4rws
2x65,2.43,7f1t,4rws
2x66,1.104,7f1t,4rws
23x49,0.867,7f1t,4rws
23x50,0.84,7f1t,4rws
23x51,0.821,7f1t,4rws
23x52,0.471,7f1t,4rws
3x21,0.826,7f1t,4rws
3x22,1.06,7f1t,4rws
3x23,1.092,7f1t,4rws
3x24,0.739,7f1t,4rws
3x25,1.02,7f1t,4rws
3x26,1.197,7f1t,4rws
3x27,0.895,7f1t,4rws
3x28,0.544,7f1t,4rws
3x29,1.304,7f1t,4rws
3x30,1.154,7f1t,4rws
3x31,0.706,7f1t,4rws
3x32,1.465,7f1t,4rws
3x33,1.934,7f1t,4rws
3x34,1.071,7f1t,4rws
3x35,1.014,7f1t,4rws
3x36,1.598,7f1t,4rws
3x37,1.342,7f1t,4rws
3x38,0.755,7f1t,4rws
3x39,0.85,7f1t,4rws
3x40,0.805,7f1t,4rws
3x41,0.987,7f1t,4rws
3x42,0.624,7f1t,4rws
3x43,1.077,7f1t,4rws
3x44,1.124,7f1t,4rws
3x45,1.01,7f1t,4rws
3x46,0.847,7f1t,4rws
3x47,1.243,7f1t,4rws
3x48,1.328,7f1t,4rws
3x49,1.316,7f1t,4rws
3x50,1.082,7f1t,4rws
3x51,1.163,7f1t,4rws
3x52,1.64,7f1t,4rws
3x53,1.615,7f1t,4rws
3x54,1.128,7f1t,4rws
3x55,1.066,7f1t,4rws
3x56,3.081,7f1t,4rws
34x50,3.872,7f1t,4rws
34x51,7.058,7f1t,4rws
34x52,7.617,7f1t,4rws
34x53,3.249,7f1t,4rws
34x54,3.235,7f1t,4rws
34x55,2.819,7f1t,4rws
34x56,2.204,7f1t,4rws
34x57,1.487,7f1t,4rws
4x38,1.419,7f1t,4rws
4x39,5.66,7f1t,4rws
4x40,7.241,7f1t,4rws
4x41,5.232,7f1t,4rws
4x42,2.619,7f1t,4rws
4x43,3.185,7f1t,4rws
4x44,3.809,7f1t,4rws
4x45,2.363,7f1t,4rws
4x46,2.092,7f1t,4rws
4x47,4.211,7f1t,4rws
4x48,3.878,7f1t,4rws
4x49,1.346,7f1t,4rws
4x50,1.357,7f1t,4rws
4x51,2.025,7f1t,4rws
4x52,0.931,7f1t,4rws
4x53,1.185,7f1t,4rws
4x54,2.256,7f1t,4rws
4x55,2.659,7f1t,4rws
4x56,2.722,7f1t,4rws
4x57,3.301,7f1t,4rws
4x59,2.741,7f1t,4rws
4x60,2.398,7f1t,4rws
4x61,3.941,7f1t,4rws
4x62,4.19,7f1t,4rws
4x63,2.433,7f1t,4rws
4x64,1.813,7f1t,4rws
4x65,1.85,7f1t,4rws
ECL2.Cm10,1.371,7f1t,4rws
ECL2.Cm9,1.149,7f1t,4rws
ECL2.Cm8,1.702,7f1t,4rws
ECL2.Cm7,2.292,7f1t,4rws
ECL2.Cm6,2.569,7f1t,4rws
ECL2.Cm5,3.824,7f1t,4rws
ECL2.Cm4,5.063,7f1t,4rws
ECL2.Cm3,1.763,7f1t,4rws
ECL2.Cm2,1.679,7f1t,4rws
ECL2.Cm1,1.538,7f1t,4rws
45x50,1.42,7f1t,4rws
45x51,1.913,7f1t,4rws
45x52,2.345,7f1t,4rws
ECL2.Cp3,1.975,7f1t,4rws
ECL2.Cp4,2.202,7f1t,4rws
ECL2.Cp5,1.896,7f1t,4rws
ECL2.Cp6,3.156,7f1t,4rws
5x33,3.672,7f1t,4rws
5x34,2.912,7f1t,4rws
5x35,3.311,7f1t,4rws
5x36,3.331,7f1t,4rws
5x37,2.916,7f1t,4rws
5x38,2.909,7f1t,4rws
5x39,3.071,7f1t,4rws
5x40,3.182,7f1t,4rws
5x41,3.15,7f1t,4rws
5x42,3.159,7f1t,4rws
5x43,3.373,7f1t,4rws
5x44,3.246,7f1t,4rws
5x45,3.354,7f1t,4rws
5x46,3.828,7f1t,4rws
5x461,4.001,7f1t,4rws
5x47,3.667,7f1t,4rws
5x48,3.032,7f1t,4rws
5x49,3.317,7f1t,4rws
5x50,3.917,7f1t,4rws
5x51,3.553,7f1t,4rws
5x52,2.89,7f1t,4rws
5x53,3.101,7f1t,4rws
5x54,3.33,7f1t,4rws
5x55,3.081,7f1t,4rws
5x56,2.369,7f1t,4rws
5x57,1.751,7f1t,4rws
5x58,1.966,7f1t,4rws
5x59,2.383,7f1t,4rws
5x60,1.793,7f1t,4rws
5x61,1.627,7f1t,4rws
5x62,1.853,7f1t,4rws
5x63,2.489,7f1t,4rws
5x64,1.959,7f1t,4rws
5x65,2.286,7f1t,4rws
5x66,2.949,7f1t,4rws
5x67,2.637,7f1t,4rws
ICL3,5.78,7f1t,4rws
6x30,5.961,7f1t,4rws
6x31,5.322,7f1t,4rws
6x32,3.631,7f1t,4rws
6x33,3.576,7f1t,4rws
6x34,2.267,7f1t,4rws
6x35,1.796,7f1t,4rws
6x36,1.246,7f1t,4rws
6x37,1.248,7f1t,4rws
6x38,0.97,7f1t,4rws
6x39,0.939,7f1t,4rws
6x40,0.491,7f1t,4rws
6x41,0.413,7f1t,4rws
6x42,0.823,7f1t,4rws
6x43,0.478,7f1t,4rws
6x44,0.475,7f1t,4rws
6x45,1.337,7f1t,4rws
6x46,1.135,7f1t,4rws
6x47,1.07,7f1t,4rws
6x48,0.931,7f1t,4rws
6x49,1.218,7f1t,4rws
6x50,1.497,7f1t,4rws
6x51,1.271,7f1t,4rws
6x52,1.914,7f1t,4rws
6x53,2.463,7f1t,4rws
6x54,2.044,7f1t,4rws
6x55,1.96,7f1t,4rws
6x56,2.349,7f1t,4rws
6x57,2.348,7f1t,4rws
6x58,2.588,7f1t,4rws
6x59,2.719,7f1t,4rws
6x60,2.841,7f1t,4rws
6x61,2.591,7f1t,4rws
6x62,3.799,7f1t,4rws
6x63,4.664,7f1t,4rws
6x64,6.077,7f1t,4rws
ECL3.Cm3,4.371,7f1t,4rws
ECL3.Cm2,7.047,7f1t,4rws
7x23,5.438,7f1t,4rws
7x24,3.178,7f1t,4rws
7x25,3.078,7f1t,4rws
7x26,2.638,7f1t,4rws
7x27,1.945,7f1t,4rws
7x28,0.659,7f1t,4rws
7x29,1.073,7f1t,4rws
7x30,1.255,7f1t,4rws
7x31,0.905,7f1t,4rws
7x32,1.101,7f1t,4rws
7x33,1.265,7f1t,4rws
7x34,0.66,7f1t,4rws
7x35,1,7f1t,4rws
7x36,2.077,7f1t,4rws
7x37,1.613,7f1t,4rws
7x38,0.916,7f1t,4rws
7x39,1.977,7f1t,4rws
7x40,1.887,7f1t,4rws
7x41,0.374,7f1t,4rws
7x42,1.243,7f1t,4rws
7x43,2.012,7f1t,4rws
7x45,2.324,7f1t,4rws
7x46,1.298,7f1t,4rws
7x47,1.034,7f1t,4rws
7x48,1.798,7f1t,4rws
7x49,1.46,7f1t,4rws
7x50,0.791,7f1t,4rws
7x51,0.637,7f1t,4rws
7x52,0.616,7f1t,4rws
7x53,2.373,7f1t,4rws
7x54,2.652,7f1t,4rws
NTr.Cm8,12.225,7f1t,4xt1
NTr.Cm7,11.104,7f1t,4xt1
NTr.Cm6,7.732,7f1t,4xt1
NTr.Cm5,7.762,7f1t,4xt1
NTr.Cm4,9.836,7f1t,4xt1
NTr.Cm3,4.136,7f1t,4xt1
NTr.Cm2,4.704,7f1t,4xt1
NTr.Cm1,3.113,7f1t,4xt1
1x22,2.322,7f1t,4xt1
1x23,2.255,7f1t,4xt1
1x24,1.555,7f1t,4xt1
1x25,0.907,7f1t,4xt1
1x26,2.413,7f1t,4xt1
1x27,2.348,7f1t,4xt1
1x28,1.069,7f1t,4xt1
1x29,0.806,7f1t,4xt1
1x30,1.555,7f1t,4xt1
1x31,2.172,7f1t,4xt1
1x32,1.911,7f1t,4xt1
1x33,2.333,7f1t,4xt1
1x34,1.986,7f1t,4xt1
1x35,1.886,7f1t,4xt1
1x36,1.449,7f1t,4xt1
1x37,2.292,7f1t,4xt1
1x38,2.308,7f1t,4xt1
1x39,1.417,7f1t,4xt1
1x40,1.491,7f1t,4xt1
1x41,2.124,7f1t,4xt1
1x42,1.978,7f1t,4xt1
1x43,1.026,7f1t,4xt1
1x44,1.332,7f1t,4xt1
1x45,1.473,7f1t,4xt1
1x46,1.182,7f1t,4xt1
1x47,0.819,7f1t,4xt1
1x48,1.167,7f1t,4xt1
1x49,1.107,7f1t,4xt1
1x50,0.781,7f1t,4xt1
1x51,0.893,7f1t,4xt1
1x52,1.044,7f1t,4xt1
1x53,0.644,7f1t,4xt1
1x54,0.787,7f1t,4xt1
1x55,1.099,7f1t,4xt1
1x56,0.756,7f1t,4xt1
1x57,1.634,7f1t,4xt1
1x58,1.51,7f1t,4xt1
1x59,2.375,7f1t,4xt1
1x60,4.232,7f1t,4xt1
12x48,4.81,7f1t,4xt1
12x49,2.139,7f1t,4xt1
12x50,1.404,7f1t,4xt1
12x51,1.089,7f1t,4xt1
2x37,1.433,7f1t,4xt1
2x38,1.23,7f1t,4xt1
2x39,1.002,7f1t,4xt1
2x40,1.006,7f1t,4xt1
2x41,0.751,7f1t,4xt1
2x42,0.823,7f1t,4xt1
2x43,0.858,7f1t,4xt1
2x44,0.937,7f1t,4xt1
2x45,0.768,7f1t,4xt1
2x46,0.629,7f1t,4xt1
2x47,0.488,7f1t,4xt1
2x48,0.721,7f1t,4xt1
2x49,0.862,7f1t,4xt1
2x50,0.398,7f1t,4xt1
2x51,0.58,7f1t,4xt1
2x52,1.059,7f1t,4xt1
2x53,0.639,7f1t,4xt1
2x54,0.706,7f1t,4xt1
2x55,1.352,7f1t,4xt1
2x56,0.799,7f1t,4xt1
2x57,0.664,7f1t,4xt1
2x58,0.979,7f1t,4xt1
2x59,2.071,7f1t,4xt1
2x60,2.153,7f1t,4xt1
2x61,2.385,7f1t,4xt1
2x62,3.075,7f1t,4xt1
2x63,3.045,7f1t,4xt1
2x64,3.356,7f1t,4xt1
2x65,3.681,7f1t,4xt1
2x66,3.424,7f1t,4xt1
3x22,8.939,7f1t,4xt1
3x23,7.559,7f1t,4xt1
3x24,1.232,7f1t,4xt1
3x25,0.785,7f1t,4xt1
3x26,0.734,7f1t,4xt1
3x27,0.993,7f1t,4xt1
3x28,1.058,7f1t,4xt1
3x29,0.871,7f1t,4xt1
3x30,0.787,7f1t,4xt1
3x31,0.85,7f1t,4xt1
3x32,0.959,7f1t,4xt1
3x33,0.781,7f1t,4xt1
3x34,0.736,7f1t,4xt1
3x35,1.04,7f1t,4xt1
3x36,1.175,7f1t,4xt1
3x37,0.934,7f1t,4xt1
3x38,0.978,7f1t,4xt1
3x39,0.898,7f1t,4xt1
3x40,0.922,7f1t,4xt1
3x41,1.217,7f1t,4xt1
3x42,0.969,7f1t,4xt1
3x43,0.966,7f1t,4xt1
3x44,1.031,7f1t,4xt1
3x45,1.039,7f1t,4xt1
3x46,0.713,7f1t,4xt1
3x47,1.139,7f1t,4xt1
3x48,1.578,7f1t,4xt1
3x49,1.645,7f1t,4xt1
3x50,1.721,7f1t,4xt1
3x51,1.892,7f1t,4xt1
3x52,2.008,7f1t,4xt1
3x53,2.124,7f1t,4xt1
3x54,1.857,7f1t,4xt1
3x55,0.942,7f1t,4xt1
4x38,1.17,7f1t,4xt1
4x39,0.912,7f1t,4xt1
4x40,1.84,7f1t,4xt1
4x41,1.998,7f1t,4xt1
4x42,0.898,7f1t,4xt1
4x43,1.308,7f1t,4xt1
4x44,1.699,7f1t,4xt1
4x45,1.276,7f1t,4xt1
4x46,0.914,7f1t,4xt1
4x47,1.006,7f1t,4xt1
4x48,1.009,7f1t,4xt1
4x49,0.796,7f1t,4xt1
4x50,0.767,7f1t,4xt1
4x51,0.819,7f1t,4xt1
4x52,0.802,7f1t,4xt1
4x53,0.546,7f1t,4xt1
4x54,0.694,7f1t,4xt1
4x55,0.751,7f1t,4xt1
4x56,0.219,7f1t,4xt1
4x57,0.663,7f1t,4xt1
4x59,1.038,7f1t,4xt1
4x60,1.299,7f1t,4xt1
4x61,1.241,7f1t,4xt1
4x62,2.022,7f1t,4xt1
4x63,1.574,7f1t,4xt1
ECL2.Cm8,11.487,7f1t,4xt1
ECL2.Cm7,12.753,7f1t,4xt1
ECL2.Cm6,12.735,7f1t,4xt1
ECL2.Cm5,13.819,7f1t,4xt1
ECL2.Cm4,10.117,7f1t,4xt1
ECL2.Cm3,6.714,7f1t,4xt1
ECL2.Cm2,4.024,7f1t,4xt1
ECL2.Cm1,2.732,7f1t,4xt1
45x50,1.521,7f1t,4xt1
45x51,3.276,7f1t,4xt1
45x52,2.693,7f1t,4xt1
ECL2.Cp3,3.024,7f1t,4xt1
ECL2.Cp4,3.906,7f1t,4xt1
ECL2.Cp5,5.426,7f1t,4xt1
ECL2.Cp6,5.335,7f1t,4xt1
ECL2.Cp7,6.079,7f1t,4xt1
5x34,2.59,7f1t,4xt1
5x35,1.848,7f1t,4xt1
5x36,1.966,7f1t,4xt1
5x37,2.346,7f1t,4xt1
5x38,1.779,7f1t,4xt1
5x39,1.564,7f1t,4xt1
5x40,1.098,7f1t,4xt1
5x41,1.526,7f1t,4xt1
5x42,1.31,7f1t,4xt1
5x43,1.361,7f1t,4xt1
5x44,1.127,7f1t,4xt1
5x45,0.817,7f1t,4xt1
5x46,1.775,7f1t,4xt1
5x461,1.986,7f1t,4xt1
5x47,1.893,7f1t,4xt1
5x48,1.388,7f1t,4xt1
5x49,1.217,7f1t,4xt1
5x50,2.298,7f1t,4xt1
5x51,2.525,7f1t,4xt1
5x52,1.901,7f1t,4xt1
5x53,1.654,7f1t,4xt1
5x54,3.026,7f1t,4xt1
5x55,2.979,7f1t,4xt1
5x56,1.683,7f1t,4xt1
5x57,1.744,7f1t,4xt1
5x58,2.802,7f1t,4xt1
5x59,2.665,7f1t,4xt1
5x60,1.278,7f1t,4xt1
5x61,1.798,7f1t,4xt1
5x62,3.182,7f1t,4xt1
5x63,2.915,7f1t,4xt1
5x64,1.784,7f1t,4xt1
5x65,2.588,7f1t,4xt1
5x66,4.254,7f1t,4xt1
5x67,4.386,7f1t,4xt1
ICL3,7.012,7f1t,4xt1
6x29,10.424,7f1t,4xt1
6x30,12.729,7f1t,4xt1
6x31,12.494,7f1t,4xt1
6x32,11.264,7f1t,4xt1
6x33,6.798,7f1t,4xt1
6x34,6.542,7f1t,4xt1
6x35,5.153,7f1t,4xt1
6x36,4.165,7f1t,4xt1
6x37,4.943,7f1t,4xt1
6x38,4.307,7f1t,4xt1
6x39,2.763,7f1t,4xt1
6x40,3.234,7f1t,4xt1
6x41,3.769,7f1t,4xt1
6x42,2.801,7f1t,4xt1
6x43,1.505,7f1t,4xt1
6x44,2.186,7f1t,4xt1
6x45,2.02,7f1t,4xt1
6x46,1.653,7f1t,4xt1
6x47,0.9,7f1t,4xt1
6x48,0.954,7f1t,4xt1
6x49,1.018,7f1t,4xt1
6x50,0.531,7f1t,4xt1
6x51,0.479,7f1t,4xt1
6x52,0.945,7f1t,4xt1
6x53,0.713,7f1t,4xt1
6x54,0.555,7f1t,4xt1
6x55,0.672,7f1t,4xt1
6x56,0.831,7f1t,4xt1
6x57,0.981,7f1t,4xt1
6x58,0.918,7f1t,4xt1
6x59,1.261,7f1t,4xt1
6x60,1.056,7f1t,4xt1
6x61,1.458,7f1t,4xt1
6x62,5.292,7f1t,4xt1
6x63,6.777,7f1t,4xt1
6x64,7.662,7f1t,4xt1
ECL3.Cm3,4.209,7f1t,4xt1
ECL3.Cm2,3.288,7f1t,4xt1
7x23,3.537,7f1t,4xt1
7x24,2.399,7f1t,4xt1
7x25,1.959,7f1t,4xt1
7x26,1.129,7f1t,4xt1
7x27,1.023,7f1t,4xt1
7x28,0.989,7f1t,4xt1
7x29,0.582,7f1t,4xt1
7x30,0.303,7f1t,4xt1
7x31,0.898,7f1t,4xt1
7x32,0.454,7f1t,4xt1
7x33,0.338,7f1t,4xt1
7x34,0.373,7f1t,4xt1
7x35,0.406,7f1t,4xt1
7x36,0.697,7f1t,4xt1
7x37,0.417,7f1t,4xt1
7x38,0.323,7f1t,4xt1
7x39,0.936,7f1t,4xt1
7x40,0.426,7f1t,4xt1
7x41,0.701,7f1t,4xt1
7x42,1.122,7f1t,4xt1
7x43,1.728,7f1t,4xt1
7x45,1.727,7f1t,4xt1
7x46,1.995,7f1t,4xt1
7x47,1.816,7f1t,4xt1
7x48,1.912,7f1t,4xt1
7x49,1.806,7f1t,4xt1
7x50,2.319,7f1t,4xt1
7x51,3.856,7f1t,4xt1
7x52,4.17,7f1t,4xt1
7x53,5.611,7f1t,4xt1
7x54,7.761,7f1t,4xt1
7x55,6.86,7f1t,4xt1
7x56,3.283,7f1t,4xt1
8x47,3.125,7f1t,4xt1
8x48,2.23,7f1t,4xt1
8x49,2.642,7f1t,4xt1
8x50,3.122,7f1t,4xt1
8x51,2.819,7f1t,4xt1
8x52,1.82,7f1t,4xt1
8x53,2.415,7f1t,4xt1
8x54,3.726,7f1t,4xt1
8x55,3.328,7f1t,4xt1
8x56,2.172,7f1t,4xt1
8x57,5.308,7f1t,4xt1
8x58,6.755,7f1t,4xt1
8x59,5.657,7f1t,4xt1
NTr.Cm6,7.723,7f1t,5wb2
NTr.Cm5,10.887,7f1t,5wb2
NTr.Cm4,10.641,7f1t,5wb2
NTr.Cm3,8.172,7f1t,5wb2
NTr.Cm2,5.926,7f1t,5wb2
NTr.Cm1,3.485,7f1t,5wb2
1x22,2.835,7f1t,5wb2
1x23,2.522,7f1t,5wb2
1x24,1.994,7f1t,5wb2
1x25,0.992,7f1t,5wb2
1x26,2.636,7f1t,5wb2
1x27,2.878,7f1t,5wb2
1x28,1.585,7f1t,5wb2
1x29,0.92,7f1t,5wb2
1x30,2.045,7f1t,5wb2
1x31,2.615,7f1t,5wb2
1x32,1.918,7f1t,5wb2
1x33,2.204,7f1t,5wb2
1x34,1.785,7f1t,5wb2
1x35,1.67,7f1t,5wb2
1x36,1.243,7f1t,5wb2
1x37,2.063,7f1t,5wb2
1x38,2.078,7f1t,5wb2
1x39,1.222,7f1t,5wb2
1x40,1.374,7f1t,5wb2
1x41,2.106,7f1t,5wb2
1x42,1.955,7f1t,5wb2
1x43,0.748,7f1t,5wb2
1x44,1.414,7f1t,5wb2
1x45,1.642,7f1t,5wb2
1x46,1.297,7f1t,5wb2
1x47,0.789,7f1t,5wb2
1x48,1.303,7f1t,5wb2
1x49,1.207,7f1t,5wb2
1x50,0.73,7f1t,5wb2
1x51,0.884,7f1t,5wb2
1x52,1.056,7f1t,5wb2
1x53,0.627,7f1t,5wb2
1x54,0.873,7f1t,5wb2
1x55,1.315,7f1t,5wb2
1x56,0.962,7f1t,5wb2
1x57,1.554,7f1t,5wb2
1x58,1.631,7f1t,5wb2
1x59,2.293,7f1t,5wb2
1x60,5.361,7f1t,5wb2
12x48,5.667,7f1t,5wb2
12x49,2.552,7f1t,5wb2
12x50,1.697,7f1t,5wb2
12x51,1.642,7f1t,5wb2
2x37,2.233,7f1t,5wb2
2x38,1.815,7f1t,5wb2
2x39,1.289,7f1t,5wb2
2x40,1.193,7f1t,5wb2
2x41,1.022,7f1t,5wb2
2x42,1.027,7f1t,5wb2
2x43,0.923,7f1t,5wb2
2x44,1.07,7f1t,5wb2
2x45,0.942,7f1t,5wb2
2x46,0.741,7f1t,5wb2
2x47,0.602,7f1t,5wb2
2x48,0.772,7f1t,5wb2
2x49,0.968,7f1t,5wb2
2x50,0.648,7f1t,5wb2
2x51,0.665,7f1t,5wb2
2x52,1.174,7f1t,5wb2
2x53,1.003,7f1t,5wb2
2x54,0.542,7f1t,5wb2
2x55,1.505,7f1t,5wb2
2x56,1.396,7f1t,5wb2
2x57,1.161,7f1t,5wb2
2x58,1.459,7f1t,5wb2
2x59,2.413,7f1t,5wb2
2x60,2.453,7f1t,5wb2
2x61,2.637,7f1t,5wb2
2x62,3.054,7f1t,5wb2
2x63,2.764,7f1t,5wb2
2x64,3.05,7f1t,5wb2
2x65,3.477,7f1t,5wb2
2x66,3.085,7f1t,5wb2
3x21,1.017,7f1t,5wb2
3x22,1.631,7f1t,5wb2
3x23,1.718,7f1t,5wb2
3x24,1.068,7f1t,5wb2
3x25,0.973,7f1t,5wb2
3x26,0.812,7f1t,5wb2
3x27,1.081,7f1t,5wb2
3x28,1.204,7f1t,5wb2
3x29,1.005,7f1t,5wb2
3x30,0.97,7f1t,5wb2
3x31,0.835,7f1t,5wb2
3x32,0.58,7f1t,5wb2
3x33,0.929,7f1t,5wb2
3x34,1.132,7f1t,5wb2
3x35,1.184,7f1t,5wb2
3x36,1.151,7f1t,5wb2
3x37,1.078,7f1t,5wb2
3x38,1.209,7f1t,5wb2
3x39,0.929,7f1t,5wb2
3x40,1.136,7f1t,5wb2
3x41,1.462,7f1t,5wb2
3x42,1.111,7f1t,5wb2
3x43,1.095,7f1t,5wb2
3x44,1.229,7f1t,5wb2
3x45,1.058,7f1t,5wb2
3x46,0.593,7f1t,5wb2
3x47,1.157,7f1t,5wb2
3x48,1.645,7f1t,5wb2
3x49,1.52,7f1t,5wb2
3x50,1.485,7f1t,5wb2
3x51,1.79,7f1t,5wb2
3x52,1.805,7f1t,5wb2
3x53,1.739,7f1t,5wb2
3x54,1.542,7f1t,5wb2
3x55,0.978,7f1t,5wb2
4x38,1.576,7f1t,5wb2
4x39,1.717,7f1t,5wb2
4x40,2.584,7f1t,5wb2
4x41,2.325,7f1t,5wb2
4x42,1.33,7f1t,5wb2
4x43,1.97,7f1t,5wb2
4x44,2.248,7f1t,5wb2
4x45,1.761,7f1t,5wb2
4x46,1.363,7f1t,5wb2
4x47,1.498,7f1t,5wb2
4x48,1.578,7f1t,5wb2
4x49,1.18,7f1t,5wb2
4x50,1.299,7f1t,5wb2
4x51,1.6,7f1t,5wb2
4x52,1.608,7f1t,5wb2
4x53,1.091,7f1t,5wb2
4x54,1.16,7f1t,5wb2
4x55,1.971,7f1t,5wb2
4x56,1.725,7f1t,5wb2
4x57,0.662,7f1t,5wb2
4x59,0.477,7f1t,5wb2
4x60,0.53,7f1t,5wb2
4x61,1.218,7f1t,5wb2
4x62,2.058,7f1t,5wb2
4x63,2.085,7f1t,5wb2
ECL2.Cm8,11.82,7f1t,5wb2
ECL2.Cm7,13.022,7f1t,5wb2
ECL2.Cm6,11.915,7f1t,5wb2
ECL2.Cm5,12.197,7f1t,5wb2
ECL2.Cm4,10.222,7f1t,5wb2
ECL2.Cm3,6.248,7f1t,5wb2
ECL2.Cm2,1.902,7f1t,5wb2
ECL2.Cm1,1.046,7f1t,5wb2
45x50,1.27,7f1t,5wb2
45x51,1.659,7f1t,5wb2
45x52,0.902,7f1t,5wb2
ECL2.Cp3,1.893,7f1t,5wb2
ECL2.Cp4,3.356,7f1t,5wb2
ECL2.Cp5,5.005,7f1t,5wb2
ECL2.Cp6,6.439,7f1t,5wb2
ECL2.Cp7,6.414,7f1t,5wb2
5x34,2.922,7f1t,5wb2
5x35,1.835,7f1t,5wb2
5x36,1.591,7f1t,5wb2
5x37,2.43,7f1t,5wb2
5x38,2.197,7f1t,5wb2
5x39,1.774,7f1t,5wb2
5x40,1.225,7f1t,5wb2
5x41,1.962,7f1t,5wb2
5x42,2.073,7f1t,5wb2
5x43,1.844,7f1t,5wb2
5x44,1.28,7f1t,5wb2
5x45,0.991,7f1t,5wb2
5x46,2.324,7f1t,5wb2
5x461,2.529,7f1t,5wb2
5x47,2.138,7f1t,5wb2
5x48,1.314,7f1t,5wb2
5x49,1.438,7f1t,5wb2
5x50,2.611,7f1t,5wb2
5x51,2.615,7f1t,5wb2
5x52,1.922,7f1t,5wb2
5x53,1.928,7f1t,5wb2
5x54,3.25,7f1t,5wb2
5x55,3.151,7f1t,5wb2
5x56,1.886,7f1t,5wb2
5x57,1.948,7f1t,5wb2
5x58,2.853,7f1t,5wb2
5x59,2.716,7f1t,5wb2
5x60,1.43,7f1t,5wb2
5x61,1.756,7f1t,5wb2
5x62,2.987,7f1t,5wb2
5x63,2.824,7f1t,5wb2
5x64,1.83,7f1t,5wb2
5x65,2.407,7f1t,5wb2
5x66,4.014,7f1t,5wb2
5x67,4.223,7f1t,5wb2
6x29,11.317,7f1t,5wb2
6x30,13.439,7f1t,5wb2
6x31,13.12,7f1t,5wb2
6x32,11.774,7f1t,5wb2
6x33,7.233,7f1t,5wb2
6x34,6.983,7f1t,5wb2
6x35,5.489,7f1t,5wb2
6x36,4.33,7f1t,5wb2
6x37,5.068,7f1t,5wb2
6x38,4.394,7f1t,5wb2
6x39,2.843,7f1t,5wb2
6x40,3.104,7f1t,5wb2
6x41,3.564,7f1t,5wb2
6x42,2.642,7f1t,5wb2
6x43,1.384,7f1t,5wb2
6x44,1.973,7f1t,5wb2
6x45,1.733,7f1t,5wb2
6x46,1.55,7f1t,5wb2
6x47,1.06,7f1t,5wb2
6x48,1.007,7f1t,5wb2
6x49,1.107,7f1t,5wb2
6x50,0.618,7f1t,5wb2
6x51,0.634,7f1t,5wb2
6x52,1.198,7f1t,5wb2
6x53,0.887,7f1t,5wb2
6x54,0.843,7f1t,5wb2
6x55,1.107,7f1t,5wb2
6x56,1.153,7f1t,5wb2
6x57,1.14,7f1t,5wb2
6x58,1.254,7f1t,5wb2
6x59,1.537,7f1t,5wb2
6x60,1.172,7f1t,5wb2
6x61,1.276,7f1t,5wb2
6x62,4.591,7f1t,5wb2
6x63,5.986,7f1t,5wb2
6x64,6.726,7f1t,5wb2
ECL3.Cm3,4.324,7f1t,5wb2
ECL3.Cm2,4.32,7f1t,5wb2
7x23,4.459,7f1t,5wb2
7x24,3.165,7f1t,5wb2
7x25,2.792,7f1t,5wb2
7x26,1.918,7f1t,5wb2
7x27,1.627,7f1t,5wb2
7x28,1.629,7f1t,5wb2
7x29,1.201,7f1t,5wb2
7x30,0.867,7f1t,5wb2
7x31,1.328,7f1t,5wb2
7x32,0.936,7f1t,5wb2
7x33,0.621,7f1t,5wb2
7x34,0.679,7f1t,5wb2
7x35,0.61,7f1t,5wb2
7x36,0.755,7f1t,5wb2
7x37,0.636,7f1t,5wb2
7x38,0.556,7f1t,5wb2
7x39,0.762,7f1t,5wb2
7x40,0.545,7f1t,5wb2
7x41,0.446,7f1t,5wb2
7x42,0.735,7f1t,5wb2
7x43,1.577,7f1t,5wb2
7x45,1.693,7f1t,5wb2
7x46,1.732,7f1t,5wb2
7x47,1.702,7f1t,5wb2
7x48,1.892,7f1t,5wb2
7x49,1.95,7f1t,5wb2
7x50,2.335,7f1t,5wb2
7x51,3.778,7f1t,5wb2
7x52,4.189,7f1t,5wb2
7x53,5.638,7f1t,5wb2
7x54,7.548,7f1t,5wb2
7x55,6.398,7f1t,5wb2
7x56,2.895,7f1t,5wb2
8x47,2.699,7f1t,5wb2
8x48,1.853,7f1t,5wb2
8x49,2.5,7f1t,5wb2
8x50,2.868,7f1t,5wb2
8x51,2.457,7f1t,5wb2
8x52,1.657,7f1t,5wb2
8x53,2.458,7f1t,5wb2
8x54,3.571,7f1t,5wb2
8x55,2.884,7f1t,5wb2
8x56,1.894,7f1t,5wb2
8x57,5.07,7f1t,5wb2
8x58,7.217,7f1t,5wb2
8x59,6.234,7f1t,5wb2
NTr.Cm9,6.358,6wwz,6lfo
NTr.Cm8,4.149,6wwz,6lfo
NTr.Cm7,1.778,6wwz,6lfo
NTr.Cm6,2.459,6wwz,6lfo
NTr.Cm5,4.781,6wwz,6lfo
NTr.Cm4,1.834,6wwz,6lfo
NTr.Cm3,1.414,6wwz,6lfo
NTr.Cm2,1.082,6wwz,6lfo
NTr.Cm1,2.767,6wwz,6lfo
1x22,0.788,6wwz,6lfo
1x23,3.177,6wwz,6lfo
1x24,1.821,6wwz,6lfo
1x25,3.222,6wwz,6lfo
1x26,2.894,6wwz,6lfo
1x27,7.602,6wwz,6lfo
1x28,4.469,6wwz,6lfo
1x30,1.815,6wwz,6lfo
1x31,2.488,6wwz,6lfo
1x32,2.625,6wwz,6lfo
1x33,0.933,6wwz,6lfo
1x34,1.935,6wwz,6lfo
1x35,1.806,6wwz,6lfo
1x36,1.207,6wwz,6lfo
1x37,1.218,6wwz,6lfo
1x38,1.259,6wwz,6lfo
1x39,0.633,6wwz,6lfo
1x40,0.878,6wwz,6lfo
1x41,0.869,6wwz,6lfo
1x42,0.937,6wwz,6lfo
1x43,0.9,6wwz,6lfo
1x44,0.79,6wwz,6lfo
1x45,0.945,6wwz,6lfo
1x46,1.484,6wwz,6lfo
1x47,1.333,6wwz,6lfo
1x48,1.278,6wwz,6lfo
1x49,0.833,6wwz,6lfo
1x50,0.164,6wwz,6lfo
1x51,0.89,6wwz,6lfo
1x52,1.328,6wwz,6lfo
1x53,1.24,6wwz,6lfo
1x54,0.317,6wwz,6lfo
1x55,1.494,6wwz,6lfo
1x56,1.85,6wwz,6lfo
1x57,1.363,6wwz,6lfo
1x58,1.198,6wwz,6lfo
1x59,0.818,6wwz,6lfo
1x60,1.788,6wwz,6lfo
12x48,1.572,6wwz,6lfo
12x49,2.24,6wwz,6lfo
12x50,3.392,6wwz,6lfo
12x51,2.044,6wwz,6lfo
2x37,1.823,6wwz,6lfo
2x38,0.942,6wwz,6lfo
2x39,0.648,6wwz,6lfo
2x40,0.719,6wwz,6lfo
2x41,0.334,6wwz,6lfo
2x42,0.451,6wwz,6lfo
2x43,0.522,6wwz,6lfo
2x44,0.489,6wwz,6lfo
2x45,0.459,6wwz,6lfo
2x46,0.199,6wwz,6lfo
2x47,0.289,6wwz,6lfo
2x48,0.417,6wwz,6lfo
2x49,0.281,6wwz,6lfo
2x50,0.619,6wwz,6lfo
2x51,0.875,6wwz,6lfo
2x52,1.112,6wwz,6lfo
2x53,0.831,6wwz,6lfo
2x54,0.887,6wwz,6lfo
2x55,1.311,6wwz,6lfo
2x56,0.513,6wwz,6lfo
2x57,1.167,6wwz,6lfo
2x58,0.661,6wwz,6lfo
2x59,1.076,6wwz,6lfo
2x60,2.453,6wwz,6lfo
2x61,2.078,6wwz,6lfo
2x62,1.773,6wwz,6lfo
2x63,2.216,6wwz,6lfo
2x64,2.995,6wwz,6lfo
2x65,3.197,6wwz,6lfo
2x66,3.057,6wwz,6lfo
23x49,4.111,6wwz,6lfo
23x50,2.56,6wwz,6lfo
23x51,2.831,6wwz,6lfo
23x52,1.521,6wwz,6lfo
3x21,2.49,6wwz,6lfo
3x22,1.833,6wwz,6lfo
3x23,0.708,6wwz,6lfo
3x24,0.457,6wwz,6lfo
3x25,1.848,6wwz,6lfo
3x26,1.528,6wwz,6lfo
3x27,1.382,6wwz,6lfo
3x28,1.205,6wwz,6lfo
3x29,1.465,6wwz,6lfo
3x30,1.589,6wwz,6lfo
3x31,1.438,6wwz,6lfo
3x32,0.802,6wwz,6lfo
3x33,0.763,6wwz,6lfo
3x34,0.55,6wwz,6lfo
3x35,0.715,6wwz,6lfo
3x36,0.559,6wwz,6lfo
3x37,0.754,6wwz,6lfo
3x38,0.787,6wwz,6lfo
3x39,0.775,6wwz,6lfo
3x40,0.957,6wwz,6lfo
3x41,0.993,6wwz,6lfo
3x42,0.671,6wwz,6lfo
3x43,0.894,6wwz,6lfo
3x44,1.292,6wwz,6lfo
3x45,1.18,6wwz,6lfo
3x46,0.873,6wwz,6lfo
3x47,0.993,6wwz,6lfo
3x48,1.167,6wwz,6lfo
3x49,0.924,6wwz,6lfo
3x50,1.43,6wwz,6lfo
3x51,1.197,6wwz,6lfo
3x52,1.412,6wwz,6lfo
3x53,1.22,6wwz,6lfo
3x54,1.337,6wwz,6lfo
3x55,1.216,6wwz,6lfo
3x56,1.517,6wwz,6lfo
34x50,0.817,6wwz,6lfo
34x51,1.629,6wwz,6lfo
34x52,1.712,6wwz,6lfo
34x53,3.384,6wwz,6lfo
34x54,5.695,6wwz,6lfo
34x55,7.917,6wwz,6lfo
34x56,8.602,6wwz,6lfo
4x38,5.622,6wwz,6lfo
4x39,3.726,6wwz,6lfo
4x40,5.038,6wwz,6lfo
4x41,1.429,6wwz,6lfo
4x42,0.684,6wwz,6lfo
4x43,0.75,6wwz,6lfo
4x44,0.897,6wwz,6lfo
4x45,0.811,6wwz,6lfo
4x46,1.236,6wwz,6lfo
4x47,1.258,6wwz,6lfo
4x48,0.647,6wwz,6lfo
4x49,0.821,6wwz,6lfo
4x50,1.27,6wwz,6lfo
4x51,1.058,6wwz,6lfo
4x52,1.001,6wwz,6lfo
4x53,0.635,6wwz,6lfo
4x54,0.916,6wwz,6lfo
4x55,0.935,6wwz,6lfo
4x56,0.85,6wwz,6lfo
4x57,0.993,6wwz,6lfo
4x59,5.173,6wwz,6lfo
4x60,3.825,6wwz,6lfo
4x61,3.004,6wwz,6lfo
4x62,4.722,6wwz,6lfo
4x63,5.346,6wwz,6lfo
4x64,4.426,6wwz,6lfo
ECL2.Cm10,3.337,6wwz,6lfo
ECL2.Cm9,4.154,6wwz,6lfo
ECL2.Cm8,3.489,6wwz,6lfo
ECL2.Cm7,4.208,6wwz,6lfo
ECL2.Cm6,4.584,6wwz,6lfo
ECL2.Cm5,4.01,6wwz,6lfo
ECL2.Cm4,5.982,6wwz,6lfo
ECL2.Cm3,5.263,6wwz,6lfo
ECL2.Cm2,4.126,6wwz,6lfo
ECL2.Cm1,3.319,6wwz,6lfo
45x50,2.485,6wwz,6lfo
45x51,2.483,6wwz,6lfo
45x52,2.436,6wwz,6lfo
ECL2.Cp3,4.244,6wwz,6lfo
ECL2.Cp4,2.797,6wwz,6lfo
ECL2.Cp5,2.246,6wwz,6lfo
ECL2.Cp6,7.358,6wwz,6lfo
ECL2.Cp7,5.553,6wwz,6lfo
ECL2.Cp8,8.485,6wwz,6lfo
ECL2.Cp9,8.446,6wwz,6lfo
5x34,3.414,6wwz,6lfo
5x35,1.102,6wwz,6lfo
5x36,2.065,6wwz,6lfo
5x37,2.068,6wwz,6lfo
5x38,0.745,6wwz,6lfo
5x39,1.27,6wwz,6lfo
5x40,1.778,6wwz,6lfo
5x41,0.598,6wwz,6lfo
5x42,1.822,6wwz,6lfo
5x43,3.64,6wwz,6lfo
5x44,3.073,6wwz,6lfo
5x45,0.927,6wwz,6lfo
5x46,2.147,6wwz,6lfo
5x461,3.158,6wwz,6lfo
5x47,2.379,6wwz,6lfo
5x48,0.75,6wwz,6lfo
5x49,0.706,6wwz,6lfo
5x50,1.309,6wwz,6lfo
5x51,1.417,6wwz,6lfo
5x52,1.228,6wwz,6lfo
5x53,0.899,6wwz,6lfo
5x54,1.149,6wwz,6lfo
5x55,1.31,6wwz,6lfo
5x56,1.231,6wwz,6lfo
5x57,1.057,6wwz,6lfo
5x58,1.339,6wwz,6lfo
5x59,1.54,6wwz,6lfo
5x60,1.428,6wwz,6lfo
5x61,1.446,6wwz,6lfo
5x62,1.865,6wwz,6lfo
5x63,1.621,6wwz,6lfo
5x64,1.796,6wwz,6lfo
5x65,2.026,6wwz,6lfo
5x66,2.366,6wwz,6lfo
5x67,2.402,6wwz,6lfo
5x68,1.905,6wwz,6lfo
ICL3,3.15,6wwz,6lfo
6x30,2.406,6wwz,6lfo
6x31,2.548,6wwz,6lfo
6x32,2.003,6wwz,6lfo
6x33,1.561,6wwz,6lfo
6x34,1.617,6wwz,6lfo
6x35,1.848,6wwz,6lfo
6x36,1.739,6wwz,6lfo
6x37,1.578,6wwz,6lfo
6x38,1.546,6wwz,6lfo
6x39,1.962,6wwz,6lfo
6x40,1.699,6wwz,6lfo
6x41,2.191,6wwz,6lfo
6x42,2.201,6wwz,6lfo
6x43,2.124,6wwz,6lfo
6x44,2.079,6wwz,6lfo
6x45,2.061,6wwz,6lfo
6x46,2.632,6wwz,6lfo
6x47,2.667,6wwz,6lfo
6x48,2.379,6wwz,6lfo
6x49,2.15,6wwz,6lfo
6x50,1.775,6wwz,6lfo
6x51,1.786,6wwz,6lfo
6x52,1.518,6wwz,6lfo
6x53,1.514,6wwz,6lfo
6x54,0.974,6wwz,6lfo
6x55,1.008,6wwz,6lfo
6x56,1.231,6wwz,6lfo
6x57,1.14,6wwz,6lfo
6x58,0.356,6wwz,6lfo
6x59,0.7,6wwz,6lfo
6x60,0.664,6wwz,6lfo
6x61,1.944,6wwz,6lfo
6x62,0.658,6wwz,6lfo
6x63,3.444,6wwz,6lfo
6x64,5.076,6wwz,6lfo
ECL3.Cm3,6.196,6wwz,6lfo
ECL3.Cm2,2.378,6wwz,6lfo
7x23,1.975,6wwz,6lfo
7x24,1.735,6wwz,6lfo
7x25,2.364,6wwz,6lfo
7x26,1.656,6wwz,6lfo
7x27,1.577,6wwz,6lfo
7x28,2.155,6wwz,6lfo
7x29,2.027,6wwz,6lfo
7x30,1.639,6wwz,6lfo
7x31,2.225,6wwz,6lfo
7x32,1.43,6wwz,6lfo
7x33,1.722,6wwz,6lfo
7x34,1.552,6wwz,6lfo
7x35,1.589,6wwz,6lfo
7x36,1.499,6wwz,6lfo
7x37,1.801,6wwz,6lfo
7x38,1.75,6wwz,6lfo
7x39,0.572,6wwz,6lfo
7x40,0.614,6wwz,6lfo
7x41,1.133,6wwz,6lfo
7x42,0.936,6wwz,6lfo
7x43,0.619,6wwz,6lfo
7x45,1.601,6wwz,6lfo
7x46,2.808,6wwz,6lfo
7x47,2.759,6wwz,6lfo
7x48,1.287,6wwz,6lfo
7x49,1.501,6wwz,6lfo
7x50,2.396,6wwz,6lfo
7x51,2.306,6wwz,6lfo
7x52,1.449,6wwz,6lfo
7x53,0.97,6wwz,6lfo
7x54,0.823,6wwz,6lfo
7x55,0.796,6wwz,6lfo
7x56,0.952,6wwz,6lfo
8x47,1.328,6wwz,6lfo
8x48,0.746,6wwz,6lfo
8x49,1.828,6wwz,6lfo
8x50,1.784,6wwz,6lfo
8x51,1.124,6wwz,6lfo
8x52,0.966,6wwz,6lfo
8x53,2.14,6wwz,6lfo
8x54,1.484,6wwz,6lfo
8x55,1.258,6wwz,6lfo
8x56,1.555,6wwz,6lfo
8x57,1.412,6wwz,6lfo
8x58,0.841,6wwz,6lfo
8x59,1.076,6wwz,6lfo
CT,20.628,6wwz,6lfo
NTr.Cm9,10.718,6wwz,ngo
NTr.Cm8,10.814,6wwz,ngo
NTr.Cm7,8.275,6wwz,ngo
NTr.Cm6,8.305,6wwz,ngo
NTr.Cm5,7.462,6wwz,ngo
NTr.Cm4,7.362,6wwz,ngo
NTr.Cm3,4.266,6wwz,ngo
NTr.Cm2,2.688,6wwz,ngo
NTr.Cm1,1.87,6wwz,ngo
1x22,2.357,6wwz,ngo
1x23,3.15,6wwz,ngo
1x24,2.501,6wwz,ngo
1x25,2.087,6wwz,ngo
1x26,2.874,6wwz,ngo
1x27,2.957,6wwz,ngo
1x28,1.72,6wwz,ngo
1x29,1.95,6wwz,ngo
1x30,2.71,6wwz,ngo
1x31,2.235,6wwz,ngo
1x32,1.384,6wwz,ngo
1x33,1.915,6wwz,ngo
1x34,1.326,6wwz,ngo
1x35,1.531,6wwz,ngo
1x36,1.111,6wwz,ngo
1x37,1.19,6wwz,ngo
1x38,1.149,6wwz,ngo
1x39,0.727,6wwz,ngo
1x40,0.81,6wwz,ngo
1x41,1.21,6wwz,ngo
1x42,1.282,6wwz,ngo
1x43,0.846,6wwz,ngo
1x44,0.317,6wwz,ngo
1x45,0.931,6wwz,ngo
1x46,1.758,6wwz,ngo
1x47,1.661,6wwz,ngo
1x48,1.808,6wwz,ngo
1x49,1.733,6wwz,ngo
1x50,1.363,6wwz,ngo
1x51,1.33,6wwz,ngo
1x52,1.399,6wwz,ngo
1x53,1.193,6wwz,ngo
1x54,1.071,6wwz,ngo
1x55,1.218,6wwz,ngo
1x56,1.402,6wwz,ngo
1x57,1.827,6wwz,ngo
1x58,1.796,6wwz,ngo
1x59,1.393,6wwz,ngo
1x60,4.976,6wwz,ngo
12x48,9.418,6wwz,ngo
12x49,12.901,6wwz,ngo
12x50,10.816,6wwz,ngo
12x51,6.157,6wwz,ngo
2x37,7.087,6wwz,ngo
2x38,4.071,6wwz,ngo
2x39,2.033,6wwz,ngo
2x40,2.414,6wwz,ngo
2x41,1.821,6wwz,ngo
2x42,1.6,6wwz,ngo
2x43,1.942,6wwz,ngo
2x44,1.881,6wwz,ngo
2x45,1.925,6wwz,ngo
2x46,1.616,6wwz,ngo
2x47,1.328,6wwz,ngo
2x48,1.013,6wwz,ngo
2x49,0.947,6wwz,ngo
2x50,0.874,6wwz,ngo
2x51,0.693,6wwz,ngo
2x52,0.886,6wwz,ngo
2x53,0.719,6wwz,ngo
2x54,0.567,6wwz,ngo
2x55,0.425,6wwz,ngo
2x56,0.851,6wwz,ngo
2x57,1.072,6wwz,ngo
2x58,0.895,6wwz,ngo
2x59,1.191,6wwz,ngo
2x60,1.954,6wwz,ngo
2x61,0.941,6wwz,ngo
2x62,1.459,6wwz,ngo
2x63,2.198,6wwz,ngo
2x64,2.195,6wwz,ngo
2x65,1.984,6wwz,ngo
2x66,2.627,6wwz,ngo
23x49,2.767,6wwz,ngo
23x50,2.112,6wwz,ngo
23x51,2.328,6wwz,ngo
23x52,2.12,6wwz,ngo
3x21,2.3,6wwz,ngo
3x22,1.545,6wwz,ngo
3x23,0.986,6wwz,ngo
3x24,1.1,6wwz,ngo
3x25,0.973,6wwz,ngo
3x26,1.449,6wwz,ngo
3x27,1.192,6wwz,ngo
3x28,1.204,6wwz,ngo
3x29,1.061,6wwz,ngo
3x30,1.316,6wwz,ngo
3x31,1.761,6wwz,ngo
3x32,1.71,6wwz,ngo
3x33,0.927,6wwz,ngo
3x34,1.067,6wwz,ngo
3x35,2.293,6wwz,ngo
3x36,2.362,6wwz,ngo
3x37,1.704,6wwz,ngo
3x38,1.582,6wwz,ngo
3x39,1.474,6wwz,ngo
3x40,1.507,6wwz,ngo
3x41,1.696,6wwz,ngo
3x42,1.48,6wwz,ngo
3x43,1.342,6wwz,ngo
3x44,0.964,6wwz,ngo
3x45,0.956,6wwz,ngo
3x46,1.021,6wwz,ngo
3x47,0.863,6wwz,ngo
3x48,0.39,6wwz,ngo
3x49,0.555,6wwz,ngo
3x50,0.729,6wwz,ngo
3x51,0.534,6wwz,ngo
3x52,0.344,6wwz,ngo
3x53,0.325,6wwz,ngo
3x54,0.651,6wwz,ngo
3x55,0.388,6wwz,ngo
3x56,0.85,6wwz,ngo
34x50,0.718,6wwz,ngo
34x51,1.667,6wwz,ngo
34x52,2.502,6wwz,ngo
34x53,2.495,6wwz,ngo
34x54,6.339,6wwz,ngo
34x55,10.597,6wwz,ngo
34x56,9.584,6wwz,ngo
4x38,3.955,6wwz,ngo
4x39,8.382,6wwz,ngo
4x40,9.82,6wwz,ngo
4x41,5.698,6wwz,ngo
4x42,1.612,6wwz,ngo
4x43,4.866,6wwz,ngo
4x44,5.161,6wwz,ngo
4x45,2.661,6wwz,ngo
4x46,3.395,6wwz,ngo
4x47,5.908,6wwz,ngo
4x48,5.252,6wwz,ngo
4x49,2.716,6wwz,ngo
4x50,2.177,6wwz,ngo
4x51,1.727,6wwz,ngo
4x52,1.639,6wwz,ngo
4x53,1.543,6wwz,ngo
4x54,1.174,6wwz,ngo
4x55,0.81,6wwz,ngo
4x56,1.774,6wwz,ngo
4x57,1.937,6wwz,ngo
4x59,2.608,6wwz,ngo
4x60,2.534,6wwz,ngo
4x61,2.942,6wwz,ngo
4x62,3.444,6wwz,ngo
4x63,2.783,6wwz,ngo
4x64,2.788,6wwz,ngo
ECL2.Cm10,1.839,6wwz,ngo
ECL2.Cm9,2.424,6wwz,ngo
ECL2.Cm8,2.74,6wwz,ngo
ECL2.Cm7,2.239,6wwz,ngo
ECL2.Cm6,3.798,6wwz,ngo
ECL2.Cm5,2.609,6wwz,ngo
ECL2.Cm4,5.2,6wwz,ngo
ECL2.Cm3,4.831,6wwz,ngo
ECL2.Cm2,3.362,6wwz,ngo
ECL2.Cm1,2.448,6wwz,ngo
45x50,1.216,6wwz,ngo
45x51,1.624,6wwz,ngo
45x52,1.744,6wwz,ngo
ECL2.Cp3,2.035,6wwz,ngo
ECL2.Cp4,2.988,6wwz,ngo
ECL2.Cp5,4.515,6wwz,ngo
ECL2.Cp6,9.218,6wwz,ngo
5x34,1.248,6wwz,ngo
5x35,1.686,6wwz,ngo
5x36,2.096,6wwz,ngo
5x37,1.25,6wwz,ngo
5x38,0.988,6wwz,ngo
5x39,1.961,6wwz,ngo
5x40,2.471,6wwz,ngo
5x41,1.879,6wwz,ngo
5x42,1.525,6wwz,ngo
5x43,1.932,6wwz,ngo
5x44,2.242,6wwz,ngo
5x45,1.787,6wwz,ngo
5x46,1.436,6wwz,ngo
5x461,1.668,6wwz,ngo
5x47,1.479,6wwz,ngo
5x48,1.432,6wwz,ngo
5x49,1.819,6wwz,ngo
5x50,1.305,6wwz,ngo
5x51,1.201,6wwz,ngo
5x52,1.098,6wwz,ngo
5x53,1.05,6wwz,ngo
5x54,0.827,6wwz,ngo
5x55,0.679,6wwz,ngo
5x56,0.634,6wwz,ngo
5x57,0.714,6wwz,ngo
5x58,1.032,6wwz,ngo
5x59,0.998,6wwz,ngo
5x60,0.765,6wwz,ngo
5x61,0.84,6wwz,ngo
5x62,0.873,6wwz,ngo
5x63,0.761,6wwz,ngo
5x64,0.95,6wwz,ngo
5x65,2.023,6wwz,ngo
5x66,5.978,6wwz,ngo
5x67,7.392,6wwz,ngo
5x68,6.395,6wwz,ngo
ICL3,6.533,6wwz,ngo
6x30,7.927,6wwz,ngo
6x31,7.442,6wwz,ngo
6x32,6.24,6wwz,ngo
6x33,6.772,6wwz,ngo
6x34,7.016,6wwz,ngo
6x35,5.79,6wwz,ngo
6x36,5.032,6wwz,ngo
6x37,5.961,6wwz,ngo
6x38,5.39,6wwz,ngo
6x39,4.178,6wwz,ngo
6x40,4.227,6wwz,ngo
6x41,5.103,6wwz,ngo
6x42,4.011,6wwz,ngo
6x43,2.845,6wwz,ngo
6x44,3.922,6wwz,ngo
6x45,4.103,6wwz,ngo
6x46,2.958,6wwz,ngo
6x47,2.254,6wwz,ngo
6x48,2.165,6wwz,ngo
6x49,2.129,6wwz,ngo
6x50,1.804,6wwz,ngo
6x51,1.169,6wwz,ngo
6x52,1.116,6wwz,ngo
6x53,1.841,6wwz,ngo
6x54,1.535,6wwz,ngo
6x55,1.256,6wwz,ngo
6x56,2.362,6wwz,ngo
6x57,2.349,6wwz,ngo
6x58,2.282,6wwz,ngo
6x59,2.092,6wwz,ngo
6x60,1.394,6wwz,ngo
6x61,2.501,6wwz,ngo
6x62,2.584,6wwz,ngo
6x63,5.668,6wwz,ngo
6x64,4.297,6wwz,ngo
ECL3.Cm3,6.43,6wwz,ngo
ECL3.Cm2,3.543,6wwz,ngo
7x23,1.678,6wwz,ngo
7x24,1.732,6wwz,ngo
7x25,2.509,6wwz,ngo
7x26,1.793,6wwz,ngo
7x27,1.381,6wwz,ngo
7x28,2.541,6wwz,ngo
7x29,2.056,6wwz,ngo
7x30,1.54,6wwz,ngo
7x31,2.789,6wwz,ngo
7x32,2.163,6wwz,ngo
7x33,1.61,6wwz,ngo
7x34,1.993,6wwz,ngo
7x35,2.229,6wwz,ngo
7x36,2.358,6wwz,ngo
7x37,2.002,6wwz,ngo
7x38,1.713,6wwz,ngo
7x39,2.081,6wwz,ngo
7x40,2.351,6wwz,ngo
7x41,1.143,6wwz,ngo
7x42,1.092,6wwz,ngo
7x43,1.609,6wwz,ngo
7x45,2.731,6wwz,ngo
7x46,3.959,6wwz,ngo
7x47,3.211,6wwz,ngo
7x48,1.422,6wwz,ngo
7x49,3.98,6wwz,ngo
7x50,5.804,6wwz,ngo
7x51,3.964,6wwz,ngo
7x52,2.008,6wwz,ngo
7x53,6.326,6wwz,ngo
7x54,7.992,6wwz,ngo
7x55,6.351,6wwz,ngo
NTr.Cm8,17.739,6wwz,7sk3
NTr.Cm7,13.741,6wwz,7sk3
NTr.Cm6,12.287,6wwz,7sk3
NTr.Cm5,10.921,6wwz,7sk3
NTr.Cm4,3.834,6wwz,7sk3
NTr.Cm3,3.683,6wwz,7sk3
NTr.Cm2,1.517,6wwz,7sk3
NTr.Cm1,3.546,6wwz,7sk3
1x22,2.815,6wwz,7sk3
1x23,3.836,6wwz,7sk3
1x24,6.012,6wwz,7sk3
1x25,1.188,6wwz,7sk3
1x26,2.235,6wwz,7sk3
1x27,7.007,6wwz,7sk3
1x28,4.29,6wwz,7sk3
1x29,4.277,6wwz,7sk3
1x30,4.578,6wwz,7sk3
1x31,3.863,6wwz,7sk3
1x32,3.103,6wwz,7sk3
1x33,2.098,6wwz,7sk3
1x34,2.913,6wwz,7sk3
1x35,2.887,6wwz,7sk3
1x36,1.926,6wwz,7sk3
1x37,1.593,6wwz,7sk3
1x38,2.025,6wwz,7sk3
1x39,1.595,6wwz,7sk3
1x40,1.736,6wwz,7sk3
1x41,1.844,6wwz,7sk3
1x42,0.989,6wwz,7sk3
1x43,0.948,6wwz,7sk3
1x44,1.459,6wwz,7sk3
1x45,1.507,6wwz,7sk3
1x46,1.332,6wwz,7sk3
1x47,1.127,6wwz,7sk3
1x48,1.766,6wwz,7sk3
1x49,1.928,6wwz,7sk3
1x50,1.472,6wwz,7sk3
1x51,1.421,6wwz,7sk3
1x52,1.644,6wwz,7sk3
1x53,1.444,6wwz,7sk3
1x54,1.813,6wwz,7sk3
1x55,1.929,6wwz,7sk3
1x56,2.016,6wwz,7sk3
1x57,2.167,6wwz,7sk3
1x58,2.715,6wwz,7sk3
1x59,2.373,6wwz,7sk3
1x60,3.584,6wwz,7sk3
12x48,3.173,6wwz,7sk3
12x49,3.053,6wwz,7sk3
12x50,5.475,6wwz,7sk3
12x51,6.985,6wwz,7sk3
2x37,6.634,6wwz,7sk3
2x38,6.144,6wwz,7sk3
2x39,5.757,6wwz,7sk3
2x40,2.496,6wwz,7sk3
2x41,1.747,6wwz,7sk3
2x42,1.097,6wwz,7sk3
2x43,0.907,6wwz,7sk3
2x44,1.124,6wwz,7sk3
2x45,1.037,6wwz,7sk3
2x46,1.003,6wwz,7sk3
2x47,1.091,6wwz,7sk3
2x48,0.731,6wwz,7sk3
2x49,0.595,6wwz,7sk3
2x50,1.242,6wwz,7sk3
2x51,1.338,6wwz,7sk3
2x52,1.408,6wwz,7sk3
2x53,1.067,6wwz,7sk3
2x54,0.853,6wwz,7sk3
2x55,0.894,6wwz,7sk3
2x56,1.38,6wwz,7sk3
2x57,1.383,6wwz,7sk3
2x58,0.185,6wwz,7sk3
2x59,1.274,6wwz,7sk3
2x60,1.769,6wwz,7sk3
2x61,1.007,6wwz,7sk3
2x62,1.228,6wwz,7sk3
2x63,1.745,6wwz,7sk3
2x64,1.891,6wwz,7sk3
2x65,2.149,6wwz,7sk3
2x66,3.662,6wwz,7sk3
ECL1,4.699,6wwz,7sk3
23x49,3.535,6wwz,7sk3
23x50,1.948,6wwz,7sk3
23x51,2.145,6wwz,7sk3
23x52,1.641,6wwz,7sk3
3x21,1.471,6wwz,7sk3
3x22,0.949,6wwz,7sk3
3x23,0.892,6wwz,7sk3
3x24,0.846,6wwz,7sk3
3x25,1.104,6wwz,7sk3
3x26,1.306,6wwz,7sk3
3x27,0.867,6wwz,7sk3
3x28,0.693,6wwz,7sk3
3x29,1.271,6wwz,7sk3
3x30,1.586,6wwz,7sk3
3x31,1.275,6wwz,7sk3
3x32,0.683,6wwz,7sk3
3x33,0.557,6wwz,7sk3
3x34,0.333,6wwz,7sk3
3x35,0.607,6wwz,7sk3
3x36,0.502,6wwz,7sk3
3x37,0.683,6wwz,7sk3
3x38,0.751,6wwz,7sk3
3x39,0.747,6wwz,7sk3
3x40,0.971,6wwz,7sk3
3x41,1.167,6wwz,7sk3
3x42,0.922,6wwz,7sk3
3x43,0.737,6wwz,7sk3
3x44,1.043,6wwz,7sk3
3x45,1.271,6wwz,7sk3
3x46,0.944,6wwz,7sk3
3x47,0.476,6wwz,7sk3
3x48,0.85,6wwz,7sk3
3x49,1.006,6wwz,7sk3
3x50,0.774,6wwz,7sk3
3x51,0.647,6wwz,7sk3
3x52,0.812,6wwz,7sk3
3x53,1.545,6wwz,7sk3
3x54,1.857,6wwz,7sk3
3x55,2.922,6wwz,7sk3
3x56,3.346,6wwz,7sk3
ICL2,6.378,6wwz,7sk3
4x41,2.519,6wwz,7sk3
4x42,1.441,6wwz,7sk3
4x43,1.66,6wwz,7sk3
4x44,1.739,6wwz,7sk3
4x45,1.276,6wwz,7sk3
4x46,0.961,6wwz,7sk3
4x47,1.003,6wwz,7sk3
4x48,0.875,6wwz,7sk3
4x49,0.992,6wwz,7sk3
4x50,0.974,6wwz,7sk3
4x51,0.91,6wwz,7sk3
4x52,0.809,6wwz,7sk3
4x53,1.215,6wwz,7sk3
4x54,1.14,6wwz,7sk3
4x55,0.687,6wwz,7sk3
4x56,0.631,6wwz,7sk3
4x57,0.61,6wwz,7sk3
4x59,4.312,6wwz,7sk3
4x60,4.01,6wwz,7sk3
4x61,4.54,6wwz,7sk3
4x62,4.325,6wwz,7sk3
4x63,4.422,6wwz,7sk3
4x64,4.504,6wwz,7sk3
ECL2.Cm10,7.305,6wwz,7sk3
ECL2.Cm9,7.685,6wwz,7sk3
ECL2.Cm8,7.01,6wwz,7sk3
ECL2.Cm7,6.76,6wwz,7sk3
ECL2.Cm6,8.207,6wwz,7sk3
ECL2.Cm5,4.594,6wwz,7sk3
ECL2.Cm4,3.629,6wwz,7sk3
ECL2.Cm3,0.528,6wwz,7sk3
ECL2.Cm2,0.215,6wwz,7sk3
ECL2.Cm1,1.075,6wwz,7sk3
45x50,1.375,6wwz,7sk3
45x51,1.547,6wwz,7sk3
45x52,1.152,6wwz,7sk3
ECL2.Cp3,1.844,6wwz,7sk3
ECL2.Cp4,1.993,6wwz,7sk3
ECL2.Cp5,4.602,6wwz,7sk3
ECL2.Cp6,5.411,6wwz,7sk3
ECL2.Cp7,4.839,6wwz,7sk3
5x34,0.945,6wwz,7sk3
5x35,0.742,6wwz,7sk3
5x36,0.35,6wwz,7sk3
5x37,0.492,6wwz,7sk3
5x38,0.681,6wwz,7sk3
5x39,0.628,6wwz,7sk3
5x40,0.693,6wwz,7sk3
5x41,0.749,6wwz,7sk3
5x42,0.864,6wwz,7sk3
5x43,0.802,6wwz,7sk3
5x44,0.571,6wwz,7sk3
5x45,0.81,6wwz,7sk3
5x46,1.245,6wwz,7sk3
5x461,0.98,6wwz,7sk3
5x47,0.561,6wwz,7sk3
5x48,1.195,6wwz,7sk3
5x49,1.681,6wwz,7sk3
5x50,1.146,6wwz,7sk3
5x51,1.316,6wwz,7sk3
5x52,1.511,6wwz,7sk3
5x53,1.04,6wwz,7sk3
5x54,1.061,6wwz,7sk3
5x55,1.527,6wwz,7sk3
5x56,1.437,6wwz,7sk3
5x57,0.868,6wwz,7sk3
5x58,1.092,6wwz,7sk3
5x59,1.346,6wwz,7sk3
5x60,1.322,6wwz,7sk3
5x61,1.183,6wwz,7sk3
5x62,1.286,6wwz,7sk3
5x63,1.252,6wwz,7sk3
5x64,2.117,6wwz,7sk3
5x65,1.721,6wwz,7sk3
5x66,1.786,6wwz,7sk3
5x67,2.372,6wwz,7sk3
5x68,1.759,6wwz,7sk3
ICL3,1.817,6wwz,7sk3
6x30,3.884,6wwz,7sk3
6x31,5.895,6wwz,7sk3
6x32,3.943,6wwz,7sk3
6x33,2.463,6wwz,7sk3
6x34,0.867,6wwz,7sk3
6x35,1.508,6wwz,7sk3
6x36,1.088,6wwz,7sk3
6x37,0.373,6wwz,7sk3
6x38,1.464,6wwz,7sk3
6x39,1.522,6wwz,7sk3
6x40,1.495,6wwz,7sk3
6x41,1.659,6wwz,7sk3
6x42,1.711,6wwz,7sk3
6x43,1.368,6wwz,7sk3
6x44,1.372,6wwz,7sk3
6x45,1.595,6wwz,7sk3
6x46,1.498,6wwz,7sk3
6x47,1.42,6wwz,7sk3
6x48,1.362,6wwz,7sk3
6x49,1.265,6wwz,7sk3
6x50,1.207,6wwz,7sk3
6x51,1.167,6wwz,7sk3
6x52,1.003,6wwz,7sk3
6x53,1.381,6wwz,7sk3
6x54,1.502,6wwz,7sk3
6x55,1.196,6wwz,7sk3
6x56,1.185,6wwz,7sk3
6x57,1.494,6wwz,7sk3
6x58,1.921,6wwz,7sk3
6x59,2.049,6wwz,7sk3
6x60,2.494,6wwz,7sk3
6x61,3.836,6wwz,7sk3
6x62,1.842,6wwz,7sk3
6x63,2.946,6wwz,7sk3
6x64,2.523,6wwz,7sk3
ECL3.Cm3,4.917,6wwz,7sk3
ECL3.Cm2,3.547,6wwz,7sk3
7x23,3.463,6wwz,7sk3
7x24,3.491,6wwz,7sk3
7x25,3.15,6wwz,7sk3
7x26,3.537,6wwz,7sk3
7x27,3.809,6wwz,7sk3
7x28,3.409,6wwz,7sk3
7x29,2.633,6wwz,7sk3
7x30,2.447,6wwz,7sk3
7x31,2.809,6wwz,7sk3
7x32,2.038,6wwz,7sk3
7x33,1.329,6wwz,7sk3
7x34,1.42,6wwz,7sk3
7x35,1.446,6wwz,7sk3
7x36,1.395,6wwz,7sk3
7x37,1.326,6wwz,7sk3
7x38,1.481,6wwz,7sk3
7x39,0.935,6wwz,7sk3
7x40,0.919,6wwz,7sk3
7x41,0.514,6wwz,7sk3
7x42,0.484,6wwz,7sk3
7x43,0.682,6wwz,7sk3
7x45,0.909,6wwz,7sk3
7x46,1.965,6wwz,7sk3
7x47,2.338,6wwz,7sk3
7x48,1.696,6wwz,7sk3
7x49,0.974,6wwz,7sk3
7x50,2.214,6wwz,7sk3
7x51,2.69,6wwz,7sk3
7x52,1.792,6wwz,7sk3
7x53,0.651,6wwz,7sk3
7x54,0.227,6wwz,7sk3
7x55,0.574,6wwz,7sk3
7x56,0.873,6wwz,7sk3
8x47,0.698,6wwz,7sk3
8x48,1.045,6wwz,7sk3
8x49,0.794,6wwz,7sk3
8x50,0.673,6wwz,7sk3
8x51,0.574,6wwz,7sk3
8x52,0.594,6wwz,7sk3
8x53,0.78,6wwz,7sk3
8x54,0.692,6wwz,7sk3
8x55,1.649,6wwz,7sk3
8x56,1.683,6wwz,7sk3
8x57,2.194,6wwz,7sk3
1x23,3.012,6wwz,7xbx
1x24,2.35,6wwz,7xbx
1x25,2.978,6wwz,7xbx
1x26,2.036,6wwz,7xbx
1x27,2.683,6wwz,7xbx
1x28,2.613,6wwz,7xbx
1x29,2.718,6wwz,7xbx
1x30,2.627,6wwz,7xbx
1x31,2.733,6wwz,7xbx
1x32,3.319,6wwz,7xbx
1x33,1.707,6wwz,7xbx
1x34,2.159,6wwz,7xbx
1x35,1.677,6wwz,7xbx
1x36,0.312,6wwz,7xbx
1x37,1.188,6wwz,7xbx
1x38,1.155,6wwz,7xbx
1x39,0.877,6wwz,7xbx
1x40,0.637,6wwz,7xbx
1x41,0.955,6wwz,7xbx
1x42,0.833,6wwz,7xbx
1x43,0.841,6wwz,7xbx
1x44,0.868,6wwz,7xbx
1x45,0.801,6wwz,7xbx
1x46,0.719,6wwz,7xbx
1x47,0.466,6wwz,7xbx
1x48,1.058,6wwz,7xbx
1x49,1.063,6wwz,7xbx
1x50,0.816,6wwz,7xbx
1x51,0.694,6wwz,7xbx
1x52,0.84,6wwz,7xbx
1x53,1.227,6wwz,7xbx
1x54,1.417,6wwz,7xbx
1x55,1.709,6wwz,7xbx
1x56,2.093,6wwz,7xbx
1x57,2.622,6wwz,7xbx
1x58,2.808,6wwz,7xbx
1x59,3.063,6wwz,7xbx
1x60,4.472,6wwz,7xbx
12x48,6.949,6wwz,7xbx
12x49,5.463,6wwz,7xbx
12x50,3.117,6wwz,7xbx
12x51,4.565,6wwz,7xbx
2x37,1.128,6wwz,7xbx
2x38,1.662,6wwz,7xbx
2x39,0.613,6wwz,7xbx
2x40,0.758,6wwz,7xbx
2x41,0.811,6wwz,7xbx
2x42,0.732,6wwz,7xbx
2x43,0.97,6wwz,7xbx
2x44,1.17,6wwz,7xbx
2x45,1.167,6wwz,7xbx
2x46,1.257,6wwz,7xbx
2x47,1.384,6wwz,7xbx
2x48,1.373,6wwz,7xbx
2x49,1.303,6wwz,7xbx
2x50,1.55,6wwz,7xbx
2x51,1.69,6wwz,7xbx
2x52,2.575,6wwz,7xbx
2x53,2.072,6wwz,7xbx
2x54,0.653,6wwz,7xbx
2x55,1.5,6wwz,7xbx
2x56,1.894,6wwz,7xbx
2x57,1.1,6wwz,7xbx
2x58,1.011,6wwz,7xbx
2x59,1.789,6wwz,7xbx
2x60,1.48,6wwz,7xbx
2x61,1.377,6wwz,7xbx
2x62,1.866,6wwz,7xbx
2x63,1.714,6wwz,7xbx
2x64,1.544,6wwz,7xbx
2x65,1.807,6wwz,7xbx
2x66,1.658,6wwz,7xbx
ECL1,2.927,6wwz,7xbx
3x24,1.811,6wwz,7xbx
3x25,2.57,6wwz,7xbx
3x26,2.896,6wwz,7xbx
3x27,1.8,6wwz,7xbx
3x28,1.831,6wwz,7xbx
3x29,1.574,6wwz,7xbx
3x30,1.777,6wwz,7xbx
3x31,2.258,6wwz,7xbx
3x32,2.001,6wwz,7xbx
3x33,1.45,6wwz,7xbx
3x34,1.227,6wwz,7xbx
3x35,1.491,6wwz,7xbx
3x36,1.319,6wwz,7xbx
3x37,0.942,6wwz,7xbx
3x38,1.023,6wwz,7xbx
3x39,1.039,6wwz,7xbx
3x40,1.028,6wwz,7xbx
3x41,1.008,6wwz,7xbx
3x42,0.791,6wwz,7xbx
3x43,0.569,6wwz,7xbx
3x44,1.055,6wwz,7xbx
3x45,1.265,6wwz,7xbx
3x46,0.908,6wwz,7xbx
3x47,0.642,6wwz,7xbx
3x48,1.189,6wwz,7xbx
3x49,1.205,6wwz,7xbx
3x50,1.068,6wwz,7xbx
3x51,1.228,6wwz,7xbx
3x52,1.497,6wwz,7xbx
3x53,1.463,6wwz,7xbx
3x54,1.578,6wwz,7xbx
3x55,1.219,6wwz,7xbx
3x56,2.229,6wwz,7xbx
34x50,2.833,6wwz,7xbx
34x51,4.392,6wwz,7xbx
34x52,4.645,6wwz,7xbx
34x53,4.128,6wwz,7xbx
34x54,5.646,6wwz,7xbx
34x55,8.027,6wwz,7xbx
34x56,8.17,6wwz,7xbx
4x38,2,6wwz,7xbx
4x39,1.767,6wwz,7xbx
4x40,1.778,6wwz,7xbx
4x41,1.249,6wwz,7xbx
4x42,0.595,6wwz,7xbx
4x43,0.673,6wwz,7xbx
4x44,0.676,6wwz,7xbx
4x45,0.391,6wwz,7xbx
4x46,0.845,6wwz,7xbx
4x47,0.951,6wwz,7xbx
4x48,0.498,6wwz,7xbx
4x49,0.665,6wwz,7xbx
4x50,1.172,6wwz,7xbx
4x51,1.167,6wwz,7xbx
4x52,1.04,6wwz,7xbx
4x53,1.411,6wwz,7xbx
4x54,1.61,6wwz,7xbx
4x55,1.339,6wwz,7xbx
4x56,1.385,6wwz,7xbx
4x57,1.966,6wwz,7xbx
4x59,3.795,6wwz,7xbx
4x60,4.205,6wwz,7xbx
4x61,7.046,6wwz,7xbx
4x62,6.139,6wwz,7xbx
4x63,4.768,6wwz,7xbx
4x64,3.926,6wwz,7xbx
ECL2.Cm6,11.877,6wwz,7xbx
ECL2.Cm5,13.759,6wwz,7xbx
ECL2.Cm4,11.305,6wwz,7xbx
ECL2.Cm3,5.849,6wwz,7xbx
ECL2.Cm2,4.114,6wwz,7xbx
ECL2.Cm1,3.185,6wwz,7xbx
45x50,2.392,6wwz,7xbx
45x51,1.539,6wwz,7xbx
45x52,1.6,6wwz,7xbx
ECL2.Cp3,2.847,6wwz,7xbx
ECL2.Cp4,1.413,6wwz,7xbx
ECL2.Cp5,3.493,6wwz,7xbx
ECL2.Cp6,4.579,6wwz,7xbx
ECL2.Cp7,2.521,6wwz,7xbx
5x34,2.886,6wwz,7xbx
5x35,2.902,6wwz,7xbx
5x36,1.821,6wwz,7xbx
5x37,1.108,6wwz,7xbx
5x38,1.463,6wwz,7xbx
5x39,2.059,6wwz,7xbx
5x40,1.664,6wwz,7xbx
5x41,0.974,6wwz,7xbx
5x42,1.329,6wwz,7xbx
5x43,1.387,6wwz,7xbx
5x44,1.184,6wwz,7xbx
5x45,1.334,6wwz,7xbx
5x46,1.463,6wwz,7xbx
5x461,0.93,6wwz,7xbx
5x47,0.521,6wwz,7xbx
5x48,1.51,6wwz,7xbx
5x49,2.25,6wwz,7xbx
5x50,1.12,6wwz,7xbx
5x51,0.386,6wwz,7xbx
5x52,0.737,6wwz,7xbx
5x53,1,6wwz,7xbx
5x54,0.78,6wwz,7xbx
5x55,0.795,6wwz,7xbx
5x56,0.664,6wwz,7xbx
5x57,0.834,6wwz,7xbx
5x58,0.723,6wwz,7xbx
5x59,0.806,6wwz,7xbx
5x60,1.217,6wwz,7xbx
5x61,0.94,6wwz,7xbx
5x62,1.143,6wwz,7xbx
5x63,1.484,6wwz,7xbx
5x64,2.222,6wwz,7xbx
5x65,1.305,6wwz,7xbx
5x66,2.444,6wwz,7xbx
5x67,3.528,6wwz,7xbx
5x68,2.879,6wwz,7xbx
ICL3,4.095,6wwz,7xbx
6x30,2.444,6wwz,7xbx
6x31,5.814,6wwz,7xbx
6x32,3.69,6wwz,7xbx
6x33,4.952,6wwz,7xbx
6x34,6.682,6wwz,7xbx
6x35,5.079,6wwz,7xbx
6x36,3.527,6wwz,7xbx
6x37,5.726,6wwz,7xbx
6x38,5.222,6wwz,7xbx
6x39,2.936,6wwz,7xbx
6x40,3.398,6wwz,7xbx
6x41,4.418,6wwz,7xbx
6x42,3.477,6wwz,7xbx
6x43,1.625,6wwz,7xbx
6x44,2.601,6wwz,7xbx
6x45,3.077,6wwz,7xbx
6x46,1.934,6wwz,7xbx
6x47,1.092,6wwz,7xbx
6x48,1.527,6wwz,7xbx
6x49,1.164,6wwz,7xbx
6x50,1.075,6wwz,7xbx
6x51,0.965,6wwz,7xbx
6x52,0.507,6wwz,7xbx
6x53,0.6,6wwz,7xbx
6x54,0.498,6wwz,7xbx
6x55,0.615,6wwz,7xbx
6x56,0.891,6wwz,7xbx
6x57,0.793,6wwz,7xbx
6x58,0.605,6wwz,7xbx
6x59,0.934,6wwz,7xbx
6x60,0.858,6wwz,7xbx
6x61,2.266,6wwz,7xbx
6x62,1.004,6wwz,7xbx
6x63,4.569,6wwz,7xbx
6x64,3.691,6wwz,7xbx
ECL3.Cm3,9.288,6wwz,7xbx
ECL3.Cm2,2.075,6wwz,7xbx
7x23,2.308,6wwz,7xbx
7x24,1.311,6wwz,7xbx
7x25,1.619,6wwz,7xbx
7x26,1.501,6wwz,7xbx
7x27,1.164,6wwz,7xbx
7x28,1.826,6wwz,7xbx
7x29,1.719,6wwz,7xbx
7x30,1.418,6wwz,7xbx
7x31,2.282,6wwz,7xbx
7x32,1.662,6wwz,7xbx
7x33,1.542,6wwz,7xbx
7x34,1.57,6wwz,7xbx
7x35,1.087,6wwz,7xbx
7x36,0.996,6wwz,7xbx
7x37,1.432,6wwz,7xbx
7x38,1.509,6wwz,7xbx
7x39,1.35,6wwz,7xbx
7x40,1.665,6wwz,7xbx
7x41,2.023,6wwz,7xbx
7x42,2.189,6wwz,7xbx
7x43,2.358,6wwz,7xbx
7x45,2.5,6wwz,7xbx
7x46,2.883,6wwz,7xbx
7x47,3.071,6wwz,7xbx
7x48,2.7,6wwz,7xbx
7x49,2.671,6wwz,7xbx
7x50,4.719,6wwz,7xbx
7x51,4.899,6wwz,7xbx
7x52,3.205,6wwz,7xbx
7x53,4.384,6wwz,7xbx
7x54,7.011,6wwz,7xbx
7x55,6.407,6wwz,7xbx
7x56,3.364,6wwz,7xbx
8x47,4.046,6wwz,7xbx
8x48,3.836,6wwz,7xbx
8x49,4.332,6wwz,7xbx
8x50,4.434,6wwz,7xbx
8x51,4.13,6wwz,7xbx
8x52,4.214,6wwz,7xbx
8x53,5.316,6wwz,7xbx
8x54,5.294,6wwz,7xbx
8x55,4.408,6wwz,7xbx
8x56,4.958,6wwz,7xbx
8x57,5.79,6wwz,7xbx
8x58,5.063,6wwz,7xbx
NTr.Cm5,7.155,6wwz,4rws
NTr.Cm4,7.906,6wwz,4rws
NTr.Cm3,5.931,6wwz,4rws
NTr.Cm2,3.27,6wwz,4rws
NTr.Cm1,1.105,6wwz,4rws
1x22,0.956,6wwz,4rws
1x23,1.35,6wwz,4rws
1x24,1.753,6wwz,4rws
1x25,0.914,6wwz,4rws
1x26,1.699,6wwz,4rws
1x27,1.99,6wwz,4rws
1x28,1.282,6wwz,4rws
1x29,0.382,6wwz,4rws
1x30,1.373,6wwz,4rws
1x31,0.842,6wwz,4rws
1x32,1.041,6wwz,4rws
1x33,1.948,6wwz,4rws
1x34,1.422,6wwz,4rws
1x35,1.289,6wwz,4rws
1x36,1.71,6wwz,4rws
1x37,1.727,6wwz,4rws
1x38,0.848,6wwz,4rws
1x39,0.635,6wwz,4rws
1x40,1.369,6wwz,4rws
1x41,1.418,6wwz,4rws
1x42,0.893,6wwz,4rws
1x43,0.385,6wwz,4rws
1x44,0.914,6wwz,4rws
1x45,1.146,6wwz,4rws
1x46,0.873,6wwz,4rws
1x47,0.743,6wwz,4rws
1x48,0.502,6wwz,4rws
1x49,0.593,6wwz,4rws
1x50,0.751,6wwz,4rws
1x51,1.105,6wwz,4rws
1x52,0.939,6wwz,4rws
1x53,1.102,6wwz,4rws
1x54,0.581,6wwz,4rws
1x55,0.705,6wwz,4rws
1x56,0.849,6wwz,4rws
1x57,1.814,6wwz,4rws
1x58,2.87,6wwz,4rws
1x59,2.704,6wwz,4rws
1x60,3.379,6wwz,4rws
2x37,6.732,6wwz,4rws
2x38,4.193,6wwz,4rws
2x39,3.021,6wwz,4rws
2x40,3.212,6wwz,4rws
2x41,2.615,6wwz,4rws
2x42,2.065,6wwz,4rws
2x43,1.953,6wwz,4rws
2x44,1.43,6wwz,4rws
2x45,1.368,6wwz,4rws
2x46,1.207,6wwz,4rws
2x47,1.217,6wwz,4rws
2x48,0.906,6wwz,4rws
2x49,0.374,6wwz,4rws
2x50,1.282,6wwz,4rws
2x51,1.052,6wwz,4rws
2x52,0.771,6wwz,4rws
2x53,0.733,6wwz,4rws
2x54,0.531,6wwz,4rws
2x55,0.751,6wwz,4rws
2x56,1.197,6wwz,4rws
2x57,1.169,6wwz,4rws
2x58,0.475,6wwz,4rws
2x59,1.505,6wwz,4rws
2x60,2.473,6wwz,4rws
2x61,1.542,6wwz,4rws
2x62,2.612,6wwz,4rws
2x63,3.157,6wwz,4rws
2x64,3.539,6wwz,4rws
2x65,4.206,6wwz,4rws
2x66,3.329,6wwz,4rws
23x49,2.548,6wwz,4rws
23x50,1.98,6wwz,4rws
23x51,2.12,6wwz,4rws
23x52,2.258,6wwz,4rws
3x21,2.264,6wwz,4rws
3x22,1.91,6wwz,4rws
3x23,1.739,6wwz,4rws
3x24,1.942,6wwz,4rws
3x25,1.647,6wwz,4rws
3x26,2.326,6wwz,4rws
3x27,2.069,6wwz,4rws
3x28,1.744,6wwz,4rws
3x29,2.026,6wwz,4rws
3x30,2.472,6wwz,4rws
3x31,2.369,6wwz,4rws
3x32,2.029,6wwz,4rws
3x33,1.613,6wwz,4rws
3x34,1.558,6wwz,4rws
3x35,2.393,6wwz,4rws
3x36,2.37,6wwz,4rws
3x37,1.893,6wwz,4rws
3x38,1.521,6wwz,4rws
3x39,1.522,6wwz,4rws
3x40,1.328,6wwz,4rws
3x41,1.341,6wwz,4rws
3x42,1.2,6wwz,4rws
3x43,1.134,6wwz,4rws
3x44,0.672,6wwz,4rws
3x45,1.028,6wwz,4rws
3x46,1.337,6wwz,4rws
3x47,1.031,6wwz,4rws
3x48,0.61,6wwz,4rws
3x49,1.467,6wwz,4rws
3x50,1.512,6wwz,4rws
3x51,0.788,6wwz,4rws
3x52,1.252,6wwz,4rws
3x53,1.706,6wwz,4rws
3x54,1.534,6wwz,4rws
3x55,0.359,6wwz,4rws
3x56,0.791,6wwz,4rws
34x50,1.214,6wwz,4rws
34x51,1.305,6wwz,4rws
34x52,4.342,6wwz,4rws
34x53,2.905,6wwz,4rws
34x54,5.824,6wwz,4rws
34x55,9.263,6wwz,4rws
34x56,8.972,6wwz,4rws
4x38,3.41,6wwz,4rws
4x39,5.184,6wwz,4rws
4x40,8.277,6wwz,4rws
4x41,6.6,6wwz,4rws
4x42,2.224,6wwz,4rws
4x43,2.598,6wwz,4rws
4x44,4.207,6wwz,4rws
4x45,2.946,6wwz,4rws
4x46,1.502,6wwz,4rws
4x47,3.831,6wwz,4rws
4x48,3.669,6wwz,4rws
4x49,1.578,6wwz,4rws
4x50,1.327,6wwz,4rws
4x51,1.079,6wwz,4rws
4x52,0.457,6wwz,4rws
4x53,0.633,6wwz,4rws
4x54,1.46,6wwz,4rws
4x55,1.579,6wwz,4rws
4x56,1.601,6wwz,4rws
4x57,2.22,6wwz,4rws
4x59,5.116,6wwz,4rws
4x60,3.788,6wwz,4rws
4x61,1.605,6wwz,4rws
4x62,4.296,6wwz,4rws
4x63,4.998,6wwz,4rws
4x64,4.088,6wwz,4rws
ECL2.Cm10,1.588,6wwz,4rws
ECL2.Cm9,1.476,6wwz,4rws
ECL2.Cm8,1.76,6wwz,4rws
ECL2.Cm7,1.02,6wwz,4rws
ECL2.Cm6,1.12,6wwz,4rws
ECL2.Cm5,0.802,6wwz,4rws
ECL2.Cm4,1.612,6wwz,4rws
ECL2.Cm3,2.722,6wwz,4rws
ECL2.Cm2,2.284,6wwz,4rws
ECL2.Cm1,2.325,6wwz,4rws
45x50,1.792,6wwz,4rws
45x51,2.23,6wwz,4rws
45x52,2.486,6wwz,4rws
ECL2.Cp3,2.645,6wwz,4rws
ECL2.Cp4,3.137,6wwz,4rws
ECL2.Cp5,4.212,6wwz,4rws
ECL2.Cp6,6.657,6wwz,4rws
5x34,2.72,6wwz,4rws
5x35,2.056,6wwz,4rws
5x36,1.887,6wwz,4rws
5x37,2.125,6wwz,4rws
5x38,2.15,6wwz,4rws
5x39,2.366,6wwz,4rws
5x40,2.307,6wwz,4rws
5x41,2.354,6wwz,4rws
5x42,2.16,6wwz,4rws
5x43,2.065,6wwz,4rws
5x44,2.467,6wwz,4rws
5x45,2.473,6wwz,4rws
5x46,2.494,6wwz,4rws
5x461,2.591,6wwz,4rws
5x47,2.124,6wwz,4rws
5x48,1.433,6wwz,4rws
5x49,1.981,6wwz,4rws
5x50,2.32,6wwz,4rws
5x51,2.039,6wwz,4rws
5x52,1.817,6wwz,4rws
5x53,1.463,6wwz,4rws
5x54,1.443,6wwz,4rws
5x55,1.916,6wwz,4rws
5x56,1.637,6wwz,4rws
5x57,1.042,6wwz,4rws
5x58,1.95,6wwz,4rws
5x59,2.696,6wwz,4rws
5x60,2.209,6wwz,4rws
5x61,1.984,6wwz,4rws
5x62,2.994,6wwz,4rws
5x63,3.274,6wwz,4rws
5x64,2.738,6wwz,4rws
5x65,3.246,6wwz,4rws
5x66,5.037,6wwz,4rws
5x67,5.591,6wwz,4rws
ICL3,13,6wwz,4rws
6x30,10.265,6wwz,4rws
6x31,10.61,6wwz,4rws
6x32,9.505,6wwz,4rws
6x33,4.285,6wwz,4rws
6x34,5.506,6wwz,4rws
6x35,4.469,6wwz,4rws
6x36,4.089,6wwz,4rws
6x37,5.236,6wwz,4rws
6x38,4.799,6wwz,4rws
6x39,3.318,6wwz,4rws
6x40,3.843,6wwz,4rws
6x41,4.872,6wwz,4rws
6x42,3.829,6wwz,4rws
6x43,2.272,6wwz,4rws
6x44,3.507,6wwz,4rws
6x45,4.007,6wwz,4rws
6x46,2.572,6wwz,4rws
6x47,2.348,6wwz,4rws
6x48,2.372,6wwz,4rws
6x49,1.866,6wwz,4rws
6x50,1.884,6wwz,4rws
6x51,1.316,6wwz,4rws
6x52,1.609,6wwz,4rws
6x53,2.321,6wwz,4rws
6x54,1.666,6wwz,4rws
6x55,1.826,6wwz,4rws
6x56,2.366,6wwz,4rws
6x57,2.47,6wwz,4rws
6x58,2.808,6wwz,4rws
6x59,2.86,6wwz,4rws
6x60,2.963,6wwz,4rws
6x61,3.285,6wwz,4rws
6x62,1.982,6wwz,4rws
6x63,4.952,6wwz,4rws
6x64,3.381,6wwz,4rws
ECL3.Cm3,4.873,6wwz,4rws
ECL3.Cm2,3.98,6wwz,4rws
7x23,2.564,6wwz,4rws
7x24,2.053,6wwz,4rws
7x25,2.821,6wwz,4rws
7x26,2.097,6wwz,4rws
7x27,0.662,6wwz,4rws
7x28,1.92,6wwz,4rws
7x29,1.654,6wwz,4rws
7x30,0.393,6wwz,4rws
7x31,1.769,6wwz,4rws
7x32,1.395,6wwz,4rws
7x33,0.732,6wwz,4rws
7x34,0.775,6wwz,4rws
7x35,1.904,6wwz,4rws
7x36,2.441,6wwz,4rws
7x37,1.668,6wwz,4rws
7x38,1.178,6wwz,4rws
7x39,2.431,6wwz,4rws
7x40,3.104,6wwz,4rws
7x41,1.847,6wwz,4rws
7x42,0.376,6wwz,4rws
7x43,0.931,6wwz,4rws
7x45,1.927,6wwz,4rws
7x46,3.279,6wwz,4rws
7x47,2.812,6wwz,4rws
7x48,1.061,6wwz,4rws
7x49,2.997,6wwz,4rws
7x50,5.36,6wwz,4rws
7x51,4.532,6wwz,4rws
7x52,2.042,6wwz,4rws
7x53,6.974,6wwz,4rws
7x54,9.97,6wwz,4rws
NTr.Cm8,10.889,6wwz,4xt1
NTr.Cm7,6.335,6wwz,4xt1
NTr.Cm6,6.465,6wwz,4xt1
NTr.Cm5,8.213,6wwz,4xt1
NTr.Cm4,2.835,6wwz,4xt1
NTr.Cm3,3.139,6wwz,4xt1
NTr.Cm2,1.581,6wwz,4xt1
NTr.Cm1,1.162,6wwz,4xt1
1x22,0.812,6wwz,4xt1
1x23,1.479,6wwz,4xt1
1x24,1.213,6wwz,4xt1
1x25,1.2,6wwz,4xt1
1x26,1.083,6wwz,4xt1
1x27,0.783,6wwz,4xt1
1x28,1.363,6wwz,4xt1
1x29,1.471,6wwz,4xt1
1x30,0.387,6wwz,4xt1
1x31,2.109,6wwz,4xt1
1x32,2.985,6wwz,4xt1
1x33,2.192,6wwz,4xt1
1x34,2.063,6wwz,4xt1
1x35,1.779,6wwz,4xt1
1x36,1.44,6wwz,4xt1
1x37,1.79,6wwz,4xt1
1x38,1.643,6wwz,4xt1
1x39,0.716,6wwz,4xt1
1x40,1.417,6wwz,4xt1
1x41,2.185,6wwz,4xt1
1x42,1.852,6wwz,4xt1
1x43,0.946,6wwz,4xt1
1x44,1.484,6wwz,4xt1
1x45,1.855,6wwz,4xt1
1x46,1.417,6wwz,4xt1
1x47,1.056,6wwz,4xt1
1x48,1.703,6wwz,4xt1
1x49,1.781,6wwz,4xt1
1x50,1.536,6wwz,4xt1
1x51,1.275,6wwz,4xt1
1x52,1.747,6wwz,4xt1
1x53,1.829,6wwz,4xt1
1x54,1.515,6wwz,4xt1
1x55,1.606,6wwz,4xt1
1x56,1.908,6wwz,4xt1
1x57,1.639,6wwz,4xt1
1x58,1.67,6wwz,4xt1
1x59,1.355,6wwz,4xt1
1x60,3.062,6wwz,4xt1
12x48,4.74,6wwz,4xt1
12x49,3.887,6wwz,4xt1
12x50,5.914,6wwz,4xt1
12x51,2.017,6wwz,4xt1
2x37,1.674,6wwz,4xt1
2x38,2.033,6wwz,4xt1
2x39,1.177,6wwz,4xt1
2x40,1.501,6wwz,4xt1
2x41,1.553,6wwz,4xt1
2x42,1.06,6wwz,4xt1
2x43,0.761,6wwz,4xt1
2x44,1.34,6wwz,4xt1
2x45,1.281,6wwz,4xt1
2x46,0.869,6wwz,4xt1
2x47,1.027,6wwz,4xt1
2x48,0.969,6wwz,4xt1
2x49,0.907,6wwz,4xt1
2x50,1.092,6wwz,4xt1
2x51,1.147,6wwz,4xt1
2x52,1.412,6wwz,4xt1
2x53,1.148,6wwz,4xt1
2x54,0.929,6wwz,4xt1
2x55,1.147,6wwz,4xt1
2x56,1.641,6wwz,4xt1
2x57,1.501,6wwz,4xt1
2x58,1.062,6wwz,4xt1
2x59,1.314,6wwz,4xt1
2x60,1.281,6wwz,4xt1
2x61,1.235,6wwz,4xt1
2x62,1.435,6wwz,4xt1
2x63,1.495,6wwz,4xt1
2x64,1.504,6wwz,4xt1
2x65,1.532,6wwz,4xt1
2x66,1.078,6wwz,4xt1
3x22,8.405,6wwz,4xt1
3x23,7.895,6wwz,4xt1
3x24,0.926,6wwz,4xt1
3x25,0.912,6wwz,4xt1
3x26,1.471,6wwz,4xt1
3x27,0.713,6wwz,4xt1
3x28,0.563,6wwz,4xt1
3x29,0.617,6wwz,4xt1
3x30,1.19,6wwz,4xt1
3x31,1.694,6wwz,4xt1
3x32,1.386,6wwz,4xt1
3x33,1.312,6wwz,4xt1
3x34,0.989,6wwz,4xt1
3x35,0.659,6wwz,4xt1
3x36,0.636,6wwz,4xt1
3x37,0.849,6wwz,4xt1
3x38,0.774,6wwz,4xt1
3x39,0.754,6wwz,4xt1
3x40,1.03,6wwz,4xt1
3x41,1.376,6wwz,4xt1
3x42,0.884,6wwz,4xt1
3x43,1.256,6wwz,4xt1
3x44,1.608,6wwz,4xt1
3x45,1.508,6wwz,4xt1
3x46,1.164,6wwz,4xt1
3x47,0.694,6wwz,4xt1
3x48,1.671,6wwz,4xt1
3x49,1.89,6wwz,4xt1
3x50,1.836,6wwz,4xt1
3x51,1.952,6wwz,4xt1
3x52,2.575,6wwz,4xt1
3x53,2.789,6wwz,4xt1
3x54,2.554,6wwz,4xt1
3x55,2.187,6wwz,4xt1
ICL2,11.333,6wwz,4xt1
4x38,2.84,6wwz,4xt1
4x39,2.94,6wwz,4xt1
4x40,2.112,6wwz,4xt1
4x41,1.97,6wwz,4xt1
4x42,1.298,6wwz,4xt1
4x43,1.65,6wwz,4xt1
4x44,1.83,6wwz,4xt1
4x45,1.354,6wwz,4xt1
4x46,1.102,6wwz,4xt1
4x47,1.51,6wwz,4xt1
4x48,1.343,6wwz,4xt1
4x49,0.848,6wwz,4xt1
4x50,1.514,6wwz,4xt1
4x51,1.996,6wwz,4xt1
4x52,0.93,6wwz,4xt1
4x53,1.382,6wwz,4xt1
4x54,2.202,6wwz,4xt1
4x55,1.7,6wwz,4xt1
4x56,1.472,6wwz,4xt1
4x57,2.065,6wwz,4xt1
4x59,2.723,6wwz,4xt1
4x60,3.48,6wwz,4xt1
4x61,6.689,6wwz,4xt1
4x62,6.425,6wwz,4xt1
4x63,3.521,6wwz,4xt1
ECL2.Cm8,11.544,6wwz,4xt1
ECL2.Cm7,12.334,6wwz,4xt1
ECL2.Cm6,11.663,6wwz,4xt1
ECL2.Cm5,13.106,6wwz,4xt1
ECL2.Cm4,11.103,6wwz,4xt1
ECL2.Cm3,5.766,6wwz,4xt1
ECL2.Cm2,3.599,6wwz,4xt1
ECL2.Cm1,1.573,6wwz,4xt1
45x50,0.266,6wwz,4xt1
45x51,1.86,6wwz,4xt1
45x52,2.184,6wwz,4xt1
ECL2.Cp3,1.897,6wwz,4xt1
ECL2.Cp4,4.42,6wwz,4xt1
ECL2.Cp5,5.696,6wwz,4xt1
ECL2.Cp6,5.2,6wwz,4xt1
ECL2.Cp7,5.034,6wwz,4xt1
ECL2.Cp8,5.863,6wwz,4xt1
ECL2.Cp9,5.714,6wwz,4xt1
5x34,1.651,6wwz,4xt1
5x35,2.547,6wwz,4xt1
5x36,2.553,6wwz,4xt1
5x37,2.032,6wwz,4xt1
5x38,2.153,6wwz,4xt1
5x39,2.482,6wwz,4xt1
5x40,2.415,6wwz,4xt1
5x41,1.82,6wwz,4xt1
5x42,1.873,6wwz,4xt1
5x43,1.936,6wwz,4xt1
5x44,1.787,6wwz,4xt1
5x45,1.767,6wwz,4xt1
5x46,1.401,6wwz,4xt1
5x461,0.299,6wwz,4xt1
5x47,0.708,6wwz,4xt1
5x48,1.562,6wwz,4xt1
5x49,1.449,6wwz,4xt1
5x50,0.844,6wwz,4xt1
5x51,1.451,6wwz,4xt1
5x52,1.439,6wwz,4xt1
5x53,0.852,6wwz,4xt1
5x54,1.311,6wwz,4xt1
5x55,1.645,6wwz,4xt1
5x56,1.154,6wwz,4xt1
5x57,1.173,6wwz,4xt1
5x58,1.405,6wwz,4xt1
5x59,1.444,6wwz,4xt1
5x60,1.458,6wwz,4xt1
5x61,1.542,6wwz,4xt1
5x62,1.991,6wwz,4xt1
5x63,1.744,6wwz,4xt1
5x64,1.989,6wwz,4xt1
5x65,2.148,6wwz,4xt1
5x66,2.479,6wwz,4xt1
5x67,1.989,6wwz,4xt1
5x68,2.09,6wwz,4xt1
ICL3,3.248,6wwz,4xt1
6x30,1.561,6wwz,4xt1
6x31,1.956,6wwz,4xt1
6x32,1.815,6wwz,4xt1
6x33,1.79,6wwz,4xt1
6x34,2.189,6wwz,4xt1
6x35,2.165,6wwz,4xt1
6x36,1.766,6wwz,4xt1
6x37,2.112,6wwz,4xt1
6x38,2.065,6wwz,4xt1
6x39,2.039,6wwz,4xt1
6x40,1.999,6wwz,4xt1
6x41,1.804,6wwz,4xt1
6x42,1.474,6wwz,4xt1
6x43,1.158,6wwz,4xt1
6x44,1.179,6wwz,4xt1
6x45,1.241,6wwz,4xt1
6x46,0.939,6wwz,4xt1
6x47,0.915,6wwz,4xt1
6x48,1.039,6wwz,4xt1
6x49,0.666,6wwz,4xt1
6x50,0.677,6wwz,4xt1
6x51,0.472,6wwz,4xt1
6x52,0.59,6wwz,4xt1
6x53,0.879,6wwz,4xt1
6x54,0.839,6wwz,4xt1
6x55,0.992,6wwz,4xt1
6x56,1.385,6wwz,4xt1
6x57,1.318,6wwz,4xt1
6x58,1.718,6wwz,4xt1
6x59,1.485,6wwz,4xt1
6x60,1.243,6wwz,4xt1
6x61,2.177,6wwz,4xt1
6x62,1.439,6wwz,4xt1
6x63,5.414,6wwz,4xt1
6x64,4.112,6wwz,4xt1
ECL3.Cm3,5.925,6wwz,4xt1
ECL3.Cm2,2.933,6wwz,4xt1
7x23,1.295,6wwz,4xt1
7x24,1.07,6wwz,4xt1
7x25,1.441,6wwz,4xt1
7x26,1.111,6wwz,4xt1
7x27,0.644,6wwz,4xt1
7x28,1.116,6wwz,4xt1
7x29,0.995,6wwz,4xt1
7x30,0.38,6wwz,4xt1
7x31,1.387,6wwz,4xt1
7x32,1.172,6wwz,4xt1
7x33,1.059,6wwz,4xt1
7x34,1.065,6wwz,4xt1
7x35,1.395,6wwz,4xt1
7x36,1.18,6wwz,4xt1
7x37,0.358,6wwz,4xt1
7x38,0.458,6wwz,4xt1
7x39,0.915,6wwz,4xt1
7x40,1.524,6wwz,4xt1
7x41,1.309,6wwz,4xt1
7x42,0.518,6wwz,4xt1
7x43,0.461,6wwz,4xt1
7x45,0.587,6wwz,4xt1
7x46,1.922,6wwz,4xt1
7x47,2.426,6wwz,4xt1
7x48,1.79,6wwz,4xt1
7x49,1.258,6wwz,4xt1
7x50,2.418,6wwz,4xt1
7x51,3.178,6wwz,4xt1
7x52,2.886,6wwz,4xt1
7x53,1.496,6wwz,4xt1
7x54,1.002,6wwz,4xt1
7x55,1.131,6wwz,4xt1
7x56,0.993,6wwz,4xt1
8x47,0.187,6wwz,4xt1
8x48,0.833,6wwz,4xt1
8x49,0.891,6wwz,4xt1
8x50,0.903,6wwz,4xt1
8x51,0.809,6wwz,4xt1
8x52,1.185,6wwz,4xt1
8x53,1.512,6wwz,4xt1
8x54,1.485,6wwz,4xt1
8x55,1.647,6wwz,4xt1
8x56,2.259,6wwz,4xt1
8x57,2.523,6wwz,4xt1
8x58,2.64,6wwz,4xt1
8x59,2.848,6wwz,4xt1
NTr.Cm6,7.711,6wwz,5wb2
NTr.Cm5,6.101,6wwz,5wb2
NTr.Cm4,3.381,6wwz,5wb2
NTr.Cm3,1.767,6wwz,5wb2
NTr.Cm2,1.698,6wwz,5wb2
NTr.Cm1,1.557,6wwz,5wb2
1x22,1.156,6wwz,5wb2
1x23,1.553,6wwz,5wb2
1x24,1.247,6wwz,5wb2
1x25,1.079,6wwz,5wb2
1x26,0.974,6wwz,5wb2
1x27,0.856,6wwz,5wb2
1x28,1.235,6wwz,5wb2
1x29,1.173,6wwz,5wb2
1x30,0.609,6wwz,5wb2
1x31,2.219,6wwz,5wb2
1x32,2.839,6wwz,5wb2
1x33,2.024,6wwz,5wb2
1x34,1.943,6wwz,5wb2
1x35,1.632,6wwz,5wb2
1x36,1.244,6wwz,5wb2
1x37,1.554,6wwz,5wb2
1x38,1.371,6wwz,5wb2
1x39,0.484,6wwz,5wb2
1x40,1.41,6wwz,5wb2
1x41,2.162,6wwz,5wb2
1x42,1.77,6wwz,5wb2
1x43,0.612,6wwz,5wb2
1x44,1.551,6wwz,5wb2
1x45,1.962,6wwz,5wb2
1x46,1.461,6wwz,5wb2
1x47,0.991,6wwz,5wb2
1x48,1.664,6wwz,5wb2
1x49,1.813,6wwz,5wb2
1x50,1.543,6wwz,5wb2
1x51,1.212,6wwz,5wb2
1x52,1.747,6wwz,5wb2
1x53,1.809,6wwz,5wb2
1x54,1.397,6wwz,5wb2
1x55,1.663,6wwz,5wb2
1x56,2.023,6wwz,5wb2
1x57,1.678,6wwz,5wb2
1x58,1.832,6wwz,5wb2
1x59,1.359,6wwz,5wb2
1x60,3.259,6wwz,5wb2
12x48,4.336,6wwz,5wb2
12x49,2.838,6wwz,5wb2
12x50,5.161,6wwz,5wb2
12x51,2.317,6wwz,5wb2
2x37,1.808,6wwz,5wb2
2x38,1.359,6wwz,5wb2
2x39,0.79,6wwz,5wb2
2x40,1.06,6wwz,5wb2
2x41,1.026,6wwz,5wb2
2x42,0.743,6wwz,5wb2
2x43,0.585,6wwz,5wb2
2x44,1.101,6wwz,5wb2
2x45,0.907,6wwz,5wb2
2x46,0.659,6wwz,5wb2
2x47,0.942,6wwz,5wb2
2x48,0.834,6wwz,5wb2
2x49,0.814,6wwz,5wb2
2x50,0.913,6wwz,5wb2
2x51,0.903,6wwz,5wb2
2x52,1.149,6wwz,5wb2
2x53,0.839,6wwz,5wb2
2x54,0.363,6wwz,5wb2
2x55,0.398,6wwz,5wb2
2x56,1.282,6wwz,5wb2
2x57,1.633,6wwz,5wb2
2x58,1.621,6wwz,5wb2
2x59,1.579,6wwz,5wb2
2x60,1.676,6wwz,5wb2
2x61,1.594,6wwz,5wb2
2x62,1.425,6wwz,5wb2
2x63,1.42,6wwz,5wb2
2x64,1.452,6wwz,5wb2
2x65,1.446,6wwz,5wb2
2x66,1.317,6wwz,5wb2
ECL1,3.616,6wwz,5wb2
3x21,2.871,6wwz,5wb2
3x22,2.126,6wwz,5wb2
3x23,1.661,6wwz,5wb2
3x24,0.323,6wwz,5wb2
3x25,1.372,6wwz,5wb2
3x26,1.636,6wwz,5wb2
3x27,0.335,6wwz,5wb2
3x28,0.356,6wwz,5wb2
3x29,0.692,6wwz,5wb2
3x30,1.311,6wwz,5wb2
3x31,1.711,6wwz,5wb2
3x32,0.99,6wwz,5wb2
3x33,0.488,6wwz,5wb2
3x34,0.452,6wwz,5wb2
3x35,0.271,6wwz,5wb2
3x36,0.239,6wwz,5wb2
3x37,0.193,6wwz,5wb2
3x38,0.449,6wwz,5wb2
3x39,0.479,6wwz,5wb2
3x40,0.799,6wwz,5wb2
3x41,1.22,6wwz,5wb2
3x42,0.823,6wwz,5wb2
3x43,1.287,6wwz,5wb2
3x44,1.533,6wwz,5wb2
3x45,1.299,6wwz,5wb2
3x46,1.061,6wwz,5wb2
3x47,0.742,6wwz,5wb2
3x48,1.695,6wwz,5wb2
3x49,1.736,6wwz,5wb2
3x50,1.684,6wwz,5wb2
3x51,1.93,6wwz,5wb2
3x52,2.38,6wwz,5wb2
3x53,2.438,6wwz,5wb2
3x54,2.373,6wwz,5wb2
3x55,2.349,6wwz,5wb2
ICL2,11.124,6wwz,5wb2
4x38,2.845,6wwz,5wb2
4x39,2.806,6wwz,5wb2
4x40,2.057,6wwz,5wb2
4x41,1.948,6wwz,5wb2
4x42,1.421,6wwz,5wb2
4x43,1.853,6wwz,5wb2
4x44,2.06,6wwz,5wb2
4x45,1.511,6wwz,5wb2
4x46,1.169,6wwz,5wb2
4x47,1.522,6wwz,5wb2
4x48,1.488,6wwz,5wb2
4x49,0.769,6wwz,5wb2
4x50,1.078,6wwz,5wb2
4x51,1.775,6wwz,5wb2
4x52,1.016,6wwz,5wb2
4x53,0.608,6wwz,5wb2
4x54,1.374,6wwz,5wb2
4x55,0.958,6wwz,5wb2
4x56,0.489,6wwz,5wb2
4x57,0.998,6wwz,5wb2
4x59,3.481,6wwz,5wb2
4x60,3.516,6wwz,5wb2
4x61,6.236,6wwz,5wb2
4x62,6.556,6wwz,5wb2
4x63,4.216,6wwz,5wb2
ECL2.Cm8,11.869,6wwz,5wb2
ECL2.Cm7,12.567,6wwz,5wb2
ECL2.Cm6,10.868,6wwz,5wb2
ECL2.Cm5,11.233,6wwz,5wb2
ECL2.Cm4,10.173,6wwz,5wb2
ECL2.Cm3,5.581,6wwz,5wb2
ECL2.Cm2,0.574,6wwz,5wb2
ECL2.Cm1,0.763,6wwz,5wb2
45x50,0.462,6wwz,5wb2
45x51,0.969,6wwz,5wb2
45x52,1.81,6wwz,5wb2
ECL2.Cp3,0.949,6wwz,5wb2
ECL2.Cp4,3.709,6wwz,5wb2
ECL2.Cp5,4.077,6wwz,5wb2
ECL2.Cp6,4.023,6wwz,5wb2
ECL2.Cp7,4.587,6wwz,5wb2
ECL2.Cp8,5.327,6wwz,5wb2
ECL2.Cp9,5.058,6wwz,5wb2
5x34,1.323,6wwz,5wb2
5x35,2.044,6wwz,5wb2
5x36,2.103,6wwz,5wb2
5x37,1.853,6wwz,5wb2
5x38,2.16,6wwz,5wb2
5x39,2.285,6wwz,5wb2
5x40,2.24,6wwz,5wb2
5x41,2.003,6wwz,5wb2
5x42,2.028,6wwz,5wb2
5x43,1.751,6wwz,5wb2
5x44,1.535,6wwz,5wb2
5x45,1.769,6wwz,5wb2
5x46,1.879,6wwz,5wb2
5x461,0.813,6wwz,5wb2
5x47,0.394,6wwz,5wb2
5x48,1.11,6wwz,5wb2
5x49,1.207,6wwz,5wb2
5x50,1.22,6wwz,5wb2
5x51,1.329,6wwz,5wb2
5x52,1.217,6wwz,5wb2
5x53,0.937,6wwz,5wb2
5x54,1.617,6wwz,5wb2
5x55,1.803,6wwz,5wb2
5x56,1.301,6wwz,5wb2
5x57,1.49,6wwz,5wb2
5x58,1.517,6wwz,5wb2
5x59,1.579,6wwz,5wb2
5x60,1.778,6wwz,5wb2
5x61,1.601,6wwz,5wb2
5x62,1.879,6wwz,5wb2
5x63,1.648,6wwz,5wb2
5x64,1.982,6wwz,5wb2
5x65,1.82,6wwz,5wb2
5x66,2.226,6wwz,5wb2
5x67,1.858,6wwz,5wb2
5x68,1.853,6wwz,5wb2
6x30,1.786,6wwz,5wb2
6x31,2.439,6wwz,5wb2
6x32,2.166,6wwz,5wb2
6x33,1.823,6wwz,5wb2
6x34,2.286,6wwz,5wb2
6x35,2.381,6wwz,5wb2
6x36,1.856,6wwz,5wb2
6x37,2.197,6wwz,5wb2
6x38,2.362,6wwz,5wb2
6x39,2.403,6wwz,5wb2
6x40,2.327,6wwz,5wb2
6x41,2.288,6wwz,5wb2
6x42,2.097,6wwz,5wb2
6x43,1.742,6wwz,5wb2
6x44,1.723,6wwz,5wb2
6x45,1.793,6wwz,5wb2
6x46,1.552,6wwz,5wb2
6x47,1.451,6wwz,5wb2
6x48,1.553,6wwz,5wb2
6x49,1.206,6wwz,5wb2
6x50,0.959,6wwz,5wb2
6x51,0.689,6wwz,5wb2
6x52,0.716,6wwz,5wb2
6x53,0.662,6wwz,5wb2
6x54,0.444,6wwz,5wb2
6x55,1.023,6wwz,5wb2
6x56,1.203,6wwz,5wb2
6x57,1.332,6wwz,5wb2
6x58,1.768,6wwz,5wb2
6x59,1.576,6wwz,5wb2
6x60,1.496,6wwz,5wb2
6x61,2.503,6wwz,5wb2
6x62,1.5,6wwz,5wb2
6x63,4.951,6wwz,5wb2
6x64,3.89,6wwz,5wb2
ECL3.Cm3,6.392,6wwz,5wb2
ECL3.Cm2,3.449,6wwz,5wb2
7x23,1.658,6wwz,5wb2
7x24,1.148,6wwz,5wb2
7x25,1.561,6wwz,5wb2
7x26,1.365,6wwz,5wb2
7x27,0.871,6wwz,5wb2
7x28,1.194,6wwz,5wb2
7x29,1.181,6wwz,5wb2
7x30,0.336,6wwz,5wb2
7x31,1.153,6wwz,5wb2
7x32,1.02,6wwz,5wb2
7x33,0.888,6wwz,5wb2
7x34,0.764,6wwz,5wb2
7x35,1.088,6wwz,5wb2
7x36,1.153,6wwz,5wb2
7x37,0.822,6wwz,5wb2
7x38,0.722,6wwz,5wb2
7x39,1.232,6wwz,5wb2
7x40,1.613,6wwz,5wb2
7x41,1.063,6wwz,5wb2
7x42,0.565,6wwz,5wb2
7x43,0.646,6wwz,5wb2
7x45,0.92,6wwz,5wb2
7x46,1.882,6wwz,5wb2
7x47,2.148,6wwz,5wb2
7x48,1.547,6wwz,5wb2
7x49,1.304,6wwz,5wb2
7x50,2.354,6wwz,5wb2
7x51,3.183,6wwz,5wb2
7x52,2.989,6wwz,5wb2
7x53,1.431,6wwz,5wb2
7x54,0.879,6wwz,5wb2
7x55,0.993,6wwz,5wb2
7x56,0.952,6wwz,5wb2
8x47,0.671,6wwz,5wb2
8x48,1.278,6wwz,5wb2
8x49,1.188,6wwz,5wb2
8x50,1.244,6wwz,5wb2
8x51,1.098,6wwz,5wb2
8x52,1.209,6wwz,5wb2
8x53,1.382,6wwz,5wb2
8x54,1.302,6wwz,5wb2
8x55,1.455,6wwz,5wb2
8x56,1.941,6wwz,5wb2
8x57,2.176,6wwz,5wb2
8x58,2.917,6wwz,5wb2
8x59,3.522,6wwz,5wb2
NTr.Cm13,17.211,6lfo,ngo
NTr.Cm12,14.825,6lfo,ngo
NTr.Cm11,12.084,6lfo,ngo
NTr.Cm10,11.161,6lfo,ngo
NTr.Cm9,9.905,6lfo,ngo
NTr.Cm8,10.173,6lfo,ngo
NTr.Cm7,6.347,6lfo,ngo
NTr.Cm6,6.354,6lfo,ngo
NTr.Cm5,5.912,6lfo,ngo
NTr.Cm4,5.958,6lfo,ngo
NTr.Cm3,3.66,6lfo,ngo
NTr.Cm2,1.912,6lfo,ngo
NTr.Cm1,1.604,6lfo,ngo
1x22,2.69,6lfo,ngo
1x23,1.356,6lfo,ngo
1x24,4.228,6lfo,ngo
1x25,2.378,6lfo,ngo
1x26,5.36,6lfo,ngo
1x27,9.704,6lfo,ngo
1x28,5.717,6lfo,ngo
1x30,4.187,6lfo,ngo
1x31,3.851,6lfo,ngo
1x32,1.266,6lfo,ngo
1x33,2.682,6lfo,ngo
1x34,2.63,6lfo,ngo
1x35,1.501,6lfo,ngo
1x36,1.309,6lfo,ngo
1x37,1.586,6lfo,ngo
1x38,1.486,6lfo,ngo
1x39,0.839,6lfo,ngo
1x40,0.937,6lfo,ngo
1x41,0.915,6lfo,ngo
1x42,0.697,6lfo,ngo
1x43,0.54,6lfo,ngo
1x44,0.924,6lfo,ngo
1x45,0.606,6lfo,ngo
1x46,0.866,6lfo,ngo
1x47,1.678,6lfo,ngo
1x48,1.802,6lfo,ngo
1x49,1.973,6lfo,ngo
1x50,1.796,6lfo,ngo
1x51,2.058,6lfo,ngo
1x52,2.361,6lfo,ngo
1x53,1.571,6lfo,ngo
1x54,1.09,6lfo,ngo
1x55,2.06,6lfo,ngo
1x56,1.953,6lfo,ngo
1x57,1.341,6lfo,ngo
1x58,0.964,6lfo,ngo
1x59,1.143,6lfo,ngo
1x60,3.433,6lfo,ngo
12x48,7.448,6lfo,ngo
12x49,10.662,6lfo,ngo
12x50,7.731,6lfo,ngo
12x51,6.835,6lfo,ngo
2x37,5.85,6lfo,ngo
2x38,3.9,6lfo,ngo
2x39,1.488,6lfo,ngo
2x40,2.947,6lfo,ngo
2x41,1.47,6lfo,ngo
2x42,1.374,6lfo,ngo
2x43,2.032,6lfo,ngo
2x44,1.746,6lfo,ngo
2x45,1.614,6lfo,ngo
2x46,1.536,6lfo,ngo
2x47,1.347,6lfo,ngo
2x48,1.425,6lfo,ngo
2x49,1.379,6lfo,ngo
2x50,1.246,6lfo,ngo
2x51,1.299,6lfo,ngo
2x52,1.396,6lfo,ngo
2x53,1.665,6lfo,ngo
2x54,0.558,6lfo,ngo
2x55,1.455,6lfo,ngo
2x56,0.622,6lfo,ngo
2x57,1.225,6lfo,ngo
2x58,1.353,6lfo,ngo
2x59,2.09,6lfo,ngo
2x60,2.01,6lfo,ngo
2x61,1.403,6lfo,ngo
2x62,1.372,6lfo,ngo
2x63,1.363,6lfo,ngo
2x64,1.453,6lfo,ngo
2x65,1.052,6lfo,ngo
2x66,1.219,6lfo,ngo
23x49,1.712,6lfo,ngo
23x50,0.829,6lfo,ngo
23x51,0.688,6lfo,ngo
23x52,2.599,6lfo,ngo
3x21,2.197,6lfo,ngo
3x22,1.385,6lfo,ngo
3x23,0.97,6lfo,ngo
3x24,1.045,6lfo,ngo
3x25,1.506,6lfo,ngo
3x26,1.148,6lfo,ngo
3x27,1.314,6lfo,ngo
3x28,1.898,6lfo,ngo
3x29,1.782,6lfo,ngo
3x30,1.337,6lfo,ngo
3x31,1.623,6lfo,ngo
3x32,1.81,6lfo,ngo
3x33,1.606,6lfo,ngo
3x34,1.55,6lfo,ngo
3x35,1.985,6lfo,ngo
3x36,2.064,6lfo,ngo
3x37,1.824,6lfo,ngo
3x38,1.647,6lfo,ngo
3x39,1.519,6lfo,ngo
3x40,1.479,6lfo,ngo
3x41,1.245,6lfo,ngo
3x42,1.155,6lfo,ngo
3x43,1.598,6lfo,ngo
3x44,1.844,6lfo,ngo
3x45,1.463,6lfo,ngo
3x46,1.205,6lfo,ngo
3x47,1.589,6lfo,ngo
3x48,1.408,6lfo,ngo
3x49,1.05,6lfo,ngo
3x50,1.51,6lfo,ngo
3x51,1.518,6lfo,ngo
3x52,1.219,6lfo,ngo
3x53,1.054,6lfo,ngo
3x54,0.962,6lfo,ngo
3x55,1.059,6lfo,ngo
3x56,1.057,6lfo,ngo
34x50,1.028,6lfo,ngo
34x51,0.957,6lfo,ngo
34x52,2.539,6lfo,ngo
34x53,2.415,6lfo,ngo
34x54,4.469,6lfo,ngo
34x55,4.068,6lfo,ngo
34x56,1.731,6lfo,ngo
4x38,3.744,6lfo,ngo
4x39,6.603,6lfo,ngo
4x40,7.464,6lfo,ngo
4x41,5.137,6lfo,ngo
4x42,2.425,6lfo,ngo
4x43,4.587,6lfo,ngo
4x44,4.374,6lfo,ngo
4x45,2.397,6lfo,ngo
4x46,4.15,6lfo,ngo
4x47,5.986,6lfo,ngo
4x48,4.861,6lfo,ngo
4x49,2.245,6lfo,ngo
4x50,1.883,6lfo,ngo
4x51,2.011,6lfo,ngo
4x52,2.297,6lfo,ngo
4x53,1.777,6lfo,ngo
4x54,1.092,6lfo,ngo
4x55,1.053,6lfo,ngo
4x56,1.616,6lfo,ngo
4x57,2.151,6lfo,ngo
4x59,3.541,6lfo,ngo
4x60,3.242,6lfo,ngo
4x61,2.043,6lfo,ngo
4x62,2.075,6lfo,ngo
4x63,3.363,6lfo,ngo
4x64,3.045,6lfo,ngo
4x65,2.342,6lfo,ngo
ECL2.Cm10,2.421,6lfo,ngo
ECL2.Cm9,3.906,6lfo,ngo
ECL2.Cm8,2.44,6lfo,ngo
ECL2.Cm7,3.417,6lfo,ngo
ECL2.Cm6,4.297,6lfo,ngo
ECL2.Cm5,1.492,6lfo,ngo
ECL2.Cm4,3.347,6lfo,ngo
ECL2.Cm3,1.619,6lfo,ngo
ECL2.Cm2,2.127,6lfo,ngo
ECL2.Cm1,2.091,6lfo,ngo
45x50,2.36,6lfo,ngo
45x51,2.915,6lfo,ngo
45x52,2.766,6lfo,ngo
ECL2.Cp3,4.449,6lfo,ngo
ECL2.Cp4,5.942,6lfo,ngo
ECL2.Cp5,4.288,6lfo,ngo
ECL2.Cp6,5.865,6lfo,ngo
5x34,3.357,6lfo,ngo
5x35,2.157,6lfo,ngo
5x36,3.744,6lfo,ngo
5x37,3.528,6lfo,ngo
5x38,2.234,6lfo,ngo
5x39,3.24,6lfo,ngo
5x40,3.927,6lfo,ngo
5x41,2.884,6lfo,ngo
5x42,1.572,6lfo,ngo
5x43,3.882,6lfo,ngo
5x44,4.908,6lfo,ngo
5x45,3.073,6lfo,ngo
5x46,1.607,6lfo,ngo
5x461,2.875,6lfo,ngo
5x47,2.949,6lfo,ngo
5x48,2.292,6lfo,ngo
5x49,1.992,6lfo,ngo
5x50,1.638,6lfo,ngo
5x51,2.164,6lfo,ngo
5x52,2.19,6lfo,ngo
5x53,1.719,6lfo,ngo
5x54,1.341,6lfo,ngo
5x55,1.532,6lfo,ngo
5x56,1.703,6lfo,ngo
5x57,1.428,6lfo,ngo
5x58,1.823,6lfo,ngo
5x59,2.01,6lfo,ngo
5x60,1.908,6lfo,ngo
5x61,1.754,6lfo,ngo
5x62,1.881,6lfo,ngo
5x63,1.83,6lfo,ngo
5x64,1.755,6lfo,ngo
5x65,3.624,6lfo,ngo
5x66,8.086,6lfo,ngo
5x67,7.551,6lfo,ngo
5x68,5.256,6lfo,ngo
ICL3,5.698,6lfo,ngo
6x30,9.424,6lfo,ngo
6x31,9.013,6lfo,ngo
6x32,7.598,6lfo,ngo
6x33,7.275,6lfo,ngo
6x34,7.214,6lfo,ngo
6x35,6.097,6lfo,ngo
6x36,5.278,6lfo,ngo
6x37,5.544,6lfo,ngo
6x38,5.22,6lfo,ngo
6x39,3.983,6lfo,ngo
6x40,3.767,6lfo,ngo
6x41,4.105,6lfo,ngo
6x42,3.2,6lfo,ngo
6x43,2.552,6lfo,ngo
6x44,3.079,6lfo,ngo
6x45,2.736,6lfo,ngo
6x46,1.989,6lfo,ngo
6x47,2.066,6lfo,ngo
6x48,2.041,6lfo,ngo
6x49,2.16,6lfo,ngo
6x50,1.782,6lfo,ngo
6x51,1.219,6lfo,ngo
6x52,2.095,6lfo,ngo
6x53,2.521,6lfo,ngo
6x54,1.863,6lfo,ngo
6x55,2.492,6lfo,ngo
6x56,3.477,6lfo,ngo
6x57,2.972,6lfo,ngo
6x58,3.042,6lfo,ngo
6x59,3.158,6lfo,ngo
6x60,2.435,6lfo,ngo
6x61,1.543,6lfo,ngo
6x62,2.844,6lfo,ngo
6x63,3.05,6lfo,ngo
6x64,1.823,6lfo,ngo
ECL3.Cm5,0.917,6lfo,ngo
ECL3.Cm4,1.927,6lfo,ngo
ECL3.Cm3,1.054,6lfo,ngo
ECL3.Cm2,3.477,6lfo,ngo
7x23,1.649,6lfo,ngo
7x24,1.46,6lfo,ngo
7x25,0.962,6lfo,ngo
7x26,1.459,6lfo,ngo
7x27,1.567,6lfo,ngo
7x28,1.131,6lfo,ngo
7x29,0.902,6lfo,ngo
7x30,1.803,6lfo,ngo
7x31,1.739,6lfo,ngo
7x32,0.951,6lfo,ngo
7x33,1.078,6lfo,ngo
7x34,1.462,6lfo,ngo
7x35,1.049,6lfo,ngo
7x36,0.882,6lfo,ngo
7x37,0.71,6lfo,ngo
7x38,0.837,6lfo,ngo
7x39,1.869,6lfo,ngo
7x40,1.907,6lfo,ngo
7x41,1.167,6lfo,ngo
7x42,1.438,6lfo,ngo
7x43,1.32,6lfo,ngo
7x45,1.92,6lfo,ngo
7x46,1.482,6lfo,ngo
7x47,1.77,6lfo,ngo
7x48,1.148,6lfo,ngo
7x49,2.998,6lfo,ngo
7x50,3.48,6lfo,ngo
7x51,2.789,6lfo,ngo
7x52,3.582,6lfo,ngo
7x53,6.955,6lfo,ngo
7x54,7.977,6lfo,ngo
7x55,6.442,6lfo,ngo
NTr.Cm8,14.769,6lfo,7sk3
NTr.Cm7,13.006,6lfo,7sk3
NTr.Cm6,10.434,6lfo,7sk3
NTr.Cm5,7.334,6lfo,7sk3
NTr.Cm4,5.644,6lfo,7sk3
NTr.Cm3,4.06,6lfo,7sk3
NTr.Cm2,1.639,6lfo,7sk3
NTr.Cm1,5.077,6lfo,7sk3
1x22,2.929,6lfo,7sk3
1x23,6.742,6lfo,7sk3
1x24,5.33,6lfo,7sk3
1x25,3.877,6lfo,7sk3
1x26,2.577,6lfo,7sk3
1x27,1.55,6lfo,7sk3
1x28,1.582,6lfo,7sk3
1x30,2.714,6lfo,7sk3
1x31,1.654,6lfo,7sk3
1x32,0.993,6lfo,7sk3
1x33,1.305,6lfo,7sk3
1x34,1.126,6lfo,7sk3
1x35,1.36,6lfo,7sk3
1x36,1.083,6lfo,7sk3
1x37,0.74,6lfo,7sk3
1x38,1.19,6lfo,7sk3
1x39,1.277,6lfo,7sk3
1x40,1.177,6lfo,7sk3
1x41,1.225,6lfo,7sk3
1x42,1.057,6lfo,7sk3
1x43,1.295,6lfo,7sk3
1x44,1.339,6lfo,7sk3
1x45,1.31,6lfo,7sk3
1x46,1.426,6lfo,7sk3
1x47,1.754,6lfo,7sk3
1x48,1.49,6lfo,7sk3
1x49,1.912,6lfo,7sk3
1x50,1.689,6lfo,7sk3
1x51,0.829,6lfo,7sk3
1x52,0.752,6lfo,7sk3
1x53,0.408,6lfo,7sk3
1x54,1.604,6lfo,7sk3
1x55,1.435,6lfo,7sk3
1x56,0.734,6lfo,7sk3
1x57,0.81,6lfo,7sk3
1x58,1.632,6lfo,7sk3
1x59,2.221,6lfo,7sk3
1x60,2.577,6lfo,7sk3
12x48,2.431,6lfo,7sk3
12x49,3.594,6lfo,7sk3
12x50,6.961,6lfo,7sk3
12x51,8.112,6lfo,7sk3
2x37,7.131,6lfo,7sk3
2x38,7.139,6lfo,7sk3
2x39,5.458,6lfo,7sk3
2x40,2.577,6lfo,7sk3
2x41,1.967,6lfo,7sk3
2x42,1.411,6lfo,7sk3
2x43,1.358,6lfo,7sk3
2x44,0.903,6lfo,7sk3
2x45,0.996,6lfo,7sk3
2x46,0.981,6lfo,7sk3
2x47,0.973,6lfo,7sk3
2x48,0.751,6lfo,7sk3
2x49,0.85,6lfo,7sk3
2x50,0.73,6lfo,7sk3
2x51,0.749,6lfo,7sk3
2x52,0.928,6lfo,7sk3
2x53,0.855,6lfo,7sk3
2x54,1.343,6lfo,7sk3
2x55,1.446,6lfo,7sk3
2x56,0.901,6lfo,7sk3
2x57,1.245,6lfo,7sk3
2x58,0.498,6lfo,7sk3
2x59,1.188,6lfo,7sk3
2x60,1.522,6lfo,7sk3
2x61,1.072,6lfo,7sk3
2x62,0.482,6lfo,7sk3
2x63,0.379,6lfo,7sk3
2x64,1.064,6lfo,7sk3
2x65,1.373,6lfo,7sk3
2x66,1.469,6lfo,7sk3
23x49,1.592,6lfo,7sk3
23x50,0.79,6lfo,7sk3
23x51,1.408,6lfo,7sk3
23x52,1.978,6lfo,7sk3
3x21,2.339,6lfo,7sk3
3x22,1.465,6lfo,7sk3
3x23,0.42,6lfo,7sk3
3x24,0.489,6lfo,7sk3
3x25,0.661,6lfo,7sk3
3x26,0.269,6lfo,7sk3
3x27,0.459,6lfo,7sk3
3x28,0.548,6lfo,7sk3
3x29,0.597,6lfo,7sk3
3x30,0.371,6lfo,7sk3
3x31,0.404,6lfo,7sk3
3x32,0.237,6lfo,7sk3
3x33,0.15,6lfo,7sk3
3x34,0.375,6lfo,7sk3
3x35,0.781,6lfo,7sk3
3x36,1.031,6lfo,7sk3
3x37,0.402,6lfo,7sk3
3x38,0.167,6lfo,7sk3
3x39,1.186,6lfo,7sk3
3x40,0.671,6lfo,7sk3
3x41,0.602,6lfo,7sk3
3x42,0.747,6lfo,7sk3
3x43,0.652,6lfo,7sk3
3x44,1.044,6lfo,7sk3
3x45,1.152,6lfo,7sk3
3x46,0.975,6lfo,7sk3
3x47,0.974,6lfo,7sk3
3x48,1.074,6lfo,7sk3
3x49,1.098,6lfo,7sk3
3x50,1.191,6lfo,7sk3
3x51,1.102,6lfo,7sk3
3x52,0.979,6lfo,7sk3
3x53,1.637,6lfo,7sk3
3x54,2.407,6lfo,7sk3
3x55,3.399,6lfo,7sk3
3x56,3.219,6lfo,7sk3
4x41,1.097,6lfo,7sk3
4x42,1.09,6lfo,7sk3
4x43,1.124,6lfo,7sk3
4x44,1.123,6lfo,7sk3
4x45,0.71,6lfo,7sk3
4x46,0.908,6lfo,7sk3
4x47,1.333,6lfo,7sk3
4x48,0.986,6lfo,7sk3
4x49,0.842,6lfo,7sk3
4x50,1.087,6lfo,7sk3
4x51,1.371,6lfo,7sk3
4x52,1.144,6lfo,7sk3
4x53,1.081,6lfo,7sk3
4x54,1.013,6lfo,7sk3
4x55,0.93,6lfo,7sk3
4x56,1.051,6lfo,7sk3
4x57,1.307,6lfo,7sk3
4x59,0.966,6lfo,7sk3
4x60,0.795,6lfo,7sk3
4x61,2.541,6lfo,7sk3
4x62,2.257,6lfo,7sk3
4x63,0.852,6lfo,7sk3
4x64,1.105,6lfo,7sk3
4x65,1.119,6lfo,7sk3
ECL2.Cm11,4.274,6lfo,7sk3
ECL2.Cm10,5.015,6lfo,7sk3
ECL2.Cm9,6.149,6lfo,7sk3
ECL2.Cm8,4.162,6lfo,7sk3
ECL2.Cm7,6.642,6lfo,7sk3
ECL2.Cm6,5.075,6lfo,7sk3
ECL2.Cm5,5.517,6lfo,7sk3
ECL2.Cm4,9.178,6lfo,7sk3
ECL2.Cm3,5.555,6lfo,7sk3
ECL2.Cm2,4.175,6lfo,7sk3
ECL2.Cm1,3.608,6lfo,7sk3
45x50,1.921,6lfo,7sk3
45x51,1.898,6lfo,7sk3
45x52,2.038,6lfo,7sk3
ECL2.Cp3,2.673,6lfo,7sk3
ECL2.Cp4,2.9,6lfo,7sk3
ECL2.Cp5,3.579,6lfo,7sk3
ECL2.Cp6,2.673,6lfo,7sk3
ECL2.Cp7,5.038,6lfo,7sk3
5x34,4.096,6lfo,7sk3
5x35,1.374,6lfo,7sk3
5x36,2.05,6lfo,7sk3
5x37,1.894,6lfo,7sk3
5x38,1.189,6lfo,7sk3
5x39,1.577,6lfo,7sk3
5x40,1.774,6lfo,7sk3
5x41,0.722,6lfo,7sk3
5x42,2.182,6lfo,7sk3
5x43,4.201,6lfo,7sk3
5x44,3.538,6lfo,7sk3
5x45,1.416,6lfo,7sk3
5x46,1.133,6lfo,7sk3
5x461,2.203,6lfo,7sk3
5x47,1.929,6lfo,7sk3
5x48,1.619,6lfo,7sk3
5x49,1.877,6lfo,7sk3
5x50,0.842,6lfo,7sk3
5x51,1.007,6lfo,7sk3
5x52,1.67,6lfo,7sk3
5x53,1.226,6lfo,7sk3
5x54,0.417,6lfo,7sk3
5x55,1.413,6lfo,7sk3
5x56,1.758,6lfo,7sk3
5x57,0.683,6lfo,7sk3
5x58,0.713,6lfo,7sk3
5x59,1.422,6lfo,7sk3
5x60,0.675,6lfo,7sk3
5x61,0.693,6lfo,7sk3
5x62,1.282,6lfo,7sk3
5x63,1.311,6lfo,7sk3
5x64,1.268,6lfo,7sk3
5x65,2.238,6lfo,7sk3
5x66,2.57,6lfo,7sk3
5x67,2.022,6lfo,7sk3
5x68,2.066,6lfo,7sk3
ICL3,2.14,6lfo,7sk3
6x30,5.575,6lfo,7sk3
6x31,8.108,6lfo,7sk3
6x32,5.456,6lfo,7sk3
6x33,2.87,6lfo,7sk3
6x34,1.363,6lfo,7sk3
6x35,0.897,6lfo,7sk3
6x36,0.984,6lfo,7sk3
6x37,1.479,6lfo,7sk3
6x38,0.865,6lfo,7sk3
6x39,0.945,6lfo,7sk3
6x40,0.958,6lfo,7sk3
6x41,0.853,6lfo,7sk3
6x42,0.736,6lfo,7sk3
6x43,1.023,6lfo,7sk3
6x44,0.78,6lfo,7sk3
6x45,0.502,6lfo,7sk3
6x46,1.154,6lfo,7sk3
6x47,1.447,6lfo,7sk3
6x48,1.358,6lfo,7sk3
6x49,1.438,6lfo,7sk3
6x50,1.313,6lfo,7sk3
6x51,1.165,6lfo,7sk3
6x52,1.221,6lfo,7sk3
6x53,1.574,6lfo,7sk3
6x54,1.521,6lfo,7sk3
6x55,0.848,6lfo,7sk3
6x56,1.169,6lfo,7sk3
6x57,1.313,6lfo,7sk3
6x58,1.687,6lfo,7sk3
6x59,1.34,6lfo,7sk3
6x60,2.094,6lfo,7sk3
6x61,2.269,6lfo,7sk3
6x62,1.698,6lfo,7sk3
6x63,1.805,6lfo,7sk3
6x64,4.801,6lfo,7sk3
ECL3.Cm5,3.067,6lfo,7sk3
ECL3.Cm4,2.668,6lfo,7sk3
ECL3.Cm3,2.727,6lfo,7sk3
ECL3.Cm2,2.735,6lfo,7sk3
7x23,2.35,6lfo,7sk3
7x24,2.674,6lfo,7sk3
7x25,1.377,6lfo,7sk3
7x26,2.15,6lfo,7sk3
7x27,3.306,6lfo,7sk3
7x28,2.511,6lfo,7sk3
7x29,1.355,6lfo,7sk3
7x30,1.774,6lfo,7sk3
7x31,1.876,6lfo,7sk3
7x32,1.739,6lfo,7sk3
7x33,1.084,6lfo,7sk3
7x34,0.97,6lfo,7sk3
7x35,1.003,6lfo,7sk3
7x36,1.213,6lfo,7sk3
7x37,0.95,6lfo,7sk3
7x38,0.401,6lfo,7sk3
7x39,0.523,6lfo,7sk3
7x40,1.114,6lfo,7sk3
7x41,0.847,6lfo,7sk3
7x42,1.119,6lfo,7sk3
7x43,0.697,6lfo,7sk3
7x45,0.997,6lfo,7sk3
7x46,1.212,6lfo,7sk3
7x47,1.984,6lfo,7sk3
7x48,1.552,6lfo,7sk3
7x49,1.418,6lfo,7sk3
7x50,0.915,6lfo,7sk3
7x51,0.732,6lfo,7sk3
7x52,0.835,6lfo,7sk3
7x53,1.251,6lfo,7sk3
7x54,1.052,6lfo,7sk3
7x55,0.503,6lfo,7sk3
7x56,1.173,6lfo,7sk3
8x47,1.037,6lfo,7sk3
8x48,0.738,6lfo,7sk3
8x49,1.864,6lfo,7sk3
8x50,1.525,6lfo,7sk3
8x51,1.298,6lfo,7sk3
8x52,1.159,6lfo,7sk3
8x53,1.588,6lfo,7sk3
8x54,1.185,6lfo,7sk3
8x55,1.384,6lfo,7sk3
8x56,1.36,6lfo,7sk3
8x57,1.868,6lfo,7sk3
1x23,1.169,6lfo,7xbx
1x24,3.327,6lfo,7xbx
1x25,2.608,6lfo,7xbx
1x26,1.29,6lfo,7xbx
1x27,5.414,6lfo,7xbx
1x28,4.48,6lfo,7xbx
1x30,2.288,6lfo,7xbx
1x31,0.977,6lfo,7xbx
1x32,1.009,6lfo,7xbx
1x33,1.603,6lfo,7xbx
1x34,1.215,6lfo,7xbx
1x35,0.448,6lfo,7xbx
1x36,0.964,6lfo,7xbx
1x37,1.544,6lfo,7xbx
1x38,1.021,6lfo,7xbx
1x39,0.453,6lfo,7xbx
1x40,0.628,6lfo,7xbx
1x41,1.112,6lfo,7xbx
1x42,1.031,6lfo,7xbx
1x43,0.476,6lfo,7xbx
1x44,0.316,6lfo,7xbx
1x45,0.719,6lfo,7xbx
1x46,1.19,6lfo,7xbx
1x47,1.262,6lfo,7xbx
1x48,0.819,6lfo,7xbx
1x49,1.096,6lfo,7xbx
1x50,1.039,6lfo,7xbx
1x51,0.604,6lfo,7xbx
1x52,0.688,6lfo,7xbx
1x53,0.91,6lfo,7xbx
1x54,1.322,6lfo,7xbx
1x55,1.184,6lfo,7xbx
1x56,0.929,6lfo,7xbx
1x57,1.615,6lfo,7xbx
1x58,1.911,6lfo,7xbx
1x59,2.749,6lfo,7xbx
1x60,3.887,6lfo,7xbx
12x48,5.767,6lfo,7xbx
12x49,3.691,6lfo,7xbx
12x50,3.386,6lfo,7xbx
12x51,2.885,6lfo,7xbx
2x37,1.134,6lfo,7xbx
2x38,1.22,6lfo,7xbx
2x39,1.266,6lfo,7xbx
2x40,1.323,6lfo,7xbx
2x41,0.963,6lfo,7xbx
2x42,1.141,6lfo,7xbx
2x43,1.487,6lfo,7xbx
2x44,1.105,6lfo,7xbx
2x45,0.966,6lfo,7xbx
2x46,1.098,6lfo,7xbx
2x47,1.113,6lfo,7xbx
2x48,1.343,6lfo,7xbx
2x49,1.48,6lfo,7xbx
2x50,1.01,6lfo,7xbx
2x51,1.283,6lfo,7xbx
2x52,2.18,6lfo,7xbx
2x53,1.718,6lfo,7xbx
2x54,0.96,6lfo,7xbx
2x55,1.068,6lfo,7xbx
2x56,1.343,6lfo,7xbx
2x57,1.496,6lfo,7xbx
2x58,1.263,6lfo,7xbx
2x59,1.186,6lfo,7xbx
2x60,0.843,6lfo,7xbx
2x61,1.338,6lfo,7xbx
2x62,2.139,6lfo,7xbx
2x63,2.441,6lfo,7xbx
2x64,3.41,6lfo,7xbx
2x65,4.379,6lfo,7xbx
2x66,4.252,6lfo,7xbx
3x24,1.335,6lfo,7xbx
3x25,1.882,6lfo,7xbx
3x26,2.255,6lfo,7xbx
3x27,1.773,6lfo,7xbx
3x28,1.708,6lfo,7xbx
3x29,1.337,6lfo,7xbx
3x30,1.282,6lfo,7xbx
3x31,1.239,6lfo,7xbx
3x32,1.297,6lfo,7xbx
3x33,1.245,6lfo,7xbx
3x34,1.225,6lfo,7xbx
3x35,0.947,6lfo,7xbx
3x36,1.015,6lfo,7xbx
3x37,0.688,6lfo,7xbx
3x38,0.587,6lfo,7xbx
3x39,1.057,6lfo,7xbx
3x40,0.932,6lfo,7xbx
3x41,0.419,6lfo,7xbx
3x42,0.411,6lfo,7xbx
3x43,0.358,6lfo,7xbx
3x44,0.546,6lfo,7xbx
3x45,1.268,6lfo,7xbx
3x46,1.101,6lfo,7xbx
3x47,0.828,6lfo,7xbx
3x48,0.954,6lfo,7xbx
3x49,1.184,6lfo,7xbx
3x50,1.312,6lfo,7xbx
3x51,1.249,6lfo,7xbx
3x52,1.714,6lfo,7xbx
3x53,1.946,6lfo,7xbx
3x54,1.672,6lfo,7xbx
3x55,1.727,6lfo,7xbx
3x56,2.21,6lfo,7xbx
34x50,2.844,6lfo,7xbx
34x51,3.183,6lfo,7xbx
34x52,2.936,6lfo,7xbx
34x53,1.791,6lfo,7xbx
34x54,2.947,6lfo,7xbx
34x55,3.088,6lfo,7xbx
34x56,2.256,6lfo,7xbx
4x38,4.831,6lfo,7xbx
4x39,4.093,6lfo,7xbx
4x40,5.223,6lfo,7xbx
4x41,0.924,6lfo,7xbx
4x42,0.745,6lfo,7xbx
4x43,0.652,6lfo,7xbx
4x44,0.947,6lfo,7xbx
4x45,0.675,6lfo,7xbx
4x46,0.59,6lfo,7xbx
4x47,0.565,6lfo,7xbx
4x48,0.512,6lfo,7xbx
4x49,0.412,6lfo,7xbx
4x50,0.531,6lfo,7xbx
4x51,0.893,6lfo,7xbx
4x52,0.651,6lfo,7xbx
4x53,0.876,6lfo,7xbx
4x54,1.114,6lfo,7xbx
4x55,0.981,6lfo,7xbx
4x56,1.614,6lfo,7xbx
4x57,2.361,6lfo,7xbx
4x59,2.241,6lfo,7xbx
4x60,2.181,6lfo,7xbx
4x61,3.948,6lfo,7xbx
4x62,4.357,6lfo,7xbx
4x63,2.645,6lfo,7xbx
4x64,0.662,6lfo,7xbx
4x65,1.145,6lfo,7xbx
ECL2.Cm6,16.706,6lfo,7xbx
ECL2.Cm5,16.952,6lfo,7xbx
ECL2.Cm4,10.721,6lfo,7xbx
ECL2.Cm3,7.324,6lfo,7xbx
ECL2.Cm2,3.341,6lfo,7xbx
ECL2.Cm1,1.147,6lfo,7xbx
45x50,1.339,6lfo,7xbx
45x51,2.137,6lfo,7xbx
45x52,2.575,6lfo,7xbx
ECL2.Cp3,3.63,6lfo,7xbx
ECL2.Cp4,2.544,6lfo,7xbx
ECL2.Cp5,3.252,6lfo,7xbx
ECL2.Cp6,3.852,6lfo,7xbx
ECL2.Cp7,5.27,6lfo,7xbx
5x34,4.3,6lfo,7xbx
5x35,2.868,6lfo,7xbx
5x36,1.846,6lfo,7xbx
5x37,1.285,6lfo,7xbx
5x38,1.562,6lfo,7xbx
5x39,2.8,6lfo,7xbx
5x40,2.598,6lfo,7xbx
5x41,1.125,6lfo,7xbx
5x42,2.371,6lfo,7xbx
5x43,4.383,6lfo,7xbx
5x44,3.843,6lfo,7xbx
5x45,1.856,6lfo,7xbx
5x46,1.694,6lfo,7xbx
5x461,2.917,6lfo,7xbx
5x47,2.64,6lfo,7xbx
5x48,2.113,6lfo,7xbx
5x49,2.45,6lfo,7xbx
5x50,1.714,6lfo,7xbx
5x51,1.692,6lfo,7xbx
5x52,1.629,6lfo,7xbx
5x53,1.132,6lfo,7xbx
5x54,0.82,6lfo,7xbx
5x55,0.871,6lfo,7xbx
5x56,0.747,6lfo,7xbx
5x57,0.316,6lfo,7xbx
5x58,0.832,6lfo,7xbx
5x59,1.071,6lfo,7xbx
5x60,0.717,6lfo,7xbx
5x61,0.963,6lfo,7xbx
5x62,1.51,6lfo,7xbx
5x63,1.553,6lfo,7xbx
5x64,2.019,6lfo,7xbx
5x65,2.355,6lfo,7xbx
5x66,2.905,6lfo,7xbx
5x67,3.231,6lfo,7xbx
5x68,2.934,6lfo,7xbx
ICL3,2.751,6lfo,7xbx
6x30,3.807,6lfo,7xbx
6x31,6.551,6lfo,7xbx
6x32,3.982,6lfo,7xbx
6x33,4.746,6lfo,7xbx
6x34,6.199,6lfo,7xbx
6x35,4.486,6lfo,7xbx
6x36,2.956,6lfo,7xbx
6x37,4.804,6lfo,7xbx
6x38,4.365,6lfo,7xbx
6x39,1.751,6lfo,7xbx
6x40,2.678,6lfo,7xbx
6x41,3.082,6lfo,7xbx
6x42,1.998,6lfo,7xbx
6x43,0.471,6lfo,7xbx
6x44,1.404,6lfo,7xbx
6x45,1.211,6lfo,7xbx
6x46,1.051,6lfo,7xbx
6x47,1.795,6lfo,7xbx
6x48,1.49,6lfo,7xbx
6x49,1.66,6lfo,7xbx
6x50,1.388,6lfo,7xbx
6x51,0.858,6lfo,7xbx
6x52,1.061,6lfo,7xbx
6x53,0.995,6lfo,7xbx
6x54,0.623,6lfo,7xbx
6x55,0.418,6lfo,7xbx
6x56,0.357,6lfo,7xbx
6x57,0.275,6lfo,7xbx
6x58,0.632,6lfo,7xbx
6x59,0.548,6lfo,7xbx
6x60,0.655,6lfo,7xbx
6x61,1.135,6lfo,7xbx
6x62,0.952,6lfo,7xbx
6x63,1.972,6lfo,7xbx
6x64,4.223,6lfo,7xbx
ECL3.Cm4,0.89,6lfo,7xbx
ECL3.Cm3,3.892,6lfo,7xbx
ECL3.Cm2,0.301,6lfo,7xbx
7x23,1.488,6lfo,7xbx
7x24,1.087,6lfo,7xbx
7x25,0.832,6lfo,7xbx
7x26,0.875,6lfo,7xbx
7x27,0.786,6lfo,7xbx
7x28,0.822,6lfo,7xbx
7x29,0.816,6lfo,7xbx
7x30,0.792,6lfo,7xbx
7x31,0.677,6lfo,7xbx
7x32,0.595,6lfo,7xbx
7x33,0.734,6lfo,7xbx
7x34,0.691,6lfo,7xbx
7x35,0.44,6lfo,7xbx
7x36,0.775,6lfo,7xbx
7x37,0.864,6lfo,7xbx
7x38,0.497,6lfo,7xbx
7x39,0.954,6lfo,7xbx
7x40,1.78,6lfo,7xbx
7x41,1.714,6lfo,7xbx
7x42,1.491,6lfo,7xbx
7x43,2.227,6lfo,7xbx
7x45,2.803,6lfo,7xbx
7x46,1.13,6lfo,7xbx
7x47,1.133,6lfo,7xbx
7x48,2.178,6lfo,7xbx
7x49,2.248,6lfo,7xbx
7x50,2.537,6lfo,7xbx
7x51,3.335,6lfo,7xbx
7x52,3.483,6lfo,7xbx
7x53,4.734,6lfo,7xbx
7x54,6.887,6lfo,7xbx
7x55,6.324,6lfo,7xbx
7x56,2.914,6lfo,7xbx
8x47,3.249,6lfo,7xbx
8x48,3.075,6lfo,7xbx
8x49,3.358,6lfo,7xbx
8x50,2.639,6lfo,7xbx
8x51,3.204,6lfo,7xbx
8x52,3.71,6lfo,7xbx
8x53,3.753,6lfo,7xbx
8x54,3.919,6lfo,7xbx
8x55,3.348,6lfo,7xbx
8x56,3.719,6lfo,7xbx
8x57,4.387,6lfo,7xbx
8x58,4.23,6lfo,7xbx
NTr.Cm5,8.981,6lfo,4rws
NTr.Cm4,7.24,6lfo,4rws
NTr.Cm3,6.069,6lfo,4rws
NTr.Cm2,4.046,6lfo,4rws
NTr.Cm1,3.863,6lfo,4rws
1x22,1.602,6lfo,4rws
1x23,2.774,6lfo,4rws
1x24,3.577,6lfo,4rws
1x25,3.096,6lfo,4rws
1x26,3.717,6lfo,4rws
1x27,8.208,6lfo,4rws
1x28,4.513,6lfo,4rws
1x30,3.043,6lfo,4rws
1x31,2.89,6lfo,4rws
1x32,2.394,6lfo,4rws
1x33,2.343,6lfo,4rws
1x34,2.268,6lfo,4rws
1x35,1.125,6lfo,4rws
1x36,1.422,6lfo,4rws
1x37,1.724,6lfo,4rws
1x38,1.545,6lfo,4rws
1x39,0.86,6lfo,4rws
1x40,1.486,6lfo,4rws
1x41,1.338,6lfo,4rws
1x42,1.1,6lfo,4rws
1x43,0.942,6lfo,4rws
1x44,1.341,6lfo,4rws
1x45,1.307,6lfo,4rws
1x46,0.956,6lfo,4rws
1x47,1.021,6lfo,4rws
1x48,1.144,6lfo,4rws
1x49,0.801,6lfo,4rws
1x50,0.737,6lfo,4rws
1x51,1.812,6lfo,4rws
1x52,1.989,6lfo,4rws
1x53,1.668,6lfo,4rws
1x54,0.577,6lfo,4rws
1x55,1.887,6lfo,4rws
1x56,2.186,6lfo,4rws
1x57,1.815,6lfo,4rws
1x58,2.21,6lfo,4rws
1x59,2.375,6lfo,4rws
1x60,2.495,6lfo,4rws
2x37,5.845,6lfo,4rws
2x38,4.214,6lfo,4rws
2x39,2.587,6lfo,4rws
2x40,3.536,6lfo,4rws
2x41,2.263,6lfo,4rws
2x42,1.585,6lfo,4rws
2x43,1.761,6lfo,4rws
2x44,1.556,6lfo,4rws
2x45,1.278,6lfo,4rws
2x46,0.923,6lfo,4rws
2x47,0.943,6lfo,4rws
2x48,0.753,6lfo,4rws
2x49,0.526,6lfo,4rws
2x50,1.178,6lfo,4rws
2x51,0.871,6lfo,4rws
2x52,0.788,6lfo,4rws
2x53,1.26,6lfo,4rws
2x54,0.721,6lfo,4rws
2x55,1.535,6lfo,4rws
2x56,0.573,6lfo,4rws
2x57,1.127,6lfo,4rws
2x58,0.759,6lfo,4rws
2x59,1.659,6lfo,4rws
2x60,1.715,6lfo,4rws
2x61,1.33,6lfo,4rws
2x62,1.56,6lfo,4rws
2x63,1.318,6lfo,4rws
2x64,1.278,6lfo,4rws
2x65,1.145,6lfo,4rws
2x66,0.46,6lfo,4rws
23x49,1.768,6lfo,4rws
23x50,0.805,6lfo,4rws
23x51,0.935,6lfo,4rws
23x52,3.174,6lfo,4rws
3x21,2.572,6lfo,4rws
3x22,1.37,6lfo,4rws
3x23,1.293,6lfo,4rws
3x24,1.589,6lfo,4rws
3x25,0.723,6lfo,4rws
3x26,0.969,6lfo,4rws
3x27,1.091,6lfo,4rws
3x28,1.394,6lfo,4rws
3x29,1.497,6lfo,4rws
3x30,1.151,6lfo,4rws
3x31,1.417,6lfo,4rws
3x32,1.586,6lfo,4rws
3x33,1.356,6lfo,4rws
3x34,1.288,6lfo,4rws
3x35,1.691,6lfo,4rws
3x36,1.786,6lfo,4rws
3x37,1.38,6lfo,4rws
3x38,0.984,6lfo,4rws
3x39,1.748,6lfo,4rws
3x40,1.609,6lfo,4rws
3x41,1.353,6lfo,4rws
3x42,0.962,6lfo,4rws
3x43,1.281,6lfo,4rws
3x44,1.419,6lfo,4rws
3x45,1.481,6lfo,4rws
3x46,1.504,6lfo,4rws
3x47,1.538,6lfo,4rws
3x48,1.296,6lfo,4rws
3x49,1.467,6lfo,4rws
3x50,1.837,6lfo,4rws
3x51,1.435,6lfo,4rws
3x52,1.387,6lfo,4rws
3x53,1.807,6lfo,4rws
3x54,1.798,6lfo,4rws
3x55,1.467,6lfo,4rws
3x56,1.496,6lfo,4rws
34x50,0.933,6lfo,4rws
34x51,1.922,6lfo,4rws
34x52,4.431,6lfo,4rws
34x53,4.447,6lfo,4rws
34x54,4.259,6lfo,4rws
34x55,2.134,6lfo,4rws
34x56,1.416,6lfo,4rws
4x38,3.879,6lfo,4rws
4x39,3.278,6lfo,4rws
4x40,6.359,6lfo,4rws
4x41,6.493,6lfo,4rws
4x42,2.541,6lfo,4rws
4x43,2.106,6lfo,4rws
4x44,3.26,6lfo,4rws
4x45,2.66,6lfo,4rws
4x46,2.596,6lfo,4rws
4x47,3.919,6lfo,4rws
4x48,3.156,6lfo,4rws
4x49,0.783,6lfo,4rws
4x50,0.454,6lfo,4rws
4x51,0.887,6lfo,4rws
4x52,0.787,6lfo,4rws
4x53,0.451,6lfo,4rws
4x54,0.886,6lfo,4rws
4x55,1.308,6lfo,4rws
4x56,1.406,6lfo,4rws
4x57,1.756,6lfo,4rws
4x59,1.467,6lfo,4rws
4x60,1.086,6lfo,4rws
4x61,1.668,6lfo,4rws
4x62,1.913,6lfo,4rws
4x63,1.34,6lfo,4rws
4x64,0.377,6lfo,4rws
4x65,0.973,6lfo,4rws
ECL2.Cm10,4.205,6lfo,4rws
ECL2.Cm9,4.629,6lfo,4rws
ECL2.Cm8,4.087,6lfo,4rws
ECL2.Cm7,4.847,6lfo,4rws
ECL2.Cm6,4.738,6lfo,4rws
ECL2.Cm5,4.374,6lfo,4rws
ECL2.Cm4,4.444,6lfo,4rws
ECL2.Cm3,2.799,6lfo,4rws
ECL2.Cm2,2.247,6lfo,4rws
ECL2.Cm1,1.344,6lfo,4rws
45x50,1.822,6lfo,4rws
45x51,2.32,6lfo,4rws
45x52,1.692,6lfo,4rws
ECL2.Cp3,2.394,6lfo,4rws
ECL2.Cp4,4.152,6lfo,4rws
ECL2.Cp5,3.515,6lfo,4rws
ECL2.Cp6,4.847,6lfo,4rws
5x34,5.225,6lfo,4rws
5x35,2.914,6lfo,4rws
5x36,2.322,6lfo,4rws
5x37,3.329,6lfo,4rws
5x38,2.634,6lfo,4rws
5x39,1.77,6lfo,4rws
5x40,2.427,6lfo,4rws
5x41,2.683,6lfo,4rws
5x42,1.345,6lfo,4rws
5x43,1.921,6lfo,4rws
5x44,3.751,6lfo,4rws
5x45,3.262,6lfo,4rws
5x46,1.49,6lfo,4rws
5x461,0.686,6lfo,4rws
5x47,1.245,6lfo,4rws
5x48,1.415,6lfo,4rws
5x49,1.473,6lfo,4rws
5x50,1.451,6lfo,4rws
5x51,1.553,6lfo,4rws
5x52,1.68,6lfo,4rws
5x53,1.217,6lfo,4rws
5x54,0.942,6lfo,4rws
5x55,1.271,6lfo,4rws
5x56,1.243,6lfo,4rws
5x57,0.728,6lfo,4rws
5x58,2.183,6lfo,4rws
5x59,2.618,6lfo,4rws
5x60,2.182,6lfo,4rws
5x61,2.29,6lfo,4rws
5x62,3.212,6lfo,4rws
5x63,3.44,6lfo,4rws
5x64,3.39,6lfo,4rws
5x65,4.003,6lfo,4rws
5x66,4.859,6lfo,4rws
5x67,5.275,6lfo,4rws
ICL3,14.906,6lfo,4rws
6x30,12.446,6lfo,4rws
6x31,12.679,6lfo,4rws
6x32,10.704,6lfo,4rws
6x33,4.76,6lfo,4rws
6x34,5.248,6lfo,4rws
6x35,4.098,6lfo,4rws
6x36,3.539,6lfo,4rws
6x37,4.389,6lfo,4rws
6x38,4.018,6lfo,4rws
6x39,2.132,6lfo,4rws
6x40,2.896,6lfo,4rws
6x41,3.351,6lfo,4rws
6x42,2.168,6lfo,4rws
6x43,0.908,6lfo,4rws
6x44,2.162,6lfo,4rws
6x45,2.101,6lfo,4rws
6x46,0.357,6lfo,4rws
6x47,1.647,6lfo,4rws
6x48,2.058,6lfo,4rws
6x49,2.716,6lfo,4rws
6x50,2.677,6lfo,4rws
6x51,2.319,6lfo,4rws
6x52,2.585,6lfo,4rws
6x53,3.234,6lfo,4rws
6x54,2.294,6lfo,4rws
6x55,2.411,6lfo,4rws
6x56,3.315,6lfo,4rws
6x57,3.196,6lfo,4rws
6x58,2.451,6lfo,4rws
6x59,2.859,6lfo,4rws
6x60,3.194,6lfo,4rws
6x61,2.429,6lfo,4rws
6x62,1.227,6lfo,4rws
6x63,2.387,6lfo,4rws
6x64,3.028,6lfo,4rws
ECL3.Cm5,2.658,6lfo,4rws
ECL3.Cm4,2.497,6lfo,4rws
ECL3.Cm3,1.941,6lfo,4rws
ECL3.Cm2,4.042,6lfo,4rws
7x23,2.417,6lfo,4rws
7x24,1.182,6lfo,4rws
7x25,1.608,6lfo,4rws
7x26,1.76,6lfo,4rws
7x27,1.619,6lfo,4rws
7x28,0.617,6lfo,4rws
7x29,1.239,6lfo,4rws
7x30,1.245,6lfo,4rws
7x31,0.458,6lfo,4rws
7x32,0.878,6lfo,4rws
7x33,1.163,6lfo,4rws
7x34,0.701,6lfo,4rws
7x35,1.299,6lfo,4rws
7x36,2.009,6lfo,4rws
7x37,1.653,6lfo,4rws
7x38,1.031,6lfo,4rws
7x39,2.211,6lfo,4rws
7x40,2.811,6lfo,4rws
7x41,1.622,6lfo,4rws
7x42,0.625,6lfo,4rws
7x43,0.553,6lfo,4rws
7x45,0.889,6lfo,4rws
7x46,0.817,6lfo,4rws
7x47,1.359,6lfo,4rws
7x48,1.397,6lfo,4rws
7x49,2.13,6lfo,4rws
7x50,2.895,6lfo,4rws
7x51,2.927,6lfo,4rws
7x52,2.804,6lfo,4rws
7x53,7.452,6lfo,4rws
7x54,9.775,6lfo,4rws
NTr.Cm8,9.937,6lfo,4xt1
NTr.Cm7,5.184,6lfo,4xt1
NTr.Cm6,5.478,6lfo,4xt1
NTr.Cm5,6.619,6lfo,4xt1
NTr.Cm4,4.195,6lfo,4xt1
NTr.Cm3,4.779,6lfo,4xt1
NTr.Cm2,2.426,6lfo,4xt1
NTr.Cm1,3.286,6lfo,4xt1
1x22,0.996,6lfo,4xt1
1x23,1.719,6lfo,4xt1
1x24,2.353,6lfo,4xt1
1x25,2.246,6lfo,4xt1
1x26,2.242,6lfo,4xt1
1x27,7.441,6lfo,4xt1
1x28,4.779,6lfo,4xt1
1x30,1.5,6lfo,4xt1
1x31,1.253,6lfo,4xt1
1x32,0.548,6lfo,4xt1
1x33,1.525,6lfo,4xt1
1x34,2.129,6lfo,4xt1
1x35,1.597,6lfo,4xt1
1x36,1.163,6lfo,4xt1
1x37,1.753,6lfo,4xt1
1x38,1.602,6lfo,4xt1
1x39,0.81,6lfo,4xt1
1x40,1.009,6lfo,4xt1
1x41,1.73,6lfo,4xt1
1x42,1.484,6lfo,4xt1
1x43,1.223,6lfo,4xt1
1x44,1.611,6lfo,4xt1
1x45,1.523,6lfo,4xt1
1x46,1.483,6lfo,4xt1
1x47,1.801,6lfo,4xt1
1x48,1.788,6lfo,4xt1
1x49,2.096,6lfo,4xt1
1x50,1.752,6lfo,4xt1
1x51,0.679,6lfo,4xt1
1x52,0.639,6lfo,4xt1
1x53,0.79,6lfo,4xt1
1x54,1.447,6lfo,4xt1
1x55,0.711,6lfo,4xt1
1x56,0.479,6lfo,4xt1
1x57,0.738,6lfo,4xt1
1x58,0.709,6lfo,4xt1
1x59,0.865,6lfo,4xt1
1x60,2.066,6lfo,4xt1
12x48,3.256,6lfo,4xt1
12x49,3.431,6lfo,4xt1
12x50,3.961,6lfo,4xt1
12x51,1.255,6lfo,4xt1
2x37,0.769,6lfo,4xt1
2x38,1.488,6lfo,4xt1
2x39,1.425,6lfo,4xt1
2x40,1.654,6lfo,4xt1
2x41,1.618,6lfo,4xt1
2x42,1.204,6lfo,4xt1
2x43,0.935,6lfo,4xt1
2x44,0.889,6lfo,4xt1
2x45,0.787,6lfo,4xt1
2x46,0.746,6lfo,4xt1
2x47,0.821,6lfo,4xt1
2x48,1.074,6lfo,4xt1
2x49,1.085,6lfo,4xt1
2x50,0.828,6lfo,4xt1
2x51,0.979,6lfo,4xt1
2x52,1.367,6lfo,4xt1
2x53,1.175,6lfo,4xt1
2x54,1.642,6lfo,4xt1
2x55,1.732,6lfo,4xt1
2x56,0.958,6lfo,4xt1
2x57,1.357,6lfo,4xt1
2x58,0.552,6lfo,4xt1
2x59,0.578,6lfo,4xt1
2x60,1.494,6lfo,4xt1
2x61,2.136,6lfo,4xt1
2x62,2.463,6lfo,4xt1
2x63,2.656,6lfo,4xt1
2x64,3.654,6lfo,4xt1
2x65,4.489,6lfo,4xt1
2x66,3.718,6lfo,4xt1
3x22,9.366,6lfo,4xt1
3x23,7.573,6lfo,4xt1
3x24,0.778,6lfo,4xt1
3x25,1.476,6lfo,4xt1
3x26,1.276,6lfo,4xt1
3x27,1.247,6lfo,4xt1
3x28,1.253,6lfo,4xt1
3x29,1.104,6lfo,4xt1
3x30,0.937,6lfo,4xt1
3x31,0.792,6lfo,4xt1
3x32,1.225,6lfo,4xt1
3x33,1.387,6lfo,4xt1
3x34,1.247,6lfo,4xt1
3x35,0.686,6lfo,4xt1
3x36,0.875,6lfo,4xt1
3x37,1.039,6lfo,4xt1
3x38,0.764,6lfo,4xt1
3x39,0.293,6lfo,4xt1
3x40,0.374,6lfo,4xt1
3x41,0.655,6lfo,4xt1
3x42,0.473,6lfo,4xt1
3x43,0.544,6lfo,4xt1
3x44,0.332,6lfo,4xt1
3x45,0.368,6lfo,4xt1
3x46,0.374,6lfo,4xt1
3x47,0.633,6lfo,4xt1
3x48,0.908,6lfo,4xt1
3x49,1.587,6lfo,4xt1
3x50,1.956,6lfo,4xt1
3x51,1.623,6lfo,4xt1
3x52,2.578,6lfo,4xt1
3x53,2.987,6lfo,4xt1
3x54,2.466,6lfo,4xt1
3x55,2.33,6lfo,4xt1
4x38,5.847,6lfo,4xt1
4x39,5.501,6lfo,4xt1
4x40,6.505,6lfo,4xt1
4x41,2.439,6lfo,4xt1
4x42,1.681,6lfo,4xt1
4x43,1.967,6lfo,4xt1
4x44,2.165,6lfo,4xt1
4x45,1.754,6lfo,4xt1
4x46,1.684,6lfo,4xt1
4x47,1.603,6lfo,4xt1
4x48,1.278,6lfo,4xt1
4x49,1.136,6lfo,4xt1
4x50,1.441,6lfo,4xt1
4x51,1.715,6lfo,4xt1
4x52,0.92,6lfo,4xt1
4x53,1.081,6lfo,4xt1
4x54,1.976,6lfo,4xt1
4x55,1.69,6lfo,4xt1
4x56,1.616,6lfo,4xt1
4x57,2.638,6lfo,4xt1
4x59,3.37,6lfo,4xt1
4x60,3.565,6lfo,4xt1
4x61,3.936,6lfo,4xt1
4x62,4.671,6lfo,4xt1
4x63,3.062,6lfo,4xt1
ECL2.Cm8,13.384,6lfo,4xt1
ECL2.Cm7,13.621,6lfo,4xt1
ECL2.Cm6,16.375,6lfo,4xt1
ECL2.Cm5,16.549,6lfo,4xt1
ECL2.Cm4,11.931,6lfo,4xt1
ECL2.Cm3,8.81,6lfo,4xt1
ECL2.Cm2,6.328,6lfo,4xt1
ECL2.Cm1,3.904,6lfo,4xt1
45x50,2.573,6lfo,4xt1
45x51,3.537,6lfo,4xt1
45x52,4.145,6lfo,4xt1
ECL2.Cp3,5.47,6lfo,4xt1
ECL2.Cp4,6.926,6lfo,4xt1
ECL2.Cp5,5.24,6lfo,4xt1
ECL2.Cp6,3.875,6lfo,4xt1
ECL2.Cp7,2.937,6lfo,4xt1
ECL2.Cp8,4.48,6lfo,4xt1
ECL2.Cp9,4.292,6lfo,4xt1
5x34,2.772,6lfo,4xt1
5x35,2.178,6lfo,4xt1
5x36,3.656,6lfo,4xt1
5x37,2.89,6lfo,4xt1
5x38,2.458,6lfo,4xt1
5x39,3.703,6lfo,4xt1
5x40,3.878,6lfo,4xt1
5x41,2.297,6lfo,4xt1
5x42,2.636,6lfo,4xt1
5x43,5.241,6lfo,4xt1
5x44,4.785,6lfo,4xt1
5x45,2.208,6lfo,4xt1
5x46,2.609,6lfo,4xt1
5x461,3.429,6lfo,4xt1
5x47,2.906,6lfo,4xt1
5x48,2.274,6lfo,4xt1
5x49,2.077,6lfo,4xt1
5x50,1.403,6lfo,4xt1
5x51,1.733,6lfo,4xt1
5x52,1.8,6lfo,4xt1
5x53,1.126,6lfo,4xt1
5x54,0.969,6lfo,4xt1
5x55,1.626,6lfo,4xt1
5x56,1.479,6lfo,4xt1
5x57,0.602,6lfo,4xt1
5x58,0.945,6lfo,4xt1
5x59,1.301,6lfo,4xt1
5x60,0.475,6lfo,4xt1
5x61,0.971,6lfo,4xt1
5x62,1.681,6lfo,4xt1
5x63,1.271,6lfo,4xt1
5x64,1.047,6lfo,4xt1
5x65,2.435,6lfo,4xt1
5x66,2.552,6lfo,4xt1
5x67,1.881,6lfo,4xt1
5x68,1.884,6lfo,4xt1
ICL3,3.975,6lfo,4xt1
6x30,2.561,6lfo,4xt1
6x31,2.559,6lfo,4xt1
6x32,1.839,6lfo,4xt1
6x33,1.758,6lfo,4xt1
6x34,1.693,6lfo,4xt1
6x35,1.497,6lfo,4xt1
6x36,1.277,6lfo,4xt1
6x37,1.06,6lfo,4xt1
6x38,1.059,6lfo,4xt1
6x39,0.754,6lfo,4xt1
6x40,0.277,6lfo,4xt1
6x41,0.508,6lfo,4xt1
6x42,0.792,6lfo,4xt1
6x43,1.124,6lfo,4xt1
6x44,1.246,6lfo,4xt1
6x45,1.364,6lfo,4xt1
6x46,2.006,6lfo,4xt1
6x47,2.311,6lfo,4xt1
6x48,2.189,6lfo,4xt1
6x49,2.146,6lfo,4xt1
6x50,2.095,6lfo,4xt1
6x51,2.018,6lfo,4xt1
6x52,1.964,6lfo,4xt1
6x53,2.131,6lfo,4xt1
6x54,1.742,6lfo,4xt1
6x55,1.947,6lfo,4xt1
6x56,2.495,6lfo,4xt1
6x57,2.124,6lfo,4xt1
6x58,1.655,6lfo,4xt1
6x59,1.617,6lfo,4xt1
6x60,1.571,6lfo,4xt1
6x61,0.718,6lfo,4xt1
6x62,1.046,6lfo,4xt1
6x63,2.125,6lfo,4xt1
6x64,1.8,6lfo,4xt1
ECL3.Cm5,0.54,6lfo,4xt1
ECL3.Cm4,1.484,6lfo,4xt1
ECL3.Cm3,0.584,6lfo,4xt1
ECL3.Cm2,1.398,6lfo,4xt1
7x23,0.997,6lfo,4xt1
7x24,0.919,6lfo,4xt1
7x25,1.212,6lfo,4xt1
7x26,1.086,6lfo,4xt1
7x27,1.2,6lfo,4xt1
7x28,1.112,6lfo,4xt1
7x29,1.119,6lfo,4xt1
7x30,1.204,6lfo,4xt1
7x31,0.812,6lfo,4xt1
7x32,0.388,6lfo,4xt1
7x33,0.809,6lfo,4xt1
7x34,0.82,6lfo,4xt1
7x35,0.801,6lfo,4xt1
7x36,0.921,6lfo,4xt1
7x37,1.529,6lfo,4xt1
7x38,1.449,6lfo,4xt1
7x39,0.925,6lfo,4xt1
7x40,1.475,6lfo,4xt1
7x41,1.885,6lfo,4xt1
7x42,1.075,6lfo,4xt1
7x43,0.389,6lfo,4xt1
7x45,1.285,6lfo,4xt1
7x46,1.694,6lfo,4xt1
7x47,1.65,6lfo,4xt1
7x48,1.548,6lfo,4xt1
7x49,1.349,6lfo,4xt1
7x50,0.815,6lfo,4xt1
7x51,1.665,6lfo,4xt1
7x52,1.746,6lfo,4xt1
7x53,1.592,6lfo,4xt1
7x54,1.212,6lfo,4xt1
7x55,1.175,6lfo,4xt1
7x56,1.154,6lfo,4xt1
8x47,1.235,6lfo,4xt1
8x48,0.445,6lfo,4xt1
8x49,1.358,6lfo,4xt1
8x50,0.984,6lfo,4xt1
8x51,0.554,6lfo,4xt1
8x52,0.774,6lfo,4xt1
8x53,0.972,6lfo,4xt1
8x54,0.257,6lfo,4xt1
8x55,0.533,6lfo,4xt1
8x56,1.077,6lfo,4xt1
8x57,1.039,6lfo,4xt1
8x58,1.971,6lfo,4xt1
8x59,2.348,6lfo,4xt1
NTr.Cm6,6.595,6lfo,5wb2
NTr.Cm5,4.107,6lfo,5wb2
NTr.Cm4,5.029,6lfo,5wb2
NTr.Cm3,2.246,6lfo,5wb2
NTr.Cm2,1.745,6lfo,5wb2
NTr.Cm1,2.673,6lfo,5wb2
1x22,0.983,6lfo,5wb2
1x23,1.698,6lfo,5wb2
1x24,2.186,6lfo,5wb2
1x25,2.355,6lfo,5wb2
1x26,2.114,6lfo,5wb2
1x27,7.158,6lfo,5wb2
1x28,4.415,6lfo,5wb2
1x30,1.086,6lfo,5wb2
1x31,0.856,6lfo,5wb2
1x32,0.359,6lfo,5wb2
1x33,1.347,6lfo,5wb2
1x34,1.857,6lfo,5wb2
1x35,1.373,6lfo,5wb2
1x36,0.903,6lfo,5wb2
1x37,1.492,6lfo,5wb2
1x38,1.373,6lfo,5wb2
1x39,0.568,6lfo,5wb2
1x40,0.974,6lfo,5wb2
1x41,1.723,6lfo,5wb2
1x42,1.43,6lfo,5wb2
1x43,0.945,6lfo,5wb2
1x44,1.69,6lfo,5wb2
1x45,1.664,6lfo,5wb2
1x46,1.562,6lfo,5wb2
1x47,1.803,6lfo,5wb2
1x48,1.893,6lfo,5wb2
1x49,2.229,6lfo,5wb2
1x50,1.764,6lfo,5wb2
1x51,0.618,6lfo,5wb2
1x52,0.663,6lfo,5wb2
1x53,0.784,6lfo,5wb2
1x54,1.38,6lfo,5wb2
1x55,0.544,6lfo,5wb2
1x56,0.739,6lfo,5wb2
1x57,0.978,6lfo,5wb2
1x58,0.983,6lfo,5wb2
1x59,0.424,6lfo,5wb2
1x60,2.784,6lfo,5wb2
12x48,2.797,6lfo,5wb2
12x49,2.471,6lfo,5wb2
12x50,3.167,6lfo,5wb2
12x51,2.107,6lfo,5wb2
2x37,0.329,6lfo,5wb2
2x38,0.903,6lfo,5wb2
2x39,0.937,6lfo,5wb2
2x40,1.23,6lfo,5wb2
2x41,1.066,6lfo,5wb2
2x42,0.847,6lfo,5wb2
2x43,0.709,6lfo,5wb2
2x44,0.676,6lfo,5wb2
2x45,0.397,6lfo,5wb2
2x46,0.543,6lfo,5wb2
2x47,0.733,6lfo,5wb2
2x48,0.942,6lfo,5wb2
2x49,0.925,6lfo,5wb2
2x50,0.749,6lfo,5wb2
2x51,0.908,6lfo,5wb2
2x52,1.209,6lfo,5wb2
2x53,0.985,6lfo,5wb2
2x54,0.958,6lfo,5wb2
2x55,1.295,6lfo,5wb2
2x56,0.783,6lfo,5wb2
2x57,1.132,6lfo,5wb2
2x58,1.198,6lfo,5wb2
2x59,1.111,6lfo,5wb2
2x60,1.75,6lfo,5wb2
2x61,2.493,6lfo,5wb2
2x62,2.673,6lfo,5wb2
2x63,2.598,6lfo,5wb2
2x64,3.526,6lfo,5wb2
2x65,4.422,6lfo,5wb2
2x66,3.428,6lfo,5wb2
3x21,2.492,6lfo,5wb2
3x22,2.285,6lfo,5wb2
3x23,1.525,6lfo,5wb2
3x24,0.254,6lfo,5wb2
3x25,0.843,6lfo,5wb2
3x26,1.135,6lfo,5wb2
3x27,0.931,6lfo,5wb2
3x28,0.76,6lfo,5wb2
3x29,0.623,6lfo,5wb2
3x30,0.436,6lfo,5wb2
3x31,0.449,6lfo,5wb2
3x32,0.657,6lfo,5wb2
3x33,0.359,6lfo,5wb2
3x34,0.451,6lfo,5wb2
3x35,0.599,6lfo,5wb2
3x36,0.392,6lfo,5wb2
3x37,0.464,6lfo,5wb2
3x38,0.561,6lfo,5wb2
3x39,0.405,6lfo,5wb2
3x40,0.764,6lfo,5wb2
3x41,1.05,6lfo,5wb2
3x42,0.661,6lfo,5wb2
3x43,0.703,6lfo,5wb2
3x44,0.348,6lfo,5wb2
3x45,0.381,6lfo,5wb2
3x46,0.297,6lfo,5wb2
3x47,0.739,6lfo,5wb2
3x48,1.013,6lfo,5wb2
3x49,1.415,6lfo,5wb2
3x50,1.764,6lfo,5wb2
3x51,1.614,6lfo,5wb2
3x52,2.4,6lfo,5wb2
3x53,2.712,6lfo,5wb2
3x54,2.365,6lfo,5wb2
3x55,2.512,6lfo,5wb2
4x38,6.159,6lfo,5wb2
4x39,5.577,6lfo,5wb2
4x40,6.607,6lfo,5wb2
4x41,2.819,6lfo,5wb2
4x42,1.695,6lfo,5wb2
4x43,2.12,6lfo,5wb2
4x44,2.391,6lfo,5wb2
4x45,1.929,6lfo,5wb2
4x46,1.759,6lfo,5wb2
4x47,1.598,6lfo,5wb2
4x48,1.427,6lfo,5wb2
4x49,1.282,6lfo,5wb2
4x50,1.225,6lfo,5wb2
4x51,1.285,6lfo,5wb2
4x52,0.763,6lfo,5wb2
4x53,0.092,6lfo,5wb2
4x54,0.9,6lfo,5wb2
4x55,0.711,6lfo,5wb2
4x56,1.032,6lfo,5wb2
4x57,1.729,6lfo,5wb2
4x59,1.898,6lfo,5wb2
4x60,1.993,6lfo,5wb2
4x61,3.314,6lfo,5wb2
4x62,4.464,6lfo,5wb2
4x63,2.983,6lfo,5wb2
ECL2.Cm8,13.792,6lfo,5wb2
ECL2.Cm7,13.697,6lfo,5wb2
ECL2.Cm6,15.596,6lfo,5wb2
ECL2.Cm5,14.644,6lfo,5wb2
ECL2.Cm4,10.067,6lfo,5wb2
ECL2.Cm3,7.131,6lfo,5wb2
ECL2.Cm2,3.755,6lfo,5wb2
ECL2.Cm1,2.987,6lfo,5wb2
45x50,2.591,6lfo,5wb2
45x51,3.063,6lfo,5wb2
45x52,3.54,6lfo,5wb2
ECL2.Cp3,4.472,6lfo,5wb2
ECL2.Cp4,6.237,6lfo,5wb2
ECL2.Cp5,4.421,6lfo,5wb2
ECL2.Cp6,5.777,6lfo,5wb2
ECL2.Cp7,3.796,6lfo,5wb2
ECL2.Cp8,4.309,6lfo,5wb2
ECL2.Cp9,4.224,6lfo,5wb2
5x34,2.502,6lfo,5wb2
5x35,1.7,6lfo,5wb2
5x36,3.436,6lfo,5wb2
5x37,3.021,6lfo,5wb2
5x38,2.484,6lfo,5wb2
5x39,3.456,6lfo,5wb2
5x40,3.752,6lfo,5wb2
5x41,2.524,6lfo,5wb2
5x42,2.01,6lfo,5wb2
5x43,4.607,6lfo,5wb2
5x44,4.603,6lfo,5wb2
5x45,2.257,6lfo,5wb2
5x46,1.93,6lfo,5wb2
5x461,2.598,6lfo,5wb2
5x47,2.254,6lfo,5wb2
5x48,1.832,6lfo,5wb2
5x49,1.643,6lfo,5wb2
5x50,1.132,6lfo,5wb2
5x51,1.168,6lfo,5wb2
5x52,1.254,6lfo,5wb2
5x53,0.718,6lfo,5wb2
5x54,0.849,6lfo,5wb2
5x55,1.302,6lfo,5wb2
5x56,1.086,6lfo,5wb2
5x57,0.618,6lfo,5wb2
5x58,0.595,6lfo,5wb2
5x59,0.734,6lfo,5wb2
5x60,0.211,6lfo,5wb2
5x61,0.661,6lfo,5wb2
5x62,0.985,6lfo,5wb2
5x63,0.472,6lfo,5wb2
5x64,0.868,6lfo,5wb2
5x65,1.84,6lfo,5wb2
5x66,1.663,6lfo,5wb2
5x67,1.154,6lfo,5wb2
5x68,1.275,6lfo,5wb2
6x30,1.859,6lfo,5wb2
6x31,1.987,6lfo,5wb2
6x32,1.455,6lfo,5wb2
6x33,1.493,6lfo,5wb2
6x34,1.386,6lfo,5wb2
6x35,1.263,6lfo,5wb2
6x36,1.011,6lfo,5wb2
6x37,0.895,6lfo,5wb2
6x38,0.982,6lfo,5wb2
6x39,0.575,6lfo,5wb2
6x40,0.543,6lfo,5wb2
6x41,0.18,6lfo,5wb2
6x42,0.15,6lfo,5wb2
6x43,0.481,6lfo,5wb2
6x44,0.662,6lfo,5wb2
6x45,0.763,6lfo,5wb2
6x46,1.269,6lfo,5wb2
6x47,1.54,6lfo,5wb2
6x48,1.444,6lfo,5wb2
6x49,1.585,6lfo,5wb2
6x50,1.575,6lfo,5wb2
6x51,1.509,6lfo,5wb2
6x52,1.511,6lfo,5wb2
6x53,1.752,6lfo,5wb2
6x54,1.396,6lfo,5wb2
6x55,1.761,6lfo,5wb2
6x56,2.358,6lfo,5wb2
6x57,2.183,6lfo,5wb2
6x58,1.612,6lfo,5wb2
6x59,1.678,6lfo,5wb2
6x60,1.868,6lfo,5wb2
6x61,1.275,6lfo,5wb2
6x62,0.836,6lfo,5wb2
6x63,1.907,6lfo,5wb2
6x64,2.361,6lfo,5wb2
ECL3.Cm5,0.969,6lfo,5wb2
ECL3.Cm4,1.91,6lfo,5wb2
ECL3.Cm3,1.213,6lfo,5wb2
ECL3.Cm2,2.119,6lfo,5wb2
7x23,1.405,6lfo,5wb2
7x24,1.097,6lfo,5wb2
7x25,1.362,6lfo,5wb2
7x26,1.254,6lfo,5wb2
7x27,1.501,6lfo,5wb2
7x28,1.513,6lfo,5wb2
7x29,1.427,6lfo,5wb2
7x30,1.395,6lfo,5wb2
7x31,0.973,6lfo,5wb2
7x32,0.814,6lfo,5wb2
7x33,0.888,6lfo,5wb2
7x34,0.783,6lfo,5wb2
7x35,1.002,6lfo,5wb2
7x36,1.111,6lfo,5wb2
7x37,1.262,6lfo,5wb2
7x38,1.114,6lfo,5wb2
7x39,1.027,6lfo,5wb2
7x40,1.468,6lfo,5wb2
7x41,1.254,6lfo,5wb2
7x42,0.569,6lfo,5wb2
7x43,0.209,6lfo,5wb2
7x45,0.706,6lfo,5wb2
7x46,1.374,6lfo,5wb2
7x47,1.602,6lfo,5wb2
7x48,1.577,6lfo,5wb2
7x49,1.332,6lfo,5wb2
7x50,0.801,6lfo,5wb2
7x51,1.605,6lfo,5wb2
7x52,1.774,6lfo,5wb2
7x53,1.453,6lfo,5wb2
7x54,0.9,6lfo,5wb2
7x55,0.754,6lfo,5wb2
7x56,0.894,6lfo,5wb2
8x47,0.632,6lfo,5wb2
8x48,0.608,6lfo,5wb2
8x49,1.459,6lfo,5wb2
8x50,0.924,6lfo,5wb2
8x51,0.12,6lfo,5wb2
8x52,1.135,6lfo,5wb2
8x53,1.264,6lfo,5wb2
8x54,0.583,6lfo,5wb2
8x55,0.403,6lfo,5wb2
8x56,1.115,6lfo,5wb2
8x57,0.736,6lfo,5wb2
8x58,2.272,6lfo,5wb2
8x59,3.09,6lfo,5wb2
NTr.Cm8,15.965,ngo,7sk3
NTr.Cm7,14.828,ngo,7sk3
NTr.Cm6,10.237,ngo,7sk3
NTr.Cm5,8.426,ngo,7sk3
NTr.Cm4,7.782,ngo,7sk3
NTr.Cm3,2.796,ngo,7sk3
NTr.Cm2,4.208,ngo,7sk3
NTr.Cm1,5.371,ngo,7sk3
1x22,5.033,ngo,7sk3
1x23,6.909,ngo,7sk3
1x24,8.147,ngo,7sk3
1x25,2.645,ngo,7sk3
1x26,4.946,ngo,7sk3
1x27,9.011,ngo,7sk3
1x28,5.756,ngo,7sk3
1x29,4.923,ngo,7sk3
1x30,6.239,ngo,7sk3
1x31,5.577,ngo,7sk3
1x32,2.381,ngo,7sk3
1x33,3.021,ngo,7sk3
1x34,3.06,ngo,7sk3
1x35,2.131,ngo,7sk3
1x36,1.273,ngo,7sk3
1x37,1.404,ngo,7sk3
1x38,2.112,ngo,7sk3
1x39,1.672,ngo,7sk3
1x40,1.182,ngo,7sk3
1x41,1.225,ngo,7sk3
1x42,1.374,ngo,7sk3
1x43,1.417,ngo,7sk3
1x44,1.639,ngo,7sk3
1x45,1.613,ngo,7sk3
1x46,2.129,ngo,7sk3
1x47,2.381,ngo,7sk3
1x48,2.038,ngo,7sk3
1x49,2.117,ngo,7sk3
1x50,1.478,ngo,7sk3
1x51,1.526,ngo,7sk3
1x52,1.769,ngo,7sk3
1x53,1.689,ngo,7sk3
1x54,1.2,ngo,7sk3
1x55,1.148,ngo,7sk3
1x56,1.569,ngo,7sk3
1x57,1.382,ngo,7sk3
1x58,1.308,ngo,7sk3
1x59,2.036,ngo,7sk3
1x60,4.567,ngo,7sk3
12x48,7.445,ngo,7sk3
12x49,11.748,ngo,7sk3
12x50,11.092,ngo,7sk3
12x51,9.482,ngo,7sk3
2x37,7.238,ngo,7sk3
2x38,6.33,ngo,7sk3
2x39,6.91,ngo,7sk3
2x40,4.088,ngo,7sk3
2x41,2.124,ngo,7sk3
2x42,1.414,ngo,7sk3
2x43,2.194,ngo,7sk3
2x44,1.708,ngo,7sk3
2x45,1.544,ngo,7sk3
2x46,1.666,ngo,7sk3
2x47,1.388,ngo,7sk3
2x48,0.758,ngo,7sk3
2x49,0.93,ngo,7sk3
2x50,1.314,ngo,7sk3
2x51,1.109,ngo,7sk3
2x52,0.95,ngo,7sk3
2x53,1.711,ngo,7sk3
2x54,1.247,ngo,7sk3
2x55,1.325,ngo,7sk3
2x56,0.975,ngo,7sk3
2x57,1.1,ngo,7sk3
2x58,1.11,ngo,7sk3
2x59,0.749,ngo,7sk3
2x60,0.057,ngo,7sk3
2x61,0.208,ngo,7sk3
2x62,0.588,ngo,7sk3
2x63,0.615,ngo,7sk3
2x64,0.453,ngo,7sk3
2x65,0.453,ngo,7sk3
2x66,1.207,ngo,7sk3
23x49,2.855,ngo,7sk3
23x50,1.431,ngo,7sk3
23x51,1.682,ngo,7sk3
23x52,1.489,ngo,7sk3
3x21,0.765,ngo,7sk3
3x22,0.645,ngo,7sk3
3x23,0.356,ngo,7sk3
3x24,0.412,ngo,7sk3
3x25,0.344,ngo,7sk3
3x26,0.224,ngo,7sk3
3x27,0.548,ngo,7sk3
3x28,0.842,ngo,7sk3
3x29,0.963,ngo,7sk3
3x30,0.895,ngo,7sk3
3x31,1.356,ngo,7sk3
3x32,1.669,ngo,7sk3
3x33,1.26,ngo,7sk3
3x34,0.997,ngo,7sk3
3x35,2.542,ngo,7sk3
3x36,2.917,ngo,7sk3
3x37,1.721,ngo,7sk3
3x38,1.444,ngo,7sk3
3x39,1.393,ngo,7sk3
3x40,0.859,ngo,7sk3
3x41,0.766,ngo,7sk3
3x42,0.677,ngo,7sk3
3x43,1.009,ngo,7sk3
3x44,0.919,ngo,7sk3
3x45,0.715,ngo,7sk3
3x46,0.692,ngo,7sk3
3x47,0.691,ngo,7sk3
3x48,0.508,ngo,7sk3
3x49,0.725,ngo,7sk3
3x50,1.158,ngo,7sk3
3x51,1.064,ngo,7sk3
3x52,0.378,ngo,7sk3
3x53,1.603,ngo,7sk3
3x54,2.276,ngo,7sk3
3x55,3.177,ngo,7sk3
3x56,3.199,ngo,7sk3
4x41,5.195,ngo,7sk3
4x42,2.317,ngo,7sk3
4x43,3.581,ngo,7sk3
4x44,3.739,ngo,7sk3
4x45,2.383,ngo,7sk3
4x46,3.27,ngo,7sk3
4x47,5.107,ngo,7sk3
4x48,4.595,ngo,7sk3
4x49,2.353,ngo,7sk3
4x50,1.4,ngo,7sk3
4x51,0.933,ngo,7sk3
4x52,1.413,ngo,7sk3
4x53,1.145,ngo,7sk3
4x54,0.655,ngo,7sk3
4x55,0.992,ngo,7sk3
4x56,1.853,ngo,7sk3
4x57,2.387,ngo,7sk3
4x59,2.71,ngo,7sk3
4x60,2.681,ngo,7sk3
4x61,2.62,ngo,7sk3
4x62,2.196,ngo,7sk3
4x63,2.203,ngo,7sk3
4x64,2.381,ngo,7sk3
4x65,1.977,ngo,7sk3
ECL2.Cm10,7.037,ngo,7sk3
ECL2.Cm9,7.824,ngo,7sk3
ECL2.Cm8,6.972,ngo,7sk3
ECL2.Cm7,7.8,ngo,7sk3
ECL2.Cm6,8.733,ngo,7sk3
ECL2.Cm5,4,ngo,7sk3
ECL2.Cm4,8.429,ngo,7sk3
ECL2.Cm3,5.073,ngo,7sk3
ECL2.Cm2,3.298,ngo,7sk3
ECL2.Cm1,3.163,ngo,7sk3
45x50,2.215,ngo,7sk3
45x51,2.887,ngo,7sk3
45x52,2.547,ngo,7sk3
ECL2.Cp3,3.215,ngo,7sk3
ECL2.Cp4,3.385,ngo,7sk3
ECL2.Cp5,4.073,ngo,7sk3
ECL2.Cp6,6.041,ngo,7sk3
5x33,2.313,ngo,7sk3
5x34,1.614,ngo,7sk3
5x35,1.098,ngo,7sk3
5x36,1.676,ngo,7sk3
5x37,1.021,ngo,7sk3
5x38,0.642,ngo,7sk3
5x39,1.434,ngo,7sk3
5x40,2.506,ngo,7sk3
5x41,2.286,ngo,7sk3
5x42,1.354,ngo,7sk3
5x43,1.723,ngo,7sk3
5x44,1.952,ngo,7sk3
5x45,1.732,ngo,7sk3
5x46,0.982,ngo,7sk3
5x461,1.25,ngo,7sk3
5x47,1.807,ngo,7sk3
5x48,2.013,ngo,7sk3
5x49,1.491,ngo,7sk3
5x50,1.129,ngo,7sk3
5x51,2.299,ngo,7sk3
5x52,2.464,ngo,7sk3
5x53,1.428,ngo,7sk3
5x54,1.273,ngo,7sk3
5x55,1.954,ngo,7sk3
5x56,1.822,ngo,7sk3
5x57,1.018,ngo,7sk3
5x58,1.892,ngo,7sk3
5x59,2.227,ngo,7sk3
5x60,1.796,ngo,7sk3
5x61,1.662,ngo,7sk3
5x62,1.657,ngo,7sk3
5x63,1.897,ngo,7sk3
5x64,2.315,ngo,7sk3
5x65,3.578,ngo,7sk3
5x66,5.086,ngo,7sk3
5x67,5.4,ngo,7sk3
5x68,5.432,ngo,7sk3
ICL3,5.152,ngo,7sk3
6x30,10.473,ngo,7sk3
6x31,6.131,ngo,7sk3
6x32,4.15,ngo,7sk3
6x33,9.156,ngo,7sk3
6x34,7.575,ngo,7sk3
6x35,6.168,ngo,7sk3
6x36,5.338,ngo,7sk3
6x37,5.894,ngo,7sk3
6x38,4.774,ngo,7sk3
6x39,3.659,ngo,7sk3
6x40,4.083,ngo,7sk3
6x41,4.434,ngo,7sk3
6x42,3.114,ngo,7sk3
6x43,2.1,ngo,7sk3
6x44,3.137,ngo,7sk3
6x45,2.895,ngo,7sk3
6x46,2.013,ngo,7sk3
6x47,1.408,ngo,7sk3
6x48,1.125,ngo,7sk3
6x49,1.267,ngo,7sk3
6x50,0.87,ngo,7sk3
6x51,0.496,ngo,7sk3
6x52,1.21,ngo,7sk3
6x53,1.701,ngo,7sk3
6x54,1.472,ngo,7sk3
6x55,2.186,ngo,7sk3
6x56,2.673,ngo,7sk3
6x57,2.536,ngo,7sk3
6x58,2.7,ngo,7sk3
6x59,2.988,ngo,7sk3
6x60,2.593,ngo,7sk3
6x61,2.54,ngo,7sk3
6x62,2.822,ngo,7sk3
6x63,3.061,ngo,7sk3
6x64,3.132,ngo,7sk3
ECL3.Cm5,2.868,ngo,7sk3
ECL3.Cm4,3.199,ngo,7sk3
ECL3.Cm3,3.034,ngo,7sk3
ECL3.Cm2,3.961,ngo,7sk3
7x23,2.199,ngo,7sk3
7x24,3.122,ngo,7sk3
7x25,1.234,ngo,7sk3
7x26,2.366,ngo,7sk3
7x27,3.756,ngo,7sk3
7x28,2.819,ngo,7sk3
7x29,1.135,ngo,7sk3
7x30,2.453,ngo,7sk3
7x31,2.856,ngo,7sk3
7x32,1.759,ngo,7sk3
7x33,0.93,ngo,7sk3
7x34,1.575,ngo,7sk3
7x35,1.851,ngo,7sk3
7x36,1.383,ngo,7sk3
7x37,0.785,ngo,7sk3
7x38,1.104,ngo,7sk3
7x39,2.107,ngo,7sk3
7x40,1.765,ngo,7sk3
7x41,0.658,ngo,7sk3
7x42,0.643,ngo,7sk3
7x43,0.954,ngo,7sk3
7x45,1.879,ngo,7sk3
7x46,1.994,ngo,7sk3
7x47,1.295,ngo,7sk3
7x48,1.319,ngo,7sk3
7x49,3.089,ngo,7sk3
7x50,3.976,ngo,7sk3
7x51,3.164,ngo,7sk3
7x52,3.61,ngo,7sk3
7x53,6.658,ngo,7sk3
7x54,7.915,ngo,7sk3
7x55,6.164,ngo,7sk3
1x23,3.037,ngo,7xbx
1x24,2.454,ngo,7xbx
1x25,3.058,ngo,7xbx
1x26,2.914,ngo,7xbx
1x27,5.213,ngo,7xbx
1x28,3.763,ngo,7xbx
1x29,1.044,ngo,7xbx
1x30,4.179,ngo,7xbx
1x31,4.543,ngo,7xbx
1x32,2.124,ngo,7xbx
1x33,2.48,ngo,7xbx
1x34,2.86,ngo,7xbx
1x35,1.525,ngo,7xbx
1x36,1.036,ngo,7xbx
1x37,1.997,ngo,7xbx
1x38,1.944,ngo,7xbx
1x39,0.903,ngo,7xbx
1x40,1.054,ngo,7xbx
1x41,1.862,ngo,7xbx
1x42,1.789,ngo,7xbx
1x43,0.728,ngo,7xbx
1x44,0.35,ngo,7xbx
1x45,1.014,ngo,7xbx
1x46,1.817,ngo,7xbx
1x47,1.704,ngo,7xbx
1x48,1.074,ngo,7xbx
1x49,1.009,ngo,7xbx
1x50,0.513,ngo,7xbx
1x51,0.704,ngo,7xbx
1x52,0.784,ngo,7xbx
1x53,0.507,ngo,7xbx
1x54,0.556,ngo,7xbx
1x55,0.397,ngo,7xbx
1x56,0.498,ngo,7xbx
1x57,0.637,ngo,7xbx
1x58,0.992,ngo,7xbx
1x59,1.736,ngo,7xbx
1x60,5.24,ngo,7xbx
12x48,4.759,ngo,7xbx
12x49,10.025,ngo,7xbx
12x50,11.439,ngo,7xbx
12x51,9.834,ngo,7xbx
2x37,7.018,ngo,7xbx
2x38,5.429,ngo,7xbx
2x39,2.393,ngo,7xbx
2x40,2.166,ngo,7xbx
2x41,1.872,ngo,7xbx
2x42,1.303,ngo,7xbx
2x43,1.267,ngo,7xbx
2x44,0.682,ngo,7xbx
2x45,0.68,ngo,7xbx
2x46,0.754,ngo,7xbx
2x47,0.375,ngo,7xbx
2x48,0.504,ngo,7xbx
2x49,0.857,ngo,7xbx
2x50,1.172,ngo,7xbx
2x51,1.125,ngo,7xbx
2x52,2.072,ngo,7xbx
2x53,2.47,ngo,7xbx
2x54,0.997,ngo,7xbx
2x55,1.882,ngo,7xbx
2x56,2.127,ngo,7xbx
2x57,1.683,ngo,7xbx
2x58,1.385,ngo,7xbx
2x59,0.921,ngo,7xbx
2x60,1.099,ngo,7xbx
2x61,0.874,ngo,7xbx
2x62,1.852,ngo,7xbx
2x63,2.203,ngo,7xbx
2x64,2.584,ngo,7xbx
2x65,2.559,ngo,7xbx
2x66,3.197,ngo,7xbx
3x24,1.584,ngo,7xbx
3x25,2.219,ngo,7xbx
3x26,2.5,ngo,7xbx
3x27,1.668,ngo,7xbx
3x28,1.232,ngo,7xbx
3x29,1.475,ngo,7xbx
3x30,1.33,ngo,7xbx
3x31,0.864,ngo,7xbx
3x32,1.028,ngo,7xbx
3x33,1.379,ngo,7xbx
3x34,0.747,ngo,7xbx
3x35,1.063,ngo,7xbx
3x36,1.937,ngo,7xbx
3x37,1.028,ngo,7xbx
3x38,0.821,ngo,7xbx
3x39,0.624,ngo,7xbx
3x40,0.426,ngo,7xbx
3x41,0.921,ngo,7xbx
3x42,1.15,ngo,7xbx
3x43,1.543,ngo,7xbx
3x44,1.467,ngo,7xbx
3x45,0.931,ngo,7xbx
3x46,1.044,ngo,7xbx
3x47,1.154,ngo,7xbx
3x48,1.142,ngo,7xbx
3x49,1.111,ngo,7xbx
3x50,1.042,ngo,7xbx
3x51,1.229,ngo,7xbx
3x52,1.133,ngo,7xbx
3x53,1.315,ngo,7xbx
3x54,1.154,ngo,7xbx
3x55,0.937,ngo,7xbx
3x56,1.331,ngo,7xbx
34x50,2.266,ngo,7xbx
34x51,2.632,ngo,7xbx
34x52,3.175,ngo,7xbx
34x53,1.708,ngo,7xbx
34x54,0.812,ngo,7xbx
34x55,2.464,ngo,7xbx
34x56,1.888,ngo,7xbx
34x57,2.731,ngo,7xbx
4x38,2.408,ngo,7xbx
4x39,7.558,ngo,7xbx
4x40,9.174,ngo,7xbx
4x41,5.461,ngo,7xbx
4x42,1.485,ngo,7xbx
4x43,4.85,ngo,7xbx
4x44,4.901,ngo,7xbx
4x45,2.227,ngo,7xbx
4x46,3.362,ngo,7xbx
4x47,5.8,ngo,7xbx
4x48,4.858,ngo,7xbx
4x49,1.956,ngo,7xbx
4x50,1.018,ngo,7xbx
4x51,0.679,ngo,7xbx
4x52,1.476,ngo,7xbx
4x53,1.219,ngo,7xbx
4x54,1.015,ngo,7xbx
4x55,1.836,ngo,7xbx
4x56,3.141,ngo,7xbx
4x57,3.966,ngo,7xbx
4x59,3.211,ngo,7xbx
4x60,3.184,ngo,7xbx
4x61,5.361,ngo,7xbx
4x62,5.221,ngo,7xbx
4x63,4.126,ngo,7xbx
4x64,2.016,ngo,7xbx
4x65,1.511,ngo,7xbx
ECL2.Cm6,12.702,ngo,7xbx
ECL2.Cm5,14.357,ngo,7xbx
ECL2.Cm4,12.152,ngo,7xbx
ECL2.Cm3,7.25,ngo,7xbx
ECL2.Cm2,1.686,ngo,7xbx
ECL2.Cm1,1.479,ngo,7xbx
45x50,1.958,ngo,7xbx
45x51,3.122,ngo,7xbx
45x52,3.257,ngo,7xbx
ECL2.Cp3,3.942,ngo,7xbx
ECL2.Cp4,2.439,ngo,7xbx
ECL2.Cp5,3.43,ngo,7xbx
ECL2.Cp6,5.728,ngo,7xbx
5x33,2.146,ngo,7xbx
5x34,2.061,ngo,7xbx
5x35,1.384,ngo,7xbx
5x36,0.894,ngo,7xbx
5x37,0.894,ngo,7xbx
5x38,1.074,ngo,7xbx
5x39,1.181,ngo,7xbx
5x40,1.261,ngo,7xbx
5x41,1.398,ngo,7xbx
5x42,1.372,ngo,7xbx
5x43,1.48,ngo,7xbx
5x44,1.68,ngo,7xbx
5x45,1.939,ngo,7xbx
5x46,1.256,ngo,7xbx
5x461,1.011,ngo,7xbx
5x47,1.791,ngo,7xbx
5x48,2.184,ngo,7xbx
5x49,1.872,ngo,7xbx
5x50,1.021,ngo,7xbx
5x51,1.424,ngo,7xbx
5x52,1.493,ngo,7xbx
5x53,1.031,ngo,7xbx
5x54,0.58,ngo,7xbx
5x55,0.443,ngo,7xbx
5x56,0.711,ngo,7xbx
5x57,1.082,ngo,7xbx
5x58,1.304,ngo,7xbx
5x59,1.384,ngo,7xbx
5x60,1.819,ngo,7xbx
5x61,1.634,ngo,7xbx
5x62,1.223,ngo,7xbx
5x63,2.067,ngo,7xbx
5x64,2.588,ngo,7xbx
5x65,2.939,ngo,7xbx
5x66,4.419,ngo,7xbx
5x67,5.337,ngo,7xbx
5x68,5.709,ngo,7xbx
ICL3,4.651,ngo,7xbx
6x30,6.592,ngo,7xbx
6x31,1.846,ngo,7xbx
6x32,2.915,ngo,7xbx
6x33,2.15,ngo,7xbx
6x34,0.773,ngo,7xbx
6x35,1.514,ngo,7xbx
6x36,1.865,ngo,7xbx
6x37,1.203,ngo,7xbx
6x38,0.805,ngo,7xbx
6x39,1.664,ngo,7xbx
6x40,1.568,ngo,7xbx
6x41,0.759,ngo,7xbx
6x42,1.169,ngo,7xbx
6x43,1.979,ngo,7xbx
6x44,1.709,ngo,7xbx
6x45,1.731,ngo,7xbx
6x46,2.131,ngo,7xbx
6x47,1.394,ngo,7xbx
6x48,1.088,ngo,7xbx
6x49,1.209,ngo,7xbx
6x50,1.119,ngo,7xbx
6x51,0.54,ngo,7xbx
6x52,0.627,ngo,7xbx
6x53,1.258,ngo,7xbx
6x54,1.251,ngo,7xbx
6x55,1.43,ngo,7xbx
6x56,1.963,ngo,7xbx
6x57,1.478,ngo,7xbx
6x58,1.58,ngo,7xbx
6x59,1.571,ngo,7xbx
6x60,0.998,ngo,7xbx
6x61,0.611,ngo,7xbx
6x62,2.266,ngo,7xbx
6x63,2.98,ngo,7xbx
6x64,2.923,ngo,7xbx
ECL3.Cm4,0.781,ngo,7xbx
ECL3.Cm3,3.731,ngo,7xbx
ECL3.Cm2,1.478,ngo,7xbx
7x23,2.292,ngo,7xbx
7x24,1.979,ngo,7xbx
7x25,2.043,ngo,7xbx
7x26,1.445,ngo,7xbx
7x27,1.161,ngo,7xbx
7x28,1.816,ngo,7xbx
7x29,1.571,ngo,7xbx
7x30,0.7,ngo,7xbx
7x31,1.068,ngo,7xbx
7x32,1.353,ngo,7xbx
7x33,1.069,ngo,7xbx
7x34,0.828,ngo,7xbx
7x35,1.577,ngo,7xbx
7x36,1.779,ngo,7xbx
7x37,1.034,ngo,7xbx
7x38,1.404,ngo,7xbx
7x39,2.489,ngo,7xbx
7x40,1.812,ngo,7xbx
7x41,1.131,ngo,7xbx
7x42,2.801,ngo,7xbx
7x43,3.266,ngo,7xbx
7x45,3.914,ngo,7xbx
7x46,2.617,ngo,7xbx
7x47,1.705,ngo,7xbx
7x48,3.491,ngo,7xbx
7x49,3.757,ngo,7xbx
7x50,2.093,ngo,7xbx
7x51,1.42,ngo,7xbx
7x52,3.237,ngo,7xbx
7x53,3.415,ngo,7xbx
7x54,2.17,ngo,7xbx
7x55,4.285,ngo,7xbx
NTr.Cm5,7.178,ngo,4rws
NTr.Cm4,4.834,ngo,4rws
NTr.Cm3,3.317,ngo,4rws
NTr.Cm2,3.406,ngo,4rws
NTr.Cm1,3.295,ngo,4rws
1x22,2.509,ngo,4rws
1x23,2.643,ngo,4rws
1x24,1.783,ngo,4rws
1x25,1.635,ngo,4rws
1x26,1.586,ngo,4rws
1x27,1.539,ngo,4rws
1x28,1.705,ngo,4rws
1x29,1.777,ngo,4rws
1x30,1.563,ngo,4rws
1x31,1.806,ngo,4rws
1x32,1.759,ngo,4rws
1x33,1.691,ngo,4rws
1x34,1.249,ngo,4rws
1x35,1.16,ngo,4rws
1x36,1.678,ngo,4rws
1x37,1.203,ngo,4rws
1x38,0.77,ngo,4rws
1x39,0.967,ngo,4rws
1x40,0.753,ngo,4rws
1x41,0.516,ngo,4rws
1x42,0.741,ngo,4rws
1x43,0.68,ngo,4rws
1x44,0.662,ngo,4rws
1x45,0.893,ngo,4rws
1x46,0.866,ngo,4rws
1x47,0.781,ngo,4rws
1x48,1.018,ngo,4rws
1x49,0.616,ngo,4rws
1x50,0.454,ngo,4rws
1x51,1.042,ngo,4rws
1x52,0.637,ngo,4rws
1x53,0.805,ngo,4rws
1x54,1.051,ngo,4rws
1x55,1.258,ngo,4rws
1x56,1.432,ngo,4rws
1x57,0.706,ngo,4rws
1x58,1.853,ngo,4rws
1x59,2.711,ngo,4rws
1x60,3.558,ngo,4rws
2x37,1.557,ngo,4rws
2x38,0.897,ngo,4rws
2x39,0.543,ngo,4rws
2x40,1.29,ngo,4rws
2x41,1.315,ngo,4rws
2x42,1.049,ngo,4rws
2x43,1.232,ngo,4rws
2x44,1.149,ngo,4rws
2x45,1.118,ngo,4rws
2x46,0.916,ngo,4rws
2x47,0.696,ngo,4rws
2x48,0.581,ngo,4rws
2x49,0.593,ngo,4rws
2x50,0.515,ngo,4rws
2x51,0.368,ngo,4rws
2x52,0.102,ngo,4rws
2x53,0.353,ngo,4rws
2x54,0.111,ngo,4rws
2x55,0.557,ngo,4rws
2x56,0.866,ngo,4rws
2x57,0.673,ngo,4rws
2x58,0.521,ngo,4rws
2x59,0.414,ngo,4rws
2x60,0.764,ngo,4rws
2x61,0.903,ngo,4rws
2x62,1.148,ngo,4rws
2x63,1.224,ngo,4rws
2x64,1.809,ngo,4rws
2x65,2.326,ngo,4rws
2x66,0.851,ngo,4rws
23x49,0.807,ngo,4rws
23x50,0.827,ngo,4rws
23x51,0.918,ngo,4rws
23x52,0.533,ngo,4rws
3x21,0.621,ngo,4rws
3x22,0.839,ngo,4rws
3x23,0.746,ngo,4rws
3x24,0.773,ngo,4rws
3x25,0.918,ngo,4rws
3x26,1.076,ngo,4rws
3x27,0.744,ngo,4rws
3x28,0.677,ngo,4rws
3x29,1.148,ngo,4rws
3x30,1.196,ngo,4rws
3x31,0.929,ngo,4rws
3x32,0.866,ngo,4rws
3x33,1.279,ngo,4rws
3x34,1.1,ngo,4rws
3x35,0.729,ngo,4rws
3x36,1.163,ngo,4rws
3x37,1.308,ngo,4rws
3x38,1.184,ngo,4rws
3x39,1.155,ngo,4rws
3x40,0.785,ngo,4rws
3x41,1.192,ngo,4rws
3x42,1.001,ngo,4rws
3x43,0.88,ngo,4rws
3x44,0.664,ngo,4rws
3x45,0.583,ngo,4rws
3x46,0.547,ngo,4rws
3x47,0.253,ngo,4rws
3x48,0.515,ngo,4rws
3x49,0.87,ngo,4rws
3x50,0.697,ngo,4rws
3x51,0.169,ngo,4rws
3x52,0.818,ngo,4rws
3x53,1.015,ngo,4rws
3x54,0.733,ngo,4rws
3x55,0.637,ngo,4rws
3x56,1.264,ngo,4rws
34x50,1.3,ngo,4rws
34x51,2.223,ngo,4rws
34x52,2.542,ngo,4rws
34x53,2.494,ngo,4rws
34x54,3.426,ngo,4rws
34x55,3.287,ngo,4rws
34x56,2.567,ngo,4rws
34x57,2.337,ngo,4rws
4x38,2.799,ngo,4rws
4x39,2.804,ngo,4rws
4x40,2.018,ngo,4rws
4x41,1.818,ngo,4rws
4x42,2.278,ngo,4rws
4x43,2.176,ngo,4rws
4x44,1.955,ngo,4rws
4x45,1.23,ngo,4rws
4x46,1.912,ngo,4rws
4x47,2.562,ngo,4rws
4x48,2.197,ngo,4rws
4x49,1.485,ngo,4rws
4x50,1.525,ngo,4rws
4x51,1.753,ngo,4rws
4x52,1.653,ngo,4rws
4x53,1.521,ngo,4rws
4x54,1.294,ngo,4rws
4x55,1.268,ngo,4rws
4x56,1.24,ngo,4rws
4x57,1.57,ngo,4rws
4x59,2.399,ngo,4rws
4x60,2.382,ngo,4rws
4x61,1.966,ngo,4rws
4x62,1.657,ngo,4rws
4x63,2.027,ngo,4rws
4x64,2.058,ngo,4rws
4x65,1.867,ngo,4rws
ECL2.Cm10,1.75,ngo,4rws
ECL2.Cm9,1.844,ngo,4rws
ECL2.Cm8,2.144,ngo,4rws
ECL2.Cm7,2.224,ngo,4rws
ECL2.Cm6,2.357,ngo,4rws
ECL2.Cm5,2.496,ngo,4rws
ECL2.Cm4,3.296,ngo,4rws
ECL2.Cm3,2.628,ngo,4rws
ECL2.Cm2,2.293,ngo,4rws
ECL2.Cm1,2.179,ngo,4rws
45x50,1.234,ngo,4rws
45x51,1.444,ngo,4rws
45x52,1.499,ngo,4rws
ECL2.Cp3,2.002,ngo,4rws
ECL2.Cp4,2.357,ngo,4rws
ECL2.Cp5,2.51,ngo,4rws
ECL2.Cp6,2.647,ngo,4rws
5x33,2.927,ngo,4rws
5x34,2.916,ngo,4rws
5x35,2.749,ngo,4rws
5x36,2.752,ngo,4rws
5x37,2.022,ngo,4rws
5x38,2.057,ngo,4rws
5x39,2.446,ngo,4rws
5x40,2.301,ngo,4rws
5x41,1.236,ngo,4rws
5x42,1.463,ngo,4rws
5x43,1.562,ngo,4rws
5x44,1.256,ngo,4rws
5x45,1.141,ngo,4rws
5x46,1.717,ngo,4rws
5x461,1.87,ngo,4rws
5x47,1.644,ngo,4rws
5x48,1.191,ngo,4rws
5x49,1.298,ngo,4rws
5x50,1.58,ngo,4rws
5x51,1.494,ngo,4rws
5x52,1.307,ngo,4rws
5x53,1.329,ngo,4rws
5x54,0.979,ngo,4rws
5x55,1.297,ngo,4rws
5x56,1.39,ngo,4rws
5x57,0.936,ngo,4rws
5x58,0.928,ngo,4rws
5x59,1.764,ngo,4rws
5x60,1.861,ngo,4rws
5x61,1.158,ngo,4rws
5x62,1.994,ngo,4rws
5x63,2.942,ngo,4rws
5x64,2.21,ngo,4rws
5x65,2.253,ngo,4rws
5x66,6.721,ngo,4rws
5x67,8.28,ngo,4rws
ICL3,13.086,ngo,4rws
6x30,6.891,ngo,4rws
6x31,6.175,ngo,4rws
6x32,5.243,ngo,4rws
6x33,2.264,ngo,4rws
6x34,1.026,ngo,4rws
6x35,1.007,ngo,4rws
6x36,1.133,ngo,4rws
6x37,0.443,ngo,4rws
6x38,0.823,ngo,4rws
6x39,1.168,ngo,4rws
6x40,0.871,ngo,4rws
6x41,0.66,ngo,4rws
6x42,1.023,ngo,4rws
6x43,1.129,ngo,4rws
6x44,1.064,ngo,4rws
6x45,1.25,ngo,4rws
6x46,0.934,ngo,4rws
6x47,0.525,ngo,4rws
6x48,1.303,ngo,4rws
6x49,1.449,ngo,4rws
6x50,1.528,ngo,4rws
6x51,1.602,ngo,4rws
6x52,2.014,ngo,4rws
6x53,2.296,ngo,4rws
6x54,2.374,ngo,4rws
6x55,2.611,ngo,4rws
6x56,2.688,ngo,4rws
6x57,2.778,ngo,4rws
6x58,2.975,ngo,4rws
6x59,2.798,ngo,4rws
6x60,2.719,ngo,4rws
6x61,2.835,ngo,4rws
6x62,3.104,ngo,4rws
6x63,2.936,ngo,4rws
6x64,3.088,ngo,4rws
ECL3.Cm5,3.16,ngo,4rws
ECL3.Cm4,2.877,ngo,4rws
ECL3.Cm3,3.01,ngo,4rws
ECL3.Cm2,2.957,ngo,4rws
7x23,2.413,ngo,4rws
7x24,1.992,ngo,4rws
7x25,1.869,ngo,4rws
7x26,1.803,ngo,4rws
7x27,1.847,ngo,4rws
7x28,1.301,ngo,4rws
7x29,1.376,ngo,4rws
7x30,1.267,ngo,4rws
7x31,1.271,ngo,4rws
7x32,1.388,ngo,4rws
7x33,1.35,ngo,4rws
7x34,1.273,ngo,4rws
7x35,1.314,ngo,4rws
7x36,1.232,ngo,4rws
7x37,1.218,ngo,4rws
7x38,0.961,ngo,4rws
7x39,0.967,ngo,4rws
7x40,1.033,ngo,4rws
7x41,1.11,ngo,4rws
7x42,0.918,ngo,4rws
7x43,0.529,ngo,4rws
7x45,0.761,ngo,4rws
7x46,0.691,ngo,4rws
7x47,0.495,ngo,4rws
7x48,0.729,ngo,4rws
7x49,0.743,ngo,4rws
7x50,0.817,ngo,4rws
7x51,0.444,ngo,4rws
7x52,0.958,ngo,4rws
7x53,1.944,ngo,4rws
7x54,3.632,ngo,4rws
NTr.Cm8,7.915,ngo,4xt1
NTr.Cm7,7.946,ngo,4xt1
NTr.Cm6,3.211,ngo,4xt1
NTr.Cm5,5.242,ngo,4xt1
NTr.Cm4,6.507,ngo,4xt1
NTr.Cm3,3.906,ngo,4xt1
NTr.Cm2,1.551,ngo,4xt1
NTr.Cm1,1.377,ngo,4xt1
1x22,1.748,ngo,4xt1
1x23,2.079,ngo,4xt1
1x24,2.047,ngo,4xt1
1x25,1.36,ngo,4xt1
1x26,2.615,ngo,4xt1
1x27,2.905,ngo,4xt1
1x28,1.774,ngo,4xt1
1x29,0.973,ngo,4xt1
1x30,2.697,ngo,4xt1
1x31,3.224,ngo,4xt1
1x32,1.777,ngo,4xt1
1x33,1.877,ngo,4xt1
1x34,0.863,ngo,4xt1
1x35,0.459,ngo,4xt1
1x36,0.454,ngo,4xt1
1x37,0.636,ngo,4xt1
1x38,0.505,ngo,4xt1
1x39,0.276,ngo,4xt1
1x40,0.585,ngo,4xt1
1x41,0.993,ngo,4xt1
1x42,1.052,ngo,4xt1
1x43,1.057,ngo,4xt1
1x44,1.548,ngo,4xt1
1x45,1.536,ngo,4xt1
1x46,1.933,ngo,4xt1
1x47,2.154,ngo,4xt1
1x48,2.144,ngo,4xt1
1x49,2.124,ngo,4xt1
1x50,1.271,ngo,4xt1
1x51,1.529,ngo,4xt1
1x52,2.014,ngo,4xt1
1x53,1.521,ngo,4xt1
1x54,0.907,ngo,4xt1
1x55,1.067,ngo,4xt1
1x56,1.123,ngo,4xt1
1x57,1.415,ngo,4xt1
1x58,0.553,ngo,4xt1
1x59,0.899,ngo,4xt1
1x60,2.709,ngo,4xt1
12x48,4.897,ngo,4xt1
12x49,10.986,ngo,4xt1
12x50,10.734,ngo,4xt1
12x51,6.555,ngo,4xt1
2x37,6.687,ngo,4xt1
2x38,5.617,ngo,4xt1
2x39,2.681,ngo,4xt1
2x40,2.702,ngo,4xt1
2x41,2.195,ngo,4xt1
2x42,1.407,ngo,4xt1
2x43,1.633,ngo,4xt1
2x44,1.15,ngo,4xt1
2x45,0.981,ngo,4xt1
2x46,0.805,ngo,4xt1
2x47,0.31,ngo,4xt1
2x48,0.148,ngo,4xt1
2x49,0.289,ngo,4xt1
2x50,0.677,ngo,4xt1
2x51,0.637,ngo,4xt1
2x52,0.881,ngo,4xt1
2x53,1.498,ngo,4xt1
2x54,1.493,ngo,4xt1
2x55,1.361,ngo,4xt1
2x56,1.146,ngo,4xt1
2x57,0.783,ngo,4xt1
2x58,1.189,ngo,4xt1
2x59,1.857,ngo,4xt1
2x60,1.726,ngo,4xt1
2x61,1.536,ngo,4xt1
2x62,2.555,ngo,4xt1
2x63,2.918,ngo,4xt1
2x64,3.131,ngo,4xt1
2x65,3.24,ngo,4xt1
2x66,3.37,ngo,4xt1
3x22,8.024,ngo,4xt1
3x23,7.204,ngo,4xt1
3x24,1.234,ngo,4xt1
3x25,0.807,ngo,4xt1
3x26,1.016,ngo,4xt1
3x27,0.924,ngo,4xt1
3x28,0.832,ngo,4xt1
3x29,0.799,ngo,4xt1
3x30,0.673,ngo,4xt1
3x31,0.697,ngo,4xt1
3x32,1.232,ngo,4xt1
3x33,1.463,ngo,4xt1
3x34,0.758,ngo,4xt1
3x35,1.765,ngo,4xt1
3x36,2.29,ngo,4xt1
3x37,1.457,ngo,4xt1
3x38,1.124,ngo,4xt1
3x39,1.156,ngo,4xt1
3x40,1.173,ngo,4xt1
3x41,1.698,ngo,4xt1
3x42,1.516,ngo,4xt1
3x43,2.17,ngo,4xt1
3x44,2.087,ngo,4xt1
3x45,1.751,ngo,4xt1
3x46,1.407,ngo,4xt1
3x47,1.303,ngo,4xt1
3x48,1.688,ngo,4xt1
3x49,1.964,ngo,4xt1
3x50,1.928,ngo,4xt1
3x51,2.033,ngo,4xt1
3x52,2.286,ngo,4xt1
3x53,2.574,ngo,4xt1
3x54,2.151,ngo,4xt1
3x55,1.775,ngo,4xt1
4x38,3.661,ngo,4xt1
4x39,8.683,ngo,4xt1
4x40,10.134,ngo,4xt1
4x41,5.621,ngo,4xt1
4x42,1.515,ngo,4xt1
4x43,5.75,ngo,4xt1
4x44,5.86,ngo,4xt1
4x45,2.484,ngo,4xt1
4x46,3.295,ngo,4xt1
4x47,6.263,ngo,4xt1
4x48,5.326,ngo,4xt1
4x49,2.198,ngo,4xt1
4x50,1.503,ngo,4xt1
4x51,1.367,ngo,4xt1
4x52,1.241,ngo,4xt1
4x53,0.958,ngo,4xt1
4x54,1.325,ngo,4xt1
4x55,1.661,ngo,4xt1
4x56,2.718,ngo,4xt1
4x57,3.604,ngo,4xt1
4x59,2.897,ngo,4xt1
4x60,2.56,ngo,4xt1
4x61,4.273,ngo,4xt1
4x62,4.822,ngo,4xt1
4x63,2.942,ngo,4xt1
ECL2.Cm8,11.715,ngo,4xt1
ECL2.Cm7,12.494,ngo,4xt1
ECL2.Cm6,12.762,ngo,4xt1
ECL2.Cm5,14.378,ngo,4xt1
ECL2.Cm4,13.624,ngo,4xt1
ECL2.Cm3,9.142,ngo,4xt1
ECL2.Cm2,5.19,ngo,4xt1
ECL2.Cm1,3.051,ngo,4xt1
45x50,1.08,ngo,4xt1
45x51,3.311,ngo,4xt1
45x52,3.351,ngo,4xt1
ECL2.Cp3,2.947,ngo,4xt1
ECL2.Cp4,4.014,ngo,4xt1
ECL2.Cp5,4.823,ngo,4xt1
ECL2.Cp6,6.084,ngo,4xt1
5x34,1.245,ngo,4xt1
5x35,1.567,ngo,4xt1
5x36,1.752,ngo,4xt1
5x37,1.926,ngo,4xt1
5x38,1.898,ngo,4xt1
5x39,1.699,ngo,4xt1
5x40,1.915,ngo,4xt1
5x41,2.167,ngo,4xt1
5x42,1.903,ngo,4xt1
5x43,2.033,ngo,4xt1
5x44,2.5,ngo,4xt1
5x45,2.776,ngo,4xt1
5x46,2.186,ngo,4xt1
5x461,1.796,ngo,4xt1
5x47,2.216,ngo,4xt1
5x48,2.459,ngo,4xt1
5x49,2.175,ngo,4xt1
5x50,1.852,ngo,4xt1
5x51,2.684,ngo,4xt1
5x52,2.684,ngo,4xt1
5x53,1.873,ngo,4xt1
5x54,1.724,ngo,4xt1
5x55,2.16,ngo,4xt1
5x56,1.866,ngo,4xt1
5x57,1.594,ngo,4xt1
5x58,2.204,ngo,4xt1
5x59,2.377,ngo,4xt1
5x60,1.952,ngo,4xt1
5x61,1.9,ngo,4xt1
5x62,2.397,ngo,4xt1
5x63,2.334,ngo,4xt1
5x64,2.271,ngo,4xt1
5x65,3.927,ngo,4xt1
5x66,5.969,ngo,4xt1
5x67,6.037,ngo,4xt1
5x68,4.832,ngo,4xt1
ICL3,4.271,ngo,4xt1
6x30,6.7,ngo,4xt1
6x31,6.143,ngo,4xt1
6x32,5.324,ngo,4xt1
6x33,5.392,ngo,4xt1
6x34,5.343,ngo,4xt1
6x35,4.457,ngo,4xt1
6x36,3.819,ngo,4xt1
6x37,4.297,ngo,4xt1
6x38,3.85,ngo,4xt1
6x39,2.921,ngo,4xt1
6x40,3.437,ngo,4xt1
6x41,4.214,ngo,4xt1
6x42,3.093,ngo,4xt1
6x43,2.06,ngo,4xt1
6x44,3.2,ngo,4xt1
6x45,3.349,ngo,4xt1
6x46,2.52,ngo,4xt1
6x47,1.451,ngo,4xt1
6x48,1.527,ngo,4xt1
6x49,1.645,ngo,4xt1
6x50,1.466,ngo,4xt1
6x51,1.286,ngo,4xt1
6x52,1.275,ngo,4xt1
6x53,1.246,ngo,4xt1
6x54,1.609,ngo,4xt1
6x55,1.456,ngo,4xt1
6x56,1.64,ngo,4xt1
6x57,1.708,ngo,4xt1
6x58,1.46,ngo,4xt1
6x59,1.289,ngo,4xt1
6x60,0.603,ngo,4xt1
6x61,0.784,ngo,4xt1
6x62,1.304,ngo,4xt1
6x63,0.611,ngo,4xt1
6x64,0.777,ngo,4xt1
ECL3.Cm5,0.494,ngo,4xt1
ECL3.Cm4,1.168,ngo,4xt1
ECL3.Cm3,1.617,ngo,4xt1
ECL3.Cm2,1.164,ngo,4xt1
7x23,0.505,ngo,4xt1
7x24,1.42,ngo,4xt1
7x25,1.479,ngo,4xt1
7x26,1.157,ngo,4xt1
7x27,1.299,ngo,4xt1
7x28,1.719,ngo,4xt1
7x29,1.206,ngo,4xt1
7x30,1.353,ngo,4xt1
7x31,1.533,ngo,4xt1
7x32,1.117,ngo,4xt1
7x33,1.18,ngo,4xt1
7x34,1.295,ngo,4xt1
7x35,1.157,ngo,4xt1
7x36,1.456,ngo,4xt1
7x37,1.74,ngo,4xt1
7x38,1.543,ngo,4xt1
7x39,1.567,ngo,4xt1
7x40,1.757,ngo,4xt1
7x41,1.285,ngo,4xt1
7x42,1.553,ngo,4xt1
7x43,1.255,ngo,4xt1
7x45,2.241,ngo,4xt1
7x46,2.328,ngo,4xt1
7x47,1.254,ngo,4xt1
7x48,1.037,ngo,4xt1
7x49,2.94,ngo,4xt1
7x50,3.677,ngo,4xt1
7x51,4.103,ngo,4xt1
7x52,4.708,ngo,4xt1
7x53,7.28,ngo,4xt1
7x54,8.804,ngo,4xt1
7x55,7.303,ngo,4xt1
NTr.Cm6,3.659,ngo,5wb2
NTr.Cm5,4.773,ngo,5wb2
NTr.Cm4,7.877,ngo,5wb2
NTr.Cm3,5.538,ngo,5wb2
NTr.Cm2,2.686,ngo,5wb2
NTr.Cm1,1.174,ngo,5wb2
1x22,1.922,ngo,5wb2
1x23,2.233,ngo,5wb2
1x24,2.468,ngo,5wb2
1x25,1.747,ngo,5wb2
1x26,2.942,ngo,5wb2
1x27,3.414,ngo,5wb2
1x28,2.203,ngo,5wb2
1x29,1.301,ngo,5wb2
1x30,3.194,ngo,5wb2
1x31,3.679,ngo,5wb2
1x32,1.795,ngo,5wb2
1x33,1.933,ngo,5wb2
1x34,1.017,ngo,5wb2
1x35,0.232,ngo,5wb2
1x36,0.377,ngo,5wb2
1x37,0.5,ngo,5wb2
1x38,0.379,ngo,5wb2
1x39,0.308,ngo,5wb2
1x40,0.624,ngo,5wb2
1x41,1.014,ngo,5wb2
1x42,1.018,ngo,5wb2
1x43,0.86,ngo,5wb2
1x44,1.614,ngo,5wb2
1x45,1.662,ngo,5wb2
1x46,1.968,ngo,5wb2
1x47,2.142,ngo,5wb2
1x48,2.279,ngo,5wb2
1x49,2.241,ngo,5wb2
1x50,1.229,ngo,5wb2
1x51,1.579,ngo,5wb2
1x52,2.084,ngo,5wb2
1x53,1.537,ngo,5wb2
1x54,0.983,ngo,5wb2
1x55,1.318,ngo,5wb2
1x56,1.262,ngo,5wb2
1x57,1.401,ngo,5wb2
1x58,0.847,ngo,5wb2
1x59,0.667,ngo,5wb2
1x60,3.758,ngo,5wb2
12x48,5.611,ngo,5wb2
12x49,11.397,ngo,5wb2
12x50,10.325,ngo,5wb2
12x51,6.351,ngo,5wb2
2x37,5.898,ngo,5wb2
2x38,4.963,ngo,5wb2
2x39,2.314,ngo,5wb2
2x40,2.458,ngo,5wb2
2x41,1.976,ngo,5wb2
2x42,1.431,ngo,5wb2
2x43,1.682,ngo,5wb2
2x44,1.262,ngo,5wb2
2x45,1.216,ngo,5wb2
2x46,1.019,ngo,5wb2
2x47,0.397,ngo,5wb2
2x48,0.183,ngo,5wb2
2x49,0.182,ngo,5wb2
2x50,0.429,ngo,5wb2
2x51,0.313,ngo,5wb2
2x52,0.619,ngo,5wb2
2x53,1.122,ngo,5wb2
2x54,0.805,ngo,5wb2
2x55,0.698,ngo,5wb2
2x56,0.542,ngo,5wb2
2x57,0.575,ngo,5wb2
2x58,1.413,ngo,5wb2
2x59,2.303,ngo,5wb2
2x60,2.081,ngo,5wb2
2x61,1.864,ngo,5wb2
2x62,2.593,ngo,5wb2
2x63,2.736,ngo,5wb2
2x64,2.88,ngo,5wb2
2x65,3.09,ngo,5wb2
2x66,3.069,ngo,5wb2
3x21,1.428,ngo,5wb2
3x22,1.776,ngo,5wb2
3x23,1.802,ngo,5wb2
3x24,0.699,ngo,5wb2
3x25,0.683,ngo,5wb2
3x26,0.966,ngo,5wb2
3x27,0.827,ngo,5wb2
3x28,1.051,ngo,5wb2
3x29,0.926,ngo,5wb2
3x30,0.752,ngo,5wb2
3x31,0.829,ngo,5wb2
3x32,0.772,ngo,5wb2
3x33,0.891,ngo,5wb2
3x34,1.069,ngo,5wb2
3x35,1.96,ngo,5wb2
3x36,2.087,ngo,5wb2
3x37,1.574,ngo,5wb2
3x38,1.525,ngo,5wb2
3x39,1.272,ngo,5wb2
3x40,1.447,ngo,5wb2
3x41,2.036,ngo,5wb2
3x42,1.693,ngo,5wb2
3x43,2.168,ngo,5wb2
3x44,2.017,ngo,5wb2
3x45,1.651,ngo,5wb2
3x46,1.311,ngo,5wb2
3x47,1.25,ngo,5wb2
3x48,1.668,ngo,5wb2
3x49,1.819,ngo,5wb2
3x50,1.749,ngo,5wb2
3x51,1.95,ngo,5wb2
3x52,2.035,ngo,5wb2
3x53,2.193,ngo,5wb2
3x54,1.89,ngo,5wb2
3x55,1.868,ngo,5wb2
4x38,4.426,ngo,5wb2
4x39,9.515,ngo,5wb2
4x40,10.607,ngo,5wb2
4x41,5.519,ngo,5wb2
4x42,2.211,ngo,5wb2
4x43,6.396,ngo,5wb2
4x44,6.442,ngo,5wb2
4x45,2.798,ngo,5wb2
4x46,3.851,ngo,5wb2
4x47,6.904,ngo,5wb2
4x48,6.009,ngo,5wb2
4x49,2.856,ngo,5wb2
4x50,2.094,ngo,5wb2
4x51,2.073,ngo,5wb2
4x52,2.233,ngo,5wb2
4x53,1.447,ngo,5wb2
4x54,0.357,ngo,5wb2
4x55,0.338,ngo,5wb2
4x56,2.308,ngo,5wb2
4x57,3.067,ngo,5wb2
4x59,2.392,ngo,5wb2
4x60,2.341,ngo,5wb2
4x61,4.352,ngo,5wb2
4x62,4.974,ngo,5wb2
4x63,3.259,ngo,5wb2
ECL2.Cm8,12.006,ngo,5wb2
ECL2.Cm7,12.643,ngo,5wb2
ECL2.Cm6,11.811,ngo,5wb2
ECL2.Cm5,12.457,ngo,5wb2
ECL2.Cm4,12.23,ngo,5wb2
ECL2.Cm3,7.876,ngo,5wb2
ECL2.Cm2,2.991,ngo,5wb2
ECL2.Cm1,1.924,ngo,5wb2
45x50,0.996,ngo,5wb2
45x51,1.953,ngo,5wb2
45x52,1.963,ngo,5wb2
ECL2.Cp3,0.953,ngo,5wb2
ECL2.Cp4,3.113,ngo,5wb2
ECL2.Cp5,4.028,ngo,5wb2
ECL2.Cp6,6.579,ngo,5wb2
5x34,1.425,ngo,5wb2
5x35,1.565,ngo,5wb2
5x36,1.63,ngo,5wb2
5x37,2.009,ngo,5wb2
5x38,2.16,ngo,5wb2
5x39,1.684,ngo,5wb2
5x40,1.735,ngo,5wb2
5x41,2.205,ngo,5wb2
5x42,1.889,ngo,5wb2
5x43,1.64,ngo,5wb2
5x44,2.236,ngo,5wb2
5x45,2.623,ngo,5wb2
5x46,2.021,ngo,5wb2
5x461,1.29,ngo,5wb2
5x47,1.788,ngo,5wb2
5x48,2.067,ngo,5wb2
5x49,1.862,ngo,5wb2
5x50,1.77,ngo,5wb2
5x51,2.431,ngo,5wb2
5x52,2.393,ngo,5wb2
5x53,1.795,ngo,5wb2
5x54,1.822,ngo,5wb2
5x55,2.122,ngo,5wb2
5x56,1.856,ngo,5wb2
5x57,1.784,ngo,5wb2
5x58,2.193,ngo,5wb2
5x59,2.267,ngo,5wb2
5x60,2.047,ngo,5wb2
5x61,1.806,ngo,5wb2
5x62,2.008,ngo,5wb2
5x63,1.97,ngo,5wb2
5x64,1.999,ngo,5wb2
5x65,3.606,ngo,5wb2
5x66,6.22,ngo,5wb2
5x67,6.282,ngo,5wb2
5x68,4.852,ngo,5wb2
6x30,7.327,ngo,5wb2
6x31,6.771,ngo,5wb2
6x32,5.876,ngo,5wb2
6x33,5.859,ngo,5wb2
6x34,5.792,ngo,5wb2
6x35,4.824,ngo,5wb2
6x36,4.035,ngo,5wb2
6x37,4.45,ngo,5wb2
6x38,3.976,ngo,5wb2
6x39,3.044,ngo,5wb2
6x40,3.359,ngo,5wb2
6x41,4.014,ngo,5wb2
6x42,2.913,ngo,5wb2
6x43,2.039,ngo,5wb2
6x44,3.057,ngo,5wb2
6x45,3.012,ngo,5wb2
6x46,2.207,ngo,5wb2
6x47,1.201,ngo,5wb2
6x48,1.295,ngo,5wb2
6x49,1.526,ngo,5wb2
6x50,1.086,ngo,5wb2
6x51,1.008,ngo,5wb2
6x52,1.427,ngo,5wb2
6x53,1.218,ngo,5wb2
6x54,1.573,ngo,5wb2
6x55,1.842,ngo,5wb2
6x56,1.956,ngo,5wb2
6x57,1.843,ngo,5wb2
6x58,1.828,ngo,5wb2
6x59,1.693,ngo,5wb2
6x60,0.986,ngo,5wb2
6x61,1.331,ngo,5wb2
6x62,2.034,ngo,5wb2
6x63,1.516,ngo,5wb2
6x64,1.705,ngo,5wb2
ECL3.Cm5,1.151,ngo,5wb2
ECL3.Cm4,1.594,ngo,5wb2
ECL3.Cm3,2.52,ngo,5wb2
ECL3.Cm2,0.611,ngo,5wb2
7x23,1.074,ngo,5wb2
7x24,1.654,ngo,5wb2
7x25,1.709,ngo,5wb2
7x26,1.073,ngo,5wb2
7x27,1.559,ngo,5wb2
7x28,2.19,ngo,5wb2
7x29,1.52,ngo,5wb2
7x30,1.389,ngo,5wb2
7x31,1.85,ngo,5wb2
7x32,1.407,ngo,5wb2
7x33,1.054,ngo,5wb2
7x34,1.478,ngo,5wb2
7x35,1.6,ngo,5wb2
7x36,1.547,ngo,5wb2
7x37,1.417,ngo,5wb2
7x38,1.353,ngo,5wb2
7x39,1.587,ngo,5wb2
7x40,1.566,ngo,5wb2
7x41,0.956,ngo,5wb2
7x42,1.519,ngo,5wb2
7x43,1.173,ngo,5wb2
7x45,2.031,ngo,5wb2
7x46,2.089,ngo,5wb2
7x47,1.26,ngo,5wb2
7x48,0.968,ngo,5wb2
7x49,2.983,ngo,5wb2
7x50,3.716,ngo,5wb2
7x51,4.069,ngo,5wb2
7x52,4.806,ngo,5wb2
7x53,7.349,ngo,5wb2
7x54,8.62,ngo,5wb2
7x55,7.083,ngo,5wb2
1x23,5.871,7sk3,7xbx
1x24,8.019,7sk3,7xbx
1x25,2.733,7sk3,7xbx
1x26,3.279,7sk3,7xbx
1x27,4.95,7sk3,7xbx
1x28,3.908,7sk3,7xbx
1x29,3.62,7sk3,7xbx
1x30,2.359,7sk3,7xbx
1x31,0.909,7sk3,7xbx
1x32,1.148,7sk3,7xbx
1x33,1.582,7sk3,7xbx
1x34,1.563,7sk3,7xbx
1x35,1.295,7sk3,7xbx
1x36,1.496,7sk3,7xbx
1x37,2.102,7sk3,7xbx
1x38,1.728,7sk3,7xbx
1x39,1.344,7sk3,7xbx
1x40,1.545,7sk3,7xbx
1x41,2.029,7sk3,7xbx
1x42,1.586,7sk3,7xbx
1x43,1.093,7sk3,7xbx
1x44,1.293,7sk3,7xbx
1x45,1.485,7sk3,7xbx
1x46,0.946,7sk3,7xbx
1x47,0.563,7sk3,7xbx
1x48,0.774,7sk3,7xbx
1x49,0.75,7sk3,7xbx
1x50,0.754,7sk3,7xbx
1x51,0.523,7sk3,7xbx
1x52,0.497,7sk3,7xbx
1x53,0.76,7sk3,7xbx
1x54,0.747,7sk3,7xbx
1x55,0.372,7sk3,7xbx
1x56,0.759,7sk3,7xbx
1x57,0.985,7sk3,7xbx
1x58,1.01,7sk3,7xbx
1x59,1.06,7sk3,7xbx
1x60,1.791,7sk3,7xbx
12x48,3.41,7sk3,7xbx
12x49,6.914,7sk3,7xbx
12x50,8.808,7sk3,7xbx
12x51,10.131,7sk3,7xbx
2x37,8.109,7sk3,7xbx
2x38,8.012,7sk3,7xbx
2x39,6.233,7sk3,7xbx
2x40,1.694,7sk3,7xbx
2x41,0.795,7sk3,7xbx
2x42,0.233,7sk3,7xbx
2x43,0.62,7sk3,7xbx
2x44,0.771,7sk3,7xbx
2x45,0.59,7sk3,7xbx
2x46,0.61,7sk3,7xbx
2x47,0.688,7sk3,7xbx
2x48,0.744,7sk3,7xbx
2x49,0.783,7sk3,7xbx
2x50,0.431,7sk3,7xbx
2x51,0.66,7sk3,7xbx
2x52,1.241,7sk3,7xbx
2x53,1.002,7sk3,7xbx
2x54,0.526,7sk3,7xbx
2x55,0.88,7sk3,7xbx
2x56,1.231,7sk3,7xbx
2x57,0.837,7sk3,7xbx
2x58,1.154,7sk3,7xbx
2x59,1.185,7sk3,7xbx
2x60,1.143,7sk3,7xbx
2x61,1.325,7sk3,7xbx
2x62,2.202,7sk3,7xbx
2x63,2.307,7sk3,7xbx
2x64,2.701,7sk3,7xbx
2x65,3.69,7sk3,7xbx
2x66,5.354,7sk3,7xbx
ECL1,7.29,7sk3,7xbx
3x24,1.246,7sk3,7xbx
3x25,2.247,7sk3,7xbx
3x26,2.465,7sk3,7xbx
3x27,1.767,7sk3,7xbx
3x28,1.572,7sk3,7xbx
3x29,1.766,7sk3,7xbx
3x30,1.766,7sk3,7xbx
3x31,1.668,7sk3,7xbx
3x32,1.66,7sk3,7xbx
3x33,1.292,7sk3,7xbx
3x34,1.289,7sk3,7xbx
3x35,1.68,7sk3,7xbx
3x36,1.382,7sk3,7xbx
3x37,0.601,7sk3,7xbx
3x38,0.57,7sk3,7xbx
3x39,0.567,7sk3,7xbx
3x40,0.265,7sk3,7xbx
3x41,0.336,7sk3,7xbx
3x42,0.603,7sk3,7xbx
3x43,0.489,7sk3,7xbx
3x44,0.572,7sk3,7xbx
3x45,0.49,7sk3,7xbx
3x46,0.602,7sk3,7xbx
3x47,0.718,7sk3,7xbx
3x48,1.08,7sk3,7xbx
3x49,0.709,7sk3,7xbx
3x50,1.092,7sk3,7xbx
3x51,2.009,7sk3,7xbx
3x52,1.406,7sk3,7xbx
3x53,1.368,7sk3,7xbx
3x54,2.2,7sk3,7xbx
3x55,2.695,7sk3,7xbx
3x56,2.711,7sk3,7xbx
4x41,2.108,7sk3,7xbx
4x42,1.015,7sk3,7xbx
4x43,1.308,7sk3,7xbx
4x44,1.739,7sk3,7xbx
4x45,0.989,7sk3,7xbx
4x46,0.573,7sk3,7xbx
4x47,1.117,7sk3,7xbx
4x48,0.985,7sk3,7xbx
4x49,0.395,7sk3,7xbx
4x50,0.699,7sk3,7xbx
4x51,0.741,7sk3,7xbx
4x52,0.562,7sk3,7xbx
4x53,0.598,7sk3,7xbx
4x54,0.625,7sk3,7xbx
4x55,0.755,7sk3,7xbx
4x56,0.981,7sk3,7xbx
4x57,1.4,7sk3,7xbx
4x59,1.7,7sk3,7xbx
4x60,2.316,7sk3,7xbx
4x61,3.101,7sk3,7xbx
4x62,2.746,7sk3,7xbx
4x63,2.772,7sk3,7xbx
4x64,1.596,7sk3,7xbx
4x65,1.632,7sk3,7xbx
ECL2.Cm6,18.862,7sk3,7xbx
ECL2.Cm5,16.531,7sk3,7xbx
ECL2.Cm4,10.988,7sk3,7xbx
ECL2.Cm3,5.298,7sk3,7xbx
ECL2.Cm2,4.392,7sk3,7xbx
ECL2.Cm1,3.954,7sk3,7xbx
45x50,2.656,7sk3,7xbx
45x51,0.628,7sk3,7xbx
45x52,0.932,7sk3,7xbx
ECL2.Cp3,1.684,7sk3,7xbx
ECL2.Cp4,1.686,7sk3,7xbx
ECL2.Cp5,2.173,7sk3,7xbx
ECL2.Cp6,0.597,7sk3,7xbx
ECL2.Cp7,2.728,7sk3,7xbx
5x31,3.484,7sk3,7xbx
5x32,1.878,7sk3,7xbx
5x33,1.507,7sk3,7xbx
5x34,2.227,7sk3,7xbx
5x35,2.546,7sk3,7xbx
5x36,1.953,7sk3,7xbx
5x37,0.986,7sk3,7xbx
5x38,1.163,7sk3,7xbx
5x39,1.729,7sk3,7xbx
5x40,1.476,7sk3,7xbx
5x41,0.751,7sk3,7xbx
5x42,0.534,7sk3,7xbx
5x43,0.68,7sk3,7xbx
5x44,0.596,7sk3,7xbx
5x45,0.708,7sk3,7xbx
5x46,0.879,7sk3,7xbx
5x461,0.953,7sk3,7xbx
5x47,0.935,7sk3,7xbx
5x48,0.684,7sk3,7xbx
5x49,0.685,7sk3,7xbx
5x50,0.967,7sk3,7xbx
5x51,1.523,7sk3,7xbx
5x52,1.266,7sk3,7xbx
5x53,0.661,7sk3,7xbx
5x54,0.945,7sk3,7xbx
5x55,1.799,7sk3,7xbx
5x56,1.772,7sk3,7xbx
5x57,0.704,7sk3,7xbx
5x58,1.005,7sk3,7xbx
5x59,1.73,7sk3,7xbx
5x60,1.371,7sk3,7xbx
5x61,0.978,7sk3,7xbx
5x62,1.546,7sk3,7xbx
5x63,1.889,7sk3,7xbx
5x64,1.448,7sk3,7xbx
5x65,1.506,7sk3,7xbx
5x66,2.352,7sk3,7xbx
5x67,2.358,7sk3,7xbx
5x68,2.151,7sk3,7xbx
ICL3,2.81,7sk3,7xbx
6x28,5.52,7sk3,7xbx
6x29,1.779,7sk3,7xbx
6x30,4.455,7sk3,7xbx
6x31,6.258,7sk3,7xbx
6x32,3.129,7sk3,7xbx
6x33,7.514,7sk3,7xbx
6x34,7.495,7sk3,7xbx
6x35,5.448,7sk3,7xbx
6x36,3.903,7sk3,7xbx
6x37,5.812,7sk3,7xbx
6x38,4.593,7sk3,7xbx
6x39,2.243,7sk3,7xbx
6x40,3.485,7sk3,7xbx
6x41,3.803,7sk3,7xbx
6x42,2.379,7sk3,7xbx
6x43,0.678,7sk3,7xbx
6x44,1.76,7sk3,7xbx
6x45,1.673,7sk3,7xbx
6x46,0.741,7sk3,7xbx
6x47,0.782,7sk3,7xbx
6x48,0.56,7sk3,7xbx
6x49,0.524,7sk3,7xbx
6x50,0.287,7sk3,7xbx
6x51,0.17,7sk3,7xbx
6x52,0.654,7sk3,7xbx
6x53,0.681,7sk3,7xbx
6x54,0.772,7sk3,7xbx
6x55,0.385,7sk3,7xbx
6x56,0.547,7sk3,7xbx
6x57,0.939,7sk3,7xbx
6x58,0.898,7sk3,7xbx
6x59,0.873,7sk3,7xbx
6x60,1.197,7sk3,7xbx
6x61,1.214,7sk3,7xbx
6x62,2.031,7sk3,7xbx
6x63,2.522,7sk3,7xbx
6x64,2.128,7sk3,7xbx
ECL3.Cm4,2.446,7sk3,7xbx
ECL3.Cm3,4.937,7sk3,7xbx
ECL3.Cm2,2.719,7sk3,7xbx
7x23,3.362,7sk3,7xbx
7x24,3.07,7sk3,7xbx
7x25,1.792,7sk3,7xbx
7x26,3.271,7sk3,7xbx
7x27,3.583,7sk3,7xbx
7x28,2.346,7sk3,7xbx
7x29,1.917,7sk3,7xbx
7x30,2.506,7sk3,7xbx
7x31,2.234,7sk3,7xbx
7x32,1.382,7sk3,7xbx
7x33,1.363,7sk3,7xbx
7x34,1.252,7sk3,7xbx
7x35,0.947,7sk3,7xbx
7x36,0.516,7sk3,7xbx
7x37,0.862,7sk3,7xbx
7x38,0.613,7sk3,7xbx
7x39,0.95,7sk3,7xbx
7x40,1.31,7sk3,7xbx
7x41,1.894,7sk3,7xbx
7x42,2.346,7sk3,7xbx
7x43,2.551,7sk3,7xbx
7x45,2.81,7sk3,7xbx
7x46,1.592,7sk3,7xbx
7x47,2.03,7sk3,7xbx
7x48,2.849,7sk3,7xbx
7x49,2.556,7sk3,7xbx
7x50,2.684,7sk3,7xbx
7x51,3.397,7sk3,7xbx
7x52,3.765,7sk3,7xbx
7x53,4.672,7sk3,7xbx
7x54,6.43,7sk3,7xbx
7x55,5.789,7sk3,7xbx
7x56,2.807,7sk3,7xbx
8x47,3.168,7sk3,7xbx
8x48,2.363,7sk3,7xbx
8x49,3.102,7sk3,7xbx
8x50,3.327,7sk3,7xbx
8x51,3.08,7sk3,7xbx
8x52,3.249,7sk3,7xbx
8x53,4.242,7sk3,7xbx
8x54,4.358,7sk3,7xbx
8x55,3.379,7sk3,7xbx
8x56,3.67,7sk3,7xbx
8x57,5.164,7sk3,7xbx
NTr.Cm5,14.444,7sk3,4rws
NTr.Cm4,10.14,7sk3,4rws
NTr.Cm3,4.529,7sk3,4rws
NTr.Cm2,4.846,7sk3,4rws
NTr.Cm1,2.741,7sk3,4rws
1x22,2.539,7sk3,4rws
1x23,4.518,7sk3,4rws
1x24,6.172,7sk3,4rws
1x25,2.022,7sk3,4rws
1x26,3.067,7sk3,4rws
1x27,7.246,7sk3,4rws
1x28,4.204,7sk3,4rws
1x29,3.454,7sk3,4rws
1x30,5.02,7sk3,4rws
1x31,3.897,7sk3,4rws
1x32,2.725,7sk3,4rws
1x33,2.734,7sk3,4rws
1x34,2.267,7sk3,4rws
1x35,1.581,7sk3,4rws
1x36,1.565,7sk3,4rws
1x37,0.812,7sk3,4rws
1x38,1.617,7sk3,4rws
1x39,1.438,7sk3,4rws
1x40,1.139,7sk3,4rws
1x41,0.952,7sk3,4rws
1x42,0.917,7sk3,4rws
1x43,1.185,7sk3,4rws
1x44,1.207,7sk3,4rws
1x45,0.982,7sk3,4rws
1x46,1.496,7sk3,4rws
1x47,1.765,7sk3,4rws
1x48,1.948,7sk3,4rws
1x49,1.927,7sk3,4rws
1x50,1.569,7sk3,4rws
1x51,2.159,7sk3,4rws
1x52,2.019,7sk3,4rws
1x53,1.93,7sk3,4rws
1x54,1.867,7sk3,4rws
1x55,2.029,7sk3,4rws
1x56,2.144,7sk3,4rws
1x57,1.985,7sk3,4rws
1x58,2.016,7sk3,4rws
1x59,2.666,7sk3,4rws
1x60,4.606,7sk3,4rws
2x37,6.291,7sk3,4rws
2x38,6.103,7sk3,4rws
2x39,7.188,7sk3,4rws
2x40,5.015,7sk3,4rws
2x41,3.501,7sk3,4rws
2x42,2.344,7sk3,4rws
2x43,2.475,7sk3,4rws
2x44,1.836,7sk3,4rws
2x45,1.472,7sk3,4rws
2x46,1.572,7sk3,4rws
2x47,1.594,7sk3,4rws
2x48,0.914,7sk3,4rws
2x49,0.51,7sk3,4rws
2x50,1.227,7sk3,4rws
2x51,0.928,7sk3,4rws
2x52,0.759,7sk3,4rws
2x53,1.418,7sk3,4rws
2x54,1.3,7sk3,4rws
2x55,1.417,7sk3,4rws
2x56,0.472,7sk3,4rws
2x57,0.509,7sk3,4rws
2x58,0.592,7sk3,4rws
2x59,0.536,7sk3,4rws
2x60,0.53,7sk3,4rws
2x61,0.599,7sk3,4rws
2x62,1.276,7sk3,4rws
2x63,1.23,7sk3,4rws
2x64,1.563,7sk3,4rws
2x65,1.867,7sk3,4rws
2x66,1.164,7sk3,4rws
23x49,2.554,7sk3,4rws
23x50,1.184,7sk3,4rws
23x51,1.689,7sk3,4rws
23x52,1.801,7sk3,4rws
3x21,0.911,7sk3,4rws
3x22,0.973,7sk3,4rws
3x23,0.885,7sk3,4rws
3x24,1.11,7sk3,4rws
3x25,0.658,7sk3,4rws
3x26,1.006,7sk3,4rws
3x27,1.12,7sk3,4rws
3x28,1.084,7sk3,4rws
3x29,0.855,7sk3,4rws
3x30,0.771,7sk3,4rws
3x31,1.441,7sk3,4rws
3x32,1.765,7sk3,4rws
3x33,1.327,7sk3,4rws
3x34,1.128,7sk3,4rws
3x35,2.48,7sk3,4rws
3x36,2.672,7sk3,4rws
3x37,1.56,7sk3,4rws
3x38,0.864,7sk3,4rws
3x39,0.864,7sk3,4rws
3x40,1.072,7sk3,4rws
3x41,1.142,7sk3,4rws
3x42,0.95,7sk3,4rws
3x43,0.827,7sk3,4rws
3x44,0.463,7sk3,4rws
3x45,1.162,7sk3,4rws
3x46,1.315,7sk3,4rws
3x47,0.734,7sk3,4rws
3x48,0.623,7sk3,4rws
3x49,1.82,7sk3,4rws
3x50,2.004,7sk3,4rws
3x51,1.101,7sk3,4rws
3x52,1.214,7sk3,4rws
3x53,2.961,7sk3,4rws
3x54,3.425,7sk3,4rws
3x55,3.39,7sk3,4rws
3x56,3.6,7sk3,4rws
4x41,6.559,7sk3,4rws
4x42,3.243,7sk3,4rws
4x43,1.342,7sk3,4rws
4x44,3.055,7sk3,4rws
4x45,2.946,7sk3,4rws
4x46,1.889,7sk3,4rws
4x47,3.137,7sk3,4rws
4x48,3.112,7sk3,4rws
4x49,1.336,7sk3,4rws
4x50,0.74,7sk3,4rws
4x51,1.211,7sk3,4rws
4x52,0.519,7sk3,4rws
4x53,0.797,7sk3,4rws
4x54,1.461,7sk3,4rws
4x55,1.665,7sk3,4rws
4x56,1.884,7sk3,4rws
4x57,2.638,7sk3,4rws
4x59,1.929,7sk3,4rws
4x60,1.12,7sk3,4rws
4x61,3.608,7sk3,4rws
4x62,3.587,7sk3,4rws
4x63,1.226,7sk3,4rws
4x64,0.964,7sk3,4rws
4x65,1.884,7sk3,4rws
ECL2.Cm10,8.357,7sk3,4rws
ECL2.Cm9,8.487,7sk3,4rws
ECL2.Cm8,7.714,7sk3,4rws
ECL2.Cm7,7.482,7sk3,4rws
ECL2.Cm6,8.026,7sk3,4rws
ECL2.Cm5,3.679,7sk3,4rws
ECL2.Cm4,5.029,7sk3,4rws
ECL2.Cm3,2.807,7sk3,4rws
ECL2.Cm2,2.12,7sk3,4rws
ECL2.Cm1,2.268,7sk3,4rws
45x50,2.313,7sk3,4rws
45x51,2.937,7sk3,4rws
45x52,2.789,7sk3,4rws
ECL2.Cp3,2.413,7sk3,4rws
ECL2.Cp4,1.755,7sk3,4rws
ECL2.Cp5,1.791,7sk3,4rws
ECL2.Cp6,3.974,7sk3,4rws
5x33,1.727,7sk3,4rws
5x34,1.707,7sk3,4rws
5x35,1.659,7sk3,4rws
5x36,1.597,7sk3,4rws
5x37,1.909,7sk3,4rws
5x38,2.151,7sk3,4rws
5x39,2.083,7sk3,4rws
5x40,2.471,7sk3,4rws
5x41,2.593,7sk3,4rws
5x42,2.285,7sk3,4rws
5x43,2.227,7sk3,4rws
5x44,2.21,7sk3,4rws
5x45,2.312,7sk3,4rws
5x46,1.811,7sk3,4rws
5x461,1.368,7sk3,4rws
5x47,1.699,7sk3,4rws
5x48,2.037,7sk3,4rws
5x49,2.068,7sk3,4rws
5x50,1.411,7sk3,4rws
5x51,2.184,7sk3,4rws
5x52,2.739,7sk3,4rws
5x53,1.787,7sk3,4rws
5x54,1.101,7sk3,4rws
5x55,2.434,7sk3,4rws
5x56,2.495,7sk3,4rws
5x57,0.835,7sk3,4rws
5x58,2.553,7sk3,4rws
5x59,3.598,7sk3,4rws
5x60,2.612,7sk3,4rws
5x61,2.539,7sk3,4rws
5x62,3.667,7sk3,4rws
5x63,4.08,7sk3,4rws
5x64,3.21,7sk3,4rws
5x65,4.386,7sk3,4rws
5x66,5.541,7sk3,4rws
5x67,4.998,7sk3,4rws
ICL3,12.994,7sk3,4rws
6x30,11.039,7sk3,4rws
6x31,6.493,7sk3,4rws
6x32,6.07,7sk3,4rws
6x33,6.802,7sk3,4rws
6x34,6.082,7sk3,4rws
6x35,4.762,7sk3,4rws
6x36,4.264,7sk3,4rws
6x37,5.218,7sk3,4rws
6x38,4.004,7sk3,4rws
6x39,2.563,7sk3,4rws
6x40,3.794,7sk3,4rws
6x41,4.024,7sk3,4rws
6x42,2.478,7sk3,4rws
6x43,1.495,7sk3,4rws
6x44,2.7,7sk3,4rws
6x45,2.591,7sk3,4rws
6x46,1.307,7sk3,4rws
6x47,1.67,7sk3,4rws
6x48,1.652,7sk3,4rws
6x49,1.715,7sk3,4rws
6x50,1.784,7sk3,4rws
6x51,1.499,7sk3,4rws
6x52,1.766,7sk3,4rws
6x53,2.194,7sk3,4rws
6x54,1.73,7sk3,4rws
6x55,2.153,7sk3,4rws
6x56,2.764,7sk3,4rws
6x57,2.856,7sk3,4rws
6x58,2.863,7sk3,4rws
6x59,2.857,7sk3,4rws
6x60,2.782,7sk3,4rws
6x61,2.573,7sk3,4rws
6x62,2.556,7sk3,4rws
6x63,2.662,7sk3,4rws
6x64,2.656,7sk3,4rws
ECL3.Cm5,2.511,7sk3,4rws
ECL3.Cm4,2.095,7sk3,4rws
ECL3.Cm3,0.958,7sk3,4rws
ECL3.Cm2,4.176,7sk3,4rws
7x23,1.379,7sk3,4rws
7x24,0.881,7sk3,4rws
7x25,1.027,7sk3,4rws
7x26,2.535,7sk3,4rws
7x27,2.86,7sk3,4rws
7x28,1.686,7sk3,4rws
7x29,1.006,7sk3,4rws
7x30,2.016,7sk3,4rws
7x31,1.794,7sk3,4rws
7x32,1.043,7sk3,4rws
7x33,0.948,7sk3,4rws
7x34,0.941,7sk3,4rws
7x35,1.624,7sk3,4rws
7x36,1.546,7sk3,4rws
7x37,1.152,7sk3,4rws
7x38,1.079,7sk3,4rws
7x39,2.264,7sk3,4rws
7x40,2.726,7sk3,4rws
7x41,1.638,7sk3,4rws
7x42,0.733,7sk3,4rws
7x43,0.759,7sk3,4rws
7x45,1.225,7sk3,4rws
7x46,1.568,7sk3,4rws
7x47,1.183,7sk3,4rws
7x48,0.835,7sk3,4rws
7x49,2.283,7sk3,4rws
7x50,3.351,7sk3,4rws
7x51,3.357,7sk3,4rws
7x52,3.302,7sk3,4rws
7x53,7.357,7sk3,4rws
7x54,9.584,7sk3,4rws
NTr.Cm8,9.976,7sk3,4xt1
NTr.Cm7,8.031,7sk3,4xt1
NTr.Cm6,8.126,7sk3,4xt1
NTr.Cm5,4.43,7sk3,4xt1
NTr.Cm4,3.429,7sk3,4xt1
NTr.Cm3,4.205,7sk3,4xt1
NTr.Cm2,3.212,7sk3,4xt1
NTr.Cm1,4.497,7sk3,4xt1
1x22,3.526,7sk3,4xt1
1x23,5.244,7sk3,4xt1
1x24,7.022,7sk3,4xt1
1x25,2.317,7sk3,4xt1
1x26,2.836,7sk3,4xt1
1x27,6.993,7sk3,4xt1
1x28,4.759,7sk3,4xt1
1x29,4.003,7sk3,4xt1
1x30,4.209,7sk3,4xt1
1x31,2.945,7sk3,4xt1
1x32,1.313,7sk3,4xt1
1x33,1.532,7sk3,4xt1
1x34,2.678,7sk3,4xt1
1x35,2.267,7sk3,4xt1
1x36,1.034,7sk3,4xt1
1x37,1.623,7sk3,4xt1
1x38,2.121,7sk3,4xt1
1x39,1.567,7sk3,4xt1
1x40,0.809,7sk3,4xt1
1x41,1.448,7sk3,4xt1
1x42,1.39,7sk3,4xt1
1x43,0.681,7sk3,4xt1
1x44,0.658,7sk3,4xt1
1x45,0.578,7sk3,4xt1
1x46,0.743,7sk3,4xt1
1x47,0.293,7sk3,4xt1
1x48,0.437,7sk3,4xt1
1x49,0.734,7sk3,4xt1
1x50,0.413,7sk3,4xt1
1x51,0.452,7sk3,4xt1
1x52,0.864,7sk3,4xt1
1x53,0.677,7sk3,4xt1
1x54,0.322,7sk3,4xt1
1x55,1.089,7sk3,4xt1
1x56,0.921,7sk3,4xt1
1x57,0.768,7sk3,4xt1
1x58,1.169,7sk3,4xt1
1x59,2.708,7sk3,4xt1
1x60,4.7,7sk3,4xt1
12x48,3.23,7sk3,4xt1
12x49,4.929,7sk3,4xt1
12x50,9.781,7sk3,4xt1
12x51,7.208,7sk3,4xt1
2x37,7.696,7sk3,4xt1
2x38,7.693,7sk3,4xt1
2x39,5.907,7sk3,4xt1
2x40,2.2,7sk3,4xt1
2x41,1.062,7sk3,4xt1
2x42,0.863,7sk3,4xt1
2x43,0.837,7sk3,4xt1
2x44,1.211,7sk3,4xt1
2x45,0.982,7sk3,4xt1
2x46,0.838,7sk3,4xt1
2x47,1.026,7sk3,4xt1
2x48,0.736,7sk3,4xt1
2x49,0.746,7sk3,4xt1
2x50,0.802,7sk3,4xt1
2x51,0.813,7sk3,4xt1
2x52,0.662,7sk3,4xt1
2x53,0.527,7sk3,4xt1
2x54,0.827,7sk3,4xt1
2x55,0.662,7sk3,4xt1
2x56,0.493,7sk3,4xt1
2x57,0.758,7sk3,4xt1
2x58,0.969,7sk3,4xt1
2x59,1.626,7sk3,4xt1
2x60,1.751,7sk3,4xt1
2x61,1.664,7sk3,4xt1
2x62,2.225,7sk3,4xt1
2x63,2.414,7sk3,4xt1
2x64,2.806,7sk3,4xt1
2x65,3.601,7sk3,4xt1
2x66,4.61,7sk3,4xt1
3x22,7.922,7sk3,4xt1
3x23,7.185,7sk3,4xt1
3x24,0.959,7sk3,4xt1
3x25,0.901,7sk3,4xt1
3x26,1.041,7sk3,4xt1
3x27,0.969,7sk3,4xt1
3x28,0.8,7sk3,4xt1
3x29,1.163,7sk3,4xt1
3x30,1.188,7sk3,4xt1
3x31,1.122,7sk3,4xt1
3x32,1.4,7sk3,4xt1
3x33,1.21,7sk3,4xt1
3x34,1.144,7sk3,4xt1
3x35,1.139,7sk3,4xt1
3x36,0.863,7sk3,4xt1
3x37,0.675,7sk3,4xt1
3x38,0.741,7sk3,4xt1
3x39,0.985,7sk3,4xt1
3x40,0.445,7sk3,4xt1
3x41,1.087,7sk3,4xt1
3x42,1.014,7sk3,4xt1
3x43,1.202,7sk3,4xt1
3x44,1.28,7sk3,4xt1
3x45,1.277,7sk3,4xt1
3x46,0.91,7sk3,4xt1
3x47,0.767,7sk3,4xt1
3x48,1.563,7sk3,4xt1
3x49,1.372,7sk3,4xt1
3x50,1.123,7sk3,4xt1
3x51,2.188,7sk3,4xt1
3x52,1.964,7sk3,4xt1
3x53,1.587,7sk3,4xt1
3x54,1.829,7sk3,4xt1
3x55,2.292,7sk3,4xt1
ICL2,6.121,7sk3,4xt1
4x41,3.662,7sk3,4xt1
4x42,2.287,7sk3,4xt1
4x43,2.91,7sk3,4xt1
4x44,3.144,7sk3,4xt1
4x45,2.172,7sk3,4xt1
4x46,1.712,7sk3,4xt1
4x47,2.072,7sk3,4xt1
4x48,1.791,7sk3,4xt1
4x49,1.264,7sk3,4xt1
4x50,1.545,7sk3,4xt1
4x51,1.525,7sk3,4xt1
4x52,1.033,7sk3,4xt1
4x53,0.96,7sk3,4xt1
4x54,1.377,7sk3,4xt1
4x55,1.135,7sk3,4xt1
4x56,1.046,7sk3,4xt1
4x57,1.48,7sk3,4xt1
4x59,2.428,7sk3,4xt1
4x60,3.397,7sk3,4xt1
4x61,3.086,7sk3,4xt1
4x62,2.657,7sk3,4xt1
4x63,2.498,7sk3,4xt1
ECL2.Cm8,17.207,7sk3,4xt1
ECL2.Cm7,18.538,7sk3,4xt1
ECL2.Cm6,19.032,7sk3,4xt1
ECL2.Cm5,15.86,7sk3,4xt1
ECL2.Cm4,10.279,7sk3,4xt1
ECL2.Cm3,5.459,7sk3,4xt1
ECL2.Cm2,3.516,7sk3,4xt1
ECL2.Cm1,2.166,7sk3,4xt1
45x50,1.595,7sk3,4xt1
45x51,1.624,7sk3,4xt1
45x52,2.198,7sk3,4xt1
ECL2.Cp3,3.118,7sk3,4xt1
ECL2.Cp4,5.988,7sk3,4xt1
ECL2.Cp5,7.921,7sk3,4xt1
ECL2.Cp6,3.877,7sk3,4xt1
ECL2.Cp7,6.716,7sk3,4xt1
5x34,2.418,7sk3,4xt1
5x35,2.358,7sk3,4xt1
5x36,2.278,7sk3,4xt1
5x37,1.827,7sk3,4xt1
5x38,1.796,7sk3,4xt1
5x39,2.154,7sk3,4xt1
5x40,2.272,7sk3,4xt1
5x41,1.666,7sk3,4xt1
5x42,1.231,7sk3,4xt1
5x43,1.276,7sk3,4xt1
5x44,1.306,7sk3,4xt1
5x45,1.492,7sk3,4xt1
5x46,1.452,7sk3,4xt1
5x461,1.332,7sk3,4xt1
5x47,0.975,7sk3,4xt1
5x48,0.833,7sk3,4xt1
5x49,0.86,7sk3,4xt1
5x50,1.024,7sk3,4xt1
5x51,0.741,7sk3,4xt1
5x52,0.509,7sk3,4xt1
5x53,0.808,7sk3,4xt1
5x54,0.783,7sk3,4xt1
5x55,0.669,7sk3,4xt1
5x56,0.752,7sk3,4xt1
5x57,0.84,7sk3,4xt1
5x58,0.543,7sk3,4xt1
5x59,0.52,7sk3,4xt1
5x60,0.514,7sk3,4xt1
5x61,0.626,7sk3,4xt1
5x62,0.867,7sk3,4xt1
5x63,0.517,7sk3,4xt1
5x64,0.427,7sk3,4xt1
5x65,0.504,7sk3,4xt1
5x66,1.189,7sk3,4xt1
5x67,1.857,7sk3,4xt1
5x68,0.946,7sk3,4xt1
ICL3,2.608,7sk3,4xt1
6x29,5.184,7sk3,4xt1
6x30,5.123,7sk3,4xt1
6x31,6.123,7sk3,4xt1
6x32,3.701,7sk3,4xt1
6x33,4.066,7sk3,4xt1
6x34,2.473,7sk3,4xt1
6x35,1.848,7sk3,4xt1
6x36,1.661,7sk3,4xt1
6x37,1.808,7sk3,4xt1
6x38,1.013,7sk3,4xt1
6x39,0.879,7sk3,4xt1
6x40,0.933,7sk3,4xt1
6x41,0.535,7sk3,4xt1
6x42,0.599,7sk3,4xt1
6x43,0.672,7sk3,4xt1
6x44,0.789,7sk3,4xt1
6x45,0.967,7sk3,4xt1
6x46,1.029,7sk3,4xt1
6x47,1.113,7sk3,4xt1
6x48,0.86,7sk3,4xt1
6x49,0.788,7sk3,4xt1
6x50,1.008,7sk3,4xt1
6x51,1.095,7sk3,4xt1
6x52,0.933,7sk3,4xt1
6x53,1.498,7sk3,4xt1
6x54,1.771,7sk3,4xt1
6x55,1.794,7sk3,4xt1
6x56,1.938,7sk3,4xt1
6x57,2.076,7sk3,4xt1
6x58,2.012,7sk3,4xt1
6x59,1.824,7sk3,4xt1
6x60,2.047,7sk3,4xt1
6x61,2.227,7sk3,4xt1
6x62,2.18,7sk3,4xt1
6x63,2.943,7sk3,4xt1
6x64,3.313,7sk3,4xt1
ECL3.Cm5,3.199,7sk3,4xt1
ECL3.Cm4,3.288,7sk3,4xt1
ECL3.Cm3,2.539,7sk3,4xt1
ECL3.Cm2,3.051,7sk3,4xt1
7x23,2.19,7sk3,4xt1
7x24,2.364,7sk3,4xt1
7x25,1.585,7sk3,4xt1
7x26,2.429,7sk3,4xt1
7x27,3.048,7sk3,4xt1
7x28,2.337,7sk3,4xt1
7x29,1.542,7sk3,4xt1
7x30,2.186,7sk3,4xt1
7x31,2.31,7sk3,4xt1
7x32,1.526,7sk3,4xt1
7x33,1.142,7sk3,4xt1
7x34,1.463,7sk3,4xt1
7x35,1.584,7sk3,4xt1
7x36,0.924,7sk3,4xt1
7x37,0.892,7sk3,4xt1
7x38,1.303,7sk3,4xt1
7x39,1.214,7sk3,4xt1
7x40,1.401,7sk3,4xt1
7x41,1.161,7sk3,4xt1
7x42,0.825,7sk3,4xt1
7x43,0.391,7sk3,4xt1
7x45,0.582,7sk3,4xt1
7x46,0.581,7sk3,4xt1
7x47,0.368,7sk3,4xt1
7x48,0.427,7sk3,4xt1
7x49,0.484,7sk3,4xt1
7x50,0.308,7sk3,4xt1
7x51,1.004,7sk3,4xt1
7x52,1.341,7sk3,4xt1
7x53,0.812,7sk3,4xt1
7x54,1.116,7sk3,4xt1
7x55,1.176,7sk3,4xt1
7x56,1.462,7sk3,4xt1
8x47,0.615,7sk3,4xt1
8x48,0.723,7sk3,4xt1
8x49,0.944,7sk3,4xt1
8x50,0.802,7sk3,4xt1
8x51,0.979,7sk3,4xt1
8x52,1.069,7sk3,4xt1
8x53,1.051,7sk3,4xt1
8x54,1.063,7sk3,4xt1
8x55,1.811,7sk3,4xt1
8x56,1.947,7sk3,4xt1
8x57,2.351,7sk3,4xt1
NTr.Cm6,7.83,7sk3,5wb2
NTr.Cm5,5.876,7sk3,5wb2
NTr.Cm4,2.72,7sk3,5wb2
NTr.Cm3,5.152,7sk3,5wb2
NTr.Cm2,2.985,7sk3,5wb2
NTr.Cm1,4.791,7sk3,5wb2
1x22,3.597,7sk3,5wb2
1x23,5.161,7sk3,5wb2
1x24,6.802,7sk3,5wb2
1x25,2.503,7sk3,5wb2
1x26,2.64,7sk3,5wb2
1x27,6.401,7sk3,5wb2
1x28,4.028,7sk3,5wb2
1x29,3.307,7sk3,5wb2
1x30,3.456,7sk3,5wb2
1x31,2.237,7sk3,5wb2
1x32,0.944,7sk3,5wb2
1x33,1.064,7sk3,5wb2
1x34,2.151,7sk3,5wb2
1x35,1.952,7sk3,5wb2
1x36,0.783,7sk3,5wb2
1x37,1.148,7sk3,5wb2
1x38,1.766,7sk3,5wb2
1x39,1.359,7sk3,5wb2
1x40,0.423,7sk3,5wb2
1x41,1.221,7sk3,5wb2
1x42,1.293,7sk3,5wb2
1x43,0.601,7sk3,5wb2
1x44,0.634,7sk3,5wb2
1x45,0.693,7sk3,5wb2
1x46,0.891,7sk3,5wb2
1x47,0.271,7sk3,5wb2
1x48,0.53,7sk3,5wb2
1x49,0.896,7sk3,5wb2
1x50,0.4,7sk3,5wb2
1x51,0.467,7sk3,5wb2
1x52,0.904,7sk3,5wb2
1x53,0.622,7sk3,5wb2
1x54,0.37,7sk3,5wb2
1x55,1.221,7sk3,5wb2
1x56,1.177,7sk3,5wb2
1x57,0.865,7sk3,5wb2
1x58,1.233,7sk3,5wb2
1x59,2.388,7sk3,5wb2
1x60,5.393,7sk3,5wb2
12x48,3.13,7sk3,5wb2
12x49,4.372,7sk3,5wb2
12x50,9.221,7sk3,5wb2
12x51,6.733,7sk3,5wb2
2x37,7.275,7sk3,5wb2
2x38,7.263,7sk3,5wb2
2x39,5.815,7sk3,5wb2
2x40,2.272,7sk3,5wb2
2x41,1.104,7sk3,5wb2
2x42,0.872,7sk3,5wb2
2x43,0.846,7sk3,5wb2
2x44,1.177,7sk3,5wb2
2x45,0.812,7sk3,5wb2
2x46,0.729,7sk3,5wb2
2x47,0.984,7sk3,5wb2
2x48,0.612,7sk3,5wb2
2x49,0.711,7sk3,5wb2
2x50,0.915,7sk3,5wb2
2x51,0.842,7sk3,5wb2
2x52,0.715,7sk3,5wb2
2x53,0.842,7sk3,5wb2
2x54,0.844,7sk3,5wb2
2x55,0.744,7sk3,5wb2
2x56,0.762,7sk3,5wb2
2x57,1.335,7sk3,5wb2
2x58,1.777,7sk3,5wb2
2x59,2.355,7sk3,5wb2
2x60,2.357,7sk3,5wb2
2x61,2.215,7sk3,5wb2
2x62,2.558,7sk3,5wb2
2x63,2.511,7sk3,5wb2
2x64,2.827,7sk3,5wb2
2x65,3.71,7sk3,5wb2
2x66,4.575,7sk3,5wb2
ECL1,7.605,7sk3,5wb2
3x21,1.461,7sk3,5wb2
3x22,1.852,7sk3,5wb2
3x23,1.747,7sk3,5wb2
3x24,0.506,7sk3,5wb2
3x25,0.858,7sk3,5wb2
3x26,1.046,7sk3,5wb2
3x27,0.624,7sk3,5wb2
3x28,0.679,7sk3,5wb2
3x29,0.994,7sk3,5wb2
3x30,0.929,7sk3,5wb2
3x31,0.92,7sk3,5wb2
3x32,0.903,7sk3,5wb2
3x33,0.282,7sk3,5wb2
3x34,0.732,7sk3,5wb2
3x35,0.85,7sk3,5wb2
3x36,0.678,7sk3,5wb2
3x37,0.559,7sk3,5wb2
3x38,0.707,7sk3,5wb2
3x39,1.004,7sk3,5wb2
3x40,0.731,7sk3,5wb2
3x41,1.402,7sk3,5wb2
3x42,1.15,7sk3,5wb2
3x43,1.246,7sk3,5wb2
3x44,1.389,7sk3,5wb2
3x45,1.289,7sk3,5wb2
3x46,0.816,7sk3,5wb2
3x47,0.773,7sk3,5wb2
3x48,1.659,7sk3,5wb2
3x49,1.316,7sk3,5wb2
3x50,1.005,7sk3,5wb2
3x51,2.269,7sk3,5wb2
3x52,1.926,7sk3,5wb2
3x53,1.564,7sk3,5wb2
3x54,2.133,7sk3,5wb2
3x55,2.688,7sk3,5wb2
ICL2,6.13,7sk3,5wb2
4x41,3.86,7sk3,5wb2
4x42,2.488,7sk3,5wb2
4x43,3.145,7sk3,5wb2
4x44,3.427,7sk3,5wb2
4x45,2.452,7sk3,5wb2
4x46,1.9,7sk3,5wb2
4x47,2.247,7sk3,5wb2
4x48,2.123,7sk3,5wb2
4x49,1.563,7sk3,5wb2
4x50,1.605,7sk3,5wb2
4x51,1.852,7sk3,5wb2
4x52,1.567,7sk3,5wb2
4x53,1.064,7sk3,5wb2
4x54,1.087,7sk3,5wb2
4x55,1.159,7sk3,5wb2
4x56,0.863,7sk3,5wb2
4x57,0.548,7sk3,5wb2
4x59,1.095,7sk3,5wb2
4x60,1.958,7sk3,5wb2
4x61,2.707,7sk3,5wb2
4x62,2.753,7sk3,5wb2
4x63,2.644,7sk3,5wb2
ECL2.Cm8,17.431,7sk3,5wb2
ECL2.Cm7,18.648,7sk3,5wb2
ECL2.Cm6,18.311,7sk3,5wb2
ECL2.Cm5,14.208,7sk3,5wb2
ECL2.Cm4,9.839,7sk3,5wb2
ECL2.Cm3,4.842,7sk3,5wb2
ECL2.Cm2,0.513,7sk3,5wb2
ECL2.Cm1,1.729,7sk3,5wb2
45x50,1.867,7sk3,5wb2
45x51,2.146,7sk3,5wb2
45x52,2.697,7sk3,5wb2
ECL2.Cp3,2.955,7sk3,5wb2
ECL2.Cp4,5.64,7sk3,5wb2
ECL2.Cp5,7.478,7sk3,5wb2
ECL2.Cp6,5.25,7sk3,5wb2
ECL2.Cp7,7.273,7sk3,5wb2
5x34,2.616,7sk3,5wb2
5x35,2.279,7sk3,5wb2
5x36,2.101,7sk3,5wb2
5x37,2.031,7sk3,5wb2
5x38,2.195,7sk3,5wb2
5x39,2.243,7sk3,5wb2
5x40,2.273,7sk3,5wb2
5x41,2.019,7sk3,5wb2
5x42,1.768,7sk3,5wb2
5x43,1.41,7sk3,5wb2
5x44,1.209,7sk3,5wb2
5x45,1.357,7sk3,5wb2
5x46,1.224,7sk3,5wb2
5x461,0.521,7sk3,5wb2
5x47,0.445,7sk3,5wb2
5x48,0.407,7sk3,5wb2
5x49,0.668,7sk3,5wb2
5x50,0.836,7sk3,5wb2
5x51,0.298,7sk3,5wb2
5x52,0.544,7sk3,5wb2
5x53,0.959,7sk3,5wb2
5x54,0.726,7sk3,5wb2
5x55,0.633,7sk3,5wb2
5x56,0.941,7sk3,5wb2
5x57,0.983,7sk3,5wb2
5x58,0.381,7sk3,5wb2
5x59,0.762,7sk3,5wb2
5x60,0.769,7sk3,5wb2
5x61,0.58,7sk3,5wb2
5x62,0.65,7sk3,5wb2
5x63,0.839,7sk3,5wb2
5x64,0.518,7sk3,5wb2
5x65,0.401,7sk3,5wb2
5x66,1.136,7sk3,5wb2
5x67,1.507,7sk3,5wb2
5x68,0.8,7sk3,5wb2
6x29,4.543,7sk3,5wb2
6x30,5.688,7sk3,5wb2
6x31,7.243,7sk3,5wb2
6x32,4.279,7sk3,5wb2
6x33,3.915,7sk3,5wb2
6x34,2.364,7sk3,5wb2
6x35,1.628,7sk3,5wb2
6x36,1.515,7sk3,5wb2
6x37,1.869,7sk3,5wb2
6x38,1.107,7sk3,5wb2
6x39,1.102,7sk3,5wb2
6x40,1.211,7sk3,5wb2
6x41,0.803,7sk3,5wb2
6x42,0.622,7sk3,5wb2
6x43,0.762,7sk3,5wb2
6x44,0.721,7sk3,5wb2
6x45,0.719,7sk3,5wb2
6x46,0.66,7sk3,5wb2
6x47,0.815,7sk3,5wb2
6x48,0.549,7sk3,5wb2
6x49,0.324,7sk3,5wb2
6x50,0.4,7sk3,5wb2
6x51,0.572,7sk3,5wb2
6x52,0.523,7sk3,5wb2
6x53,0.878,7sk3,5wb2
6x54,1.224,7sk3,5wb2
6x55,1.51,7sk3,5wb2
6x56,1.736,7sk3,5wb2
6x57,1.941,7sk3,5wb2
6x58,1.948,7sk3,5wb2
6x59,1.654,7sk3,5wb2
6x60,1.853,7sk3,5wb2
6x61,2.046,7sk3,5wb2
6x62,1.909,7sk3,5wb2
6x63,2.239,7sk3,5wb2
6x64,2.683,7sk3,5wb2
ECL3.Cm5,2.647,7sk3,5wb2
ECL3.Cm4,3.079,7sk3,5wb2
ECL3.Cm3,2.505,7sk3,5wb2
ECL3.Cm2,3.42,7sk3,5wb2
7x23,1.957,7sk3,5wb2
7x24,1.796,7sk3,5wb2
7x25,1.248,7sk3,5wb2
7x26,2.549,7sk3,5wb2
7x27,2.754,7sk3,5wb2
7x28,1.848,7sk3,5wb2
7x29,1.486,7sk3,5wb2
7x30,1.996,7sk3,5wb2
7x31,1.813,7sk3,5wb2
7x32,0.932,7sk3,5wb2
7x33,0.749,7sk3,5wb2
7x34,0.919,7sk3,5wb2
7x35,1.21,7sk3,5wb2
7x36,0.613,7sk3,5wb2
7x37,0.518,7sk3,5wb2
7x38,0.959,7sk3,5wb2
7x39,1.075,7sk3,5wb2
7x40,1.427,7sk3,5wb2
7x41,0.858,7sk3,5wb2
7x42,0.915,7sk3,5wb2
7x43,0.61,7sk3,5wb2
7x45,0.463,7sk3,5wb2
7x46,0.204,7sk3,5wb2
7x47,0.348,7sk3,5wb2
7x48,0.549,7sk3,5wb2
7x49,0.69,7sk3,5wb2
7x50,0.224,7sk3,5wb2
7x51,1.048,7sk3,5wb2
7x52,1.475,7sk3,5wb2
7x53,0.853,7sk3,5wb2
7x54,1.038,7sk3,5wb2
7x55,1.013,7sk3,5wb2
7x56,1.538,7sk3,5wb2
8x47,0.475,7sk3,5wb2
8x48,0.424,7sk3,5wb2
8x49,0.465,7sk3,5wb2
8x50,0.55,7sk3,5wb2
8x51,1.008,7sk3,5wb2
8x52,1.007,7sk3,5wb2
8x53,0.882,7sk3,5wb2
8x54,0.827,7sk3,5wb2
8x55,1.469,7sk3,5wb2
8x56,1.55,7sk3,5wb2
8x57,2.092,7sk3,5wb2
1x23,3.392,7xbx,4rws
1x24,2.978,7xbx,4rws
1x25,3.479,7xbx,4rws
1x26,2.004,7xbx,4rws
1x27,3.806,7xbx,4rws
1x28,3.613,7xbx,4rws
1x29,2.193,7xbx,4rws
1x30,3.027,7xbx,4rws
1x31,2.849,7xbx,4rws
1x32,3.269,7xbx,4rws
1x33,3.252,7xbx,4rws
1x34,2.45,7xbx,4rws
1x35,0.314,7xbx,4rws
1x36,1.564,7xbx,4rws
1x37,2.51,7xbx,4rws
1x38,1.615,7xbx,4rws
1x39,0.62,7xbx,4rws
1x40,1.295,7xbx,4rws
1x41,1.971,7xbx,4rws
1x42,1.608,7xbx,4rws
1x43,0.596,7xbx,4rws
1x44,0.79,7xbx,4rws
1x45,1.403,7xbx,4rws
1x46,1.439,7xbx,4rws
1x47,0.989,7xbx,4rws
1x48,0.761,7xbx,4rws
1x49,0.623,7xbx,4rws
1x50,0.448,7xbx,4rws
1x51,1.045,7xbx,4rws
1x52,1.116,7xbx,4rws
1x53,1.243,7xbx,4rws
1x54,1.36,7xbx,4rws
1x55,1.621,7xbx,4rws
1x56,1.906,7xbx,4rws
1x57,1.344,7xbx,4rws
1x58,0.914,7xbx,4rws
1x59,2.819,7xbx,4rws
1x60,5.425,7xbx,4rws
2x37,6.125,7xbx,4rws
2x38,4.975,7xbx,4rws
2x39,2.994,7xbx,4rws
2x40,2.89,7xbx,4rws
2x41,2.506,7xbx,4rws
2x42,1.867,7xbx,4rws
2x43,1.591,7xbx,4rws
2x44,0.759,7xbx,4rws
2x45,0.793,7xbx,4rws
2x46,0.896,7xbx,4rws
2x47,0.939,7xbx,4rws
2x48,0.993,7xbx,4rws
2x49,1.073,7xbx,4rws
2x50,0.997,7xbx,4rws
2x51,0.811,7xbx,4rws
2x52,1.917,7xbx,4rws
2x53,2.038,7xbx,4rws
2x54,0.907,7xbx,4rws
2x55,1.638,7xbx,4rws
2x56,1.283,7xbx,4rws
2x57,1.085,7xbx,4rws
2x58,1.074,7xbx,4rws
2x59,1.169,7xbx,4rws
2x60,1.495,7xbx,4rws
2x61,1.489,7xbx,4rws
2x62,2.862,7xbx,4rws
2x63,3.045,7xbx,4rws
2x64,3.826,7xbx,4rws
2x65,4.74,7xbx,4rws
2x66,3.85,7xbx,4rws
3x24,1.827,7xbx,4rws
3x25,2.731,7xbx,4rws
3x26,3.14,7xbx,4rws
3x27,2.016,7xbx,4rws
3x28,1.285,7xbx,4rws
3x29,2.215,7xbx,4rws
3x30,2.124,7xbx,4rws
3x31,1.369,7xbx,4rws
3x32,1.512,7xbx,4rws
3x33,2.024,7xbx,4rws
3x34,1.464,7xbx,4rws
3x35,1.164,7xbx,4rws
3x36,1.854,7xbx,4rws
3x37,1.556,7xbx,4rws
3x38,1.019,7xbx,4rws
3x39,0.785,7xbx,4rws
3x40,0.894,7xbx,4rws
3x41,1.388,7xbx,4rws
3x42,1.143,7xbx,4rws
3x43,1.126,7xbx,4rws
3x44,0.999,7xbx,4rws
3x45,1.337,7xbx,4rws
3x46,1.455,7xbx,4rws
3x47,1.078,7xbx,4rws
3x48,1.353,7xbx,4rws
3x49,1.931,7xbx,4rws
3x50,1.749,7xbx,4rws
3x51,1.33,7xbx,4rws
3x52,1.991,7xbx,4rws
3x53,2.529,7xbx,4rws
3x54,2.057,7xbx,4rws
3x55,1.153,7xbx,4rws
3x56,2.41,7xbx,4rws
34x50,3.281,7xbx,4rws
34x51,4.457,7xbx,4rws
34x52,5.491,7xbx,4rws
34x53,3.586,7xbx,4rws
34x54,3.101,7xbx,4rws
34x55,3.395,7xbx,4rws
34x56,3.071,7xbx,4rws
34x57,4.357,7xbx,4rws
4x38,2.668,7xbx,4rws
4x39,5.102,7xbx,4rws
4x40,7.932,7xbx,4rws
4x41,6.352,7xbx,4rws
4x42,2.436,7xbx,4rws
4x43,3.084,7xbx,4rws
4x44,4.213,7xbx,4rws
4x45,2.519,7xbx,4rws
4x46,2.36,7xbx,4rws
4x47,4.432,7xbx,4rws
4x48,3.652,7xbx,4rws
4x49,0.876,7xbx,4rws
4x50,0.888,7xbx,4rws
4x51,1.528,7xbx,4rws
4x52,1.011,7xbx,4rws
4x53,1.114,7xbx,4rws
4x54,1.842,7xbx,4rws
4x55,2.144,7xbx,4rws
4x56,2.805,7xbx,4rws
4x57,4.074,7xbx,4rws
4x59,3.371,7xbx,4rws
4x60,3.137,7xbx,4rws
4x61,5.709,7xbx,4rws
4x62,6.212,7xbx,4rws
4x63,3.857,7xbx,4rws
4x64,0.671,7xbx,4rws
4x65,1.53,7xbx,4rws
ECL2.Cm6,11.873,7xbx,4rws
ECL2.Cm5,14.16,7xbx,4rws
ECL2.Cm4,10.737,7xbx,4rws
ECL2.Cm3,5.195,7xbx,4rws
ECL2.Cm2,2.306,7xbx,4rws
ECL2.Cm1,1.581,7xbx,4rws
45x50,1.35,7xbx,4rws
45x51,3.141,7xbx,4rws
45x52,3.474,7xbx,4rws
ECL2.Cp3,3.215,7xbx,4rws
ECL2.Cp4,1.677,7xbx,4rws
ECL2.Cp5,1.397,7xbx,4rws
ECL2.Cp6,3.784,7xbx,4rws
5x33,0.862,7xbx,4rws
5x34,2.677,7xbx,4rws
5x35,3.344,7xbx,4rws
5x36,2.892,7xbx,4rws
5x37,2.334,7xbx,4rws
5x38,2.85,7xbx,4rws
5x39,3.327,7xbx,4rws
5x40,2.832,7xbx,4rws
5x41,2.254,7xbx,4rws
5x42,2.612,7xbx,4rws
5x43,2.585,7xbx,4rws
5x44,2.418,7xbx,4rws
5x45,2.777,7xbx,4rws
5x46,2.633,7xbx,4rws
5x461,2.31,7xbx,4rws
5x47,2.489,7xbx,4rws
5x48,2.607,7xbx,4rws
5x49,2.674,7xbx,4rws
5x50,2.224,7xbx,4rws
5x51,2.276,7xbx,4rws
5x52,2.239,7xbx,4rws
5x53,1.591,7xbx,4rws
5x54,0.968,7xbx,4rws
5x55,1.267,7xbx,4rws
5x56,1.166,7xbx,4rws
5x57,0.72,7xbx,4rws
5x58,1.753,7xbx,4rws
5x59,2.395,7xbx,4rws
5x60,2.134,7xbx,4rws
5x61,2.196,7xbx,4rws
5x62,2.623,7xbx,4rws
5x63,2.966,7xbx,4rws
5x64,2.679,7xbx,4rws
5x65,3.243,7xbx,4rws
5x66,3.775,7xbx,4rws
5x67,3.574,7xbx,4rws
ICL3,14.522,7xbx,4rws
6x30,9.395,7xbx,4rws
6x31,7.481,7xbx,4rws
6x32,7.386,7xbx,4rws
6x33,1.979,7xbx,4rws
6x34,0.994,7xbx,4rws
6x35,1.214,7xbx,4rws
6x36,0.751,7xbx,4rws
6x37,0.78,7xbx,4rws
6x38,0.287,7xbx,4rws
6x39,0.61,7xbx,4rws
6x40,0.779,7xbx,4rws
6x41,0.632,7xbx,4rws
6x42,0.64,7xbx,4rws
6x43,1.056,7xbx,4rws
6x44,1.017,7xbx,4rws
6x45,1.249,7xbx,4rws
6x46,1.514,7xbx,4rws
6x47,1.374,7xbx,4rws
6x48,0.934,7xbx,4rws
6x49,1.284,7xbx,4rws
6x50,1.643,7xbx,4rws
6x51,1.583,7xbx,4rws
6x52,1.851,7xbx,4rws
6x53,2.557,7xbx,4rws
6x54,2.054,7xbx,4rws
6x55,2.102,7xbx,4rws
6x56,3.172,7xbx,4rws
6x57,3.216,7xbx,4rws
6x58,2.658,7xbx,4rws
6x59,3.123,7xbx,4rws
6x60,3.414,7xbx,4rws
6x61,3.036,7xbx,4rws
6x62,2.472,7xbx,4rws
6x63,1.082,7xbx,4rws
6x64,1.228,7xbx,4rws
ECL3.Cm4,3.533,7xbx,4rws
ECL3.Cm3,4.561,7xbx,4rws
ECL3.Cm2,4.267,7xbx,4rws
7x23,3.68,7xbx,4rws
7x24,2.787,7xbx,4rws
7x25,2.732,7xbx,4rws
7x26,2.43,7xbx,4rws
7x27,1.704,7xbx,4rws
7x28,1.601,7xbx,4rws
7x29,1.985,7xbx,4rws
7x30,1.39,7xbx,4rws
7x31,0.878,7xbx,4rws
7x32,1.56,7xbx,4rws
7x33,1.594,7xbx,4rws
7x34,0.888,7xbx,4rws
7x35,1.302,7xbx,4rws
7x36,1.923,7xbx,4rws
7x37,1.349,7xbx,4rws
7x38,0.919,7xbx,4rws
7x39,1.971,7xbx,4rws
7x40,1.816,7xbx,4rws
7x41,0.905,7xbx,4rws
7x42,2.07,7xbx,4rws
7x43,2.705,7xbx,4rws
7x45,3.399,7xbx,4rws
7x46,2.206,7xbx,4rws
7x47,1.535,7xbx,4rws
7x48,3.313,7xbx,4rws
7x49,3.277,7xbx,4rws
7x50,1.803,7xbx,4rws
7x51,0.992,7xbx,4rws
7x52,2.203,7xbx,4rws
7x53,3.03,7xbx,4rws
7x54,2.632,7xbx,4rws
1x23,2.107,7xbx,4xt1
1x24,1.57,7xbx,4xt1
1x25,3.297,7xbx,4xt1
1x26,1.038,7xbx,4xt1
1x27,2.979,7xbx,4xt1
1x28,2.213,7xbx,4xt1
1x29,1.039,7xbx,4xt1
1x30,2.659,7xbx,4xt1
1x31,2.312,7xbx,4xt1
1x32,0.471,7xbx,4xt1
1x33,2.028,7xbx,4xt1
1x34,3.205,7xbx,4xt1
1x35,2.096,7xbx,4xt1
1x36,1.18,7xbx,4xt1
1x37,2.695,7xbx,4xt1
1x38,2.426,7xbx,4xt1
1x39,1.167,7xbx,4xt1
1x40,1.556,7xbx,4xt1
1x41,2.832,7xbx,4xt1
1x42,2.531,7xbx,4xt1
1x43,1.147,7xbx,4xt1
1x44,1.626,7xbx,4xt1
1x45,1.83,7xbx,4xt1
1x46,1.42,7xbx,4xt1
1x47,0.646,7xbx,4xt1
1x48,1.143,7xbx,4xt1
1x49,1.212,7xbx,4xt1
1x50,0.961,7xbx,4xt1
1x51,0.957,7xbx,4xt1
1x52,1.229,7xbx,4xt1
1x53,0.916,7xbx,4xt1
1x54,0.96,7xbx,4xt1
1x55,1.082,7xbx,4xt1
1x56,0.944,7xbx,4xt1
1x57,1.782,7xbx,4xt1
1x58,1.69,7xbx,4xt1
1x59,2.973,7xbx,4xt1
1x60,5.9,7xbx,4xt1
12x48,2.995,7xbx,4xt1
12x49,5.606,7xbx,4xt1
12x50,3.065,7xbx,4xt1
12x51,4.291,7xbx,4xt1
2x37,1.272,7xbx,4xt1
2x38,0.392,7xbx,4xt1
2x39,0.432,7xbx,4xt1
2x40,0.388,7xbx,4xt1
2x41,0.155,7xbx,4xt1
2x42,0.573,7xbx,4xt1
2x43,0.761,7xbx,4xt1
2x44,0.606,7xbx,4xt1
2x45,0.501,7xbx,4xt1
2x46,0.555,7xbx,4xt1
2x47,0.547,7xbx,4xt1
2x48,0.575,7xbx,4xt1
2x49,0.615,7xbx,4xt1
2x50,0.479,7xbx,4xt1
2x51,0.619,7xbx,4xt1
2x52,1.152,7xbx,4xt1
2x53,0.956,7xbx,4xt1
2x54,0.782,7xbx,4xt1
2x55,1.072,7xbx,4xt1
2x56,1.222,7xbx,4xt1
2x57,1.254,7xbx,4xt1
2x58,1.273,7xbx,4xt1
2x59,1.269,7xbx,4xt1
2x60,0.997,7xbx,4xt1
2x61,0.849,7xbx,4xt1
2x62,0.828,7xbx,4xt1
2x63,0.509,7xbx,4xt1
2x64,0.384,7xbx,4xt1
2x65,0.771,7xbx,4xt1
2x66,0.92,7xbx,4xt1
3x24,1.317,7xbx,4xt1
3x25,2.128,7xbx,4xt1
3x26,2.003,7xbx,4xt1
3x27,1.43,7xbx,4xt1
3x28,1.444,7xbx,4xt1
3x29,1.088,7xbx,4xt1
3x30,0.876,7xbx,4xt1
3x31,0.858,7xbx,4xt1
3x32,1.04,7xbx,4xt1
3x33,0.583,7xbx,4xt1
3x34,0.443,7xbx,4xt1
3x35,0.896,7xbx,4xt1
3x36,0.914,7xbx,4xt1
3x37,0.415,7xbx,4xt1
3x38,0.349,7xbx,4xt1
3x39,0.733,7xbx,4xt1
3x40,0.699,7xbx,4xt1
3x41,0.747,7xbx,4xt1
3x42,0.497,7xbx,4xt1
3x43,0.708,7xbx,4xt1
3x44,0.718,7xbx,4xt1
3x45,1.294,7xbx,4xt1
3x46,1.078,7xbx,4xt1
3x47,0.554,7xbx,4xt1
3x48,0.799,7xbx,4xt1
3x49,0.871,7xbx,4xt1
3x50,0.925,7xbx,4xt1
3x51,0.844,7xbx,4xt1
3x52,0.673,7xbx,4xt1
3x53,0.647,7xbx,4xt1
3x54,0.605,7xbx,4xt1
3x55,0.284,7xbx,4xt1
4x38,2.366,7xbx,4xt1
4x39,2.133,7xbx,4xt1
4x40,2.1,7xbx,4xt1
4x41,1.873,7xbx,4xt1
4x42,1.385,7xbx,4xt1
4x43,1.395,7xbx,4xt1
4x44,1.347,7xbx,4xt1
4x45,1.168,7xbx,4xt1
4x46,1.077,7xbx,4xt1
4x47,0.797,7xbx,4xt1
4x48,0.681,7xbx,4xt1
4x49,0.74,7xbx,4xt1
4x50,0.748,7xbx,4xt1
4x51,0.694,7xbx,4xt1
4x52,0.519,7xbx,4xt1
4x53,0.371,7xbx,4xt1
4x54,0.62,7xbx,4xt1
4x55,0.531,7xbx,4xt1
4x56,0.444,7xbx,4xt1
4x57,0.405,7xbx,4xt1
4x59,0.744,7xbx,4xt1
4x60,1.297,7xbx,4xt1
4x61,1.443,7xbx,4xt1
4x62,1.214,7xbx,4xt1
4x63,1.499,7xbx,4xt1
ECL2.Cm6,0.864,7xbx,4xt1
ECL2.Cm5,2.159,7xbx,4xt1
ECL2.Cm4,3.277,7xbx,4xt1
ECL2.Cm3,2.908,7xbx,4xt1
ECL2.Cm2,4.794,7xbx,4xt1
ECL2.Cm1,3.526,7xbx,4xt1
45x50,2.158,7xbx,4xt1
45x51,1.178,7xbx,4xt1
45x52,1.638,7xbx,4xt1
ECL2.Cp3,3.514,7xbx,4xt1
ECL2.Cp4,4.57,7xbx,4xt1
ECL2.Cp5,6.724,7xbx,4xt1
ECL2.Cp6,3.789,7xbx,4xt1
ECL2.Cp7,5.309,7xbx,4xt1
5x34,3.01,7xbx,4xt1
5x35,2.422,7xbx,4xt1
5x36,1.272,7xbx,4xt1
5x37,1.52,7xbx,4xt1
5x38,1.83,7xbx,4xt1
5x39,1.286,7xbx,4xt1
5x40,0.786,7xbx,4xt1
5x41,0.914,7xbx,4xt1
5x42,0.813,7xbx,4xt1
5x43,0.804,7xbx,4xt1
5x44,0.768,7xbx,4xt1
5x45,1.006,7xbx,4xt1
5x46,1.08,7xbx,4xt1
5x461,0.946,7xbx,4xt1
5x47,0.495,7xbx,4xt1
5x48,0.605,7xbx,4xt1
5x49,1.232,7xbx,4xt1
5x50,1.33,7xbx,4xt1
5x51,1.685,7xbx,4xt1
5x52,1.588,7xbx,4xt1
5x53,1.273,7xbx,4xt1
5x54,1.52,7xbx,4xt1
5x55,2.053,7xbx,4xt1
5x56,1.645,7xbx,4xt1
5x57,0.84,7xbx,4xt1
5x58,1.197,7xbx,4xt1
5x59,1.592,7xbx,4xt1
5x60,1.07,7xbx,4xt1
5x61,0.626,7xbx,4xt1
5x62,1.779,7xbx,4xt1
5x63,2.158,7xbx,4xt1
5x64,1.721,7xbx,4xt1
5x65,1.611,7xbx,4xt1
5x66,3.314,7xbx,4xt1
5x67,4.107,7xbx,4xt1
5x68,2.778,7xbx,4xt1
ICL3,4.309,7xbx,4xt1
6x29,4.37,7xbx,4xt1
6x30,2.519,7xbx,4xt1
6x31,4.863,7xbx,4xt1
6x32,2.917,7xbx,4xt1
6x33,4.099,7xbx,4xt1
6x34,5.344,7xbx,4xt1
6x35,3.728,7xbx,4xt1
6x36,2.574,7xbx,4xt1
6x37,4.34,7xbx,4xt1
6x38,3.738,7xbx,4xt1
6x39,1.479,7xbx,4xt1
6x40,2.791,7xbx,4xt1
6x41,3.573,7xbx,4xt1
6x42,2.531,7xbx,4xt1
6x43,0.63,7xbx,4xt1
6x44,1.726,7xbx,4xt1
6x45,2.384,7xbx,4xt1
6x46,1.757,7xbx,4xt1
6x47,0.382,7xbx,4xt1
6x48,0.745,7xbx,4xt1
6x49,0.63,7xbx,4xt1
6x50,0.892,7xbx,4xt1
6x51,0.987,7xbx,4xt1
6x52,0.685,7xbx,4xt1
6x53,0.858,7xbx,4xt1
6x54,0.929,7xbx,4xt1
6x55,1.373,7xbx,4xt1
6x56,1.784,7xbx,4xt1
6x57,1.367,7xbx,4xt1
6x58,0.93,7xbx,4xt1
6x59,0.991,7xbx,4xt1
6x60,0.974,7xbx,4xt1
6x61,0.891,7xbx,4xt1
6x62,1.069,7xbx,4xt1
6x63,2.683,7xbx,4xt1
6x64,3.23,7xbx,4xt1
ECL3.Cm4,2.036,7xbx,4xt1
ECL3.Cm3,4.357,7xbx,4xt1
ECL3.Cm2,0.57,7xbx,4xt1
7x23,2.23,7xbx,4xt1
7x24,1.926,7xbx,4xt1
7x25,1.767,7xbx,4xt1
7x26,1.814,7xbx,4xt1
7x27,1.406,7xbx,4xt1
7x28,1.258,7xbx,4xt1
7x29,1.316,7xbx,4xt1
7x30,1.29,7xbx,4xt1
7x31,1.164,7xbx,4xt1
7x32,1.102,7xbx,4xt1
7x33,1.125,7xbx,4xt1
7x34,1.071,7xbx,4xt1
7x35,0.942,7xbx,4xt1
7x36,1.024,7xbx,4xt1
7x37,1.218,7xbx,4xt1
7x38,1.557,7xbx,4xt1
7x39,1.473,7xbx,4xt1
7x40,0.797,7xbx,4xt1
7x41,1.669,7xbx,4xt1
7x42,2.179,7xbx,4xt1
7x43,2.257,7xbx,4xt1
7x45,2.334,7xbx,4xt1
7x46,1.892,7xbx,4xt1
7x47,1.953,7xbx,4xt1
7x48,3.141,7xbx,4xt1
7x49,2.885,7xbx,4xt1
7x50,2.609,7xbx,4xt1
7x51,4.506,7xbx,4xt1
7x52,4.988,7xbx,4xt1
7x53,5.539,7xbx,4xt1
7x54,7.531,7xbx,4xt1
7x55,6.865,7xbx,4xt1
7x56,3.419,7xbx,4xt1
8x47,3.7,7xbx,4xt1
8x48,2.582,7xbx,4xt1
8x49,3.033,7xbx,4xt1
8x50,3.151,7xbx,4xt1
8x51,3.034,7xbx,4xt1
8x52,2.693,7xbx,4xt1
8x53,3.579,7xbx,4xt1
8x54,3.649,7xbx,4xt1
8x55,2.735,7xbx,4xt1
8x56,2.436,7xbx,4xt1
8x57,3.338,7xbx,4xt1
8x58,2.886,7xbx,4xt1
1x23,1.958,7xbx,5wb2
1x24,1.651,7xbx,5wb2
1x25,3.16,7xbx,5wb2
1x26,1.113,7xbx,5wb2
1x27,2.468,7xbx,5wb2
1x28,1.794,7xbx,5wb2
1x29,1.356,7xbx,5wb2
1x30,2.418,7xbx,5wb2
1x31,1.863,7xbx,5wb2
1x32,0.561,7xbx,5wb2
1x33,1.895,7xbx,5wb2
1x34,2.908,7xbx,5wb2
1x35,1.848,7xbx,5wb2
1x36,0.943,7xbx,5wb2
1x37,2.439,7xbx,5wb2
1x38,2.16,7xbx,5wb2
1x39,0.972,7xbx,5wb2
1x40,1.469,7xbx,5wb2
1x41,2.794,7xbx,5wb2
1x42,2.496,7xbx,5wb2
1x43,0.943,7xbx,5wb2
1x44,1.643,7xbx,5wb2
1x45,1.995,7xbx,5wb2
1x46,1.625,7xbx,5wb2
1x47,0.657,7xbx,5wb2
1x48,1.214,7xbx,5wb2
1x49,1.354,7xbx,5wb2
1x50,0.915,7xbx,5wb2
1x51,0.874,7xbx,5wb2
1x52,1.18,7xbx,5wb2
1x53,0.93,7xbx,5wb2
1x54,1.031,7xbx,5wb2
1x55,1.177,7xbx,5wb2
1x56,1.02,7xbx,5wb2
1x57,1.745,7xbx,5wb2
1x58,1.868,7xbx,5wb2
1x59,2.889,7xbx,5wb2
1x60,6.671,7xbx,5wb2
12x48,3.836,7xbx,5wb2
12x49,5.104,7xbx,5wb2
12x50,2.63,7xbx,5wb2
12x51,4.745,7xbx,5wb2
2x37,1.839,7xbx,5wb2
2x38,0.957,7xbx,5wb2
2x39,0.715,7xbx,5wb2
2x40,0.541,7xbx,5wb2
2x41,0.265,7xbx,5wb2
2x42,0.677,7xbx,5wb2
2x43,0.901,7xbx,5wb2
2x44,0.754,7xbx,5wb2
2x45,0.633,7xbx,5wb2
2x46,0.651,7xbx,5wb2
2x47,0.623,7xbx,5wb2
2x48,0.618,7xbx,5wb2
2x49,0.739,7xbx,5wb2
2x50,0.747,7xbx,5wb2
2x51,0.748,7xbx,5wb2
2x52,1.373,7xbx,5wb2
2x53,1.275,7xbx,5wb2
2x54,0.371,7xbx,5wb2
2x55,1.182,7xbx,5wb2
2x56,1.713,7xbx,5wb2
2x57,1.765,7xbx,5wb2
2x58,1.772,7xbx,5wb2
2x59,1.679,7xbx,5wb2
2x60,1.404,7xbx,5wb2
2x61,1.169,7xbx,5wb2
2x62,1.068,7xbx,5wb2
2x63,0.331,7xbx,5wb2
2x64,0.192,7xbx,5wb2
2x65,0.863,7xbx,5wb2
2x66,1.365,7xbx,5wb2
ECL1,1.616,7xbx,5wb2
3x24,1.87,7xbx,5wb2
3x25,1.777,7xbx,5wb2
3x26,1.675,7xbx,5wb2
3x27,1.722,7xbx,5wb2
3x28,1.849,7xbx,5wb2
3x29,1.469,7xbx,5wb2
3x30,1.372,7xbx,5wb2
3x31,1.063,7xbx,5wb2
3x32,1.059,7xbx,5wb2
3x33,1.135,7xbx,5wb2
3x34,1.225,7xbx,5wb2
3x35,1.2,7xbx,5wb2
3x36,1.193,7xbx,5wb2
3x37,0.831,7xbx,5wb2
3x38,0.804,7xbx,5wb2
3x39,0.85,7xbx,5wb2
3x40,0.929,7xbx,5wb2
3x41,1.087,7xbx,5wb2
3x42,0.7,7xbx,5wb2
3x43,0.679,7xbx,5wb2
3x44,0.777,7xbx,5wb2
3x45,1.357,7xbx,5wb2
3x46,1.056,7xbx,5wb2
3x47,0.485,7xbx,5wb2
3x48,0.934,7xbx,5wb2
3x49,0.995,7xbx,5wb2
3x50,0.836,7xbx,5wb2
3x51,0.839,7xbx,5wb2
3x52,0.589,7xbx,5wb2
3x53,0.404,7xbx,5wb2
3x54,0.401,7xbx,5wb2
3x55,0.395,7xbx,5wb2
4x38,3.115,7xbx,5wb2
4x39,2.821,7xbx,5wb2
4x40,2.971,7xbx,5wb2
4x41,2.628,7xbx,5wb2
4x42,1.965,7xbx,5wb2
4x43,1.914,7xbx,5wb2
4x44,2.023,7xbx,5wb2
4x45,1.664,7xbx,5wb2
4x46,1.432,7xbx,5wb2
4x47,1.265,7xbx,5wb2
4x48,1.293,7xbx,5wb2
4x49,1.164,7xbx,5wb2
4x50,1.068,7xbx,5wb2
4x51,1.349,7xbx,5wb2
4x52,1.375,7xbx,5wb2
4x53,0.908,7xbx,5wb2
4x54,0.757,7xbx,5wb2
4x55,1.471,7xbx,5wb2
4x56,1.407,7xbx,5wb2
4x57,0.891,7xbx,5wb2
4x59,0.73,7xbx,5wb2
4x60,0.445,7xbx,5wb2
4x61,0.839,7xbx,5wb2
4x62,0.919,7xbx,5wb2
4x63,1.884,7xbx,5wb2
ECL2.Cm6,1.027,7xbx,5wb2
ECL2.Cm5,2.35,7xbx,5wb2
ECL2.Cm4,3.207,7xbx,5wb2
ECL2.Cm3,4.656,7xbx,5wb2
ECL2.Cm2,3.904,7xbx,5wb2
ECL2.Cm1,2.754,7xbx,5wb2
45x50,2.004,7xbx,5wb2
45x51,1.622,7xbx,5wb2
45x52,2.836,7xbx,5wb2
ECL2.Cp3,3.196,7xbx,5wb2
ECL2.Cp4,4.056,7xbx,5wb2
ECL2.Cp5,5.721,7xbx,5wb2
ECL2.Cp6,4.656,7xbx,5wb2
ECL2.Cp7,5.312,7xbx,5wb2
5x34,3.402,7xbx,5wb2
5x35,2.881,7xbx,5wb2
5x36,1.631,7xbx,5wb2
5x37,2.026,7xbx,5wb2
5x38,2.628,7xbx,5wb2
5x39,2.038,7xbx,5wb2
5x40,1.15,7xbx,5wb2
5x41,1.494,7xbx,5wb2
5x42,1.705,7xbx,5wb2
5x43,1.363,7xbx,5wb2
5x44,0.787,7xbx,5wb2
5x45,0.737,7xbx,5wb2
5x46,0.897,7xbx,5wb2
5x461,0.586,7xbx,5wb2
5x47,0.602,7xbx,5wb2
5x48,0.442,7xbx,5wb2
5x49,1.102,7xbx,5wb2
5x50,1.3,7xbx,5wb2
5x51,1.561,7xbx,5wb2
5x52,1.451,7xbx,5wb2
5x53,1.229,7xbx,5wb2
5x54,1.569,7xbx,5wb2
5x55,1.974,7xbx,5wb2
5x56,1.503,7xbx,5wb2
5x57,0.895,7xbx,5wb2
5x58,1.146,7xbx,5wb2
5x59,1.458,7xbx,5wb2
5x60,1.003,7xbx,5wb2
5x61,0.643,7xbx,5wb2
5x62,1.544,7xbx,5wb2
5x63,1.94,7xbx,5wb2
5x64,1.672,7xbx,5wb2
5x65,1.445,7xbx,5wb2
5x66,3.054,7xbx,5wb2
5x67,3.908,7xbx,5wb2
5x68,2.789,7xbx,5wb2
6x29,3.785,7xbx,5wb2
6x30,3.319,7xbx,5wb2
6x31,5.298,7xbx,5wb2
6x32,3.261,7xbx,5wb2
6x33,4.461,7xbx,5wb2
6x34,5.652,7xbx,5wb2
6x35,3.905,7xbx,5wb2
6x36,2.64,7xbx,5wb2
6x37,4.379,7xbx,5wb2
6x38,3.698,7xbx,5wb2
6x39,1.424,7xbx,5wb2
6x40,2.658,7xbx,5wb2
6x41,3.308,7xbx,5wb2
6x42,2.209,7xbx,5wb2
6x43,0.093,7xbx,5wb2
6x44,1.414,7xbx,5wb2
6x45,1.832,7xbx,5wb2
6x46,1.329,7xbx,5wb2
6x47,0.344,7xbx,5wb2
6x48,0.311,7xbx,5wb2
6x49,0.433,7xbx,5wb2
6x50,0.206,7xbx,5wb2
6x51,0.56,7xbx,5wb2
6x52,0.751,7xbx,5wb2
6x53,0.578,7xbx,5wb2
6x54,0.679,7xbx,5wb2
6x55,1.398,7xbx,5wb2
6x56,1.893,7xbx,5wb2
6x57,1.656,7xbx,5wb2
6x58,1.205,7xbx,5wb2
6x59,1.419,7xbx,5wb2
6x60,1.522,7xbx,5wb2
6x61,1.482,7xbx,5wb2
6x62,1.167,7xbx,5wb2
6x63,1.665,7xbx,5wb2
6x64,2.282,7xbx,5wb2
ECL3.Cm4,2.527,7xbx,5wb2
ECL3.Cm3,4.116,7xbx,5wb2
ECL3.Cm2,1.453,7xbx,5wb2
7x23,1.549,7xbx,5wb2
7x24,1.344,7xbx,5wb2
7x25,1.189,7xbx,5wb2
7x26,1.236,7xbx,5wb2
7x27,1.041,7xbx,5wb2
7x28,1.093,7xbx,5wb2
7x29,1.12,7xbx,5wb2
7x30,1.166,7xbx,5wb2
7x31,1.091,7xbx,5wb2
7x32,0.941,7xbx,5wb2
7x33,0.969,7xbx,5wb2
7x34,1.087,7xbx,5wb2
7x35,0.837,7xbx,5wb2
7x36,0.851,7xbx,5wb2
7x37,1.08,7xbx,5wb2
7x38,1.198,7xbx,5wb2
7x39,1.078,7xbx,5wb2
7x40,0.837,7xbx,5wb2
7x41,1.454,7xbx,5wb2
7x42,1.925,7xbx,5wb2
7x43,2.296,7xbx,5wb2
7x45,2.522,7xbx,5wb2
7x46,1.866,7xbx,5wb2
7x47,1.844,7xbx,5wb2
7x48,3.192,7xbx,5wb2
7x49,3.064,7xbx,5wb2
7x50,2.668,7xbx,5wb2
7x51,4.429,7xbx,5wb2
7x52,4.979,7xbx,5wb2
7x53,5.551,7xbx,5wb2
7x54,7.383,7xbx,5wb2
7x55,6.526,7xbx,5wb2
7x56,3.141,7xbx,5wb2
8x47,3.398,7xbx,5wb2
8x48,2.214,7xbx,5wb2
8x49,2.876,7xbx,5wb2
8x50,2.968,7xbx,5wb2
8x51,2.849,7xbx,5wb2
8x52,2.77,7xbx,5wb2
8x53,3.821,7xbx,5wb2
8x54,3.821,7xbx,5wb2
8x55,2.732,7xbx,5wb2
8x56,2.806,7xbx,5wb2
8x57,3.6,7xbx,5wb2
8x58,3.264,7xbx,5wb2
NTr.Cm5,10.703,4rws,4xt1
NTr.Cm4,8.424,4rws,4xt1
NTr.Cm3,6.457,4rws,4xt1
NTr.Cm2,3.463,4rws,4xt1
NTr.Cm1,1.704,4rws,4xt1
1x22,0.896,4rws,4xt1
1x23,1.277,4rws,4xt1
1x24,1.938,4rws,4xt1
1x25,0.78,4rws,4xt1
1x26,1.789,4rws,4xt1
1x27,2.04,4rws,4xt1
1x28,2.204,4rws,4xt1
1x29,1.081,4rws,4xt1
1x30,1.312,4rws,4xt1
1x31,2.33,4rws,4xt1
1x32,2.904,4rws,4xt1
1x33,2.531,4rws,4xt1
1x34,1.656,4rws,4xt1
1x35,1.582,4rws,4xt1
1x36,1.811,4rws,4xt1
1x37,1.366,4rws,4xt1
1x38,1.247,4rws,4xt1
1x39,1.169,4rws,4xt1
1x40,1.28,4rws,4xt1
1x41,1.204,4rws,4xt1
1x42,1.149,4rws,4xt1
1x43,1.25,4rws,4xt1
1x44,1.028,4rws,4xt1
1x45,1.031,4rws,4xt1
1x46,1.214,4rws,4xt1
1x47,1.749,4rws,4xt1
1x48,2.135,4rws,4xt1
1x49,2.031,4rws,4xt1
1x50,1.662,4rws,4xt1
1x51,2.191,4rws,4xt1
1x52,2.445,4rws,4xt1
1x53,2.199,4rws,4xt1
1x54,1.782,4rws,4xt1
1x55,1.976,4rws,4xt1
1x56,2.231,4rws,4xt1
1x57,1.989,4rws,4xt1
1x58,1.915,4rws,4xt1
1x59,1.778,4rws,4xt1
1x60,1.064,4rws,4xt1
2x37,6.489,4rws,4xt1
2x38,5.69,4rws,4xt1
2x39,3.721,4rws,4xt1
2x40,3.993,4rws,4xt1
2x41,3.565,4rws,4xt1
2x42,2.392,4rws,4xt1
2x43,2.033,4rws,4xt1
2x44,1.569,4rws,4xt1
2x45,1.522,4rws,4xt1
2x46,1.006,4rws,4xt1
2x47,0.953,4rws,4xt1
2x48,0.896,4rws,4xt1
2x49,0.665,4rws,4xt1
2x50,0.456,4rws,4xt1
2x51,0.436,4rws,4xt1
2x52,0.834,4rws,4xt1
2x53,1.151,4rws,4xt1
2x54,1.412,4rws,4xt1
2x55,1.23,4rws,4xt1
2x56,0.521,4rws,4xt1
2x57,0.503,4rws,4xt1
2x58,1.069,4rws,4xt1
2x59,2.055,4rws,4xt1
2x60,2.299,4rws,4xt1
2x61,2.346,4rws,4xt1
2x62,3.584,4rws,4xt1
2x63,3.739,4rws,4xt1
2x64,4.428,4rws,4xt1
2x65,5.344,4rws,4xt1
2x66,3.875,4rws,4xt1
3x22,8.132,4rws,4xt1
3x23,7.298,4rws,4xt1
3x24,2.129,4rws,4xt1
3x25,1.646,4rws,4xt1
3x26,2.174,4rws,4xt1
3x27,1.945,4rws,4xt1
3x28,1.519,4rws,4xt1
3x29,1.894,4rws,4xt1
3x30,1.89,4rws,4xt1
3x31,1.512,4rws,4xt1
3x32,1.943,4rws,4xt1
3x33,2.313,4rws,4xt1
3x34,1.827,4rws,4xt1
3x35,1.925,4rws,4xt1
3x36,2.351,4rws,4xt1
3x37,2.014,4rws,4xt1
3x38,1.461,4rws,4xt1
3x39,1.512,4rws,4xt1
3x40,1.511,4rws,4xt1
3x41,2.073,4rws,4xt1
3x42,1.53,4rws,4xt1
3x43,1.834,4rws,4xt1
3x44,1.663,4rws,4xt1
3x45,1.902,4rws,4xt1
3x46,1.707,4rws,4xt1
3x47,1.411,4rws,4xt1
3x48,2.01,4rws,4xt1
3x49,3.052,4rws,4xt1
3x50,3.001,4rws,4xt1
3x51,2.401,4rws,4xt1
3x52,3.53,4rws,4xt1
3x53,4.201,4rws,4xt1
3x54,3.38,4rws,4xt1
3x55,2.211,4rws,4xt1
4x38,2.811,4rws,4xt1
4x39,6.057,4rws,4xt1
4x40,8.676,4rws,4xt1
4x41,6.472,4rws,4xt1
4x42,2.33,4rws,4xt1
4x43,3.944,4rws,4xt1
4x44,5.161,4rws,4xt1
4x45,2.921,4rws,4xt1
4x46,1.847,4rws,4xt1
4x47,4.8,4rws,4xt1
4x48,4.252,4rws,4xt1
4x49,1.599,4rws,4xt1
4x50,1.86,4rws,4xt1
4x51,2.527,4rws,4xt1
4x52,1.119,4rws,4xt1
4x53,1.355,4rws,4xt1
4x54,2.792,4rws,4xt1
4x55,2.883,4rws,4xt1
4x56,2.858,4rws,4xt1
4x57,4.22,4rws,4xt1
4x59,4.096,4rws,4xt1
4x60,4.07,4rws,4xt1
4x61,5.463,4rws,4xt1
4x62,6.363,4rws,4xt1
4x63,3.661,4rws,4xt1
ECL2.Cm8,10.091,4rws,4xt1
ECL2.Cm7,11.429,4rws,4xt1
ECL2.Cm6,11.616,4rws,4xt1
ECL2.Cm5,13.584,4rws,4xt1
ECL2.Cm4,11.111,4rws,4xt1
ECL2.Cm3,6.411,4rws,4xt1
ECL2.Cm2,4.137,4rws,4xt1
ECL2.Cm1,3.135,4rws,4xt1
45x50,1.726,4rws,4xt1
45x51,3.957,4rws,4xt1
45x52,4.57,4rws,4xt1
ECL2.Cp3,4.257,4rws,4xt1
ECL2.Cp4,6.311,4rws,4xt1
ECL2.Cp5,7.329,4rws,4xt1
ECL2.Cp6,5.537,4rws,4xt1
5x34,4.191,4rws,4xt1
5x35,4.367,4rws,4xt1
5x36,4.19,4rws,4xt1
5x37,3.983,4rws,4xt1
5x38,3.987,4rws,4xt1
5x39,4.113,4rws,4xt1
5x40,3.759,4rws,4xt1
5x41,3.327,4rws,4xt1
5x42,3.303,4rws,4xt1
5x43,3.229,4rws,4xt1
5x44,3.457,4rws,4xt1
5x45,3.84,4rws,4xt1
5x46,3.483,4rws,4xt1
5x461,2.828,4rws,4xt1
5x47,2.769,4rws,4xt1
5x48,2.912,4rws,4xt1
5x49,2.83,4rws,4xt1
5x50,2.503,4rws,4xt1
5x51,2.891,4rws,4xt1
5x52,3.029,4rws,4xt1
5x53,2.06,4rws,4xt1
5x54,1.512,4rws,4xt1
5x55,2.571,4rws,4xt1
5x56,2.32,4rws,4xt1
5x57,1.144,4rws,4xt1
5x58,2.692,4rws,4xt1
5x59,3.434,4rws,4xt1
5x60,2.346,4rws,4xt1
5x61,2.438,4rws,4xt1
5x62,4.047,4rws,4xt1
5x63,4.167,4rws,4xt1
5x64,3.071,4rws,4xt1
5x65,4.491,4rws,4xt1
5x66,6.215,4rws,4xt1
5x67,6.201,4rws,4xt1
ICL3,10.919,4rws,4xt1
6x30,9.911,4rws,4xt1
6x31,10.22,4rws,4xt1
6x32,8.809,4rws,4xt1
6x33,3.354,4rws,4xt1
6x34,3.991,4rws,4xt1
6x35,3.171,4rws,4xt1
6x36,3.04,4rws,4xt1
6x37,3.698,4rws,4xt1
6x38,3.109,4rws,4xt1
6x39,1.743,4rws,4xt1
6x40,3.041,4rws,4xt1
6x41,3.791,4rws,4xt1
6x42,2.601,4rws,4xt1
6x43,1.226,4rws,4xt1
6x44,2.607,4rws,4xt1
6x45,3.047,4rws,4xt1
6x46,1.991,4rws,4xt1
6x47,1.5,4rws,4xt1
6x48,1.317,4rws,4xt1
6x49,1.271,4rws,4xt1
6x50,1.339,4rws,4xt1
6x51,0.999,4rws,4xt1
6x52,1.011,4rws,4xt1
6x53,1.889,4rws,4xt1
6x54,1.57,4rws,4xt1
6x55,1.185,4rws,4xt1
6x56,1.332,4rws,4xt1
6x57,1.578,4rws,4xt1
6x58,1.531,4rws,4xt1
6x59,1.781,4rws,4xt1
6x60,2.079,4rws,4xt1
6x61,1.916,4rws,4xt1
6x62,1.712,4rws,4xt1
6x63,1.951,4rws,4xt1
6x64,2.107,4rws,4xt1
ECL3.Cm5,2.584,4rws,4xt1
ECL3.Cm4,2.251,4rws,4xt1
ECL3.Cm3,1.56,4rws,4xt1
ECL3.Cm2,3.188,4rws,4xt1
7x23,1.833,4rws,4xt1
7x24,1.037,4rws,4xt1
7x25,1.451,4rws,4xt1
7x26,1.203,4rws,4xt1
7x27,0.517,4rws,4xt1
7x28,0.939,4rws,4xt1
7x29,0.88,4rws,4xt1
7x30,0.63,4rws,4xt1
7x31,0.52,4rws,4xt1
7x32,0.688,4rws,4xt1
7x33,0.899,4rws,4xt1
7x34,0.676,4rws,4xt1
7x35,0.862,4rws,4xt1
7x36,1.477,4rws,4xt1
7x37,1.371,4rws,4xt1
7x38,1.249,4rws,4xt1
7x39,1.591,4rws,4xt1
7x40,1.894,4rws,4xt1
7x41,1.147,4rws,4xt1
7x42,0.748,4rws,4xt1
7x43,0.681,4rws,4xt1
7x45,1.547,4rws,4xt1
7x46,1.965,4rws,4xt1
7x47,1.061,4rws,4xt1
7x48,0.75,4rws,4xt1
7x49,2.259,4rws,4xt1
7x50,3.192,4rws,4xt1
7x51,4.38,4rws,4xt1
7x52,4.636,4rws,4xt1
7x53,8.288,4rws,4xt1
7x54,10.786,4rws,4xt1
NTr.Cm5,8.72,4rws,5wb2
NTr.Cm4,9.471,4rws,5wb2
NTr.Cm3,7.128,4rws,5wb2
NTr.Cm2,4.276,4rws,5wb2
NTr.Cm1,2.326,4rws,5wb2
1x22,1.246,4rws,5wb2
1x23,1.222,4rws,5wb2
1x24,2.075,4rws,5wb2
1x25,0.932,4rws,5wb2
1x26,2.194,4rws,5wb2
1x27,2.38,4rws,5wb2
1x28,2.059,4rws,5wb2
1x29,0.776,4rws,5wb2
1x30,1.875,4rws,5wb2
1x31,2.426,4rws,5wb2
1x32,2.65,4rws,5wb2
1x33,2.517,4rws,5wb2
1x34,1.601,4rws,5wb2
1x35,1.358,4rws,5wb2
1x36,1.581,4rws,5wb2
1x37,1.116,4rws,5wb2
1x38,0.966,4rws,5wb2
1x39,0.921,4rws,5wb2
1x40,1.114,4rws,5wb2
1x41,1.056,4rws,5wb2
1x42,0.979,4rws,5wb2
1x43,0.928,4rws,5wb2
1x44,1.001,4rws,5wb2
1x45,1.055,4rws,5wb2
1x46,1.209,4rws,5wb2
1x47,1.73,4rws,5wb2
1x48,2.182,4rws,5wb2
1x49,2.137,4rws,5wb2
1x50,1.656,4rws,5wb2
1x51,2.235,4rws,5wb2
1x52,2.583,4rws,5wb2
1x53,2.272,4rws,5wb2
1x54,1.855,4rws,5wb2
1x55,2.257,4rws,5wb2
1x56,2.497,4rws,5wb2
1x57,1.917,4rws,5wb2
1x58,2.289,4rws,5wb2
1x59,2.409,4rws,5wb2
1x60,1.561,4rws,5wb2
2x37,5.515,4rws,5wb2
2x38,4.862,4rws,5wb2
2x39,3.116,4rws,5wb2
2x40,3.394,4rws,5wb2
2x41,2.972,4rws,5wb2
2x42,2.033,4rws,5wb2
2x43,1.735,4rws,5wb2
2x44,1.144,4rws,5wb2
2x45,1.198,4rws,5wb2
2x46,0.911,4rws,5wb2
2x47,0.865,4rws,5wb2
2x48,0.804,4rws,5wb2
2x49,0.549,4rws,5wb2
2x50,0.361,4rws,5wb2
2x51,0.491,4rws,5wb2
2x52,0.593,4rws,5wb2
2x53,0.697,4rws,5wb2
2x54,0.637,4rws,5wb2
2x55,0.773,4rws,5wb2
2x56,0.561,4rws,5wb2
2x57,0.908,4rws,5wb2
2x58,1.607,4rws,5wb2
2x59,2.664,4rws,5wb2
2x60,2.765,4rws,5wb2
2x61,2.829,4rws,5wb2
2x62,3.794,4rws,5wb2
2x63,3.755,4rws,5wb2
2x64,4.407,4rws,5wb2
2x65,5.369,4rws,5wb2
2x66,3.715,4rws,5wb2
3x21,1.684,4rws,5wb2
3x22,2.574,4rws,5wb2
3x23,2.667,4rws,5wb2
3x24,1.512,4rws,5wb2
3x25,1.397,4rws,5wb2
3x26,1.987,4rws,5wb2
3x27,1.721,4rws,5wb2
3x28,1.652,4rws,5wb2
3x29,1.789,4rws,5wb2
3x30,1.58,4rws,5wb2
3x31,1.347,4rws,5wb2
3x32,1.406,4rws,5wb2
3x33,1.453,4rws,5wb2
3x34,1.611,4rws,5wb2
3x35,2.071,4rws,5wb2
3x36,2.086,4rws,5wb2
3x37,1.732,4rws,5wb2
3x38,1.455,4rws,5wb2
3x39,1.542,4rws,5wb2
3x40,1.607,4rws,5wb2
3x41,2.111,4rws,5wb2
3x42,1.476,4rws,5wb2
3x43,1.879,4rws,5wb2
3x44,1.645,4rws,5wb2
3x45,1.681,4rws,5wb2
3x46,1.476,4rws,5wb2
3x47,1.286,4rws,5wb2
3x48,1.934,4rws,5wb2
3x49,2.713,4rws,5wb2
3x50,2.613,4rws,5wb2
3x51,2.238,4rws,5wb2
3x52,3.256,4rws,5wb2
3x53,3.695,4rws,5wb2
3x54,2.915,4rws,5wb2
3x55,2.219,4rws,5wb2
4x38,2.392,4rws,5wb2
4x39,6.574,4rws,5wb2
4x40,8.724,4rws,5wb2
4x41,5.819,4rws,5wb2
4x42,1.783,4rws,5wb2
4x43,4.209,4rws,5wb2
4x44,5.177,4rws,5wb2
4x45,2.597,4rws,5wb2
4x46,2.174,4rws,5wb2
4x47,5.067,4rws,5wb2
4x48,4.516,4rws,5wb2
4x49,1.816,4rws,5wb2
4x50,1.53,4rws,5wb2
4x51,2.059,4rws,5wb2
4x52,0.87,4rws,5wb2
4x53,0.513,4rws,5wb2
4x54,1.757,4rws,5wb2
4x55,1.366,4rws,5wb2
4x56,1.705,4rws,5wb2
4x57,3.311,4rws,5wb2
4x59,2.801,4rws,5wb2
4x60,2.69,4rws,5wb2
4x61,4.962,4rws,5wb2
4x62,6.286,4rws,5wb2
4x63,3.753,4rws,5wb2
ECL2.Cm8,10.391,4rws,5wb2
ECL2.Cm7,11.68,4rws,5wb2
ECL2.Cm6,10.864,4rws,5wb2
ECL2.Cm5,11.831,4rws,5wb2
ECL2.Cm4,9.977,4rws,5wb2
ECL2.Cm3,5.197,4rws,5wb2
ECL2.Cm2,1.796,4rws,5wb2
ECL2.Cm1,2.158,4rws,5wb2
45x50,1.954,4rws,5wb2
45x51,3.043,4rws,5wb2
45x52,3.407,4rws,5wb2
ECL2.Cp3,2.549,4rws,5wb2
ECL2.Cp4,5.492,4rws,5wb2
ECL2.Cp5,6.29,4rws,5wb2
ECL2.Cp6,5.962,4rws,5wb2
5x34,3.9,4rws,5wb2
5x35,4.04,4rws,5wb2
5x36,3.844,4rws,5wb2
5x37,3.887,4rws,5wb2
5x38,3.949,4rws,5wb2
5x39,3.841,4rws,5wb2
5x40,3.477,4rws,5wb2
5x41,3.339,4rws,5wb2
5x42,3.108,4rws,5wb2
5x43,2.704,4rws,5wb2
5x44,3.222,4rws,5wb2
5x45,3.811,4rws,5wb2
5x46,3.283,4rws,5wb2
5x461,2.117,4rws,5wb2
5x47,2.222,4rws,5wb2
5x48,2.583,4rws,5wb2
5x49,2.532,4rws,5wb2
5x50,2.338,4rws,5wb2
5x51,2.555,4rws,5wb2
5x52,2.734,4rws,5wb2
5x53,1.926,4rws,5wb2
5x54,1.479,4rws,5wb2
5x55,2.346,4rws,5wb2
5x56,2.183,4rws,5wb2
5x57,1.251,4rws,5wb2
5x58,2.454,4rws,5wb2
5x59,3.064,4rws,5wb2
5x60,2.135,4rws,5wb2
5x61,2.092,4rws,5wb2
5x62,3.437,4rws,5wb2
5x63,3.581,4rws,5wb2
5x64,2.635,4rws,5wb2
5x65,3.76,4rws,5wb2
5x66,5.421,4rws,5wb2
5x67,5.63,4rws,5wb2
6x30,11.158,4rws,5wb2
6x31,11.456,4rws,5wb2
6x32,9.585,4rws,5wb2
6x33,4.234,4rws,5wb2
6x34,4.72,4rws,5wb2
6x35,3.758,4rws,5wb2
6x36,3.383,4rws,5wb2
6x37,4.004,4rws,5wb2
6x38,3.353,4rws,5wb2
6x39,1.904,4rws,5wb2
6x40,3.014,4rws,5wb2
6x41,3.669,4rws,5wb2
6x42,2.388,4rws,5wb2
6x43,1.047,4rws,5wb2
6x44,2.408,4rws,5wb2
6x45,2.582,4rws,5wb2
6x46,1.536,4rws,5wb2
6x47,1.031,4rws,5wb2
6x48,0.908,4rws,5wb2
6x49,1.388,4rws,5wb2
6x50,1.226,4rws,5wb2
6x51,0.933,4rws,5wb2
6x52,1.143,4rws,5wb2
6x53,1.64,4rws,5wb2
6x54,1.13,4rws,5wb2
6x55,0.773,4rws,5wb2
6x56,1.124,4rws,5wb2
6x57,1.216,4rws,5wb2
6x58,1.089,4rws,5wb2
6x59,1.285,4rws,5wb2
6x60,1.471,4rws,5wb2
6x61,1.219,4rws,5wb2
6x62,0.858,4rws,5wb2
6x63,1.085,4rws,5wb2
6x64,1.062,4rws,5wb2
ECL3.Cm5,1.787,4rws,5wb2
ECL3.Cm4,1.645,4rws,5wb2
ECL3.Cm3,1.431,4rws,5wb2
ECL3.Cm2,2.67,4rws,5wb2
7x23,1.461,4rws,5wb2
7x24,0.892,4rws,5wb2
7x25,1.186,4rws,5wb2
7x26,0.691,4rws,5wb2
7x27,0.731,4rws,5wb2
7x28,1.291,4rws,5wb2
7x29,0.777,4rws,5wb2
7x30,0.348,4rws,5wb2
7x31,0.755,4rws,5wb2
7x32,0.495,4rws,5wb2
7x33,0.421,4rws,5wb2
7x34,0.492,4rws,5wb2
7x35,0.692,4rws,5wb2
7x36,1.254,4rws,5wb2
7x37,0.924,4rws,5wb2
7x38,0.48,4rws,5wb2
7x39,1.234,4rws,5wb2
7x40,1.641,4rws,5wb2
7x41,0.705,4rws,5wb2
7x42,0.503,4rws,5wb2
7x43,0.549,4rws,5wb2
7x45,1.284,4rws,5wb2
7x46,1.669,4rws,5wb2
7x47,1.024,4rws,5wb2
7x48,0.544,4rws,5wb2
7x49,2.373,4rws,5wb2
7x50,3.219,4rws,5wb2
7x51,4.269,4rws,5wb2
7x52,4.661,4rws,5wb2
7x53,8.281,4rws,5wb2
7x54,10.413,4rws,5wb2
NTr.Cm6,0.927,4xt1,5wb2
NTr.Cm5,3.102,4xt1,5wb2
NTr.Cm4,1.319,4xt1,5wb2
NTr.Cm3,3.949,4xt1,5wb2
NTr.Cm2,1.349,4xt1,5wb2
NTr.Cm1,0.824,4xt1,5wb2
1x22,0.656,4xt1,5wb2
1x23,0.372,4xt1,5wb2
1x24,0.612,4xt1,5wb2
1x25,0.618,4xt1,5wb2
1x26,0.566,4xt1,5wb2
1x27,0.602,4xt1,5wb2
1x28,0.599,4xt1,5wb2
1x29,0.578,4xt1,5wb2
1x30,0.642,4xt1,5wb2
1x31,0.57,4xt1,5wb2
1x32,0.278,4xt1,5wb2
1x33,0.334,4xt1,5wb2
1x34,0.439,4xt1,5wb2
1x35,0.378,4xt1,5wb2
1x36,0.364,4xt1,5wb2
1x37,0.374,4xt1,5wb2
1x38,0.318,4xt1,5wb2
1x39,0.301,4xt1,5wb2
1x40,0.261,4xt1,5wb2
1x41,0.13,4xt1,5wb2
1x42,0.16,4xt1,5wb2
1x43,0.296,4xt1,5wb2
1x44,0.139,4xt1,5wb2
1x45,0.185,4xt1,5wb2
1x46,0.254,4xt1,5wb2
1x47,0.105,4xt1,5wb2
1x48,0.112,4xt1,5wb2
1x49,0.219,4xt1,5wb2
1x50,0.15,4xt1,5wb2
1x51,0.072,4xt1,5wb2
1x52,0.084,4xt1,5wb2
1x53,0.142,4xt1,5wb2
1x54,0.203,4xt1,5wb2
1x55,0.201,4xt1,5wb2
1x56,0.215,4xt1,5wb2
1x57,0.186,4xt1,5wb2
1x58,0.359,4xt1,5wb2
1x59,0.573,4xt1,5wb2
1x60,1.228,4xt1,5wb2
12x48,1.026,4xt1,5wb2
12x49,1.166,4xt1,5wb2
12x50,0.71,4xt1,5wb2
12x51,0.721,4xt1,5wb2
2x37,0.711,4xt1,5wb2
2x38,0.568,4xt1,5wb2
2x39,0.365,4xt1,5wb2
2x40,0.381,4xt1,5wb2
2x41,0.432,4xt1,5wb2
2x42,0.296,4xt1,5wb2
2x43,0.154,4xt1,5wb2
2x44,0.265,4xt1,5wb2
2x45,0.348,4xt1,5wb2
2x46,0.234,4xt1,5wb2
2x47,0.197,4xt1,5wb2
2x48,0.224,4xt1,5wb2
2x49,0.248,4xt1,5wb2
2x50,0.34,4xt1,5wb2
2x51,0.433,4xt1,5wb2
2x52,0.368,4xt1,5wb2
2x53,0.539,4xt1,5wb2
2x54,0.832,4xt1,5wb2
2x55,0.817,4xt1,5wb2
2x56,0.78,4xt1,5wb2
2x57,0.782,4xt1,5wb2
2x58,0.744,4xt1,5wb2
2x59,0.625,4xt1,5wb2
2x60,0.58,4xt1,5wb2
2x61,0.504,4xt1,5wb2
2x62,0.334,4xt1,5wb2
2x63,0.103,4xt1,5wb2
2x64,0.272,4xt1,5wb2
2x65,0.052,4xt1,5wb2
2x66,0.465,4xt1,5wb2
3x22,8.614,4xt1,5wb2
3x23,7.216,4xt1,5wb2
3x24,0.908,4xt1,5wb2
3x25,1.052,4xt1,5wb2
3x26,0.481,4xt1,5wb2
3x27,0.414,4xt1,5wb2
3x28,0.654,4xt1,5wb2
3x29,0.597,4xt1,5wb2
3x30,0.636,4xt1,5wb2
3x31,0.372,4xt1,5wb2
3x32,0.633,4xt1,5wb2
3x33,1.005,4xt1,5wb2
3x34,0.897,4xt1,5wb2
3x35,0.386,4xt1,5wb2
3x36,0.709,4xt1,5wb2
3x37,0.891,4xt1,5wb2
3x38,0.58,4xt1,5wb2
3x39,0.398,4xt1,5wb2
3x40,0.635,4xt1,5wb2
3x41,0.62,4xt1,5wb2
3x42,0.296,4xt1,5wb2
3x43,0.3,4xt1,5wb2
3x44,0.415,4xt1,5wb2
3x45,0.307,4xt1,5wb2
3x46,0.088,4xt1,5wb2
3x47,0.164,4xt1,5wb2
3x48,0.183,4xt1,5wb2
3x49,0.166,4xt1,5wb2
3x50,0.164,4xt1,5wb2
3x51,0.07,4xt1,5wb2
3x52,0.105,4xt1,5wb2
3x53,0.258,4xt1,5wb2
3x54,0.323,4xt1,5wb2
3x55,0.323,4xt1,5wb2
ICL2,0.243,4xt1,5wb2
4x38,0.848,4xt1,5wb2
4x39,0.922,4xt1,5wb2
4x40,0.98,4xt1,5wb2
4x41,0.93,4xt1,5wb2
4x42,0.767,4xt1,5wb2
4x43,0.787,4xt1,5wb2
4x44,0.905,4xt1,5wb2
4x45,0.673,4xt1,5wb2
4x46,0.541,4xt1,5wb2
4x47,0.809,4xt1,5wb2
4x48,0.895,4xt1,5wb2
4x49,0.754,4xt1,5wb2
4x50,0.866,4xt1,5wb2
4x51,1.128,4xt1,5wb2
4x52,1.144,4xt1,5wb2
4x53,0.936,4xt1,5wb2
4x54,1.045,4xt1,5wb2
4x55,1.579,4xt1,5wb2
4x56,1.581,4xt1,5wb2
4x57,1.118,4xt1,5wb2
4x59,1.318,4xt1,5wb2
4x60,1.472,4xt1,5wb2
4x61,1.166,4xt1,5wb2
4x62,0.576,4xt1,5wb2
4x63,0.786,4xt1,5wb2
ECL2.Cm8,0.532,4xt1,5wb2
ECL2.Cm7,0.718,4xt1,5wb2
ECL2.Cm6,1.215,4xt1,5wb2
ECL2.Cm5,2.238,4xt1,5wb2
ECL2.Cm4,3.05,4xt1,5wb2
ECL2.Cm3,4.326,4xt1,5wb2
ECL2.Cm2,3.715,4xt1,5wb2
ECL2.Cm1,2.248,4xt1,5wb2
45x50,0.597,4xt1,5wb2
45x51,1.66,4xt1,5wb2
45x52,1.913,4xt1,5wb2
ECL2.Cp3,2.049,4xt1,5wb2
ECL2.Cp4,1.06,4xt1,5wb2
ECL2.Cp5,2.05,4xt1,5wb2
ECL2.Cp6,1.918,4xt1,5wb2
ECL2.Cp7,0.895,4xt1,5wb2
ECL2.Cp8,0.565,4xt1,5wb2
ECL2.Cp9,0.788,4xt1,5wb2
5x34,0.79,4xt1,5wb2
5x35,0.489,4xt1,5wb2
5x36,0.443,4xt1,5wb2
5x37,0.643,4xt1,5wb2
5x38,0.817,4xt1,5wb2
5x39,0.754,4xt1,5wb2
5x40,0.478,4xt1,5wb2
5x41,0.651,4xt1,5wb2
5x42,0.997,4xt1,5wb2
5x43,0.876,4xt1,5wb2
5x44,0.462,4xt1,5wb2
5x45,0.619,4xt1,5wb2
5x46,1.021,4xt1,5wb2
5x461,1.027,4xt1,5wb2
5x47,0.668,4xt1,5wb2
5x48,0.431,4xt1,5wb2
5x49,0.486,4xt1,5wb2
5x50,0.527,4xt1,5wb2
5x51,0.53,4xt1,5wb2
5x52,0.471,4xt1,5wb2
5x53,0.426,4xt1,5wb2
5x54,0.424,4xt1,5wb2
5x55,0.511,4xt1,5wb2
5x56,0.479,4xt1,5wb2
5x57,0.345,4xt1,5wb2
5x58,0.41,4xt1,5wb2
5x59,0.594,4xt1,5wb2
5x60,0.524,4xt1,5wb2
5x61,0.416,4xt1,5wb2
5x62,0.695,4xt1,5wb2
5x63,0.77,4xt1,5wb2
5x64,0.586,4xt1,5wb2
5x65,0.689,4xt1,5wb2
5x66,0.855,4xt1,5wb2
5x67,0.689,4xt1,5wb2
5x68,0.585,4xt1,5wb2
6x29,1.035,4xt1,5wb2
6x30,0.971,4xt1,5wb2
6x31,0.981,4xt1,5wb2
6x32,0.684,4xt1,5wb2
6x33,0.601,4xt1,5wb2
6x34,0.663,4xt1,5wb2
6x35,0.53,4xt1,5wb2
6x36,0.312,4xt1,5wb2
6x37,0.314,4xt1,5wb2
6x38,0.504,4xt1,5wb2
6x39,0.477,4xt1,5wb2
6x40,0.342,4xt1,5wb2
6x41,0.47,4xt1,5wb2
6x42,0.603,4xt1,5wb2
6x43,0.619,4xt1,5wb2
6x44,0.623,4xt1,5wb2
6x45,0.691,4xt1,5wb2
6x46,0.741,4xt1,5wb2
6x47,0.764,4xt1,5wb2
6x48,0.784,4xt1,5wb2
6x49,0.75,4xt1,5wb2
6x50,0.783,4xt1,5wb2
6x51,0.746,4xt1,5wb2
6x52,0.602,4xt1,5wb2
6x53,0.574,4xt1,5wb2
6x54,0.55,4xt1,5wb2
6x55,0.648,4xt1,5wb2
6x56,0.457,4xt1,5wb2
6x57,0.448,4xt1,5wb2
6x58,0.513,4xt1,5wb2
6x59,0.678,4xt1,5wb2
6x60,0.65,4xt1,5wb2
6x61,0.821,4xt1,5wb2
6x62,1.022,4xt1,5wb2
6x63,1.074,4xt1,5wb2
6x64,1.217,4xt1,5wb2
ECL3.Cm5,0.929,4xt1,5wb2
ECL3.Cm4,1.033,4xt1,5wb2
ECL3.Cm3,1.16,4xt1,5wb2
ECL3.Cm2,1.048,4xt1,5wb2
7x23,0.975,4xt1,5wb2
7x24,0.857,4xt1,5wb2
7x25,0.876,4xt1,5wb2
7x26,0.834,4xt1,5wb2
7x27,0.782,4xt1,5wb2
7x28,0.763,4xt1,5wb2
7x29,0.739,4xt1,5wb2
7x30,0.684,4xt1,5wb2
7x31,0.68,4xt1,5wb2
7x32,0.668,4xt1,5wb2
7x33,0.548,4xt1,5wb2
7x34,0.665,4xt1,5wb2
7x35,0.722,4xt1,5wb2
7x36,0.423,4xt1,5wb2
7x37,0.519,4xt1,5wb2
7x38,0.909,4xt1,5wb2
7x39,0.629,4xt1,5wb2
7x40,0.315,4xt1,5wb2
7x41,0.695,4xt1,5wb2
7x42,0.59,4xt1,5wb2
7x43,0.405,4xt1,5wb2
7x45,0.571,4xt1,5wb2
7x46,0.535,4xt1,5wb2
7x47,0.329,4xt1,5wb2
7x48,0.376,4xt1,5wb2
7x49,0.301,4xt1,5wb2
7x50,0.121,4xt1,5wb2
7x51,0.218,4xt1,5wb2
7x52,0.248,4xt1,5wb2
7x53,0.217,4xt1,5wb2
7x54,0.281,4xt1,5wb2
7x55,0.496,4xt1,5wb2
7x56,0.366,4xt1,5wb2
8x47,0.468,4xt1,5wb2
8x48,0.546,4xt1,5wb2
8x49,0.574,4xt1,5wb2
8x50,0.449,4xt1,5wb2
8x51,0.434,4xt1,5wb2
8x52,0.396,4xt1,5wb2
8x53,0.444,4xt1,5wb2
8x54,0.4,4xt1,5wb2
8x55,0.569,4xt1,5wb2
8x56,0.591,4xt1,5wb2
8x57,0.512,4xt1,5wb2
8x58,0.49,4xt1,5wb2
8x59,0.574,4xt1,5wb2
8x60,7.876,4xt1,5wb2
