gnccn,RMSD,file1,file2
NTc.Cm10,1.346,5uiw,7o7f
NTc.Cm9,1.574,5uiw,7o7f
NTc.Cm8,1.498,5uiw,7o7f
NTc.Cm7,1.831,5uiw,7o7f
NTc.Cm6,3.557,5uiw,7o7f
NTc.Cm5,6.587,5uiw,7o7f
NTc.Cm4,4.85,5uiw,7o7f
NTc.Cm3,0.941,5uiw,7o7f
NTc.Cm2,1.424,5uiw,7o7f
NTc.Cm1,1.255,5uiw,7o7f
CX.1,0.409,5uiw,7o7f
CX.5,0.926,5uiw,7o7f
cxb1.1,0.893,5uiw,7o7f
cxb1.2,1.148,5uiw,7o7f
cxb1.5,1.453,5uiw,7o7f
cxb1.6,1.751,5uiw,7o7f
cxb1.7,1.372,5uiw,7o7f
cxb1.8,1.571,5uiw,7o7f
cxb1.10,1,5uiw,7o7f
cxb1.11,1.266,5uiw,7o7f
cxb1.14,0.93,5uiw,7o7f
cxb1.15,0.531,5uiw,7o7f
cxb1.16,1.213,5uiw,7o7f
B1.1,1.518,5uiw,7o7f
B1.2,1.071,5uiw,7o7f
B1.3,0.776,5uiw,7o7f
B1.4,0.786,5uiw,7o7f
B1.5,0.824,5uiw,7o7f
B1.6,0.937,5uiw,7o7f
B1.7,1.175,5uiw,7o7f
b1b2.4,1.17,5uiw,7o7f
b1b2.6,0.954,5uiw,7o7f
b1b2.9,0.837,5uiw,7o7f
b1b2.10,0.531,5uiw,7o7f
b1b2.12,0.383,5uiw,7o7f
b1b2.13,0.628,5uiw,7o7f
b1b2.14,0.778,5uiw,7o7f
b1b2.16,0.783,5uiw,7o7f
B2.1,1.009,5uiw,7o7f
B2.2,1.088,5uiw,7o7f
B2.3,0.861,5uiw,7o7f
B2.4,0.92,5uiw,7o7f
B2.5,0.962,5uiw,7o7f
B2.6,1.328,5uiw,7o7f
b2b3.2,1.507,5uiw,7o7f
b2b3.4,2.101,5uiw,7o7f
b2b3.11,1.485,5uiw,7o7f
b2b3.12,1.856,5uiw,7o7f
B3.1,1.305,5uiw,7o7f
B3.2,1.552,5uiw,7o7f
B3.3,1.693,5uiw,7o7f
B3.4,1.788,5uiw,7o7f
b3h.1,1.885,5uiw,7o7f
b3h.2,1.75,5uiw,7o7f
b3h.3,2.135,5uiw,7o7f
b3h.4,2.214,5uiw,7o7f
H.1,2.379,5uiw,7o7f
H.2,2.57,5uiw,7o7f
H.3,1.912,5uiw,7o7f
H.4,1.986,5uiw,7o7f
H.5,2.411,5uiw,7o7f
H.6,2.391,5uiw,7o7f
H.7,2.039,5uiw,7o7f
H.8,2.393,5uiw,7o7f
H.9,2.836,5uiw,7o7f
H.10,2.469,5uiw,7o7f
CT,2.31,5uiw,7o7f
NTc.Cm9,4.013,5uiw,7f1r
NTc.Cm8,1.763,5uiw,7f1r
NTc.Cm7,1.706,5uiw,7f1r
NTc.Cm6,1.523,5uiw,7f1r
NTc.Cm5,5.264,5uiw,7f1r
NTc.Cm4,6.025,5uiw,7f1r
NTc.Cm3,3.315,5uiw,7f1r
NTc.Cm2,2.019,5uiw,7f1r
NTc.Cm1,1.354,5uiw,7f1r
CX.1,1.488,5uiw,7f1r
CX.5,1.522,5uiw,7f1r
cxb1.1,1.678,5uiw,7f1r
cxb1.2,2.406,5uiw,7f1r
cxb1.5,2.896,5uiw,7f1r
B1.3,3.591,5uiw,7f1r
B1.4,1.931,5uiw,7f1r
B1.5,1.117,5uiw,7f1r
B1.6,0.599,5uiw,7f1r
B1.7,1.377,5uiw,7f1r
b1b2.4,1.068,5uiw,7f1r
b1b2.6,0.758,5uiw,7f1r
b1b2.9,0.885,5uiw,7f1r
b1b2.10,0.889,5uiw,7f1r
b1b2.12,1.475,5uiw,7f1r
b1b2.13,1.651,5uiw,7f1r
b1b2.14,2.09,5uiw,7f1r
b1b2.16,0.681,5uiw,7f1r
B2.1,1.262,5uiw,7f1r
B2.2,1.035,5uiw,7f1r
B2.3,1.143,5uiw,7f1r
B2.4,1.286,5uiw,7f1r
b2b3.12,3.235,5uiw,7f1r
B3.1,3.731,5uiw,7f1r
B3.2,3.566,5uiw,7f1r
B3.3,2.959,5uiw,7f1r
B3.4,3.009,5uiw,7f1r
b3h.1,1.835,5uiw,7f1r
b3h.2,1.571,5uiw,7f1r
b3h.3,2.486,5uiw,7f1r
b3h.4,4.614,5uiw,7f1r
H.1,1.811,5uiw,7f1r
H.2,3.215,5uiw,7f1r
H.3,3.058,5uiw,7f1r
H.4,2.462,5uiw,7f1r
H.5,3.027,5uiw,7f1r
H.6,2.989,5uiw,7f1r
H.7,2.259,5uiw,7f1r
H.8,3.404,5uiw,7f1r
H.9,3.814,5uiw,7f1r
H.10,2.51,5uiw,7f1r
NTc.Cm9,1.33,5uiw,zheng
NTc.Cm8,1.093,5uiw,zheng
NTc.Cm7,2.342,5uiw,zheng
NTc.Cm6,5.027,5uiw,zheng
NTc.Cm5,3.367,5uiw,zheng
NTc.Cm4,3.2,5uiw,zheng
NTc.Cm3,2.6,5uiw,zheng
NTc.Cm2,1.803,5uiw,zheng
NTc.Cm1,0.889,5uiw,zheng
CX.1,0.609,5uiw,zheng
CX.5,0.317,5uiw,zheng
cxb1.1,0.41,5uiw,zheng
cxb1.2,0.467,5uiw,zheng
cxb1.5,0.268,5uiw,zheng
cxb1.6,0.461,5uiw,zheng
cxb1.7,0.567,5uiw,zheng
cxb1.8,0.419,5uiw,zheng
cxb1.10,0.351,5uiw,zheng
cxb1.11,0.573,5uiw,zheng
cxb1.14,1.157,5uiw,zheng
cxb1.15,1.072,5uiw,zheng
cxb1.16,0.931,5uiw,zheng
B1.1,1.568,5uiw,zheng
B1.2,1.154,5uiw,zheng
B1.3,1.127,5uiw,zheng
B1.4,0.521,5uiw,zheng
B1.5,0.484,5uiw,zheng
B1.6,0.446,5uiw,zheng
B1.7,0.561,5uiw,zheng
b1b2.4,0.542,5uiw,zheng
b1b2.6,0.687,5uiw,zheng
b1b2.9,0.619,5uiw,zheng
b1b2.10,1.102,5uiw,zheng
b1b2.12,0.175,5uiw,zheng
b1b2.13,0.353,5uiw,zheng
b1b2.14,0.467,5uiw,zheng
b1b2.16,0.485,5uiw,zheng
B2.1,0.203,5uiw,zheng
B2.2,0.494,5uiw,zheng
B2.3,0.253,5uiw,zheng
B2.4,0.335,5uiw,zheng
B2.5,0.436,5uiw,zheng
B2.6,0.498,5uiw,zheng
b2b3.2,0.818,5uiw,zheng
b2b3.4,0.783,5uiw,zheng
b2b3.11,0.679,5uiw,zheng
b2b3.12,0.371,5uiw,zheng
B3.1,0.452,5uiw,zheng
B3.2,0.313,5uiw,zheng
B3.3,0.212,5uiw,zheng
B3.4,0.461,5uiw,zheng
b3h.1,0.677,5uiw,zheng
b3h.2,0.61,5uiw,zheng
b3h.3,0.471,5uiw,zheng
b3h.4,0.274,5uiw,zheng
H.1,0.762,5uiw,zheng
H.2,0.846,5uiw,zheng
H.3,0.741,5uiw,zheng
H.4,0.717,5uiw,zheng
H.5,0.699,5uiw,zheng
H.6,0.83,5uiw,zheng
H.7,0.652,5uiw,zheng
H.8,0.809,5uiw,zheng
H.9,0.62,5uiw,zheng
H.10,0.329,5uiw,zheng
CT,0.802,5uiw,zheng
NTc.Cm6,3.197,5uiw,7vl9
NTc.Cm5,2.253,5uiw,7vl9
NTc.Cm4,4.434,5uiw,7vl9
NTc.Cm3,2.251,5uiw,7vl9
NTc.Cm2,1.024,5uiw,7vl9
NTc.Cm1,1.474,5uiw,7vl9
CX.1,1.484,5uiw,7vl9
CX.5,0.842,5uiw,7vl9
cxb1.1,0.755,5uiw,7vl9
cxb1.2,0.128,5uiw,7vl9
cxb1.5,0.48,5uiw,7vl9
cxb1.6,1.033,5uiw,7vl9
cxb1.7,1.294,5uiw,7vl9
cxb1.8,1.431,5uiw,7vl9
cxb1.10,2.677,5uiw,7vl9
cxb1.11,2.793,5uiw,7vl9
cxb1.14,2.25,5uiw,7vl9
cxb1.15,2.228,5uiw,7vl9
cxb1.16,1.85,5uiw,7vl9
B1.1,2.541,5uiw,7vl9
B1.2,2.308,5uiw,7vl9
B1.3,2.595,5uiw,7vl9
B1.4,2.512,5uiw,7vl9
B1.5,1.925,5uiw,7vl9
B1.6,1.806,5uiw,7vl9
B1.7,1.793,5uiw,7vl9
b1b2.4,1.567,5uiw,7vl9
b1b2.6,1.84,5uiw,7vl9
b1b2.9,1.39,5uiw,7vl9
b1b2.10,1.805,5uiw,7vl9
b1b2.12,1.336,5uiw,7vl9
b1b2.13,1.341,5uiw,7vl9
b1b2.14,1.165,5uiw,7vl9
b1b2.16,1.12,5uiw,7vl9
B2.1,0.749,5uiw,7vl9
B2.2,1.138,5uiw,7vl9
B2.3,1.16,5uiw,7vl9
B2.4,1.571,5uiw,7vl9
B2.5,1.933,5uiw,7vl9
B2.6,2.366,5uiw,7vl9
b2b3.2,3.437,5uiw,7vl9
b2b3.4,4.06,5uiw,7vl9
b2b3.11,3.788,5uiw,7vl9
b2b3.12,2.668,5uiw,7vl9
B3.1,1.953,5uiw,7vl9
B3.2,1.162,5uiw,7vl9
B3.3,0.984,5uiw,7vl9
B3.4,0.622,5uiw,7vl9
b3h.1,0.865,5uiw,7vl9
b3h.2,1.146,5uiw,7vl9
b3h.3,1.946,5uiw,7vl9
b3h.4,1.843,5uiw,7vl9
H.1,3.057,5uiw,7vl9
H.2,2.048,5uiw,7vl9
H.3,1.681,5uiw,7vl9
H.4,2.003,5uiw,7vl9
H.5,1.984,5uiw,7vl9
H.6,2.165,5uiw,7vl9
H.7,2.512,5uiw,7vl9
H.8,2.403,5uiw,7vl9
H.9,2.392,5uiw,7vl9
H.10,3.079,5uiw,7vl9
CT,3.677,5uiw,7vl9
NTc.Cm10,8.247,5uiw,7xa3
NTc.Cm9,6.616,5uiw,7xa3
NTc.Cm8,5.695,5uiw,7xa3
NTc.Cm7,5.249,5uiw,7xa3
NTc.Cm6,2.181,5uiw,7xa3
NTc.Cm5,1.935,5uiw,7xa3
NTc.Cm4,3.276,5uiw,7xa3
NTc.Cm3,5.786,5uiw,7xa3
NTc.Cm2,4.295,5uiw,7xa3
NTc.Cm1,3.429,5uiw,7xa3
CX.1,2.113,5uiw,7xa3
CX.5,2.206,5uiw,7xa3
cxb1.1,2.453,5uiw,7xa3
cxb1.2,4.62,5uiw,7xa3
cxb1.5,6.546,5uiw,7xa3
cxb1.6,10.317,5uiw,7xa3
cxb1.7,7.204,5uiw,7xa3
cxb1.8,9.018,5uiw,7xa3
cxb1.10,9.874,5uiw,7xa3
cxb1.11,9.102,5uiw,7xa3
cxb1.14,10.367,5uiw,7xa3
cxb1.15,10.646,5uiw,7xa3
cxb1.16,11.835,5uiw,7xa3
B1.1,11.425,5uiw,7xa3
B1.2,10.142,5uiw,7xa3
B1.3,11.333,5uiw,7xa3
B1.4,10.131,5uiw,7xa3
B1.5,8.246,5uiw,7xa3
B1.6,7.387,5uiw,7xa3
B1.7,6.818,5uiw,7xa3
b1b2.4,4.995,5uiw,7xa3
b1b2.6,7.262,5uiw,7xa3
b1b2.9,2.153,5uiw,7xa3
b1b2.10,2.327,5uiw,7xa3
b1b2.12,2.091,5uiw,7xa3
b1b2.13,2.431,5uiw,7xa3
b1b2.14,2.372,5uiw,7xa3
b1b2.16,3.022,5uiw,7xa3
B2.1,3.554,5uiw,7xa3
B2.2,5.671,5uiw,7xa3
B2.3,5.502,5uiw,7xa3
B2.4,7.573,5uiw,7xa3
B2.5,7.875,5uiw,7xa3
B2.6,9.737,5uiw,7xa3
b2b3.2,11.323,5uiw,7xa3
b2b3.4,10.818,5uiw,7xa3
b2b3.11,9.146,5uiw,7xa3
b2b3.12,7.805,5uiw,7xa3
B3.1,6.239,5uiw,7xa3
B3.2,6.161,5uiw,7xa3
B3.3,4.843,5uiw,7xa3
B3.4,5.067,5uiw,7xa3
b3h.1,4.37,5uiw,7xa3
b3h.2,5.392,5uiw,7xa3
b3h.3,5.121,5uiw,7xa3
b3h.4,6.341,5uiw,7xa3
H.1,8.199,5uiw,7xa3
H.2,8.803,5uiw,7xa3
H.3,7.874,5uiw,7xa3
H.4,8.706,5uiw,7xa3
H.5,10.105,5uiw,7xa3
H.6,9.635,5uiw,7xa3
H.7,9.206,5uiw,7xa3
H.8,10.827,5uiw,7xa3
H.9,11.661,5uiw,7xa3
H.10,11.218,5uiw,7xa3
CT,11.463,5uiw,7xa3
NTc.Cm7,1.74,5uiw,7f1t
NTc.Cm6,2.165,5uiw,7f1t
NTc.Cm5,2.1,5uiw,7f1t
NTc.Cm4,2.828,5uiw,7f1t
NTc.Cm3,4.993,5uiw,7f1t
NTc.Cm2,3.188,5uiw,7f1t
NTc.Cm1,1.997,5uiw,7f1t
CX.1,1.313,5uiw,7f1t
CX.5,1.586,5uiw,7f1t
cxb1.1,1.311,5uiw,7f1t
cxb1.2,1.801,5uiw,7f1t
cxb1.5,1.626,5uiw,7f1t
cxb1.6,2.589,5uiw,7f1t
cxb1.7,1.867,5uiw,7f1t
cxb1.8,2.184,5uiw,7f1t
cxb1.10,2.527,5uiw,7f1t
cxb1.11,2.58,5uiw,7f1t
cxb1.14,2.85,5uiw,7f1t
cxb1.15,1.964,5uiw,7f1t
cxb1.16,1.87,5uiw,7f1t
B1.1,2.12,5uiw,7f1t
B1.2,1.507,5uiw,7f1t
B1.3,1.472,5uiw,7f1t
B1.4,1.285,5uiw,7f1t
B1.5,0.792,5uiw,7f1t
B1.6,0.917,5uiw,7f1t
B1.7,1.438,5uiw,7f1t
b1b2.4,1.397,5uiw,7f1t
b1b2.6,1.083,5uiw,7f1t
b1b2.9,0.814,5uiw,7f1t
b1b2.10,1.069,5uiw,7f1t
b1b2.12,1.088,5uiw,7f1t
b1b2.13,0.941,5uiw,7f1t
b1b2.14,1.295,5uiw,7f1t
b1b2.16,1.348,5uiw,7f1t
B2.1,1.131,5uiw,7f1t
B2.2,0.774,5uiw,7f1t
B2.3,0.581,5uiw,7f1t
B2.4,0.907,5uiw,7f1t
B2.5,1.226,5uiw,7f1t
B2.6,1.802,5uiw,7f1t
b2b3.2,2.639,5uiw,7f1t
b2b3.4,2.327,5uiw,7f1t
b2b3.11,2.309,5uiw,7f1t
b2b3.12,1.046,5uiw,7f1t
B3.1,1.579,5uiw,7f1t
B3.2,0.787,5uiw,7f1t
B3.3,1.214,5uiw,7f1t
B3.4,1.38,5uiw,7f1t
b3h.1,1.574,5uiw,7f1t
b3h.2,1.651,5uiw,7f1t
b3h.3,1.762,5uiw,7f1t
b3h.4,2.376,5uiw,7f1t
H.1,2.492,5uiw,7f1t
H.2,1.971,5uiw,7f1t
H.3,1.532,5uiw,7f1t
H.4,1.547,5uiw,7f1t
H.5,1.81,5uiw,7f1t
H.6,1.536,5uiw,7f1t
H.7,0.966,5uiw,7f1t
H.8,1.289,5uiw,7f1t
H.9,1.546,5uiw,7f1t
H.10,0.682,5uiw,7f1t
CT,0.785,5uiw,7f1t
NTc.Cm5,3.778,5uiw,6wwz
NTc.Cm4,3.238,5uiw,6wwz
NTc.Cm3,2.966,5uiw,6wwz
NTc.Cm2,2.688,5uiw,6wwz
NTc.Cm1,2.805,5uiw,6wwz
CX.1,2.803,5uiw,6wwz
CX.5,3.32,5uiw,6wwz
cxb1.1,2.175,5uiw,6wwz
cxb1.2,4.759,5uiw,6wwz
cxb1.5,6.373,5uiw,6wwz
cxb1.6,10.842,5uiw,6wwz
cxb1.7,9.863,5uiw,6wwz
cxb1.8,13.5,5uiw,6wwz
cxb1.10,14.583,5uiw,6wwz
cxb1.11,14.135,5uiw,6wwz
cxb1.14,15.765,5uiw,6wwz
cxb1.15,15.962,5uiw,6wwz
cxb1.16,17.507,5uiw,6wwz
B1.1,15.947,5uiw,6wwz
B1.2,14.36,5uiw,6wwz
B1.3,14.834,5uiw,6wwz
B1.4,13.68,5uiw,6wwz
B1.5,11.987,5uiw,6wwz
B1.6,10.463,5uiw,6wwz
B1.7,9.502,5uiw,6wwz
b1b2.4,7.446,5uiw,6wwz
b1b2.6,9.61,5uiw,6wwz
b1b2.9,6.535,5uiw,6wwz
b1b2.10,6.706,5uiw,6wwz
b1b2.12,4.041,5uiw,6wwz
b1b2.13,3.927,5uiw,6wwz
b1b2.14,3.308,5uiw,6wwz
b1b2.16,5.573,5uiw,6wwz
B2.1,6.646,5uiw,6wwz
B2.2,8.736,5uiw,6wwz
B2.3,8.732,5uiw,6wwz
B2.4,11.031,5uiw,6wwz
B2.5,11.598,5uiw,6wwz
B2.6,13.516,5uiw,6wwz
b2b3.2,15.686,5uiw,6wwz
b2b3.4,14.642,5uiw,6wwz
b2b3.11,13.202,5uiw,6wwz
b2b3.12,10.871,5uiw,6wwz
B3.1,9.09,5uiw,6wwz
B3.2,9.147,5uiw,6wwz
B3.3,7.673,5uiw,6wwz
B3.4,8.512,5uiw,6wwz
b3h.1,7.165,5uiw,6wwz
b3h.2,8.985,5uiw,6wwz
b3h.3,9.281,5uiw,6wwz
b3h.4,10.611,5uiw,6wwz
H.1,13.343,5uiw,6wwz
H.2,13.842,5uiw,6wwz
H.3,12.29,5uiw,6wwz
H.4,13.797,5uiw,6wwz
H.5,16.118,5uiw,6wwz
H.6,15.415,5uiw,6wwz
H.7,14.877,5uiw,6wwz
H.8,16.608,5uiw,6wwz
H.9,17.847,5uiw,6wwz
H.10,17.62,5uiw,6wwz
CT,17.589,5uiw,6wwz
NTc.Cm5,3.598,5uiw,6lfo
NTc.Cm4,5.447,5uiw,6lfo
NTc.Cm3,5.583,5uiw,6lfo
NTc.Cm2,4.602,5uiw,6lfo
NTc.Cm1,5.028,5uiw,6lfo
CX.1,3.365,5uiw,6lfo
CX.5,4.076,5uiw,6lfo
cxb1.1,3.036,5uiw,6lfo
cxb1.2,5.778,5uiw,6lfo
cxb1.5,7.943,5uiw,6lfo
cxb1.6,10.886,5uiw,6lfo
cxb1.7,9.838,5uiw,6lfo
cxb1.8,14.879,5uiw,6lfo
cxb1.10,16.993,5uiw,6lfo
cxb1.11,18.031,5uiw,6lfo
cxb1.14,18.152,5uiw,6lfo
cxb1.15,18.012,5uiw,6lfo
cxb1.16,19.568,5uiw,6lfo
B1.1,19.541,5uiw,6lfo
B1.2,18.283,5uiw,6lfo
B1.3,18.895,5uiw,6lfo
B1.4,17.229,5uiw,6lfo
B1.5,14.667,5uiw,6lfo
B1.6,13.252,5uiw,6lfo
B1.7,12.333,5uiw,6lfo
b1b2.4,9.835,5uiw,6lfo
b1b2.6,13.5,5uiw,6lfo
b1b2.9,8.024,5uiw,6lfo
b1b2.10,8.545,5uiw,6lfo
b1b2.12,7.712,5uiw,6lfo
b1b2.13,8.786,5uiw,6lfo
b1b2.14,7.143,5uiw,6lfo
b1b2.16,8.177,5uiw,6lfo
B2.1,6.785,5uiw,6lfo
B2.2,9.636,5uiw,6lfo
B2.3,9.972,5uiw,6lfo
B2.4,12.865,5uiw,6lfo
B2.5,15.081,5uiw,6lfo
B2.6,16.458,5uiw,6lfo
b2b3.2,18.337,5uiw,6lfo
b2b3.4,18.362,5uiw,6lfo
b2b3.11,17.107,5uiw,6lfo
b2b3.12,14.514,5uiw,6lfo
B3.1,12.084,5uiw,6lfo
B3.2,10.306,5uiw,6lfo
B3.3,7.731,5uiw,6lfo
B3.4,8.778,5uiw,6lfo
b3h.1,7.826,5uiw,6lfo
b3h.2,10.859,5uiw,6lfo
b3h.3,10.444,5uiw,6lfo
b3h.4,12.346,5uiw,6lfo
H.1,15.366,5uiw,6lfo
H.2,16.566,5uiw,6lfo
H.3,15.046,5uiw,6lfo
H.4,16.446,5uiw,6lfo
H.5,19.019,5uiw,6lfo
H.6,18.923,5uiw,6lfo
H.7,18.476,5uiw,6lfo
H.8,20.76,5uiw,6lfo
H.9,22.955,5uiw,6lfo
H.10,23.049,5uiw,6lfo
NTc.Cm8,4.523,5uiw,ngo
NTc.Cm7,3.98,5uiw,ngo
NTc.Cm6,5.132,5uiw,ngo
NTc.Cm5,5.904,5uiw,ngo
NTc.Cm4,7.692,5uiw,ngo
NTc.Cm3,8.743,5uiw,ngo
NTc.Cm2,7.472,5uiw,ngo
NTc.Cm1,7.767,5uiw,ngo
CX.1,3.793,5uiw,ngo
CX.5,2.132,5uiw,ngo
cxb1.1,1.202,5uiw,ngo
cxb1.2,3.542,5uiw,ngo
cxb1.5,4.877,5uiw,ngo
cxb1.6,5.669,5uiw,ngo
cxb1.8,6.82,5uiw,ngo
cxb1.10,11.272,5uiw,ngo
cxb1.11,9.666,5uiw,ngo
cxb1.14,10.784,5uiw,ngo
cxb1.15,11.672,5uiw,ngo
cxb1.16,12.897,5uiw,ngo
B1.1,11.555,5uiw,ngo
B1.2,10.582,5uiw,ngo
B1.3,10.986,5uiw,ngo
B1.4,10.624,5uiw,ngo
B1.5,9.774,5uiw,ngo
B1.6,9.358,5uiw,ngo
B1.7,9.278,5uiw,ngo
b1b2.4,7.638,5uiw,ngo
b1b2.9,10.608,5uiw,ngo
b1b2.10,10.763,5uiw,ngo
b1b2.12,9.025,5uiw,ngo
b1b2.14,7.512,5uiw,ngo
b1b2.16,7.467,5uiw,ngo
B2.1,4.565,5uiw,ngo
B2.2,6.406,5uiw,ngo
B2.3,5.956,5uiw,ngo
B2.4,7.442,5uiw,ngo
B2.5,7.589,5uiw,ngo
B2.6,9.245,5uiw,ngo
b2b3.2,10.715,5uiw,ngo
b2b3.4,10.861,5uiw,ngo
b2b3.11,8.669,5uiw,ngo
b2b3.12,6.384,5uiw,ngo
B3.1,5.009,5uiw,ngo
B3.2,5.344,5uiw,ngo
B3.3,4.55,5uiw,ngo
B3.4,6.312,5uiw,ngo
b3h.1,7.007,5uiw,ngo
b3h.2,8.656,5uiw,ngo
b3h.3,10.435,5uiw,ngo
b3h.4,10.472,5uiw,ngo
H.1,13.167,5uiw,ngo
H.2,10.825,5uiw,ngo
H.3,9.722,5uiw,ngo
H.4,11.34,5uiw,ngo
H.5,11.466,5uiw,ngo
H.6,9.995,5uiw,ngo
H.7,10.234,5uiw,ngo
H.8,11.666,5uiw,ngo
H.9,11.103,5uiw,ngo
H.10,10.207,5uiw,ngo
CT,11.283,5uiw,ngo
NTc.Cm8,3.529,5uiw,7sk3
NTc.Cm7,2.304,5uiw,7sk3
NTc.Cm6,3.062,5uiw,7sk3
NTc.Cm5,3.959,5uiw,7sk3
NTc.Cm4,9.058,5uiw,7sk3
NTc.Cm3,8.395,5uiw,7sk3
NTc.Cm2,5.117,5uiw,7sk3
NTc.Cm1,4.458,5uiw,7sk3
CX.1,1.012,5uiw,7sk3
CX.5,4.947,5uiw,7sk3
cxb1.1,9.163,5uiw,7sk3
cxb1.2,12.134,5uiw,7sk3
cxb1.5,10.169,5uiw,7sk3
cxb1.6,14.956,5uiw,7sk3
cxb1.8,15.263,5uiw,7sk3
cxb1.10,19.203,5uiw,7sk3
cxb1.11,22.085,5uiw,7sk3
cxb1.14,25.957,5uiw,7sk3
cxb1.15,25.857,5uiw,7sk3
cxb1.16,33.087,5uiw,7sk3
B1.1,32.935,5uiw,7sk3
B1.2,29.321,5uiw,7sk3
B1.3,33.493,5uiw,7sk3
B1.4,29.983,5uiw,7sk3
B1.5,23.637,5uiw,7sk3
B1.6,21.067,5uiw,7sk3
B1.7,17.335,5uiw,7sk3
b1b2.4,13.526,5uiw,7sk3
b1b2.9,15.644,5uiw,7sk3
b1b2.10,11.745,5uiw,7sk3
b1b2.12,9.867,5uiw,7sk3
b1b2.14,12.412,5uiw,7sk3
b1b2.16,11.996,5uiw,7sk3
B2.1,6.762,5uiw,7sk3
B2.2,10.778,5uiw,7sk3
B2.3,14.48,5uiw,7sk3
B2.4,20.202,5uiw,7sk3
B2.5,26.739,5uiw,7sk3
B2.6,31.152,5uiw,7sk3
b2b3.2,38.055,5uiw,7sk3
b2b3.4,39.385,5uiw,7sk3
b2b3.11,35.187,5uiw,7sk3
b2b3.12,29.589,5uiw,7sk3
B3.1,22.656,5uiw,7sk3
B3.2,18.337,5uiw,7sk3
B3.3,11.293,5uiw,7sk3
B3.4,9.028,5uiw,7sk3
b3h.1,3.925,5uiw,7sk3
b3h.2,7.498,5uiw,7sk3
b3h.3,6.578,5uiw,7sk3
b3h.4,5.769,5uiw,7sk3
H.1,9.167,5uiw,7sk3
H.2,12.875,5uiw,7sk3
H.3,12.847,5uiw,7sk3
H.4,14.444,5uiw,7sk3
H.5,18.009,5uiw,7sk3
H.6,20.063,5uiw,7sk3
H.7,20.244,5uiw,7sk3
H.8,22.956,5uiw,7sk3
H.9,26.07,5uiw,7sk3
H.10,27.575,5uiw,7sk3
CT,28.78,5uiw,7sk3
NTc.Cm7,6.28,5uiw,7xbx
NTc.Cm6,5.908,5uiw,7xbx
NTc.Cm5,3.203,5uiw,7xbx
NTc.Cm4,4.294,5uiw,7xbx
NTc.Cm3,5.616,5uiw,7xbx
NTc.Cm2,4.538,5uiw,7xbx
NTc.Cm1,6.79,5uiw,7xbx
CX.1,7.224,5uiw,7xbx
CX.5,3.27,5uiw,7xbx
cxb1.1,3.113,5uiw,7xbx
cxb1.2,7.076,5uiw,7xbx
cxb1.5,7.691,5uiw,7xbx
cxb1.6,7.428,5uiw,7xbx
cxb1.8,10.066,5uiw,7xbx
cxb1.10,12.444,5uiw,7xbx
cxb1.11,13.713,5uiw,7xbx
cxb1.14,13.526,5uiw,7xbx
cxb1.15,18.142,5uiw,7xbx
cxb1.16,18.415,5uiw,7xbx
B1.1,17.296,5uiw,7xbx
B1.2,15.056,5uiw,7xbx
B1.3,16.237,5uiw,7xbx
B1.4,14.102,5uiw,7xbx
B1.5,11.268,5uiw,7xbx
B1.6,10.82,5uiw,7xbx
B1.7,8.888,5uiw,7xbx
b1b2.4,6.371,5uiw,7xbx
b1b2.6,7.103,5uiw,7xbx
b1b2.9,12.232,5uiw,7xbx
b1b2.10,12.045,5uiw,7xbx
b1b2.12,8.05,5uiw,7xbx
b1b2.13,10.648,5uiw,7xbx
b1b2.14,6.868,5uiw,7xbx
b1b2.16,5.786,5uiw,7xbx
B2.1,5.76,5uiw,7xbx
B2.2,8.182,5uiw,7xbx
B2.3,8.996,5uiw,7xbx
B2.4,11.73,5uiw,7xbx
B2.5,14.96,5uiw,7xbx
B2.6,16.018,5uiw,7xbx
b2b3.4,17.739,5uiw,7xbx
b2b3.11,16.173,5uiw,7xbx
b2b3.12,13.218,5uiw,7xbx
B3.1,10.895,5uiw,7xbx
B3.2,10.71,5uiw,7xbx
B3.3,8.29,5uiw,7xbx
b3h.4,6.793,5uiw,7xbx
H.1,6.842,5uiw,7xbx
H.2,8.263,5uiw,7xbx
H.3,10.234,5uiw,7xbx
H.4,11.133,5uiw,7xbx
H.5,11.591,5uiw,7xbx
H.6,13.659,5uiw,7xbx
H.7,15.575,5uiw,7xbx
H.8,16.401,5uiw,7xbx
H.9,17.156,5uiw,7xbx
H.10,19.899,5uiw,7xbx
CT,21.351,5uiw,7xbx
NTc.Cm10,9.246,5uiw,4rws
NTc.Cm9,4.282,5uiw,4rws
NTc.Cm8,6.901,5uiw,4rws
NTc.Cm7,6.166,5uiw,4rws
NTc.Cm6,6.118,5uiw,4rws
NTc.Cm5,3.696,5uiw,4rws
NTc.Cm4,5.411,5uiw,4rws
NTc.Cm3,5.186,5uiw,4rws
NTc.Cm2,5.469,5uiw,4rws
NTc.Cm1,4.955,5uiw,4rws
CX.1,4.911,5uiw,4rws
CX.5,5.303,5uiw,4rws
cxb1.1,4.102,5uiw,4rws
cxb1.2,6.057,5uiw,4rws
cxb1.5,8.774,5uiw,4rws
cxb1.6,10.833,5uiw,4rws
cxb1.7,12.46,5uiw,4rws
cxb1.8,16.293,5uiw,4rws
cxb1.10,16.956,5uiw,4rws
cxb1.11,15.957,5uiw,4rws
cxb1.14,17.77,5uiw,4rws
cxb1.15,18.535,5uiw,4rws
cxb1.16,19.958,5uiw,4rws
B1.1,17.734,5uiw,4rws
B1.2,16.358,5uiw,4rws
B1.3,15.865,5uiw,4rws
B1.4,14.802,5uiw,4rws
B1.5,13.521,5uiw,4rws
B1.6,12.059,5uiw,4rws
B1.7,11.394,5uiw,4rws
b1b2.4,8.933,5uiw,4rws
b1b2.9,10.015,5uiw,4rws
b1b2.10,8.39,5uiw,4rws
b1b2.12,6.537,5uiw,4rws
b1b2.13,5.746,5uiw,4rws
b1b2.14,6.622,5uiw,4rws
b1b2.16,8.918,5uiw,4rws
B2.1,9.532,5uiw,4rws
B2.2,10.699,5uiw,4rws
B2.3,10.084,5uiw,4rws
B2.4,12.032,5uiw,4rws
B2.5,11.396,5uiw,4rws
B2.6,13.225,5uiw,4rws
b2b3.2,14.278,5uiw,4rws
b2b3.4,13.294,5uiw,4rws
b2b3.11,11.715,5uiw,4rws
b2b3.12,10.35,5uiw,4rws
B3.1,9.263,5uiw,4rws
B3.2,9.822,5uiw,4rws
B3.3,9.072,5uiw,4rws
B3.4,10.719,5uiw,4rws
b3h.1,10.75,5uiw,4rws
b3h.2,12.912,5uiw,4rws
b3h.3,13.73,5uiw,4rws
b3h.4,14.876,5uiw,4rws
H.1,17.974,5uiw,4rws
H.2,18.145,5uiw,4rws
H.3,16.152,5uiw,4rws
H.4,17.857,5uiw,4rws
H.5,20.085,5uiw,4rws
H.6,18.411,5uiw,4rws
H.7,17.644,5uiw,4rws
H.8,20.733,5uiw,4rws
H.9,21.414,5uiw,4rws
H.10,19.703,5uiw,4rws
CT,20.352,5uiw,4rws
NTc.Cm7,4.829,5uiw,4xt1
NTc.Cm6,4.551,5uiw,4xt1
NTc.Cm5,2.938,5uiw,4xt1
NTc.Cm4,6.101,5uiw,4xt1
NTc.Cm3,6.526,5uiw,4xt1
NTc.Cm2,4.672,5uiw,4xt1
NTc.Cm1,7.504,5uiw,4xt1
CX.1,7.345,5uiw,4xt1
CX.5,1.621,5uiw,4xt1
cxb1.1,1.408,5uiw,4xt1
cxb1.2,1.532,5uiw,4xt1
cxb1.5,1.931,5uiw,4xt1
cxb1.6,3.199,5uiw,4xt1
cxb1.8,4.708,5uiw,4xt1
cxb1.10,10.12,5uiw,4xt1
cxb1.11,8.696,5uiw,4xt1
cxb1.14,11.307,5uiw,4xt1
cxb1.15,12.497,5uiw,4xt1
cxb1.16,14.408,5uiw,4xt1
B1.1,13.716,5uiw,4xt1
B1.2,13.232,5uiw,4xt1
B1.3,15.399,5uiw,4xt1
B1.4,14.49,5uiw,4xt1
B1.5,12.47,5uiw,4xt1
B1.6,11.87,5uiw,4xt1
B1.7,11.116,5uiw,4xt1
b1b2.4,8.393,5uiw,4xt1
b1b2.6,9.77,5uiw,4xt1
b1b2.9,12.067,5uiw,4xt1
b1b2.10,10.597,5uiw,4xt1
b1b2.12,8.188,5uiw,4xt1
b1b2.13,12.068,5uiw,4xt1
b1b2.14,8.789,5uiw,4xt1
b1b2.16,8.785,5uiw,4xt1
B2.1,10.105,5uiw,4xt1
B2.2,10.685,5uiw,4xt1
B2.3,10.779,5uiw,4xt1
B2.4,12.652,5uiw,4xt1
B2.5,14.175,5uiw,4xt1
B2.6,14.994,5uiw,4xt1
b2b3.4,14.92,5uiw,4xt1
b2b3.11,13.629,5uiw,4xt1
b2b3.12,10.605,5uiw,4xt1
B3.1,8.271,5uiw,4xt1
B3.2,6.17,5uiw,4xt1
B3.3,4.16,5uiw,4xt1
B3.4,5.078,5uiw,4xt1
b3h.1,5.676,5uiw,4xt1
b3h.2,8.758,5uiw,4xt1
b3h.3,9.197,5uiw,4xt1
b3h.4,8.048,5uiw,4xt1
H.1,9.861,5uiw,4xt1
H.2,9.438,5uiw,4xt1
H.3,9.632,5uiw,4xt1
H.4,12.648,5uiw,4xt1
H.5,13.973,5uiw,4xt1
H.6,13.105,5uiw,4xt1
H.7,14.293,5uiw,4xt1
H.8,17.466,5uiw,4xt1
H.9,18.08,5uiw,4xt1
H.10,17.649,5uiw,4xt1
CT,19.325,5uiw,4xt1
NTc.Cm7,1.429,5uiw,5wb2
NTc.Cm6,6.483,5uiw,5wb2
NTc.Cm5,5.347,5uiw,5wb2
NTc.Cm4,4.553,5uiw,5wb2
NTc.Cm3,5.771,5uiw,5wb2
NTc.Cm2,5.27,5uiw,5wb2
NTc.Cm1,7.488,5uiw,5wb2
CX.1,7.467,5uiw,5wb2
CX.5,1.159,5uiw,5wb2
cxb1.1,1.586,5uiw,5wb2
cxb1.2,2.891,5uiw,5wb2
cxb1.5,2.737,5uiw,5wb2
cxb1.6,4.913,5uiw,5wb2
cxb1.8,8.438,5uiw,5wb2
cxb1.10,9.61,5uiw,5wb2
cxb1.11,9.795,5uiw,5wb2
cxb1.14,12.557,5uiw,5wb2
cxb1.15,13.009,5uiw,5wb2
cxb1.16,15.877,5uiw,5wb2
B1.1,15.091,5uiw,5wb2
B1.2,13.549,5uiw,5wb2
B1.3,15.163,5uiw,5wb2
B1.4,13.773,5uiw,5wb2
B1.5,11.212,5uiw,5wb2
B1.6,10.847,5uiw,5wb2
B1.7,9.717,5uiw,5wb2
b1b2.4,8.195,5uiw,5wb2
b1b2.6,12.282,5uiw,5wb2
b1b2.9,12.799,5uiw,5wb2
b1b2.10,10.114,5uiw,5wb2
b1b2.12,5.444,5uiw,5wb2
b1b2.13,6.821,5uiw,5wb2
b1b2.14,6.466,5uiw,5wb2
b1b2.16,6.797,5uiw,5wb2
B2.1,8.215,5uiw,5wb2
B2.2,9.563,5uiw,5wb2
B2.3,10.141,5uiw,5wb2
B2.4,11.923,5uiw,5wb2
B2.5,14.922,5uiw,5wb2
B2.6,15.66,5uiw,5wb2
b2b3.4,16.362,5uiw,5wb2
b2b3.11,14.287,5uiw,5wb2
b2b3.12,11.365,5uiw,5wb2
B3.1,8.697,5uiw,5wb2
B3.2,6.819,5uiw,5wb2
B3.3,4.075,5uiw,5wb2
B3.4,3.616,5uiw,5wb2
b3h.1,2.356,5uiw,5wb2
b3h.2,5.169,5uiw,5wb2
b3h.3,4.504,5uiw,5wb2
b3h.4,3.34,5uiw,5wb2
H.1,5.948,5uiw,5wb2
H.2,7.52,5uiw,5wb2
H.3,7.267,5uiw,5wb2
H.4,8.904,5uiw,5wb2
H.5,10.72,5uiw,5wb2
H.6,11.259,5uiw,5wb2
H.7,11.682,5uiw,5wb2
H.8,14.37,5uiw,5wb2
H.9,15.743,5uiw,5wb2
H.10,16.112,5uiw,5wb2
CT,17.106,5uiw,5wb2
NTc.Cm9,2.395,7o7f,7f1r
NTc.Cm8,0.283,7o7f,7f1r
NTc.Cm7,1.939,7o7f,7f1r
NTc.Cm6,3.055,7o7f,7f1r
NTc.Cm5,4.617,7o7f,7f1r
NTc.Cm4,3.211,7o7f,7f1r
NTc.Cm3,2.505,7o7f,7f1r
NTc.Cm2,2.25,7o7f,7f1r
NTc.Cm1,1.657,7o7f,7f1r
CX.1,1.717,7o7f,7f1r
CX.5,1.297,7o7f,7f1r
cxb1.1,1.695,7o7f,7f1r
cxb1.2,2.569,7o7f,7f1r
cxb1.5,2.647,7o7f,7f1r
B1.3,4.186,7o7f,7f1r
B1.4,2.6,7o7f,7f1r
B1.5,0.881,7o7f,7f1r
B1.6,0.589,7o7f,7f1r
B1.7,0.729,7o7f,7f1r
b1b2.4,1.152,7o7f,7f1r
b1b2.6,1.245,7o7f,7f1r
b1b2.9,1.619,7o7f,7f1r
b1b2.10,1.224,7o7f,7f1r
b1b2.12,1.737,7o7f,7f1r
b1b2.13,1.697,7o7f,7f1r
b1b2.14,2.093,7o7f,7f1r
b1b2.16,1.385,7o7f,7f1r
B2.1,1.373,7o7f,7f1r
B2.2,1.291,7o7f,7f1r
B2.3,1.519,7o7f,7f1r
B2.4,1.87,7o7f,7f1r
b2b3.12,2.496,7o7f,7f1r
B3.1,2.873,7o7f,7f1r
B3.2,2.275,7o7f,7f1r
B3.3,1.618,7o7f,7f1r
B3.4,2.299,7o7f,7f1r
b3h.1,0.866,7o7f,7f1r
b3h.2,2.02,7o7f,7f1r
b3h.3,1.19,7o7f,7f1r
b3h.4,2.644,7o7f,7f1r
H.1,2.757,7o7f,7f1r
H.2,1.576,7o7f,7f1r
H.3,3.165,7o7f,7f1r
H.4,4.103,7o7f,7f1r
H.5,3.197,7o7f,7f1r
H.6,1.443,7o7f,7f1r
H.7,3.603,7o7f,7f1r
H.8,4.753,7o7f,7f1r
H.9,3.223,7o7f,7f1r
H.10,2.443,7o7f,7f1r
NTc.Cm9,1.507,7o7f,zheng
NTc.Cm8,2.022,7o7f,zheng
NTc.Cm7,4.013,7o7f,zheng
NTc.Cm6,8.418,7o7f,zheng
NTc.Cm5,6.522,7o7f,zheng
NTc.Cm4,4.007,7o7f,zheng
NTc.Cm3,2.023,7o7f,zheng
NTc.Cm2,2.781,7o7f,zheng
NTc.Cm1,1.579,7o7f,zheng
CX.1,0.919,7o7f,zheng
CX.5,0.847,7o7f,zheng
cxb1.1,0.75,7o7f,zheng
cxb1.2,0.735,7o7f,zheng
cxb1.5,1.301,7o7f,zheng
cxb1.6,1.402,7o7f,zheng
cxb1.7,0.829,7o7f,zheng
cxb1.8,1.172,7o7f,zheng
cxb1.10,1.156,7o7f,zheng
cxb1.11,0.96,7o7f,zheng
cxb1.14,0.771,7o7f,zheng
cxb1.15,0.599,7o7f,zheng
cxb1.16,1.045,7o7f,zheng
B1.1,1.03,7o7f,zheng
B1.2,1.218,7o7f,zheng
B1.3,1.435,7o7f,zheng
B1.4,0.874,7o7f,zheng
B1.5,0.845,7o7f,zheng
B1.6,0.728,7o7f,zheng
B1.7,1.109,7o7f,zheng
b1b2.4,0.998,7o7f,zheng
b1b2.6,0.622,7o7f,zheng
b1b2.9,0.708,7o7f,zheng
b1b2.10,1.217,7o7f,zheng
b1b2.12,0.526,7o7f,zheng
b1b2.13,0.82,7o7f,zheng
b1b2.14,1.17,7o7f,zheng
b1b2.16,1.127,7o7f,zheng
B2.1,0.951,7o7f,zheng
B2.2,0.936,7o7f,zheng
B2.3,1.016,7o7f,zheng
B2.4,0.904,7o7f,zheng
B2.5,1.199,7o7f,zheng
B2.6,1.628,7o7f,zheng
b2b3.2,2.152,7o7f,zheng
b2b3.4,2.496,7o7f,zheng
b2b3.11,2.076,7o7f,zheng
b2b3.12,1.922,7o7f,zheng
B3.1,1.607,7o7f,zheng
B3.2,1.55,7o7f,zheng
B3.3,1.632,7o7f,zheng
B3.4,1.703,7o7f,zheng
b3h.1,1.694,7o7f,zheng
b3h.2,1.239,7o7f,zheng
b3h.3,2.476,7o7f,zheng
b3h.4,2.379,7o7f,zheng
H.1,2.599,7o7f,zheng
H.2,2.739,7o7f,zheng
H.3,2.218,7o7f,zheng
H.4,2.262,7o7f,zheng
H.5,2.48,7o7f,zheng
H.6,2.464,7o7f,zheng
H.7,2.315,7o7f,zheng
H.8,2.585,7o7f,zheng
H.9,2.668,7o7f,zheng
H.10,2.518,7o7f,zheng
CT,2.153,7o7f,zheng
NTc.Cm6,3.98,7o7f,7vl9
NTc.Cm5,5.876,7o7f,7vl9
NTc.Cm4,0.659,7o7f,7vl9
NTc.Cm3,1.436,7o7f,7vl9
NTc.Cm2,1.518,7o7f,7vl9
NTc.Cm1,1.28,7o7f,7vl9
CX.1,1.193,7o7f,7vl9
CX.5,0.782,7o7f,7vl9
cxb1.1,0.591,7o7f,7vl9
cxb1.2,1.288,7o7f,7vl9
cxb1.5,1.59,7o7f,7vl9
cxb1.6,1.64,7o7f,7vl9
cxb1.7,1.623,7o7f,7vl9
cxb1.8,2.232,7o7f,7vl9
cxb1.10,2.751,7o7f,7vl9
cxb1.11,2.684,7o7f,7vl9
cxb1.14,2.582,7o7f,7vl9
cxb1.15,2.76,7o7f,7vl9
cxb1.16,2.882,7o7f,7vl9
B1.1,3.707,7o7f,7vl9
B1.2,3.005,7o7f,7vl9
B1.3,2.769,7o7f,7vl9
B1.4,2.678,7o7f,7vl9
B1.5,2.051,7o7f,7vl9
B1.6,1.861,7o7f,7vl9
B1.7,1.909,7o7f,7vl9
b1b2.4,1.517,7o7f,7vl9
b1b2.6,1.675,7o7f,7vl9
b1b2.9,0.69,7o7f,7vl9
b1b2.10,1.759,7o7f,7vl9
b1b2.12,1.322,7o7f,7vl9
b1b2.13,0.779,7o7f,7vl9
b1b2.14,0.401,7o7f,7vl9
b1b2.16,0.61,7o7f,7vl9
B2.1,1.018,7o7f,7vl9
B2.2,1.805,7o7f,7vl9
B2.3,1.535,7o7f,7vl9
B2.4,2.101,7o7f,7vl9
B2.5,2.007,7o7f,7vl9
B2.6,2.693,7o7f,7vl9
b2b3.2,2.259,7o7f,7vl9
b2b3.4,2.567,7o7f,7vl9
b2b3.11,2.825,7o7f,7vl9
b2b3.12,2.911,7o7f,7vl9
B3.1,2.087,7o7f,7vl9
B3.2,1.974,7o7f,7vl9
B3.3,1.553,7o7f,7vl9
B3.4,1.699,7o7f,7vl9
b3h.1,1.497,7o7f,7vl9
b3h.2,1.483,7o7f,7vl9
b3h.3,3.161,7o7f,7vl9
b3h.4,3.963,7o7f,7vl9
H.1,5.207,7o7f,7vl9
H.2,4.476,7o7f,7vl9
H.3,3.256,7o7f,7vl9
H.4,3.573,7o7f,7vl9
H.5,3.856,7o7f,7vl9
H.6,3.7,7o7f,7vl9
H.7,4.182,7o7f,7vl9
H.8,4.598,7o7f,7vl9
H.9,4.832,7o7f,7vl9
H.10,4.834,7o7f,7vl9
CT,5.637,7o7f,7vl9
NTc.Cm10,8.094,7o7f,7xa3
NTc.Cm9,5.274,7o7f,7xa3
NTc.Cm8,5.229,7o7f,7xa3
NTc.Cm7,5.729,7o7f,7xa3
NTc.Cm6,3.886,7o7f,7xa3
NTc.Cm5,6.509,7o7f,7xa3
NTc.Cm4,4.166,7o7f,7xa3
NTc.Cm3,4.981,7o7f,7xa3
NTc.Cm2,2.943,7o7f,7xa3
NTc.Cm1,2.501,7o7f,7xa3
CX.1,2.265,7o7f,7xa3
CX.5,3.096,7o7f,7xa3
cxb1.1,3.289,7o7f,7xa3
cxb1.2,5.305,7o7f,7xa3
cxb1.5,7.364,7o7f,7xa3
cxb1.6,11.364,7o7f,7xa3
cxb1.7,8.545,7o7f,7xa3
cxb1.8,10.32,7o7f,7xa3
cxb1.10,10.737,7o7f,7xa3
cxb1.11,9.269,7o7f,7xa3
cxb1.14,10.969,7o7f,7xa3
cxb1.15,11.038,7o7f,7xa3
cxb1.16,12.902,7o7f,7xa3
B1.1,12.765,7o7f,7xa3
B1.2,10.825,7o7f,7xa3
B1.3,11.769,7o7f,7xa3
B1.4,10.498,7o7f,7xa3
B1.5,8.621,7o7f,7xa3
B1.6,7.693,7o7f,7xa3
B1.7,7.301,7o7f,7xa3
b1b2.4,5.398,7o7f,7xa3
b1b2.6,7.796,7o7f,7xa3
b1b2.9,2.056,7o7f,7xa3
b1b2.10,2.231,7o7f,7xa3
b1b2.12,2.322,7o7f,7xa3
b1b2.13,2.091,7o7f,7xa3
b1b2.14,2.012,7o7f,7xa3
b1b2.16,2.971,7o7f,7xa3
B2.1,3.96,7o7f,7xa3
B2.2,6.529,7o7f,7xa3
B2.3,5.978,7o7f,7xa3
B2.4,8.181,7o7f,7xa3
B2.5,8.14,7o7f,7xa3
B2.6,9.995,7o7f,7xa3
b2b3.2,10.247,7o7f,7xa3
b2b3.4,9.46,7o7f,7xa3
b2b3.11,8.341,7o7f,7xa3
b2b3.12,7.607,7o7f,7xa3
B3.1,6.282,7o7f,7xa3
B3.2,6.595,7o7f,7xa3
B3.3,5.607,7o7f,7xa3
B3.4,6.063,7o7f,7xa3
b3h.1,5.806,7o7f,7xa3
b3h.2,6.729,7o7f,7xa3
b3h.3,6.991,7o7f,7xa3
b3h.4,7.688,7o7f,7xa3
H.1,9.082,7o7f,7xa3
H.2,9.755,7o7f,7xa3
H.3,8.324,7o7f,7xa3
H.4,9.173,7o7f,7xa3
H.5,10.949,7o7f,7xa3
H.6,10.478,7o7f,7xa3
H.7,9.697,7o7f,7xa3
H.8,11.649,7o7f,7xa3
H.9,12.685,7o7f,7xa3
H.10,11.607,7o7f,7xa3
CT,11.905,7o7f,7xa3
NTc.Cm7,2.583,7o7f,7f1t
NTc.Cm6,4.648,7o7f,7f1t
NTc.Cm5,8.159,7o7f,7f1t
NTc.Cm4,3.19,7o7f,7f1t
NTc.Cm3,4.101,7o7f,7f1t
NTc.Cm2,1.925,7o7f,7f1t
NTc.Cm1,1.568,7o7f,7f1t
CX.1,1.291,7o7f,7f1t
CX.5,1.113,7o7f,7f1t
cxb1.1,0.924,7o7f,7f1t
cxb1.2,0.72,7o7f,7f1t
cxb1.5,0.682,7o7f,7f1t
cxb1.6,0.95,7o7f,7f1t
cxb1.7,0.746,7o7f,7f1t
cxb1.8,1.094,7o7f,7f1t
cxb1.10,1.902,7o7f,7f1t
cxb1.11,1.945,7o7f,7f1t
cxb1.14,2.416,7o7f,7f1t
cxb1.15,1.552,7o7f,7f1t
cxb1.16,1.193,7o7f,7f1t
B1.1,2.415,7o7f,7f1t
B1.2,1.275,7o7f,7f1t
B1.3,1.268,7o7f,7f1t
B1.4,1.081,7o7f,7f1t
B1.5,0.733,7o7f,7f1t
B1.6,0.574,7o7f,7f1t
B1.7,1.224,7o7f,7f1t
b1b2.4,1.275,7o7f,7f1t
b1b2.6,1.198,7o7f,7f1t
b1b2.9,0.564,7o7f,7f1t
b1b2.10,0.869,7o7f,7f1t
b1b2.12,1.007,7o7f,7f1t
b1b2.13,0.346,7o7f,7f1t
b1b2.14,0.502,7o7f,7f1t
b1b2.16,0.612,7o7f,7f1t
B2.1,0.354,7o7f,7f1t
B2.2,0.495,7o7f,7f1t
B2.3,0.459,7o7f,7f1t
B2.4,0.641,7o7f,7f1t
B2.5,0.471,7o7f,7f1t
B2.6,0.784,7o7f,7f1t
b2b3.2,1.451,7o7f,7f1t
b2b3.4,0.978,7o7f,7f1t
b2b3.11,1.963,7o7f,7f1t
b2b3.12,1.68,7o7f,7f1t
B3.1,1.211,7o7f,7f1t
B3.2,0.887,7o7f,7f1t
B3.3,0.731,7o7f,7f1t
B3.4,0.829,7o7f,7f1t
b3h.1,0.782,7o7f,7f1t
b3h.2,0.67,7o7f,7f1t
b3h.3,1.13,7o7f,7f1t
b3h.4,1.722,7o7f,7f1t
H.1,2.534,7o7f,7f1t
H.2,1.914,7o7f,7f1t
H.3,1.551,7o7f,7f1t
H.4,1.823,7o7f,7f1t
H.5,2.087,7o7f,7f1t
H.6,1.74,7o7f,7f1t
H.7,1.983,7o7f,7f1t
H.8,2.222,7o7f,7f1t
H.9,2.256,7o7f,7f1t
H.10,2.047,7o7f,7f1t
CT,2.284,7o7f,7f1t
NTc.Cm5,6.75,7o7f,6wwz
NTc.Cm4,3.02,7o7f,6wwz
NTc.Cm3,2.585,7o7f,6wwz
NTc.Cm2,2.127,7o7f,6wwz
NTc.Cm1,1.906,7o7f,6wwz
CX.1,2.944,7o7f,6wwz
CX.5,4.285,7o7f,6wwz
cxb1.1,3.192,7o7f,6wwz
cxb1.2,5.66,7o7f,6wwz
cxb1.5,7.091,7o7f,6wwz
cxb1.6,11.758,7o7f,6wwz
cxb1.7,11.238,7o7f,6wwz
cxb1.8,14.959,7o7f,6wwz
cxb1.10,15.564,7o7f,6wwz
cxb1.11,14.441,7o7f,6wwz
cxb1.14,16.488,7o7f,6wwz
cxb1.15,16.52,7o7f,6wwz
cxb1.16,18.755,7o7f,6wwz
B1.1,17.399,7o7f,6wwz
B1.2,15.188,7o7f,6wwz
B1.3,15.314,7o7f,6wwz
B1.4,14.121,7o7f,6wwz
B1.5,12.502,7o7f,6wwz
B1.6,10.863,7o7f,6wwz
B1.7,10.13,7o7f,6wwz
b1b2.4,8.139,7o7f,6wwz
b1b2.6,10.163,7o7f,6wwz
b1b2.9,5.972,7o7f,6wwz
b1b2.10,6.551,7o7f,6wwz
b1b2.12,4.08,7o7f,6wwz
b1b2.13,3.312,7o7f,6wwz
b1b2.14,3.157,7o7f,6wwz
b1b2.16,5.735,7o7f,6wwz
B2.1,7.061,7o7f,6wwz
B2.2,9.632,7o7f,6wwz
B2.3,9.291,7o7f,6wwz
B2.4,11.767,7o7f,6wwz
B2.5,11.953,7o7f,6wwz
B2.6,13.936,7o7f,6wwz
b2b3.2,14.783,7o7f,6wwz
b2b3.4,13.561,7o7f,6wwz
b2b3.11,12.658,7o7f,6wwz
b2b3.12,10.925,7o7f,6wwz
B3.1,9.368,7o7f,6wwz
B3.2,9.802,7o7f,6wwz
B3.3,8.511,7o7f,6wwz
B3.4,9.608,7o7f,6wwz
b3h.1,8.701,7o7f,6wwz
b3h.2,10.456,7o7f,6wwz
b3h.3,11.305,7o7f,6wwz
b3h.4,12.21,7o7f,6wwz
H.1,14.557,7o7f,6wwz
H.2,15.169,7o7f,6wwz
H.3,13.061,7o7f,6wwz
H.4,14.566,7o7f,6wwz
H.5,17.237,7o7f,6wwz
H.6,16.554,7o7f,6wwz
H.7,15.713,7o7f,6wwz
H.8,17.757,7o7f,6wwz
H.9,19.177,7o7f,6wwz
H.10,18.331,7o7f,6wwz
CT,18.297,7o7f,6wwz
NTc.Cm5,3.244,7o7f,6lfo
NTc.Cm4,3.246,7o7f,6lfo
NTc.Cm3,4.679,7o7f,6lfo
NTc.Cm2,5.354,7o7f,6lfo
NTc.Cm1,5.774,7o7f,6lfo
CX.1,3.625,7o7f,6lfo
CX.5,4.883,7o7f,6lfo
cxb1.1,3.914,7o7f,6lfo
cxb1.2,6.42,7o7f,6lfo
cxb1.5,8.539,7o7f,6lfo
cxb1.6,11.888,7o7f,6lfo
cxb1.7,10.734,7o7f,6lfo
cxb1.8,16.045,7o7f,6lfo
cxb1.10,17.873,7o7f,6lfo
cxb1.11,18.219,7o7f,6lfo
cxb1.14,18.882,7o7f,6lfo
cxb1.15,18.556,7o7f,6lfo
cxb1.16,20.745,7o7f,6lfo
B1.1,20.966,7o7f,6lfo
B1.2,19.156,7o7f,6lfo
B1.3,19.445,7o7f,6lfo
B1.4,17.723,7o7f,6lfo
B1.5,15.178,7o7f,6lfo
B1.6,13.703,7o7f,6lfo
B1.7,12.87,7o7f,6lfo
b1b2.4,10.221,7o7f,6lfo
b1b2.6,13.896,7o7f,6lfo
b1b2.9,7.442,7o7f,6lfo
b1b2.10,8.284,7o7f,6lfo
b1b2.12,7.808,7o7f,6lfo
b1b2.13,8.237,7o7f,6lfo
b1b2.14,6.697,7o7f,6lfo
b1b2.16,8.148,7o7f,6lfo
B2.1,7.168,7o7f,6lfo
B2.2,10.567,7o7f,6lfo
B2.3,10.549,7o7f,6lfo
B2.4,13.615,7o7f,6lfo
B2.5,15.488,7o7f,6lfo
B2.6,16.912,7o7f,6lfo
b2b3.2,17.561,7o7f,6lfo
b2b3.4,17.231,7o7f,6lfo
b2b3.11,16.537,7o7f,6lfo
b2b3.12,14.397,7o7f,6lfo
B3.1,12.238,7o7f,6lfo
B3.2,10.884,7o7f,6lfo
B3.3,8.504,7o7f,6lfo
B3.4,9.786,7o7f,6lfo
b3h.1,9.252,7o7f,6lfo
b3h.2,12.2,7o7f,6lfo
b3h.3,12.321,7o7f,6lfo
b3h.4,13.562,7o7f,6lfo
H.1,16.067,7o7f,6lfo
H.2,17.361,7o7f,6lfo
H.3,15.457,7o7f,6lfo
H.4,16.932,7o7f,6lfo
H.5,19.876,7o7f,6lfo
H.6,19.825,7o7f,6lfo
H.7,19.197,7o7f,6lfo
H.8,21.782,7o7f,6lfo
H.9,24.066,7o7f,6lfo
H.10,23.596,7o7f,6lfo
NTc.Cm8,4.651,7o7f,ngo
NTc.Cm7,5.625,7o7f,ngo
NTc.Cm6,8.229,7o7f,ngo
NTc.Cm5,12.27,7o7f,ngo
NTc.Cm4,10.144,7o7f,ngo
NTc.Cm3,8.11,7o7f,ngo
NTc.Cm2,8.56,7o7f,ngo
NTc.Cm1,8.69,7o7f,ngo
CX.1,4.204,7o7f,ngo
CX.5,2.736,7o7f,ngo
cxb1.1,1.884,7o7f,ngo
cxb1.2,4.541,7o7f,ngo
cxb1.5,5.993,7o7f,ngo
cxb1.6,6.922,7o7f,ngo
cxb1.8,7.887,7o7f,ngo
cxb1.10,11.989,7o7f,ngo
cxb1.11,9.797,7o7f,ngo
cxb1.14,11.296,7o7f,ngo
cxb1.15,11.949,7o7f,ngo
cxb1.16,13.862,7o7f,ngo
B1.1,12.691,7o7f,ngo
B1.2,11.151,7o7f,ngo
B1.3,11.274,7o7f,ngo
B1.4,10.794,7o7f,ngo
B1.5,9.995,7o7f,ngo
B1.6,9.498,7o7f,ngo
B1.7,9.568,7o7f,ngo
b1b2.4,7.766,7o7f,ngo
b1b2.9,10.466,7o7f,ngo
b1b2.10,10.586,7o7f,ngo
b1b2.12,9.333,7o7f,ngo
b1b2.14,7.231,7o7f,ngo
b1b2.16,7.64,7o7f,ngo
B2.1,4.412,7o7f,ngo
B2.2,7.019,7o7f,ngo
B2.3,6.263,7o7f,ngo
B2.4,7.927,7o7f,ngo
B2.5,7.686,7o7f,ngo
B2.6,9.438,7o7f,ngo
b2b3.2,9.476,7o7f,ngo
b2b3.4,9.639,7o7f,ngo
b2b3.11,7.75,7o7f,ngo
b2b3.12,6.474,7o7f,ngo
B3.1,5.324,7o7f,ngo
B3.2,6.132,7o7f,ngo
B3.3,5.338,7o7f,ngo
B3.4,7.468,7o7f,ngo
b3h.1,8.493,7o7f,ngo
b3h.2,9.876,7o7f,ngo
b3h.3,12.346,7o7f,ngo
b3h.4,12.352,7o7f,ngo
H.1,14.524,7o7f,ngo
H.2,12.207,7o7f,ngo
H.3,10.353,7o7f,ngo
H.4,11.846,7o7f,ngo
H.5,12.322,7o7f,ngo
H.6,10.692,7o7f,ngo
H.7,10.493,7o7f,ngo
H.8,12.131,7o7f,ngo
H.9,11.634,7o7f,ngo
H.10,9.949,7o7f,ngo
CT,11.344,7o7f,ngo
NTc.Cm8,3.872,7o7f,7sk3
NTc.Cm7,3.454,7o7f,7sk3
NTc.Cm6,5.818,7o7f,7sk3
NTc.Cm5,5.442,7o7f,7sk3
NTc.Cm4,6.063,7o7f,7sk3
NTc.Cm3,7.56,7o7f,7sk3
NTc.Cm2,5.975,7o7f,7sk3
NTc.Cm1,5.564,7o7f,7sk3
CX.1,1.19,7o7f,7sk3
CX.5,4.589,7o7f,7sk3
cxb1.1,8.518,7o7f,7sk3
cxb1.2,11.101,7o7f,7sk3
cxb1.5,8.821,7o7f,7sk3
cxb1.6,13.509,7o7f,7sk3
cxb1.8,14.262,7o7f,7sk3
cxb1.10,19.079,7o7f,7sk3
cxb1.11,22.145,7o7f,7sk3
cxb1.14,26.184,7o7f,7sk3
cxb1.15,25.856,7o7f,7sk3
cxb1.16,33.297,7o7f,7sk3
B1.1,33.829,7o7f,7sk3
B1.2,29.737,7o7f,7sk3
B1.3,33.881,7o7f,7sk3
B1.4,30.454,7o7f,7sk3
B1.5,24.193,7o7f,7sk3
B1.6,21.806,7o7f,7sk3
B1.7,18.197,7o7f,7sk3
b1b2.4,14.384,7o7f,7sk3
b1b2.9,15.396,7o7f,7sk3
b1b2.10,11.975,7o7f,7sk3
b1b2.12,9.945,7o7f,7sk3
b1b2.14,12.586,7o7f,7sk3
b1b2.16,12.26,7o7f,7sk3
B2.1,7.385,7o7f,7sk3
B2.2,11.674,7o7f,7sk3
B2.3,14.826,7o7f,7sk3
B2.4,20.573,7o7f,7sk3
B2.5,26.942,7o7f,7sk3
B2.6,30.942,7o7f,7sk3
b2b3.2,37.372,7o7f,7sk3
b2b3.4,38.045,7o7f,7sk3
b2b3.11,34.379,7o7f,7sk3
b2b3.12,28.637,7o7f,7sk3
B3.1,22.028,7o7f,7sk3
B3.2,17.701,7o7f,7sk3
B3.3,10.694,7o7f,7sk3
B3.4,8.233,7o7f,7sk3
b3h.1,3.592,7o7f,7sk3
b3h.2,8.744,7o7f,7sk3
b3h.3,8.413,7o7f,7sk3
b3h.4,6.619,7o7f,7sk3
H.1,9.766,7o7f,7sk3
H.2,12.659,7o7f,7sk3
H.3,12.578,7o7f,7sk3
H.4,14.849,7o7f,7sk3
H.5,18.517,7o7f,7sk3
H.6,20.306,7o7f,7sk3
H.7,20.53,7o7f,7sk3
H.8,23.711,7o7f,7sk3
H.9,26.767,7o7f,7sk3
H.10,27.645,7o7f,7sk3
CT,28.64,7o7f,7sk3
NTc.Cm7,8.009,7o7f,7xbx
NTc.Cm6,7.614,7o7f,7xbx
NTc.Cm5,8.337,7o7f,7xbx
NTc.Cm4,5.245,7o7f,7xbx
NTc.Cm3,5.776,7o7f,7xbx
NTc.Cm2,5.396,7o7f,7xbx
NTc.Cm1,7.123,7o7f,7xbx
CX.1,6.799,7o7f,7xbx
CX.5,4.071,7o7f,7xbx
cxb1.1,3.649,7o7f,7xbx
cxb1.2,7.66,7o7f,7xbx
cxb1.5,8.356,7o7f,7xbx
cxb1.6,7.73,7o7f,7xbx
cxb1.8,10.764,7o7f,7xbx
cxb1.10,13.339,7o7f,7xbx
cxb1.11,14.089,7o7f,7xbx
cxb1.14,14.275,7o7f,7xbx
cxb1.15,18.538,7o7f,7xbx
cxb1.16,19.473,7o7f,7xbx
B1.1,18.71,7o7f,7xbx
B1.2,15.885,7o7f,7xbx
B1.3,16.731,7o7f,7xbx
B1.4,14.526,7o7f,7xbx
B1.5,11.759,7o7f,7xbx
B1.6,11.109,7o7f,7xbx
B1.7,8.687,7o7f,7xbx
b1b2.4,6.242,7o7f,7xbx
b1b2.6,6.977,7o7f,7xbx
b1b2.9,11.42,7o7f,7xbx
b1b2.10,11.955,7o7f,7xbx
b1b2.12,7.664,7o7f,7xbx
b1b2.13,10.013,7o7f,7xbx
b1b2.14,6.591,7o7f,7xbx
b1b2.16,5.844,7o7f,7xbx
B2.1,5.852,7o7f,7xbx
B2.2,9.029,7o7f,7xbx
B2.3,9.491,7o7f,7xbx
B2.4,12.453,7o7f,7xbx
B2.5,15.333,7o7f,7xbx
B2.6,16.482,7o7f,7xbx
b2b3.4,16.549,7o7f,7xbx
b2b3.11,15.602,7o7f,7xbx
b2b3.12,13.608,7o7f,7xbx
B3.1,11.493,7o7f,7xbx
B3.2,11.7,7o7f,7xbx
B3.3,9.526,7o7f,7xbx
b3h.4,8.438,7o7f,7xbx
H.1,8.346,7o7f,7xbx
H.2,9.268,7o7f,7xbx
H.3,10.993,7o7f,7xbx
H.4,12.262,7o7f,7xbx
H.5,12.968,7o7f,7xbx
H.6,14.726,7o7f,7xbx
H.7,16.553,7o7f,7xbx
H.8,17.864,7o7f,7xbx
H.9,18.639,7o7f,7xbx
H.10,20.641,7o7f,7xbx
CT,22.061,7o7f,7xbx
NTc.Cm10,9.119,7o7f,4rws
NTc.Cm9,3.002,7o7f,4rws
NTc.Cm8,6.505,7o7f,4rws
NTc.Cm7,7.408,7o7f,4rws
NTc.Cm6,9.186,7o7f,4rws
NTc.Cm5,9.617,7o7f,4rws
NTc.Cm4,7.593,7o7f,4rws
NTc.Cm3,4.652,7o7f,4rws
NTc.Cm2,4.544,7o7f,4rws
NTc.Cm1,3.893,7o7f,4rws
CX.1,4.958,7o7f,4rws
CX.5,5.964,7o7f,4rws
cxb1.1,4.596,7o7f,4rws
cxb1.2,6.85,7o7f,4rws
cxb1.5,9.645,7o7f,4rws
cxb1.6,12.082,7o7f,4rws
cxb1.7,13.318,7o7f,4rws
cxb1.8,17.337,7o7f,4rws
cxb1.10,17.405,7o7f,4rws
cxb1.11,15.913,7o7f,4rws
cxb1.14,18.019,7o7f,4rws
cxb1.15,18.649,7o7f,4rws
cxb1.16,20.82,7o7f,4rws
B1.1,18.64,7o7f,4rws
B1.2,16.881,7o7f,4rws
B1.3,16.089,7o7f,4rws
B1.4,14.962,7o7f,4rws
B1.5,13.742,7o7f,4rws
B1.6,12.188,7o7f,4rws
B1.7,11.745,7o7f,4rws
b1b2.4,9.42,7o7f,4rws
b1b2.9,9.745,7o7f,4rws
b1b2.10,8.382,7o7f,4rws
b1b2.12,6.752,7o7f,4rws
b1b2.13,5.58,7o7f,4rws
b1b2.14,6.835,7o7f,4rws
b1b2.16,9.05,7o7f,4rws
B2.1,9.751,7o7f,4rws
B2.2,11.313,7o7f,4rws
B2.3,10.415,7o7f,4rws
B2.4,12.473,7o7f,4rws
B2.5,11.558,7o7f,4rws
B2.6,13.629,7o7f,4rws
b2b3.2,13.343,7o7f,4rws
b2b3.4,12.606,7o7f,4rws
b2b3.11,11.31,7o7f,4rws
b2b3.12,10.844,7o7f,4rws
B3.1,9.669,7o7f,4rws
B3.2,10.582,7o7f,4rws
B3.3,9.985,7o7f,4rws
B3.4,11.883,7o7f,4rws
b3h.1,12.195,7o7f,4rws
b3h.2,14.148,7o7f,4rws
b3h.3,15.524,7o7f,4rws
b3h.4,16.427,7o7f,4rws
H.1,19.141,7o7f,4rws
H.2,19.471,7o7f,4rws
H.3,16.902,7o7f,4rws
H.4,18.621,7o7f,4rws
H.5,21.266,7o7f,4rws
H.6,19.662,7o7f,4rws
H.7,18.513,7o7f,4rws
H.8,21.937,7o7f,4rws
H.9,22.989,7o7f,4rws
H.10,20.67,7o7f,4rws
CT,21.27,7o7f,4rws
NTc.Cm7,6.327,7o7f,4xt1
NTc.Cm6,6.338,7o7f,4xt1
NTc.Cm5,5.965,7o7f,4xt1
NTc.Cm4,4.467,7o7f,4xt1
NTc.Cm3,6.588,7o7f,4xt1
NTc.Cm2,5.364,7o7f,4xt1
NTc.Cm1,7.812,7o7f,4xt1
CX.1,6.95,7o7f,4xt1
CX.5,2.327,7o7f,4xt1
cxb1.1,1.177,7o7f,4xt1
cxb1.2,1.239,7o7f,4xt1
cxb1.5,3.15,7o7f,4xt1
cxb1.6,4.908,7o7f,4xt1
cxb1.8,6.339,7o7f,4xt1
cxb1.10,11.18,7o7f,4xt1
cxb1.11,8.99,7o7f,4xt1
cxb1.14,12.073,7o7f,4xt1
cxb1.15,13.102,7o7f,4xt1
cxb1.16,15.729,7o7f,4xt1
B1.1,15.101,7o7f,4xt1
B1.2,14.133,7o7f,4xt1
B1.3,15.94,7o7f,4xt1
B1.4,14.944,7o7f,4xt1
B1.5,12.939,7o7f,4xt1
B1.6,12.059,7o7f,4xt1
B1.7,10.884,7o7f,4xt1
b1b2.4,8.129,7o7f,4xt1
b1b2.6,9.327,7o7f,4xt1
b1b2.9,11.308,7o7f,4xt1
b1b2.10,10.422,7o7f,4xt1
b1b2.12,7.922,7o7f,4xt1
b1b2.13,11.391,7o7f,4xt1
b1b2.14,8.282,7o7f,4xt1
b1b2.16,8.337,7o7f,4xt1
B2.1,10.233,7o7f,4xt1
B2.2,11.474,7o7f,4xt1
B2.3,11.273,7o7f,4xt1
B2.4,13.469,7o7f,4xt1
B2.5,14.532,7o7f,4xt1
B2.6,15.6,7o7f,4xt1
b2b3.4,13.826,7o7f,4xt1
b2b3.11,13.13,7o7f,4xt1
b2b3.12,10.796,7o7f,4xt1
B3.1,8.84,7o7f,4xt1
B3.2,7.236,7o7f,4xt1
B3.3,5.515,7o7f,4xt1
B3.4,6.773,7o7f,4xt1
b3h.1,7.135,7o7f,4xt1
b3h.2,9.822,7o7f,4xt1
b3h.3,10.623,7o7f,4xt1
b3h.4,10.214,7o7f,4xt1
H.1,12.276,7o7f,4xt1
H.2,11.922,7o7f,4xt1
H.3,11.353,7o7f,4xt1
H.4,14.514,7o7f,4xt1
H.5,16.265,7o7f,4xt1
H.6,15.24,7o7f,4xt1
H.7,16.116,7o7f,4xt1
H.8,19.728,7o7f,4xt1
H.9,20.638,7o7f,4xt1
H.10,19.531,7o7f,4xt1
CT,21.073,7o7f,4xt1
NTc.Cm7,1.725,7o7f,5wb2
NTc.Cm6,7.882,7o7f,5wb2
NTc.Cm5,10.756,7o7f,5wb2
NTc.Cm4,7.182,7o7f,5wb2
NTc.Cm3,5.523,7o7f,5wb2
NTc.Cm2,6.46,7o7f,5wb2
NTc.Cm1,8.152,7o7f,5wb2
CX.1,7.12,7o7f,5wb2
CX.5,2.297,7o7f,5wb2
cxb1.1,2.3,7o7f,5wb2
cxb1.2,3.197,7o7f,5wb2
cxb1.5,3.46,7o7f,5wb2
cxb1.6,5.919,7o7f,5wb2
cxb1.8,9.414,7o7f,5wb2
cxb1.10,10.67,7o7f,5wb2
cxb1.11,10.305,7o7f,5wb2
cxb1.14,13.418,7o7f,5wb2
cxb1.15,13.665,7o7f,5wb2
cxb1.16,17.164,7o7f,5wb2
B1.1,16.642,7o7f,5wb2
B1.2,14.523,7o7f,5wb2
B1.3,15.806,7o7f,5wb2
B1.4,14.345,7o7f,5wb2
B1.5,11.815,7o7f,5wb2
B1.6,11.149,7o7f,5wb2
B1.7,9.766,7o7f,5wb2
b1b2.4,8.04,7o7f,5wb2
b1b2.6,11.927,7o7f,5wb2
b1b2.9,12.26,7o7f,5wb2
b1b2.10,10.201,7o7f,5wb2
b1b2.12,5.16,7o7f,5wb2
b1b2.13,6.199,7o7f,5wb2
b1b2.14,5.814,7o7f,5wb2
b1b2.16,6.392,7o7f,5wb2
B2.1,8.44,7o7f,5wb2
B2.2,10.577,7o7f,5wb2
B2.3,10.694,7o7f,5wb2
B2.4,12.828,7o7f,5wb2
B2.5,15.279,7o7f,5wb2
B2.6,16.058,7o7f,5wb2
b2b3.4,14.985,7o7f,5wb2
b2b3.11,13.576,7o7f,5wb2
b2b3.12,11.31,7o7f,5wb2
B3.1,9.084,7o7f,5wb2
B3.2,7.692,7o7f,5wb2
B3.3,5.438,7o7f,5wb2
B3.4,5.358,7o7f,5wb2
b3h.1,4.446,7o7f,5wb2
b3h.2,6.652,7o7f,5wb2
b3h.3,6.366,7o7f,5wb2
b3h.4,5.768,7o7f,5wb2
H.1,7.933,7o7f,5wb2
H.2,9.207,7o7f,5wb2
H.3,8.516,7o7f,5wb2
H.4,10.403,7o7f,5wb2
H.5,12.564,7o7f,5wb2
H.6,12.889,7o7f,5wb2
H.7,13.115,7o7f,5wb2
H.8,16.26,7o7f,5wb2
H.9,17.746,7o7f,5wb2
H.10,17.422,7o7f,5wb2
CT,18.472,7o7f,5wb2
NTc.Cm9,3.496,7f1r,zheng
NTc.Cm8,2.149,7f1r,zheng
NTc.Cm7,2.907,7f1r,zheng
NTc.Cm6,6.233,7f1r,zheng
NTc.Cm5,7.364,7f1r,zheng
NTc.Cm4,6.499,7f1r,zheng
NTc.Cm3,1.926,7f1r,zheng
NTc.Cm2,2.412,7f1r,zheng
NTc.Cm1,0.729,7f1r,zheng
CX.1,1.81,7f1r,zheng
CX.5,1.552,7f1r,zheng
cxb1.1,1.352,7f1r,zheng
cxb1.2,2.428,7f1r,zheng
cxb1.5,2.934,7f1r,zheng
B1.3,4.276,7f1r,zheng
B1.4,2.205,7f1r,zheng
B1.5,1.052,7f1r,zheng
B1.6,0.448,7f1r,zheng
B1.7,1.277,7f1r,zheng
b1b2.4,0.957,7f1r,zheng
b1b2.6,1.175,7f1r,zheng
b1b2.9,1.176,7f1r,zheng
b1b2.10,0.945,7f1r,zheng
b1b2.12,1.439,7f1r,zheng
b1b2.13,1.873,7f1r,zheng
b1b2.14,2.048,7f1r,zheng
b1b2.16,0.52,7f1r,zheng
B2.1,1.314,7f1r,zheng
B2.2,1.204,7f1r,zheng
B2.3,1.243,7f1r,zheng
B2.4,1.476,7f1r,zheng
b2b3.12,3.181,7f1r,zheng
B3.1,3.846,7f1r,zheng
B3.2,3.665,7f1r,zheng
B3.3,2.966,7f1r,zheng
B3.4,3.222,7f1r,zheng
b3h.1,1.901,7f1r,zheng
b3h.2,1.788,7f1r,zheng
b3h.3,2.898,7f1r,zheng
b3h.4,4.776,7f1r,zheng
H.1,1.374,7f1r,zheng
H.2,2.998,7f1r,zheng
H.3,3.403,7f1r,zheng
H.4,2.719,7f1r,zheng
H.5,2.66,7f1r,zheng
H.6,2.677,7f1r,zheng
H.7,2.544,7f1r,zheng
H.8,3.21,7f1r,zheng
H.9,3.376,7f1r,zheng
H.10,2.239,7f1r,zheng
NTc.Cm6,4.337,7f1r,7vl9
NTc.Cm5,5.946,7f1r,7vl9
NTc.Cm4,3.523,7f1r,7vl9
NTc.Cm3,1.963,7f1r,7vl9
NTc.Cm2,1.046,7f1r,7vl9
NTc.Cm1,1.633,7f1r,7vl9
CX.1,1.714,7f1r,7vl9
CX.5,1.436,7f1r,7vl9
cxb1.1,1.798,7f1r,7vl9
cxb1.2,2.394,7f1r,7vl9
cxb1.5,2.612,7f1r,7vl9
B1.3,3.636,7f1r,7vl9
B1.4,2.456,7f1r,7vl9
B1.5,2.788,7f1r,7vl9
B1.6,2.114,7f1r,7vl9
B1.7,2.496,7f1r,7vl9
b1b2.4,1.831,7f1r,7vl9
b1b2.6,2.258,7f1r,7vl9
b1b2.9,2.202,7f1r,7vl9
b1b2.10,2.634,7f1r,7vl9
b1b2.12,2.683,7f1r,7vl9
b1b2.13,1.487,7f1r,7vl9
b1b2.14,1.871,7f1r,7vl9
b1b2.16,1.639,7f1r,7vl9
B2.1,1.59,7f1r,7vl9
B2.2,2.088,7f1r,7vl9
B2.3,2.158,7f1r,7vl9
B2.4,2.063,7f1r,7vl9
b2b3.12,3.711,7f1r,7vl9
B3.1,3.864,7f1r,7vl9
B3.2,3.327,7f1r,7vl9
B3.3,2.634,7f1r,7vl9
B3.4,2.332,7f1r,7vl9
b3h.1,1.57,7f1r,7vl9
b3h.2,2.383,7f1r,7vl9
b3h.3,2.895,7f1r,7vl9
b3h.4,6.156,7f1r,7vl9
H.1,4.03,7f1r,7vl9
H.2,4.826,7f1r,7vl9
H.3,2.405,7f1r,7vl9
H.4,2.721,7f1r,7vl9
H.5,4.772,7f1r,7vl9
H.6,3.756,7f1r,7vl9
H.7,0.703,7f1r,7vl9
H.8,4.508,7f1r,7vl9
H.9,6.126,7f1r,7vl9
H.10,5.232,7f1r,7vl9
NTc.Cm9,3.917,7f1r,7xa3
NTc.Cm8,5.11,7f1r,7xa3
NTc.Cm7,4.909,7f1r,7xa3
NTc.Cm6,1.635,7f1r,7xa3
NTc.Cm5,4.042,7f1r,7xa3
NTc.Cm4,4.995,7f1r,7xa3
NTc.Cm3,4.04,7f1r,7xa3
NTc.Cm2,3.963,7f1r,7xa3
NTc.Cm1,2.652,7f1r,7xa3
CX.1,2.51,7f1r,7xa3
CX.5,3.046,7f1r,7xa3
cxb1.1,2.898,7f1r,7xa3
cxb1.2,3.223,7f1r,7xa3
cxb1.5,5.645,7f1r,7xa3
B1.3,9.403,7f1r,7xa3
B1.4,9.257,7f1r,7xa3
B1.5,9.506,7f1r,7xa3
B1.6,8.036,7f1r,7xa3
B1.7,8.052,7f1r,7xa3
b1b2.4,5.782,7f1r,7xa3
b1b2.6,7.778,7f1r,7xa3
b1b2.9,2.974,7f1r,7xa3
b1b2.10,2.993,7f1r,7xa3
b1b2.12,2.902,7f1r,7xa3
b1b2.13,1.786,7f1r,7xa3
b1b2.14,2.164,7f1r,7xa3
b1b2.16,3.338,7f1r,7xa3
B2.1,3.67,7f1r,7xa3
B2.2,6.436,7f1r,7xa3
B2.3,5.984,7f1r,7xa3
B2.4,7.332,7f1r,7xa3
b2b3.12,7.088,7f1r,7xa3
B3.1,5.695,7f1r,7xa3
B3.2,6.502,7f1r,7xa3
B3.3,5.806,7f1r,7xa3
B3.4,5.023,7f1r,7xa3
b3h.1,5.54,7f1r,7xa3
b3h.2,6.563,7f1r,7xa3
b3h.3,7.84,7f1r,7xa3
b3h.4,10.022,7f1r,7xa3
H.1,9.124,7f1r,7xa3
H.2,11.473,7f1r,7xa3
H.3,8.283,7f1r,7xa3
H.4,8.078,7f1r,7xa3
H.5,12.54,7f1r,7xa3
H.6,11.865,7f1r,7xa3
H.7,8.287,7f1r,7xa3
H.8,12.185,7f1r,7xa3
H.9,15.132,7f1r,7xa3
H.10,13.682,7f1r,7xa3
NTc.Cm7,2.928,7f1r,7f1t
NTc.Cm6,3.753,7f1r,7f1t
NTc.Cm5,5.877,7f1r,7f1t
NTc.Cm4,3.445,7f1r,7f1t
NTc.Cm3,2.763,7f1r,7f1t
NTc.Cm2,2.677,7f1r,7f1t
NTc.Cm1,1.251,7f1r,7f1t
CX.1,0.677,7f1r,7f1t
CX.5,0.568,7f1r,7f1t
cxb1.1,1.653,7f1r,7f1t
cxb1.2,2.967,7f1r,7f1t
cxb1.5,3.499,7f1r,7f1t
B1.3,3.94,7f1r,7f1t
B1.4,2.81,7f1r,7f1t
B1.5,1.24,7f1r,7f1t
B1.6,1.056,7f1r,7f1t
B1.7,1.779,7f1r,7f1t
b1b2.4,1.46,7f1r,7f1t
b1b2.6,1.538,7f1r,7f1t
b1b2.9,1.79,7f1r,7f1t
b1b2.10,2.042,7f1r,7f1t
b1b2.12,2.572,7f1r,7f1t
b1b2.13,1.639,7f1r,7f1t
b1b2.14,2.178,7f1r,7f1t
b1b2.16,2.284,7f1r,7f1t
B2.1,1.66,7f1r,7f1t
B2.2,1.265,7f1r,7f1t
B2.3,1.448,7f1r,7f1t
B2.4,1.767,7f1r,7f1t
b2b3.12,3.396,7f1r,7f1t
B3.1,3.668,7f1r,7f1t
B3.2,2.632,7f1r,7f1t
B3.3,1.777,7f1r,7f1t
B3.4,2.625,7f1r,7f1t
b3h.1,1.051,7f1r,7f1t
b3h.2,2.586,7f1r,7f1t
b3h.3,1.154,7f1r,7f1t
b3h.4,2.607,7f1r,7f1t
H.1,3.739,7f1r,7f1t
H.2,1.222,7f1r,7f1t
H.3,2.964,7f1r,7f1t
H.4,4.308,7f1r,7f1t
H.5,3.173,7f1r,7f1t
H.6,1.228,7f1r,7f1t
H.7,2.877,7f1r,7f1t
H.8,4.222,7f1r,7f1t
H.9,3.042,7f1r,7f1t
H.10,1.547,7f1r,7f1t
NTc.Cm5,3.207,7f1r,6wwz
NTc.Cm4,4.107,7f1r,6wwz
NTc.Cm3,4.132,7f1r,6wwz
NTc.Cm2,2.827,7f1r,6wwz
NTc.Cm1,3.149,7f1r,6wwz
CX.1,3.666,7f1r,6wwz
CX.5,4.654,7f1r,6wwz
cxb1.1,3.7,7f1r,6wwz
cxb1.2,4.286,7f1r,6wwz
cxb1.5,5.675,7f1r,6wwz
B1.3,13.342,7f1r,6wwz
B1.4,13.068,7f1r,6wwz
B1.5,13.666,7f1r,6wwz
B1.6,11.386,7f1r,6wwz
B1.7,11.019,7f1r,6wwz
b1b2.4,8.613,7f1r,6wwz
b1b2.6,10.257,7f1r,6wwz
b1b2.9,7.263,7f1r,6wwz
b1b2.10,7.302,7f1r,6wwz
b1b2.12,4.963,7f1r,6wwz
b1b2.13,3.273,7f1r,6wwz
b1b2.14,3.264,7f1r,6wwz
b1b2.16,5.804,7f1r,6wwz
B2.1,6.802,7f1r,6wwz
B2.2,9.741,7f1r,6wwz
B2.3,9.444,7f1r,6wwz
B2.4,11.207,7f1r,6wwz
b2b3.12,10.668,7f1r,6wwz
B3.1,9.039,7f1r,6wwz
B3.2,10.085,7f1r,6wwz
B3.3,8.948,7f1r,6wwz
B3.4,8.718,7f1r,6wwz
b3h.1,8.64,7f1r,6wwz
b3h.2,10.342,7f1r,6wwz
b3h.3,12.209,7f1r,6wwz
b3h.4,14.744,7f1r,6wwz
H.1,14.504,7f1r,6wwz
H.2,17.143,7f1r,6wwz
H.3,13.034,7f1r,6wwz
H.4,13.048,7f1r,6wwz
H.5,18.761,7f1r,6wwz
H.6,18.198,7f1r,6wwz
H.7,14.145,7f1r,6wwz
H.8,17.738,7f1r,6wwz
H.9,21.733,7f1r,6wwz
H.10,20.594,7f1r,6wwz
NTc.Cm5,3.338,7f1r,6lfo
NTc.Cm4,1.339,7f1r,6lfo
NTc.Cm3,2.922,7f1r,6lfo
NTc.Cm2,3.946,7f1r,6lfo
NTc.Cm1,4.966,7f1r,6lfo
CX.1,2.582,7f1r,6lfo
CX.5,4.969,7f1r,6lfo
cxb1.1,4.408,7f1r,6lfo
cxb1.2,5.169,7f1r,6lfo
cxb1.5,7.34,7f1r,6lfo
B1.3,17.321,7f1r,6lfo
B1.4,16.681,7f1r,6lfo
B1.5,16.499,7f1r,6lfo
B1.6,14.317,7f1r,6lfo
B1.7,13.797,7f1r,6lfo
b1b2.4,10.664,7f1r,6lfo
b1b2.6,13.968,7f1r,6lfo
b1b2.9,8.49,7f1r,6lfo
b1b2.10,8.871,7f1r,6lfo
b1b2.12,8.008,7f1r,6lfo
b1b2.13,7.282,7f1r,6lfo
b1b2.14,6.213,7f1r,6lfo
b1b2.16,8.343,7f1r,6lfo
B2.1,7.112,7f1r,6lfo
B2.2,10.831,7f1r,6lfo
B2.3,10.852,7f1r,6lfo
B2.4,13.191,7f1r,6lfo
b2b3.12,14.182,7f1r,6lfo
B3.1,11.856,7f1r,6lfo
B3.2,11.318,7f1r,6lfo
B3.3,9.101,7f1r,6lfo
B3.4,9.163,7f1r,6lfo
b3h.1,9.419,7f1r,6lfo
b3h.2,12.216,7f1r,6lfo
b3h.3,13.692,7f1r,6lfo
b3h.4,16.219,7f1r,6lfo
H.1,16.583,7f1r,6lfo
H.2,19.754,7f1r,6lfo
H.3,16.242,7f1r,6lfo
H.4,16.066,7f1r,6lfo
H.5,21.62,7f1r,6lfo
H.6,21.906,7f1r,6lfo
H.7,18.248,7f1r,6lfo
H.8,21.75,7f1r,6lfo
H.9,26.721,7f1r,6lfo
H.10,26.317,7f1r,6lfo
NTc.Cm8,4.56,7f1r,ngo
NTc.Cm7,4.887,7f1r,ngo
NTc.Cm6,6.654,7f1r,ngo
NTc.Cm5,10.41,7f1r,ngo
NTc.Cm4,8.922,7f1r,ngo
NTc.Cm3,7.179,7f1r,ngo
NTc.Cm2,7.366,7f1r,ngo
NTc.Cm1,7.727,7f1r,ngo
CX.1,3.028,7f1r,ngo
CX.5,2.304,7f1r,ngo
cxb1.1,2.681,7f1r,ngo
cxb1.2,3.937,7f1r,ngo
cxb1.5,5.339,7f1r,ngo
B1.3,9.508,7f1r,ngo
B1.4,10.003,7f1r,ngo
B1.5,10.89,7f1r,ngo
B1.6,9.85,7f1r,ngo
B1.7,10.269,7f1r,ngo
b1b2.4,8.205,7f1r,ngo
b1b2.9,11.438,7f1r,ngo
b1b2.10,11.304,7f1r,ngo
b1b2.12,9.625,7f1r,ngo
b1b2.14,6.979,7f1r,ngo
b1b2.16,7.548,7f1r,ngo
B2.1,4.468,7f1r,ngo
B2.2,7.093,7f1r,ngo
B2.3,6.465,7f1r,ngo
B2.4,7.37,7f1r,ngo
b2b3.12,6.399,7f1r,ngo
B3.1,5.574,7f1r,ngo
B3.2,6.638,7f1r,ngo
B3.3,5.758,7f1r,ngo
B3.4,6.299,7f1r,ngo
b3h.1,7.982,7f1r,ngo
b3h.2,9.841,7f1r,ngo
b3h.3,12.793,7f1r,ngo
b3h.4,14.69,7f1r,ngo
H.1,13.902,7f1r,ngo
H.2,13.446,7f1r,ngo
H.3,8.584,7f1r,ngo
H.4,10.563,7f1r,ngo
H.5,14.205,7f1r,ngo
H.6,11.554,7f1r,ngo
H.7,8.871,7f1r,ngo
H.8,13.628,7f1r,ngo
H.9,14.583,7f1r,ngo
H.10,11.897,7f1r,ngo
NTc.Cm8,4.078,7f1r,7sk3
NTc.Cm7,3.878,7f1r,7sk3
NTc.Cm6,4.531,7f1r,7sk3
NTc.Cm5,2.723,7f1r,7sk3
NTc.Cm4,3.082,7f1r,7sk3
NTc.Cm3,4.942,7f1r,7sk3
NTc.Cm2,3.837,7f1r,7sk3
NTc.Cm1,4.622,7f1r,7sk3
CX.1,2.008,7f1r,7sk3
CX.5,4.243,7f1r,7sk3
cxb1.1,7.128,7f1r,7sk3
cxb1.2,10.658,7f1r,7sk3
cxb1.5,8.331,7f1r,7sk3
B1.3,30.537,7f1r,7sk3
B1.4,28.885,7f1r,7sk3
B1.5,25.065,7f1r,7sk3
B1.6,22.243,7f1r,7sk3
B1.7,19.177,7f1r,7sk3
b1b2.4,15.097,7f1r,7sk3
b1b2.9,16.348,7f1r,7sk3
b1b2.10,12.432,7f1r,7sk3
b1b2.12,11.074,7f1r,7sk3
b1b2.14,13.933,7f1r,7sk3
b1b2.16,12.143,7f1r,7sk3
B2.1,7.369,7f1r,7sk3
B2.2,11.455,7f1r,7sk3
B2.3,14.206,7f1r,7sk3
B2.4,19.442,7f1r,7sk3
b2b3.12,26.768,7f1r,7sk3
B3.1,19.875,7f1r,7sk3
B3.2,16.873,7f1r,7sk3
B3.3,10.009,7f1r,7sk3
B3.4,7.914,7f1r,7sk3
b3h.1,3.522,7f1r,7sk3
b3h.2,8.909,7f1r,7sk3
b3h.3,8.831,7f1r,7sk3
b3h.4,8.877,7f1r,7sk3
H.1,10.445,7f1r,7sk3
H.2,14.959,7f1r,7sk3
H.3,13.94,7f1r,7sk3
H.4,13.762,7f1r,7sk3
H.5,20.067,7f1r,7sk3
H.6,22.454,7f1r,7sk3
H.7,20.298,7f1r,7sk3
H.8,23.043,7f1r,7sk3
H.9,28.858,7f1r,7sk3
H.10,30.506,7f1r,7sk3
NTc.Cm7,7.515,7f1r,7xbx
NTc.Cm6,7.33,7f1r,7xbx
NTc.Cm5,7.864,7f1r,7xbx
NTc.Cm4,6.754,7f1r,7xbx
NTc.Cm3,6.025,7f1r,7xbx
NTc.Cm2,5.949,7f1r,7xbx
NTc.Cm1,7.744,7f1r,7xbx
CX.1,8.309,7f1r,7xbx
CX.5,4.704,7f1r,7xbx
cxb1.1,2.458,7f1r,7xbx
cxb1.2,5.467,7f1r,7xbx
cxb1.5,6.399,7f1r,7xbx
B1.3,13.79,7f1r,7xbx
B1.4,12.741,7f1r,7xbx
B1.5,12.613,7f1r,7xbx
B1.6,11.29,7f1r,7xbx
B1.7,9.439,7f1r,7xbx
b1b2.4,7.305,7f1r,7xbx
b1b2.6,7.79,7f1r,7xbx
b1b2.9,12.859,7f1r,7xbx
b1b2.10,12.718,7f1r,7xbx
b1b2.12,9.333,7f1r,7xbx
b1b2.13,10.902,7f1r,7xbx
b1b2.14,8.509,7f1r,7xbx
b1b2.16,5.498,7f1r,7xbx
B2.1,6.625,7f1r,7xbx
B2.2,9.117,7f1r,7xbx
B2.3,9.356,7f1r,7xbx
B2.4,11.538,7f1r,7xbx
b2b3.12,12.755,7f1r,7xbx
B3.1,11.345,7f1r,7xbx
B3.2,12.422,7f1r,7xbx
B3.3,10.14,7f1r,7xbx
b3h.4,11.217,7f1r,7xbx
H.1,6.611,7f1r,7xbx
H.2,10.982,7f1r,7xbx
H.3,10.863,7f1r,7xbx
H.4,9.13,7f1r,7xbx
H.5,13.573,7f1r,7xbx
H.6,16.117,7f1r,7xbx
H.7,14.351,7f1r,7xbx
H.8,16.033,7f1r,7xbx
H.9,20.489,7f1r,7xbx
H.10,22.494,7f1r,7xbx
NTc.Cm9,1.891,7f1r,4rws
NTc.Cm8,6.515,7f1r,4rws
NTc.Cm7,5.711,7f1r,4rws
NTc.Cm6,6.927,7f1r,4rws
NTc.Cm5,8.574,7f1r,4rws
NTc.Cm4,7.659,7f1r,4rws
NTc.Cm3,4.174,7f1r,4rws
NTc.Cm2,4.442,7f1r,4rws
NTc.Cm1,4.561,7f1r,4rws
CX.1,5.354,7f1r,4rws
CX.5,6.275,7f1r,4rws
cxb1.1,5.934,7f1r,4rws
cxb1.2,6.779,7f1r,4rws
cxb1.5,9.49,7f1r,4rws
B1.3,14.748,7f1r,4rws
B1.4,14.107,7f1r,4rws
B1.5,15.006,7f1r,4rws
B1.6,12.776,7f1r,4rws
B1.7,12.739,7f1r,4rws
b1b2.4,10.2,7f1r,4rws
b1b2.9,10.923,7f1r,4rws
b1b2.10,9.074,7f1r,4rws
b1b2.12,7.528,7f1r,4rws
b1b2.13,6.124,7f1r,4rws
b1b2.14,7.316,7f1r,4rws
b1b2.16,9.109,7f1r,4rws
B2.1,9.881,7f1r,4rws
B2.2,11.806,7f1r,4rws
B2.3,10.956,7f1r,4rws
B2.4,12.334,7f1r,4rws
b2b3.12,11.332,7f1r,4rws
B3.1,10.577,7f1r,4rws
B3.2,11.732,7f1r,4rws
B3.3,11.076,7f1r,4rws
B3.4,11.502,7f1r,4rws
b3h.1,12.299,7f1r,4rws
b3h.2,14.302,7f1r,4rws
b3h.3,16.414,7f1r,4rws
b3h.4,19.503,7f1r,4rws
H.1,18.737,7f1r,4rws
H.2,21.529,7f1r,4rws
H.3,16.536,7f1r,4rws
H.4,16.377,7f1r,4rws
H.5,22.465,7f1r,4rws
H.6,21.364,7f1r,4rws
H.7,16.441,7f1r,4rws
H.8,21.13,7f1r,4rws
H.9,25.175,7f1r,4rws
H.10,22.614,7f1r,4rws
NTc.Cm7,5.459,7f1r,4xt1
NTc.Cm6,5.981,7f1r,4xt1
NTc.Cm5,6.691,7f1r,4xt1
NTc.Cm4,6.767,7f1r,4xt1
NTc.Cm3,6.39,7f1r,4xt1
NTc.Cm2,5.705,7f1r,4xt1
NTc.Cm1,8.089,7f1r,4xt1
CX.1,7.752,7f1r,4xt1
CX.5,2.406,7f1r,4xt1
cxb1.1,2.075,7f1r,4xt1
cxb1.2,2.396,7f1r,4xt1
cxb1.5,3.921,7f1r,4xt1
B1.3,14.339,7f1r,4xt1
B1.4,13.748,7f1r,4xt1
B1.5,13.825,7f1r,4xt1
B1.6,12.235,7f1r,4xt1
B1.7,11.416,7f1r,4xt1
b1b2.4,9.022,7f1r,4xt1
b1b2.6,10.281,7f1r,4xt1
b1b2.9,12.551,7f1r,4xt1
b1b2.10,11.148,7f1r,4xt1
b1b2.12,9.306,7f1r,4xt1
b1b2.13,11.843,7f1r,4xt1
b1b2.14,9.794,7f1r,4xt1
b1b2.16,8.854,7f1r,4xt1
B2.1,10.749,7f1r,4xt1
B2.2,11.873,7f1r,4xt1
B2.3,11.717,7f1r,4xt1
B2.4,13.11,7f1r,4xt1
b2b3.12,10.487,7f1r,4xt1
B3.1,8.914,7f1r,4xt1
B3.2,7.895,7f1r,4xt1
B3.3,6.361,7f1r,4xt1
B3.4,6.487,7f1r,4xt1
b3h.1,6.709,7f1r,4xt1
b3h.2,10.128,7f1r,4xt1
b3h.3,9.777,7f1r,4xt1
b3h.4,12.083,7f1r,4xt1
H.1,10.824,7f1r,4xt1
H.2,12.694,7f1r,4xt1
H.3,9.309,7f1r,4xt1
H.4,10.943,7f1r,4xt1
H.5,16.502,7f1r,4xt1
H.6,16.032,7f1r,4xt1
H.7,12.681,7f1r,4xt1
H.8,17.523,7f1r,4xt1
H.9,21.89,7f1r,4xt1
H.10,20.422,7f1r,4xt1
NTc.Cm7,2.39,7f1r,5wb2
NTc.Cm6,7.919,7f1r,5wb2
NTc.Cm5,9.891,7f1r,5wb2
NTc.Cm4,6.638,7f1r,5wb2
NTc.Cm3,5.528,7f1r,5wb2
NTc.Cm2,6.602,7f1r,5wb2
NTc.Cm1,8.548,7f1r,5wb2
CX.1,8.146,7f1r,5wb2
CX.5,3.044,7f1r,5wb2
cxb1.1,2.11,7f1r,5wb2
cxb1.2,1.242,7f1r,5wb2
cxb1.5,2.022,7f1r,5wb2
B1.3,13.516,7f1r,5wb2
B1.4,13.102,7f1r,5wb2
B1.5,12.814,7f1r,5wb2
B1.6,11.452,7f1r,5wb2
B1.7,10.39,7f1r,5wb2
b1b2.4,8.866,7f1r,5wb2
b1b2.6,12.813,7f1r,5wb2
b1b2.9,13.283,7f1r,5wb2
b1b2.10,10.668,7f1r,5wb2
b1b2.12,6.51,7f1r,5wb2
b1b2.13,6.901,7f1r,5wb2
b1b2.14,7.129,7f1r,5wb2
b1b2.16,6.771,7f1r,5wb2
B2.1,8.786,7f1r,5wb2
B2.2,10.874,7f1r,5wb2
B2.3,10.981,7f1r,5wb2
B2.4,12.331,7f1r,5wb2
b2b3.12,10.862,7f1r,5wb2
B3.1,8.694,7f1r,5wb2
B3.2,8.08,7f1r,5wb2
B3.3,6.124,7f1r,5wb2
B3.4,5.088,7f1r,5wb2
b3h.1,4.284,7f1r,5wb2
b3h.2,6.714,7f1r,5wb2
b3h.3,5.974,7f1r,5wb2
b3h.4,8.185,7f1r,5wb2
H.1,7.278,7f1r,5wb2
H.2,10.89,7f1r,5wb2
H.3,7.955,7f1r,5wb2
H.4,7.735,7f1r,5wb2
H.5,13.577,7f1r,5wb2
H.6,14.242,7f1r,5wb2
H.7,10.561,7f1r,5wb2
H.8,15.209,7f1r,5wb2
H.9,19.727,7f1r,5wb2
H.10,19.191,7f1r,5wb2
NTc.Cm6,5.962,zheng,7vl9
NTc.Cm5,2.87,zheng,7vl9
NTc.Cm4,3.404,zheng,7vl9
NTc.Cm3,2.726,zheng,7vl9
NTc.Cm2,2.177,zheng,7vl9
NTc.Cm1,1.378,zheng,7vl9
CX.1,2.064,zheng,7vl9
CX.5,0.986,zheng,7vl9
cxb1.1,0.812,zheng,7vl9
cxb1.2,0.51,zheng,7vl9
cxb1.5,0.458,zheng,7vl9
cxb1.6,0.837,zheng,7vl9
cxb1.7,1.215,zheng,7vl9
cxb1.8,1.526,zheng,7vl9
cxb1.10,3.077,zheng,7vl9
cxb1.11,3.047,zheng,7vl9
cxb1.14,2.479,zheng,7vl9
cxb1.15,3.214,zheng,7vl9
cxb1.16,2.683,zheng,7vl9
B1.1,3.915,zheng,7vl9
B1.2,3.009,zheng,7vl9
B1.3,3.083,zheng,7vl9
B1.4,2.751,zheng,7vl9
B1.5,2.15,zheng,7vl9
B1.6,2.046,zheng,7vl9
B1.7,1.61,zheng,7vl9
b1b2.4,1.089,zheng,7vl9
b1b2.6,1.26,zheng,7vl9
b1b2.9,1.214,zheng,7vl9
b1b2.10,2.684,zheng,7vl9
b1b2.12,1.407,zheng,7vl9
b1b2.13,1.626,zheng,7vl9
b1b2.14,1.569,zheng,7vl9
b1b2.16,1.254,zheng,7vl9
B2.1,0.517,zheng,7vl9
B2.2,1.284,zheng,7vl9
B2.3,1.145,zheng,7vl9
B2.4,1.798,zheng,7vl9
B2.5,2.282,zheng,7vl9
B2.6,2.778,zheng,7vl9
b2b3.2,3.719,zheng,7vl9
b2b3.4,4.412,zheng,7vl9
b2b3.11,4.23,zheng,7vl9
b2b3.12,2.983,zheng,7vl9
B3.1,2.346,zheng,7vl9
B3.2,1.405,zheng,7vl9
B3.3,0.988,zheng,7vl9
B3.4,0.948,zheng,7vl9
b3h.1,0.429,zheng,7vl9
b3h.2,0.807,zheng,7vl9
b3h.3,2.255,zheng,7vl9
b3h.4,1.584,zheng,7vl9
H.1,3.359,zheng,7vl9
H.2,2.166,zheng,7vl9
H.3,1.677,zheng,7vl9
H.4,2.11,zheng,7vl9
H.5,2.092,zheng,7vl9
H.6,2.221,zheng,7vl9
H.7,2.543,zheng,7vl9
H.8,2.601,zheng,7vl9
H.9,2.691,zheng,7vl9
H.10,3.189,zheng,7vl9
CT,3.795,zheng,7vl9
NTc.Cm9,6.766,zheng,7xa3
NTc.Cm8,4.963,zheng,7xa3
NTc.Cm7,4.266,zheng,7xa3
NTc.Cm6,5.893,zheng,7xa3
NTc.Cm5,4.991,zheng,7xa3
NTc.Cm4,3.639,zheng,7xa3
NTc.Cm3,4.403,zheng,7xa3
NTc.Cm2,5.075,zheng,7xa3
NTc.Cm1,3.107,zheng,7xa3
CX.1,2.406,zheng,7xa3
CX.5,2.325,zheng,7xa3
cxb1.1,2.538,zheng,7xa3
cxb1.2,4.84,zheng,7xa3
cxb1.5,6.644,zheng,7xa3
cxb1.6,10.501,zheng,7xa3
cxb1.7,7.688,zheng,7xa3
cxb1.8,9.331,zheng,7xa3
cxb1.10,10.003,zheng,7xa3
cxb1.11,9.454,zheng,7xa3
cxb1.14,11.216,zheng,7xa3
cxb1.15,11.513,zheng,7xa3
cxb1.16,12.684,zheng,7xa3
B1.1,12.809,zheng,7xa3
B1.2,11.074,zheng,7xa3
B1.3,11.882,zheng,7xa3
B1.4,10.459,zheng,7xa3
B1.5,8.554,zheng,7xa3
B1.6,7.749,zheng,7xa3
B1.7,6.924,zheng,7xa3
b1b2.4,4.769,zheng,7xa3
b1b2.6,7.169,zheng,7xa3
b1b2.9,2.348,zheng,7xa3
b1b2.10,2.549,zheng,7xa3
b1b2.12,2.023,zheng,7xa3
b1b2.13,2.448,zheng,7xa3
b1b2.14,2.344,zheng,7xa3
b1b2.16,2.93,zheng,7xa3
B2.1,3.438,zheng,7xa3
B2.2,6.085,zheng,7xa3
B2.3,5.606,zheng,7xa3
B2.4,7.874,zheng,7xa3
B2.5,8.237,zheng,7xa3
B2.6,10.132,zheng,7xa3
b2b3.2,11.451,zheng,7xa3
b2b3.4,10.729,zheng,7xa3
b2b3.11,9.332,zheng,7xa3
b2b3.12,8.042,zheng,7xa3
B3.1,6.402,zheng,7xa3
B3.2,6.455,zheng,7xa3
B3.3,5.015,zheng,7xa3
B3.4,5.505,zheng,7xa3
b3h.1,5.02,zheng,7xa3
b3h.2,5.61,zheng,7xa3
b3h.3,4.789,zheng,7xa3
b3h.4,6.37,zheng,7xa3
H.1,8.764,zheng,7xa3
H.2,9.591,zheng,7xa3
H.3,8.552,zheng,7xa3
H.4,9.369,zheng,7xa3
H.5,10.778,zheng,7xa3
H.6,10.409,zheng,7xa3
H.7,9.782,zheng,7xa3
H.8,11.58,zheng,7xa3
H.9,12.258,zheng,7xa3
H.10,11.497,zheng,7xa3
CT,11.786,zheng,7xa3
NTc.Cm7,3.551,zheng,7f1t
NTc.Cm6,4.051,zheng,7f1t
NTc.Cm5,5.363,zheng,7f1t
NTc.Cm4,3.831,zheng,7f1t
NTc.Cm3,3.29,zheng,7f1t
NTc.Cm2,4.507,zheng,7f1t
NTc.Cm1,1.497,zheng,7f1t
CX.1,1.927,zheng,7f1t
CX.5,1.673,zheng,7f1t
cxb1.1,1.014,zheng,7f1t
cxb1.2,1.48,zheng,7f1t
cxb1.5,1.509,zheng,7f1t
cxb1.6,2.225,zheng,7f1t
cxb1.7,1.337,zheng,7f1t
cxb1.8,1.83,zheng,7f1t
cxb1.10,2.826,zheng,7f1t
cxb1.11,2.473,zheng,7f1t
cxb1.14,2.097,zheng,7f1t
cxb1.15,1.441,zheng,7f1t
cxb1.16,1.946,zheng,7f1t
B1.1,3.148,zheng,7f1t
B1.2,2.3,zheng,7f1t
B1.3,2.454,zheng,7f1t
B1.4,1.655,zheng,7f1t
B1.5,1.062,zheng,7f1t
B1.6,0.952,zheng,7f1t
B1.7,1.073,zheng,7f1t
b1b2.4,0.931,zheng,7f1t
b1b2.6,0.726,zheng,7f1t
b1b2.9,1.089,zheng,7f1t
b1b2.10,2.031,zheng,7f1t
b1b2.12,1.269,zheng,7f1t
b1b2.13,1.145,zheng,7f1t
b1b2.14,1.753,zheng,7f1t
b1b2.16,1.811,zheng,7f1t
B2.1,1.18,zheng,7f1t
B2.2,0.809,zheng,7f1t
B2.3,0.831,zheng,7f1t
B2.4,1.11,zheng,7f1t
B2.5,1.558,zheng,7f1t
B2.6,2.176,zheng,7f1t
b2b3.2,3.384,zheng,7f1t
b2b3.4,2.909,zheng,7f1t
b2b3.11,2.754,zheng,7f1t
b2b3.12,1.359,zheng,7f1t
B3.1,2.049,zheng,7f1t
B3.2,0.824,zheng,7f1t
B3.3,1.186,zheng,7f1t
B3.4,1.214,zheng,7f1t
b3h.1,1.299,zheng,7f1t
b3h.2,1.202,zheng,7f1t
b3h.3,2.298,zheng,7f1t
b3h.4,2.615,zheng,7f1t
H.1,2.464,zheng,7f1t
H.2,1.73,zheng,7f1t
H.3,1.44,zheng,7f1t
H.4,1.338,zheng,7f1t
H.5,1.451,zheng,7f1t
H.6,1.153,zheng,7f1t
H.7,0.806,zheng,7f1t
H.8,0.9,zheng,7f1t
H.9,1.106,zheng,7f1t
H.10,0.597,zheng,7f1t
CT,0.495,zheng,7f1t
NTc.Cm5,7.127,zheng,6wwz
NTc.Cm4,4.011,zheng,6wwz
NTc.Cm3,3.51,zheng,6wwz
NTc.Cm2,2.705,zheng,6wwz
NTc.Cm1,2.634,zheng,6wwz
CX.1,2.985,zheng,6wwz
CX.5,3.135,zheng,6wwz
cxb1.1,1.664,zheng,6wwz
cxb1.2,4.32,zheng,6wwz
cxb1.5,5.642,zheng,6wwz
cxb1.6,10.141,zheng,6wwz
cxb1.7,9.272,zheng,6wwz
cxb1.8,12.789,zheng,6wwz
cxb1.10,13.746,zheng,6wwz
cxb1.11,13.55,zheng,6wwz
cxb1.14,15.746,zheng,6wwz
cxb1.15,15.967,zheng,6wwz
cxb1.16,17.36,zheng,6wwz
B1.1,16.292,zheng,6wwz
B1.2,14.368,zheng,6wwz
B1.3,14.631,zheng,6wwz
B1.4,13.331,zheng,6wwz
B1.5,11.694,zheng,6wwz
B1.6,10.429,zheng,6wwz
B1.7,9.413,zheng,6wwz
b1b2.4,7.313,zheng,6wwz
b1b2.6,9.674,zheng,6wwz
b1b2.9,6.722,zheng,6wwz
b1b2.10,7.506,zheng,6wwz
b1b2.12,4.43,zheng,6wwz
b1b2.13,4.558,zheng,6wwz
b1b2.14,3.6,zheng,6wwz
b1b2.16,5.441,zheng,6wwz
B2.1,6.255,zheng,6wwz
B2.2,8.711,zheng,6wwz
B2.3,8.301,zheng,6wwz
B2.4,10.653,zheng,6wwz
B2.5,11.286,zheng,6wwz
B2.6,13.127,zheng,6wwz
b2b3.2,14.889,zheng,6wwz
b2b3.4,13.666,zheng,6wwz
b2b3.11,12.53,zheng,6wwz
b2b3.12,10.343,zheng,6wwz
B3.1,8.533,zheng,6wwz
B3.2,8.734,zheng,6wwz
B3.3,7.237,zheng,6wwz
B3.4,8.278,zheng,6wwz
b3h.1,7.184,zheng,6wwz
b3h.2,8.693,zheng,6wwz
b3h.3,8.523,zheng,6wwz
b3h.4,9.923,zheng,6wwz
H.1,13.1,zheng,6wwz
H.2,13.742,zheng,6wwz
H.3,12.2,zheng,6wwz
H.4,13.761,zheng,6wwz
H.5,15.987,zheng,6wwz
H.6,15.393,zheng,6wwz
H.7,14.743,zheng,6wwz
H.8,16.612,zheng,6wwz
H.9,17.672,zheng,6wwz
H.10,17.17,zheng,6wwz
CT,17.166,zheng,6wwz
NTc.Cm5,5.14,zheng,6lfo
NTc.Cm4,6.72,zheng,6lfo
NTc.Cm3,4.623,zheng,6lfo
NTc.Cm2,3.446,zheng,6lfo
NTc.Cm1,4.604,zheng,6lfo
CX.1,3.727,zheng,6lfo
CX.5,3.907,zheng,6lfo
cxb1.1,2.497,zheng,6lfo
cxb1.2,5.297,zheng,6lfo
cxb1.5,7.139,zheng,6lfo
cxb1.6,10.078,zheng,6lfo
cxb1.7,9.067,zheng,6lfo
cxb1.8,14.078,zheng,6lfo
cxb1.10,16.165,zheng,6lfo
cxb1.11,17.413,zheng,6lfo
cxb1.14,18.017,zheng,6lfo
cxb1.15,17.939,zheng,6lfo
cxb1.16,19.355,zheng,6lfo
B1.1,19.92,zheng,6lfo
B1.2,18.219,zheng,6lfo
B1.3,18.525,zheng,6lfo
B1.4,16.788,zheng,6lfo
B1.5,14.331,zheng,6lfo
B1.6,13.151,zheng,6lfo
B1.7,12.242,zheng,6lfo
b1b2.4,9.71,zheng,6lfo
b1b2.6,13.474,zheng,6lfo
b1b2.9,8.44,zheng,6lfo
b1b2.10,9.089,zheng,6lfo
b1b2.12,8.175,zheng,6lfo
b1b2.13,9.408,zheng,6lfo
b1b2.14,7.594,zheng,6lfo
b1b2.16,8.251,zheng,6lfo
B2.1,6.394,zheng,6lfo
B2.2,9.527,zheng,6lfo
B2.3,9.461,zheng,6lfo
B2.4,12.403,zheng,6lfo
B2.5,14.643,zheng,6lfo
B2.6,15.958,zheng,6lfo
b2b3.2,17.336,zheng,6lfo
b2b3.4,17.248,zheng,6lfo
b2b3.11,16.309,zheng,6lfo
b2b3.12,13.896,zheng,6lfo
B3.1,11.465,zheng,6lfo
B3.2,9.796,zheng,6lfo
B3.3,7.215,zheng,6lfo
B3.4,8.484,zheng,6lfo
b3h.1,7.813,zheng,6lfo
b3h.2,10.502,zheng,6lfo
b3h.3,9.435,zheng,6lfo
b3h.4,11.563,zheng,6lfo
H.1,15.028,zheng,6lfo
H.2,16.426,zheng,6lfo
H.3,14.91,zheng,6lfo
H.4,16.359,zheng,6lfo
H.5,18.81,zheng,6lfo
H.6,18.844,zheng,6lfo
H.7,18.256,zheng,6lfo
H.8,20.658,zheng,6lfo
H.9,22.667,zheng,6lfo
H.10,22.505,zheng,6lfo
NTc.Cm8,4.952,zheng,ngo
NTc.Cm7,3.695,zheng,ngo
NTc.Cm6,1.689,zheng,ngo
NTc.Cm5,7.939,zheng,ngo
NTc.Cm4,10.835,zheng,ngo
NTc.Cm3,8.695,zheng,ngo
NTc.Cm2,5.934,zheng,ngo
NTc.Cm1,7.497,zheng,ngo
CX.1,3.955,zheng,ngo
CX.5,2.376,zheng,ngo
cxb1.1,1.217,zheng,ngo
cxb1.2,3.468,zheng,ngo
cxb1.5,4.472,zheng,ngo
cxb1.6,5.284,zheng,ngo
cxb1.8,6.473,zheng,ngo
cxb1.10,10.689,zheng,ngo
cxb1.11,9.381,zheng,ngo
cxb1.14,11.125,zheng,ngo
cxb1.15,11.956,zheng,ngo
cxb1.16,13.11,zheng,ngo
B1.1,12.138,zheng,ngo
B1.2,10.781,zheng,ngo
B1.3,10.97,zheng,ngo
B1.4,10.562,zheng,ngo
B1.5,9.758,zheng,ngo
B1.6,9.429,zheng,ngo
B1.7,9.212,zheng,ngo
b1b2.4,7.419,zheng,ngo
b1b2.9,10.929,zheng,ngo
b1b2.10,10.536,zheng,ngo
b1b2.12,9.196,zheng,ngo
b1b2.14,7.699,zheng,ngo
b1b2.16,7.13,zheng,ngo
B2.1,4.417,zheng,ngo
B2.2,6.534,zheng,ngo
B2.3,5.766,zheng,ngo
B2.4,7.322,zheng,ngo
B2.5,7.556,zheng,ngo
B2.6,9.146,zheng,ngo
b2b3.2,10.423,zheng,ngo
b2b3.4,10.212,zheng,ngo
b2b3.11,8.543,zheng,ngo
b2b3.12,6.176,zheng,ngo
B3.1,4.765,zheng,ngo
B3.2,5.109,zheng,ngo
B3.3,4.292,zheng,ngo
B3.4,6.272,zheng,ngo
b3h.1,7.193,zheng,ngo
b3h.2,8.515,zheng,ngo
b3h.3,9.85,zheng,ngo
b3h.4,10.006,zheng,ngo
H.1,13.154,zheng,ngo
H.2,11.068,zheng,ngo
H.3,9.973,zheng,ngo
H.4,11.581,zheng,ngo
H.5,11.679,zheng,ngo
H.6,10.214,zheng,ngo
H.7,10.431,zheng,ngo
H.8,12.033,zheng,ngo
H.9,11.21,zheng,ngo
H.10,10.075,zheng,ngo
CT,11.455,zheng,ngo
NTc.Cm8,2.953,zheng,7sk3
NTc.Cm7,3.454,zheng,7sk3
NTc.Cm6,3.425,zheng,7sk3
NTc.Cm5,6.927,zheng,7sk3
NTc.Cm4,9.985,zheng,7sk3
NTc.Cm3,6.511,zheng,7sk3
NTc.Cm2,4.594,zheng,7sk3
NTc.Cm1,4.1,zheng,7sk3
CX.1,0.824,zheng,7sk3
CX.5,4.401,zheng,7sk3
cxb1.1,8.989,zheng,7sk3
cxb1.2,11.725,zheng,7sk3
cxb1.5,9.943,zheng,7sk3
cxb1.6,14.341,zheng,7sk3
cxb1.8,14.646,zheng,7sk3
cxb1.10,18.656,zheng,7sk3
cxb1.11,21.655,zheng,7sk3
cxb1.14,25.082,zheng,7sk3
cxb1.15,25.403,zheng,7sk3
cxb1.16,32.432,zheng,7sk3
B1.1,33.371,zheng,7sk3
B1.2,29.473,zheng,7sk3
B1.3,33.286,zheng,7sk3
B1.4,29.527,zheng,7sk3
B1.5,23.219,zheng,7sk3
B1.6,20.793,zheng,7sk3
B1.7,17.266,zheng,7sk3
b1b2.4,13.456,zheng,7sk3
b1b2.9,15.329,zheng,7sk3
b1b2.10,12.751,zheng,7sk3
b1b2.12,10.283,zheng,7sk3
b1b2.14,12.925,zheng,7sk3
b1b2.16,11.862,zheng,7sk3
B2.1,6.465,zheng,7sk3
B2.2,10.535,zheng,7sk3
B2.3,13.785,zheng,7sk3
B2.4,19.542,zheng,7sk3
B2.5,26.069,zheng,7sk3
B2.6,30.479,zheng,7sk3
b2b3.2,37.321,zheng,7sk3
b2b3.4,38.295,zheng,7sk3
b2b3.11,34.334,zheng,7sk3
b2b3.12,28.716,zheng,7sk3
B3.1,21.785,zheng,7sk3
B3.2,17.779,zheng,7sk3
B3.3,10.724,zheng,7sk3
B3.4,8.545,zheng,7sk3
b3h.1,3.853,zheng,7sk3
b3h.2,7.403,zheng,7sk3
b3h.3,6.733,zheng,7sk3
b3h.4,5.398,zheng,7sk3
H.1,9.234,zheng,7sk3
H.2,12.822,zheng,7sk3
H.3,12.769,zheng,7sk3
H.4,14.547,zheng,7sk3
H.5,17.985,zheng,7sk3
H.6,20.083,zheng,7sk3
H.7,20.14,zheng,7sk3
H.8,22.998,zheng,7sk3
H.9,25.911,zheng,7sk3
H.10,27.135,zheng,7sk3
CT,28.053,zheng,7sk3
NTc.Cm7,5.42,zheng,7xbx
NTc.Cm6,5.392,zheng,7xbx
NTc.Cm5,3.875,zheng,7xbx
NTc.Cm4,5.335,zheng,7xbx
NTc.Cm3,5.776,zheng,7xbx
NTc.Cm2,5.672,zheng,7xbx
NTc.Cm1,7.157,zheng,7xbx
CX.1,7.296,zheng,7xbx
CX.5,3.299,zheng,7xbx
cxb1.1,3.007,zheng,7xbx
cxb1.2,7.277,zheng,7xbx
cxb1.5,7.89,zheng,7xbx
cxb1.6,7.641,zheng,7xbx
cxb1.8,10.331,zheng,7xbx
cxb1.10,12.481,zheng,7xbx
cxb1.11,14.223,zheng,7xbx
cxb1.14,14.372,zheng,7xbx
cxb1.15,19.188,zheng,7xbx
cxb1.16,19.121,zheng,7xbx
B1.1,18.603,zheng,7xbx
B1.2,15.912,zheng,7xbx
B1.3,16.542,zheng,7xbx
B1.4,14.343,zheng,7xbx
B1.5,11.453,zheng,7xbx
B1.6,11.24,zheng,7xbx
B1.7,9.232,zheng,7xbx
b1b2.4,6.496,zheng,7xbx
b1b2.6,6.716,zheng,7xbx
b1b2.9,11.744,zheng,7xbx
b1b2.10,12.936,zheng,7xbx
b1b2.12,8.131,zheng,7xbx
b1b2.13,10.708,zheng,7xbx
b1b2.14,7.231,zheng,7xbx
b1b2.16,5.374,zheng,7xbx
B2.1,5.591,zheng,7xbx
B2.2,8.348,zheng,7xbx
B2.3,9.051,zheng,7xbx
B2.4,11.942,zheng,7xbx
B2.5,15.265,zheng,7xbx
B2.6,16.333,zheng,7xbx
b2b3.4,17.429,zheng,7xbx
b2b3.11,16.152,zheng,7xbx
b2b3.12,13.403,zheng,7xbx
B3.1,10.808,zheng,7xbx
B3.2,10.975,zheng,7xbx
B3.3,8.481,zheng,7xbx
b3h.4,6.595,zheng,7xbx
H.1,6.926,zheng,7xbx
H.2,8.974,zheng,7xbx
H.3,10.806,zheng,7xbx
H.4,11.567,zheng,7xbx
H.5,12.159,zheng,7xbx
H.6,14.415,zheng,7xbx
H.7,16.012,zheng,7xbx
H.8,16.923,zheng,7xbx
H.9,17.762,zheng,7xbx
H.10,20.18,zheng,7xbx
CT,21.442,zheng,7xbx
NTc.Cm9,4.27,zheng,4rws
NTc.Cm8,6.09,zheng,4rws
NTc.Cm7,4.365,zheng,4rws
NTc.Cm6,3.048,zheng,4rws
NTc.Cm5,4.375,zheng,4rws
NTc.Cm4,6.613,zheng,4rws
NTc.Cm3,3.729,zheng,4rws
NTc.Cm2,5.793,zheng,4rws
NTc.Cm1,4.763,zheng,4rws
CX.1,5.182,zheng,4rws
CX.5,5.428,zheng,4rws
cxb1.1,4.243,zheng,4rws
cxb1.2,6.219,zheng,4rws
cxb1.5,8.552,zheng,4rws
cxb1.6,10.778,zheng,4rws
cxb1.7,12.55,zheng,4rws
cxb1.8,16.263,zheng,4rws
cxb1.10,16.587,zheng,4rws
cxb1.11,15.875,zheng,4rws
cxb1.14,18.498,zheng,4rws
cxb1.15,19.125,zheng,4rws
cxb1.16,20.281,zheng,4rws
B1.1,18.189,zheng,4rws
B1.2,16.528,zheng,4rws
B1.3,15.732,zheng,4rws
B1.4,14.754,zheng,4rws
B1.5,13.486,zheng,4rws
B1.6,12.258,zheng,4rws
B1.7,11.498,zheng,4rws
b1b2.4,8.871,zheng,4rws
b1b2.9,9.956,zheng,4rws
b1b2.10,8.595,zheng,4rws
b1b2.12,6.515,zheng,4rws
b1b2.13,5.606,zheng,4rws
b1b2.14,6.209,zheng,4rws
b1b2.16,8.537,zheng,4rws
B2.1,9.255,zheng,4rws
B2.2,10.8,zheng,4rws
B2.3,9.894,zheng,4rws
B2.4,12.014,zheng,4rws
B2.5,11.423,zheng,4rws
B2.6,13.207,zheng,4rws
b2b3.2,13.808,zheng,4rws
b2b3.4,12.768,zheng,4rws
b2b3.11,11.451,zheng,4rws
b2b3.12,10.324,zheng,4rws
B3.1,9.119,zheng,4rws
B3.2,9.76,zheng,4rws
B3.3,8.933,zheng,4rws
B3.4,10.794,zheng,4rws
b3h.1,11.006,zheng,4rws
b3h.2,12.992,zheng,4rws
b3h.3,13.183,zheng,4rws
b3h.4,14.489,zheng,4rws
H.1,18.027,zheng,4rws
H.2,18.417,zheng,4rws
H.3,16.36,zheng,4rws
H.4,18.086,zheng,4rws
H.5,20.325,zheng,4rws
H.6,18.741,zheng,4rws
H.7,17.793,zheng,4rws
H.8,21.035,zheng,4rws
H.9,21.672,zheng,4rws
H.10,19.645,zheng,4rws
CT,20.203,zheng,4rws
NTc.Cm7,4.854,zheng,4xt1
NTc.Cm6,4.784,zheng,4xt1
NTc.Cm5,3.107,zheng,4xt1
NTc.Cm4,5.614,zheng,4xt1
NTc.Cm3,6.15,zheng,4xt1
NTc.Cm2,6.248,zheng,4xt1
NTc.Cm1,8.048,zheng,4xt1
CX.1,7.994,zheng,4xt1
CX.5,2.045,zheng,4xt1
cxb1.1,1.568,zheng,4xt1
cxb1.2,1.549,zheng,4xt1
cxb1.5,1.865,zheng,4xt1
cxb1.6,2.901,zheng,4xt1
cxb1.8,4.351,zheng,4xt1
cxb1.10,9.515,zheng,4xt1
cxb1.11,8.296,zheng,4xt1
cxb1.14,11.661,zheng,4xt1
cxb1.15,12.818,zheng,4xt1
cxb1.16,14.507,zheng,4xt1
B1.1,14.067,zheng,4xt1
B1.2,13.163,zheng,4xt1
B1.3,14.955,zheng,4xt1
B1.4,14.179,zheng,4xt1
B1.5,12.213,zheng,4xt1
B1.6,12.031,zheng,4xt1
B1.7,11.367,zheng,4xt1
b1b2.4,8.436,zheng,4xt1
b1b2.6,9.433,zheng,4xt1
b1b2.9,11.908,zheng,4xt1
b1b2.10,11.851,zheng,4xt1
b1b2.12,8.697,zheng,4xt1
b1b2.13,12.652,zheng,4xt1
b1b2.14,9.571,zheng,4xt1
b1b2.16,9.089,zheng,4xt1
B2.1,10.12,zheng,4xt1
B2.2,10.624,zheng,4xt1
B2.3,10.619,zheng,4xt1
B2.4,12.479,zheng,4xt1
B2.5,14.027,zheng,4xt1
B2.6,14.789,zheng,4xt1
b2b3.4,14.077,zheng,4xt1
b2b3.11,13.119,zheng,4xt1
b2b3.12,10.245,zheng,4xt1
B3.1,7.861,zheng,4xt1
B3.2,5.89,zheng,4xt1
B3.3,3.962,zheng,4xt1
B3.4,5.16,zheng,4xt1
b3h.1,5.901,zheng,4xt1
b3h.2,9.071,zheng,4xt1
b3h.3,9.719,zheng,4xt1
b3h.4,8.205,zheng,4xt1
H.1,10.118,zheng,4xt1
H.2,9.658,zheng,4xt1
H.3,9.8,zheng,4xt1
H.4,12.807,zheng,4xt1
H.5,14.167,zheng,4xt1
H.6,13.251,zheng,4xt1
H.7,14.278,zheng,4xt1
H.8,17.602,zheng,4xt1
H.9,18.237,zheng,4xt1
H.10,17.46,zheng,4xt1
CT,19.193,zheng,4xt1
NTc.Cm7,3.756,zheng,5wb2
NTc.Cm6,6.327,zheng,5wb2
NTc.Cm5,6.53,zheng,5wb2
NTc.Cm4,7.541,zheng,5wb2
NTc.Cm3,6.264,zheng,5wb2
NTc.Cm2,5.814,zheng,5wb2
NTc.Cm1,8.033,zheng,5wb2
CX.1,7.803,zheng,5wb2
CX.5,1.05,zheng,5wb2
cxb1.1,1.278,zheng,5wb2
cxb1.2,2.604,zheng,5wb2
cxb1.5,2.407,zheng,5wb2
cxb1.6,4.577,zheng,5wb2
cxb1.8,8.198,zheng,5wb2
cxb1.10,9.262,zheng,5wb2
cxb1.11,9.744,zheng,5wb2
cxb1.14,12.905,zheng,5wb2
cxb1.15,13.466,zheng,5wb2
cxb1.16,16.213,zheng,5wb2
B1.1,16.005,zheng,5wb2
B1.2,13.992,zheng,5wb2
B1.3,15.242,zheng,5wb2
B1.4,13.716,zheng,5wb2
B1.5,11.166,zheng,5wb2
B1.6,11.051,zheng,5wb2
B1.7,9.87,zheng,5wb2
b1b2.4,8.139,zheng,5wb2
b1b2.6,11.878,zheng,5wb2
b1b2.9,12.358,zheng,5wb2
b1b2.10,10.985,zheng,5wb2
b1b2.12,5.761,zheng,5wb2
b1b2.13,7.139,zheng,5wb2
b1b2.14,7.095,zheng,5wb2
b1b2.16,6.92,zheng,5wb2
B2.1,8.1,zheng,5wb2
B2.2,9.562,zheng,5wb2
B2.3,10.034,zheng,5wb2
B2.4,11.873,zheng,5wb2
B2.5,14.952,zheng,5wb2
B2.6,15.683,zheng,5wb2
b2b3.4,15.826,zheng,5wb2
b2b3.11,14.081,zheng,5wb2
b2b3.12,11.188,zheng,5wb2
B3.1,8.46,zheng,5wb2
B3.2,6.716,zheng,5wb2
B3.3,3.898,zheng,5wb2
B3.4,3.695,zheng,5wb2
b3h.1,2.556,zheng,5wb2
b3h.2,5.339,zheng,5wb2
b3h.3,4.769,zheng,5wb2
b3h.4,3.197,zheng,5wb2
H.1,6.212,zheng,5wb2
H.2,7.905,zheng,5wb2
H.3,7.576,zheng,5wb2
H.4,9.196,zheng,5wb2
H.5,11.026,zheng,5wb2
H.6,11.627,zheng,5wb2
H.7,11.847,zheng,5wb2
H.8,14.7,zheng,5wb2
H.9,15.991,zheng,5wb2
H.10,16.027,zheng,5wb2
CT,17.032,zheng,5wb2
NTc.Cm6,4.97,7vl9,7xa3
NTc.Cm5,3.79,7vl9,7xa3
NTc.Cm4,3.698,7vl9,7xa3
NTc.Cm3,4.414,7vl9,7xa3
NTc.Cm2,4.008,7vl9,7xa3
NTc.Cm1,3.027,7vl9,7xa3
CX.1,2.391,7vl9,7xa3
CX.5,2.918,7vl9,7xa3
cxb1.1,3.06,7vl9,7xa3
cxb1.2,4.668,7vl9,7xa3
cxb1.5,6.247,7vl9,7xa3
cxb1.6,10.024,7vl9,7xa3
cxb1.7,7.177,7vl9,7xa3
cxb1.8,8.161,7vl9,7xa3
cxb1.10,8.932,7vl9,7xa3
cxb1.11,9.189,7vl9,7xa3
cxb1.14,9.375,7vl9,7xa3
cxb1.15,9.523,7vl9,7xa3
cxb1.16,10.102,7vl9,7xa3
B1.1,9.042,7vl9,7xa3
B1.2,8.181,7vl9,7xa3
B1.3,9.197,7vl9,7xa3
B1.4,7.921,7vl9,7xa3
B1.5,6.634,7vl9,7xa3
B1.6,5.838,7vl9,7xa3
B1.7,5.605,7vl9,7xa3
b1b2.4,4.037,7vl9,7xa3
b1b2.6,6.445,7vl9,7xa3
b1b2.9,1.703,7vl9,7xa3
b1b2.10,1.776,7vl9,7xa3
b1b2.12,1.558,7vl9,7xa3
b1b2.13,2.078,7vl9,7xa3
b1b2.14,1.904,7vl9,7xa3
b1b2.16,2.7,7vl9,7xa3
B2.1,3.308,7vl9,7xa3
B2.2,5.035,7vl9,7xa3
B2.3,4.953,7vl9,7xa3
B2.4,6.422,7vl9,7xa3
B2.5,6.471,7vl9,7xa3
B2.6,7.802,7vl9,7xa3
b2b3.2,8.341,7vl9,7xa3
b2b3.4,7.602,7vl9,7xa3
b2b3.11,6.073,7vl9,7xa3
b2b3.12,5.522,7vl9,7xa3
B3.1,5.104,7vl9,7xa3
B3.2,5.228,7vl9,7xa3
B3.3,4.659,7vl9,7xa3
B3.4,4.815,7vl9,7xa3
b3h.1,5.253,7vl9,7xa3
b3h.2,5.972,7vl9,7xa3
b3h.3,5.499,7vl9,7xa3
b3h.4,6.615,7vl9,7xa3
H.1,6.423,7vl9,7xa3
H.2,8.756,7vl9,7xa3
H.3,8.183,7vl9,7xa3
H.4,8.51,7vl9,7xa3
H.5,10.174,7vl9,7xa3
H.6,9.4,7vl9,7xa3
H.7,8.558,7vl9,7xa3
H.8,10.207,7vl9,7xa3
H.9,10.721,7vl9,7xa3
H.10,9.071,7vl9,7xa3
CT,9.882,7vl9,7xa3
NTc.Cm6,2.598,7vl9,7f1t
NTc.Cm5,3.852,7vl9,7f1t
NTc.Cm4,2.819,7vl9,7f1t
NTc.Cm3,3.561,7vl9,7f1t
NTc.Cm2,2.807,7vl9,7f1t
NTc.Cm1,1.249,7vl9,7f1t
CX.1,0.941,7vl9,7f1t
CX.5,1.354,7vl9,7f1t
cxb1.1,1.371,7vl9,7f1t
cxb1.2,1.864,7vl9,7f1t
cxb1.5,1.836,7vl9,7f1t
cxb1.6,2.268,7vl9,7f1t
cxb1.7,1.55,7vl9,7f1t
cxb1.8,2.062,7vl9,7f1t
cxb1.10,1.901,7vl9,7f1t
cxb1.11,1.461,7vl9,7f1t
cxb1.14,2.2,7vl9,7f1t
cxb1.15,3.903,7vl9,7f1t
cxb1.16,2.938,7vl9,7f1t
B1.1,2.9,7vl9,7f1t
B1.2,2.837,7vl9,7f1t
B1.3,2.168,7vl9,7f1t
B1.4,2.001,7vl9,7f1t
B1.5,1.383,7vl9,7f1t
B1.6,1.347,7vl9,7f1t
B1.7,1.131,7vl9,7f1t
b1b2.4,0.598,7vl9,7f1t
b1b2.6,0.847,7vl9,7f1t
b1b2.9,0.764,7vl9,7f1t
b1b2.10,0.868,7vl9,7f1t
b1b2.12,0.384,7vl9,7f1t
b1b2.13,0.757,7vl9,7f1t
b1b2.14,0.345,7vl9,7f1t
b1b2.16,0.94,7vl9,7f1t
B2.1,1.161,7vl9,7f1t
B2.2,1.316,7vl9,7f1t
B2.3,1.095,7vl9,7f1t
B2.4,1.732,7vl9,7f1t
B2.5,1.859,7vl9,7f1t
B2.6,2.462,7vl9,7f1t
b2b3.2,3.02,7vl9,7f1t
b2b3.4,3.032,7vl9,7f1t
b2b3.11,2.083,7vl9,7f1t
b2b3.12,2.121,7vl9,7f1t
B3.1,1.446,7vl9,7f1t
B3.2,1.288,7vl9,7f1t
B3.3,0.812,7vl9,7f1t
B3.4,1.367,7vl9,7f1t
b3h.1,0.874,7vl9,7f1t
b3h.2,0.911,7vl9,7f1t
b3h.3,2.038,7vl9,7f1t
b3h.4,3.515,7vl9,7f1t
H.1,5.164,7vl9,7f1t
H.2,3.307,7vl9,7f1t
H.3,2.213,7vl9,7f1t
H.4,2.527,7vl9,7f1t
H.5,2.578,7vl9,7f1t
H.6,2.478,7vl9,7f1t
H.7,2.635,7vl9,7f1t
H.8,3.05,7vl9,7f1t
H.9,3.351,7vl9,7f1t
H.10,3.513,7vl9,7f1t
CT,3.974,7vl9,7f1t
NTc.Cm5,5.786,7vl9,6wwz
NTc.Cm4,2.594,7vl9,6wwz
NTc.Cm3,1.988,7vl9,6wwz
NTc.Cm2,2.347,7vl9,6wwz
NTc.Cm1,2.653,7vl9,6wwz
CX.1,2.686,7vl9,6wwz
CX.5,3.226,7vl9,6wwz
cxb1.1,2.195,7vl9,6wwz
cxb1.2,4.077,7vl9,6wwz
cxb1.5,5.28,7vl9,6wwz
cxb1.6,9.604,7vl9,6wwz
cxb1.7,8.737,7vl9,6wwz
cxb1.8,11.715,7vl9,6wwz
cxb1.10,12.928,7vl9,6wwz
cxb1.11,13.676,7vl9,6wwz
cxb1.14,14.168,7vl9,6wwz
cxb1.15,13.707,7vl9,6wwz
cxb1.16,14.954,7vl9,6wwz
B1.1,12.763,7vl9,6wwz
B1.2,11.486,7vl9,6wwz
B1.3,11.894,7vl9,6wwz
B1.4,10.802,7vl9,6wwz
B1.5,9.881,7vl9,6wwz
B1.6,8.564,7vl9,6wwz
B1.7,8.203,7vl9,6wwz
b1b2.4,6.788,7vl9,6wwz
b1b2.6,8.935,7vl9,6wwz
b1b2.9,5.577,7vl9,6wwz
b1b2.10,5.438,7vl9,6wwz
b1b2.12,3.182,7vl9,6wwz
b1b2.13,3.529,7vl9,6wwz
b1b2.14,3.295,7vl9,6wwz
b1b2.16,5.347,7vl9,6wwz
B2.1,6.114,7vl9,6wwz
B2.2,7.635,7vl9,6wwz
B2.3,7.656,7vl9,6wwz
B2.4,9.147,7vl9,6wwz
B2.5,9.41,7vl9,6wwz
B2.6,10.687,7vl9,6wwz
b2b3.2,11.825,7vl9,6wwz
b2b3.4,10.737,7vl9,6wwz
b2b3.11,9.521,7vl9,6wwz
b2b3.12,7.796,7vl9,6wwz
B3.1,7.288,7vl9,6wwz
B3.2,7.511,7vl9,6wwz
B3.3,6.765,7vl9,6wwz
B3.4,7.631,7vl9,6wwz
b3h.1,7.448,7vl9,6wwz
b3h.2,9.045,7vl9,6wwz
b3h.3,8.744,7vl9,6wwz
b3h.4,9.885,7vl9,6wwz
H.1,10.361,7vl9,6wwz
H.2,12.674,7vl9,6wwz
H.3,11.67,7vl9,6wwz
H.4,12.764,7vl9,6wwz
H.5,15.333,7vl9,6wwz
H.6,14.227,7vl9,6wwz
H.7,13.247,7vl9,6wwz
H.8,15.059,7vl9,6wwz
H.9,15.961,7vl9,6wwz
H.10,14.519,7vl9,6wwz
CT,14.717,7vl9,6wwz
NTc.Cm5,3.987,7vl9,6lfo
NTc.Cm4,3.822,7vl9,6lfo
NTc.Cm3,3.711,7vl9,6lfo
NTc.Cm2,4.26,7vl9,6lfo
NTc.Cm1,5.983,7vl9,6lfo
CX.1,3.832,7vl9,6lfo
CX.5,4.114,7vl9,6lfo
cxb1.1,3.217,7vl9,6lfo
cxb1.2,5.092,7vl9,6lfo
cxb1.5,6.754,7vl9,6lfo
cxb1.6,9.52,7vl9,6lfo
cxb1.7,8.091,7vl9,6lfo
cxb1.8,12.78,7vl9,6lfo
cxb1.10,14.789,7vl9,6lfo
cxb1.11,16.963,7vl9,6lfo
cxb1.14,16.245,7vl9,6lfo
cxb1.15,15.584,7vl9,6lfo
cxb1.16,16.841,7vl9,6lfo
B1.1,16.228,7vl9,6lfo
B1.2,15.346,7vl9,6lfo
B1.3,15.961,7vl9,6lfo
B1.4,14.34,7vl9,6lfo
B1.5,12.513,7vl9,6lfo
B1.6,11.334,7vl9,6lfo
B1.7,10.969,7vl9,6lfo
b1b2.4,8.927,7vl9,6lfo
b1b2.6,12.567,7vl9,6lfo
b1b2.9,7.241,7vl9,6lfo
b1b2.10,7.69,7vl9,6lfo
b1b2.12,7.017,7vl9,6lfo
b1b2.13,8.399,7vl9,6lfo
b1b2.14,6.928,7vl9,6lfo
b1b2.16,7.929,7vl9,6lfo
B2.1,6.189,7vl9,6lfo
B2.2,8.437,7vl9,6lfo
B2.3,8.798,7vl9,6lfo
B2.4,10.929,7vl9,6lfo
B2.5,12.91,7vl9,6lfo
B2.6,13.573,7vl9,6lfo
b2b3.2,14.582,7vl9,6lfo
b2b3.4,14.446,7vl9,6lfo
b2b3.11,13.503,7vl9,6lfo
b2b3.12,11.405,7vl9,6lfo
B3.1,10.179,7vl9,6lfo
B3.2,8.66,7vl9,6lfo
B3.3,6.796,7vl9,6lfo
B3.4,7.81,7vl9,6lfo
b3h.1,8.048,7vl9,6lfo
b3h.2,10.915,7vl9,6lfo
b3h.3,10.256,7vl9,6lfo
b3h.4,11.833,7vl9,6lfo
H.1,12.806,7vl9,6lfo
H.2,15.732,7vl9,6lfo
H.3,14.645,7vl9,6lfo
H.4,15.602,7vl9,6lfo
H.5,18.39,7vl9,6lfo
H.6,17.951,7vl9,6lfo
H.7,17.015,7vl9,6lfo
H.8,19.32,7vl9,6lfo
H.9,21.25,7vl9,6lfo
H.10,20.077,7vl9,6lfo
NTc.Cm6,5.428,7vl9,ngo
NTc.Cm5,6.829,7vl9,ngo
NTc.Cm4,10.166,7vl9,ngo
NTc.Cm3,6.683,7vl9,ngo
NTc.Cm2,7.47,7vl9,ngo
NTc.Cm1,8.946,7vl9,ngo
CX.1,4.615,7vl9,ngo
CX.5,2.187,7vl9,ngo
cxb1.1,1.065,7vl9,ngo
cxb1.2,2.805,7vl9,ngo
cxb1.5,3.975,7vl9,ngo
cxb1.6,4.752,7vl9,ngo
cxb1.8,5.18,7vl9,ngo
cxb1.10,9.983,7vl9,ngo
cxb1.11,9.517,7vl9,ngo
cxb1.14,9.523,7vl9,ngo
cxb1.15,9.734,7vl9,ngo
cxb1.16,10.533,7vl9,ngo
B1.1,8.49,7vl9,ngo
B1.2,7.816,7vl9,ngo
B1.3,8.092,7vl9,ngo
B1.4,7.881,7vl9,ngo
B1.5,7.697,7vl9,ngo
B1.6,7.432,7vl9,ngo
B1.7,7.733,7vl9,ngo
b1b2.4,6.509,7vl9,ngo
b1b2.9,10.058,7vl9,ngo
b1b2.10,10.547,7vl9,ngo
b1b2.12,8.412,7vl9,ngo
b1b2.14,7.263,7vl9,ngo
b1b2.16,7.214,7vl9,ngo
B2.1,4.066,7vl9,ngo
B2.2,5.342,7vl9,ngo
B2.3,4.907,7vl9,ngo
B2.4,5.609,7vl9,ngo
B2.5,5.433,7vl9,ngo
B2.6,6.553,7vl9,ngo
b2b3.2,6.956,7vl9,ngo
b2b3.4,7.118,7vl9,ngo
b2b3.11,4.675,7vl9,ngo
b2b3.12,3.377,7vl9,ngo
B3.1,3.186,7vl9,ngo
B3.2,3.847,7vl9,ngo
B3.3,3.661,7vl9,ngo
B3.4,5.582,7vl9,ngo
b3h.1,7.269,7vl9,ngo
b3h.2,8.576,7vl9,ngo
b3h.3,9.578,7vl9,ngo
b3h.4,9.018,7vl9,ngo
H.1,9.773,7vl9,ngo
H.2,9.215,7vl9,ngo
H.3,8.715,7vl9,ngo
H.4,10.053,7vl9,ngo
H.5,10.3,7vl9,ngo
H.6,8.351,7vl9,ngo
H.7,8.723,7vl9,ngo
H.8,10.431,7vl9,ngo
H.9,9.439,7vl9,ngo
H.10,7.959,7vl9,ngo
CT,10.479,7vl9,ngo
NTc.Cm6,2.551,7vl9,7sk3
NTc.Cm5,4.609,7vl9,7sk3
NTc.Cm4,6.724,7vl9,7sk3
NTc.Cm3,6.98,7vl9,7sk3
NTc.Cm2,4.376,7vl9,7sk3
NTc.Cm1,5.146,7vl9,7sk3
CX.1,1.698,7vl9,7sk3
CX.5,4.795,7vl9,7sk3
cxb1.1,9.014,7vl9,7sk3
cxb1.2,12.119,7vl9,7sk3
cxb1.5,9.977,7vl9,7sk3
cxb1.6,13.891,7vl9,7sk3
cxb1.8,14.402,7vl9,7sk3
cxb1.10,16.609,7vl9,7sk3
cxb1.11,18.662,7vl9,7sk3
cxb1.14,22.711,7vl9,7sk3
cxb1.15,23.78,7vl9,7sk3
cxb1.16,30.599,7vl9,7sk3
B1.1,30.842,7vl9,7sk3
B1.2,27.699,7vl9,7sk3
B1.3,32.076,7vl9,7sk3
B1.4,28.362,7vl9,7sk3
B1.5,22.344,7vl9,7sk3
B1.6,19.877,7vl9,7sk3
B1.7,16.81,7vl9,7sk3
b1b2.4,13.601,7vl9,7sk3
b1b2.9,15.132,7vl9,7sk3
b1b2.10,10.612,7vl9,7sk3
b1b2.12,9.306,7vl9,7sk3
b1b2.14,13.316,7vl9,7sk3
b1b2.16,12.014,7vl9,7sk3
B2.1,6.364,7vl9,7sk3
B2.2,9.887,7vl9,7sk3
B2.3,13.936,7vl9,7sk3
B2.4,19.185,7vl9,7sk3
B2.5,25.84,7vl9,7sk3
B2.6,29.963,7vl9,7sk3
b2b3.2,36.39,7vl9,7sk3
b2b3.4,37.897,7vl9,7sk3
b2b3.11,33.895,7vl9,7sk3
b2b3.12,28.499,7vl9,7sk3
B3.1,22.095,7vl9,7sk3
B3.2,17.491,7vl9,7sk3
B3.3,10.658,7vl9,7sk3
B3.4,7.85,7vl9,7sk3
b3h.1,3.616,7vl9,7sk3
b3h.2,7.64,7vl9,7sk3
b3h.3,5.702,7vl9,7sk3
b3h.4,5.667,7vl9,7sk3
H.1,6.698,7vl9,7sk3
H.2,12.44,7vl9,7sk3
H.3,12.687,7vl9,7sk3
H.4,13.783,7vl9,7sk3
H.5,17.665,7vl9,7sk3
H.6,19.564,7vl9,7sk3
H.7,19.352,7vl9,7sk3
H.8,21.928,7vl9,7sk3
H.9,24.841,7vl9,7sk3
H.10,25.276,7vl9,7sk3
CT,26.082,7vl9,7sk3
NTc.Cm6,3.644,7vl9,7xbx
NTc.Cm5,2.393,7vl9,7xbx
NTc.Cm4,5.266,7vl9,7xbx
NTc.Cm3,6.35,7vl9,7xbx
NTc.Cm2,4.958,7vl9,7xbx
NTc.Cm1,6.371,7vl9,7xbx
CX.1,6.903,7vl9,7xbx
CX.5,4,7vl9,7xbx
cxb1.1,3.627,7vl9,7xbx
cxb1.2,7.107,7vl9,7xbx
cxb1.5,7.503,7vl9,7xbx
cxb1.6,7.405,7vl9,7xbx
cxb1.8,9.673,7vl9,7xbx
cxb1.10,12.004,7vl9,7xbx
cxb1.11,13.045,7vl9,7xbx
cxb1.14,12.212,7vl9,7xbx
cxb1.15,16.263,7vl9,7xbx
cxb1.16,16.684,7vl9,7xbx
B1.1,15.247,7vl9,7xbx
B1.2,13.153,7vl9,7xbx
B1.3,14.411,7vl9,7xbx
B1.4,12.144,7vl9,7xbx
B1.5,10.082,7vl9,7xbx
B1.6,9.752,7vl9,7xbx
B1.7,8.33,7vl9,7xbx
b1b2.4,6.35,7vl9,7xbx
b1b2.6,5.908,7vl9,7xbx
b1b2.9,10.936,7vl9,7xbx
b1b2.10,10.275,7vl9,7xbx
b1b2.12,7.117,7vl9,7xbx
b1b2.13,9.591,7vl9,7xbx
b1b2.14,6.745,7vl9,7xbx
b1b2.16,5.592,7vl9,7xbx
B2.1,5.11,7vl9,7xbx
B2.2,7.461,7vl9,7xbx
B2.3,8.38,7vl9,7xbx
B2.4,10.615,7vl9,7xbx
B2.5,13.713,7vl9,7xbx
B2.6,14.152,7vl9,7xbx
b2b3.4,15.312,7vl9,7xbx
b2b3.11,13.666,7vl9,7xbx
b2b3.12,11.395,7vl9,7xbx
B3.1,10.541,7vl9,7xbx
B3.2,10.193,7vl9,7xbx
B3.3,8.484,7vl9,7xbx
b3h.4,5.863,7vl9,7xbx
H.1,4.954,7vl9,7xbx
H.2,8.275,7vl9,7xbx
H.3,10.228,7vl9,7xbx
H.4,10.633,7vl9,7xbx
H.5,11.422,7vl9,7xbx
H.6,13.275,7vl9,7xbx
H.7,14.427,7vl9,7xbx
H.8,15.158,7vl9,7xbx
H.9,15.867,7vl9,7xbx
H.10,17.419,7vl9,7xbx
CT,18.385,7vl9,7xbx
NTc.Cm6,7.672,7vl9,4rws
NTc.Cm5,5.41,7vl9,4rws
NTc.Cm4,7.244,7vl9,4rws
NTc.Cm3,4.769,7vl9,4rws
NTc.Cm2,5.032,7vl9,4rws
NTc.Cm1,4.505,7vl9,4rws
CX.1,4.634,7vl9,4rws
CX.5,5.183,7vl9,4rws
cxb1.1,3.95,7vl9,4rws
cxb1.2,5.35,7vl9,4rws
cxb1.5,7.789,7vl9,4rws
cxb1.6,10.092,7vl9,4rws
cxb1.7,11.557,7vl9,4rws
cxb1.8,14.787,7vl9,4rws
cxb1.10,16.154,7vl9,4rws
cxb1.11,16.472,7vl9,4rws
cxb1.14,17.139,7vl9,4rws
cxb1.15,16.187,7vl9,4rws
cxb1.16,17.833,7vl9,4rws
B1.1,15.029,7vl9,4rws
B1.2,13.54,7vl9,4rws
B1.3,13.037,7vl9,4rws
B1.4,12.018,7vl9,4rws
B1.5,11.468,7vl9,4rws
B1.6,10.184,7vl9,4rws
B1.7,10.164,7vl9,4rws
b1b2.4,8.389,7vl9,4rws
b1b2.9,9.159,7vl9,4rws
b1b2.10,7.429,7vl9,4rws
b1b2.12,5.791,7vl9,4rws
b1b2.13,5.867,7vl9,4rws
b1b2.14,6.931,7vl9,4rws
b1b2.16,8.636,7vl9,4rws
B2.1,8.87,7vl9,4rws
B2.2,9.381,7vl9,4rws
B2.3,8.823,7vl9,4rws
B2.4,10.103,7vl9,4rws
B2.5,9.266,7vl9,4rws
B2.6,10.597,7vl9,4rws
b2b3.2,10.787,7vl9,4rws
b2b3.4,10.234,7vl9,4rws
b2b3.11,8.528,7vl9,4rws
b2b3.12,7.614,7vl9,4rws
B3.1,7.499,7vl9,4rws
B3.2,8.347,7vl9,4rws
B3.3,8.263,7vl9,4rws
B3.4,9.969,7vl9,4rws
b3h.1,10.885,7vl9,4rws
b3h.2,12.745,7vl9,4rws
b3h.3,12.845,7vl9,4rws
b3h.4,13.307,7vl9,4rws
H.1,14.375,7vl9,4rws
H.2,16.364,7vl9,4rws
H.3,15.098,7vl9,4rws
H.4,16.47,7vl9,4rws
H.5,18.932,7vl9,4rws
H.6,17.04,7vl9,4rws
H.7,15.644,7vl9,4rws
H.8,18.763,7vl9,4rws
H.9,19.223,7vl9,4rws
H.10,16.44,7vl9,4rws
CT,16.657,7vl9,4rws
NTc.Cm6,2.642,7vl9,4xt1
NTc.Cm5,0.589,7vl9,4xt1
NTc.Cm4,4.596,7vl9,4xt1
NTc.Cm3,7.637,7vl9,4xt1
NTc.Cm2,5.095,7vl9,4xt1
NTc.Cm1,7.191,7vl9,4xt1
CX.1,6.812,7vl9,4xt1
CX.5,1.498,7vl9,4xt1
cxb1.1,1.592,7vl9,4xt1
cxb1.2,1.64,7vl9,4xt1
cxb1.5,1.995,7vl9,4xt1
cxb1.6,3.024,7vl9,4xt1
cxb1.8,3.796,7vl9,4xt1
cxb1.10,9.655,7vl9,4xt1
cxb1.11,9.35,7vl9,4xt1
cxb1.14,10.855,7vl9,4xt1
cxb1.15,10.758,7vl9,4xt1
cxb1.16,12.537,7vl9,4xt1
B1.1,11.015,7vl9,4xt1
B1.2,10.685,7vl9,4xt1
B1.3,12.815,7vl9,4xt1
B1.4,12.085,7vl9,4xt1
B1.5,10.894,7vl9,4xt1
B1.6,10.543,7vl9,4xt1
B1.7,10.345,7vl9,4xt1
b1b2.4,7.961,7vl9,4xt1
b1b2.6,8.832,7vl9,4xt1
b1b2.9,11.057,7vl9,4xt1
b1b2.10,9.17,7vl9,4xt1
b1b2.12,7.478,7vl9,4xt1
b1b2.13,11.343,7vl9,4xt1
b1b2.14,8.766,7vl9,4xt1
b1b2.16,8.191,7vl9,4xt1
B2.1,9.735,7vl9,4xt1
B2.2,9.727,7vl9,4xt1
B2.3,9.69,7vl9,4xt1
B2.4,11.131,7vl9,4xt1
B2.5,12.096,7vl9,4xt1
B2.6,12.452,7vl9,4xt1
b2b3.4,11.191,7vl9,4xt1
b2b3.11,10.132,7vl9,4xt1
b2b3.12,7.669,7vl9,4xt1
B3.1,6.692,7vl9,4xt1
B3.2,4.901,7vl9,4xt1
B3.3,3.744,7vl9,4xt1
B3.4,5.21,7vl9,4xt1
b3h.1,6.043,7vl9,4xt1
b3h.2,8.607,7vl9,4xt1
b3h.3,8.038,7vl9,4xt1
b3h.4,6.782,7vl9,4xt1
H.1,7.662,7vl9,4xt1
H.2,7.76,7vl9,4xt1
H.3,8.546,7vl9,4xt1
H.4,11.267,7vl9,4xt1
H.5,12.906,7vl9,4xt1
H.6,11.929,7vl9,4xt1
H.7,12.241,7vl9,4xt1
H.8,15.493,7vl9,4xt1
H.9,16.085,7vl9,4xt1
H.10,14.696,7vl9,4xt1
CT,15.646,7vl9,4xt1
NTc.Cm6,3.889,7vl9,5wb2
NTc.Cm5,4.988,7vl9,5wb2
NTc.Cm4,7.018,7vl9,5wb2
NTc.Cm3,4.939,7vl9,5wb2
NTc.Cm2,5.742,7vl9,5wb2
NTc.Cm1,7.628,7vl9,5wb2
CX.1,7.045,7vl9,5wb2
CX.5,1.635,7vl9,5wb2
cxb1.1,1.825,7vl9,5wb2
cxb1.2,2.649,7vl9,5wb2
cxb1.5,2.16,7vl9,5wb2
cxb1.6,4.181,7vl9,5wb2
cxb1.8,7.265,7vl9,5wb2
cxb1.10,8.297,7vl9,5wb2
cxb1.11,9.397,7vl9,5wb2
cxb1.14,11.112,7vl9,5wb2
cxb1.15,11.372,7vl9,5wb2
cxb1.16,13.811,7vl9,5wb2
B1.1,12.409,7vl9,5wb2
B1.2,11.208,7vl9,5wb2
B1.3,12.705,7vl9,5wb2
B1.4,11.298,7vl9,5wb2
B1.5,9.471,7vl9,5wb2
B1.6,9.245,7vl9,5wb2
B1.7,8.593,7vl9,5wb2
b1b2.4,7.549,7vl9,5wb2
b1b2.6,11.166,7vl9,5wb2
b1b2.9,11.807,7vl9,5wb2
b1b2.10,8.578,7vl9,5wb2
b1b2.12,4.725,7vl9,5wb2
b1b2.13,6.109,7vl9,5wb2
b1b2.14,6.021,7vl9,5wb2
b1b2.16,5.996,7vl9,5wb2
B2.1,7.704,7vl9,5wb2
B2.2,8.593,7vl9,5wb2
B2.3,9.214,7vl9,5wb2
B2.4,10.389,7vl9,5wb2
B2.5,13.113,7vl9,5wb2
B2.6,13.198,7vl9,5wb2
b2b3.4,12.688,7vl9,5wb2
b2b3.11,10.756,7vl9,5wb2
b2b3.12,8.698,7vl9,5wb2
B3.1,7.289,7vl9,5wb2
B3.2,5.746,7vl9,5wb2
B3.3,3.875,7vl9,5wb2
B3.4,3.454,7vl9,5wb2
b3h.1,2.949,7vl9,5wb2
b3h.2,5.136,7vl9,5wb2
b3h.3,3.276,7vl9,5wb2
b3h.4,2.445,7vl9,5wb2
H.1,3.261,7vl9,5wb2
H.2,7.012,7vl9,5wb2
H.3,6.983,7vl9,5wb2
H.4,7.932,7vl9,5wb2
H.5,10.201,7vl9,5wb2
H.6,10.597,7vl9,5wb2
H.7,10.118,7vl9,5wb2
H.8,12.856,7vl9,5wb2
H.9,14.212,7vl9,5wb2
H.10,13.366,7vl9,5wb2
CT,13.989,7vl9,5wb2
NTc.Cm7,7.02,7xa3,7f1t
NTc.Cm6,3.423,7xa3,7f1t
NTc.Cm5,2.192,7xa3,7f1t
NTc.Cm4,1.663,7xa3,7f1t
NTc.Cm3,1.514,7xa3,7f1t
NTc.Cm2,1.918,7xa3,7f1t
NTc.Cm1,2.06,7xa3,7f1t
CX.1,2.127,7xa3,7f1t
CX.5,3.216,7xa3,7f1t
cxb1.1,3.467,7xa3,7f1t
cxb1.2,5.615,7xa3,7f1t
cxb1.5,8.028,7xa3,7f1t
cxb1.6,12.106,7xa3,7f1t
cxb1.7,8.863,7xa3,7f1t
cxb1.8,10.254,7xa3,7f1t
cxb1.10,10.867,7xa3,7f1t
cxb1.11,9.987,7xa3,7f1t
cxb1.14,11.263,7xa3,7f1t
cxb1.15,11.579,7xa3,7f1t
cxb1.16,12.808,7xa3,7f1t
B1.1,11.421,7xa3,7f1t
B1.2,10.108,7xa3,7f1t
B1.3,10.927,7xa3,7f1t
B1.4,9.706,7xa3,7f1t
B1.5,7.997,7xa3,7f1t
B1.6,7.244,7xa3,7f1t
B1.7,6.792,7xa3,7f1t
b1b2.4,4.612,7xa3,7f1t
b1b2.6,6.717,7xa3,7f1t
b1b2.9,1.637,7xa3,7f1t
b1b2.10,1.943,7xa3,7f1t
b1b2.12,1.85,7xa3,7f1t
b1b2.13,1.982,7xa3,7f1t
b1b2.14,2.063,7xa3,7f1t
b1b2.16,3.343,7xa3,7f1t
B2.1,4.381,7xa3,7f1t
B2.2,6.187,7xa3,7f1t
B2.3,5.675,7xa3,7f1t
B2.4,7.695,7xa3,7f1t
B2.5,7.907,7xa3,7f1t
B2.6,9.505,7xa3,7f1t
b2b3.2,10.57,7xa3,7f1t
b2b3.4,10.308,7xa3,7f1t
b2b3.11,7.958,7xa3,7f1t
b2b3.12,7.555,7xa3,7f1t
B3.1,6.396,7xa3,7f1t
B3.2,6.404,7xa3,7f1t
B3.3,5.314,7xa3,7f1t
B3.4,6.208,7xa3,7f1t
b3h.1,5.898,7xa3,7f1t
b3h.2,6.716,7xa3,7f1t
b3h.3,6.712,7xa3,7f1t
b3h.4,8.464,7xa3,7f1t
H.1,10.646,7xa3,7f1t
H.2,10.654,7xa3,7f1t
H.3,9.256,7xa3,7f1t
H.4,10.139,7xa3,7f1t
H.5,11.908,7xa3,7f1t
H.6,10.978,7xa3,7f1t
H.7,10.092,7xa3,7f1t
H.8,12.224,7xa3,7f1t
H.9,13.173,7xa3,7f1t
H.10,11.791,7xa3,7f1t
CT,12.259,7xa3,7f1t
NTc.Cm5,1.791,7xa3,6wwz
NTc.Cm4,1.235,7xa3,6wwz
NTc.Cm3,4.199,7xa3,6wwz
NTc.Cm2,2.762,7xa3,6wwz
NTc.Cm1,2.212,7xa3,6wwz
CX.1,1.001,7xa3,6wwz
CX.5,1.938,7xa3,6wwz
cxb1.1,1.296,7xa3,6wwz
cxb1.2,1.38,7xa3,6wwz
cxb1.5,1.248,7xa3,6wwz
cxb1.6,1.648,7xa3,6wwz
cxb1.7,3.321,7xa3,6wwz
cxb1.8,4.848,7xa3,6wwz
cxb1.10,5.059,7xa3,6wwz
cxb1.11,5.494,7xa3,6wwz
cxb1.14,5.944,7xa3,6wwz
cxb1.15,6.099,7xa3,6wwz
cxb1.16,6.302,7xa3,6wwz
B1.1,5.432,7xa3,6wwz
B1.2,4.94,7xa3,6wwz
B1.3,3.75,7xa3,6wwz
B1.4,3.855,7xa3,6wwz
B1.5,4.221,7xa3,6wwz
B1.6,3.212,7xa3,6wwz
B1.7,3.103,7xa3,6wwz
b1b2.4,3.374,7xa3,6wwz
b1b2.6,2.957,7xa3,6wwz
b1b2.7,5.906,7xa3,6wwz
b1b2.9,4.689,7xa3,6wwz
b1b2.10,4.599,7xa3,6wwz
b1b2.12,2.29,7xa3,6wwz
b1b2.13,1.97,7xa3,6wwz
b1b2.14,1.389,7xa3,6wwz
b1b2.16,2.797,7xa3,6wwz
B2.1,3.135,7xa3,6wwz
B2.2,3.132,7xa3,6wwz
B2.3,3.357,7xa3,6wwz
B2.4,3.85,7xa3,6wwz
B2.5,4.05,7xa3,6wwz
B2.6,4.313,7xa3,6wwz
b2b3.2,5.05,7xa3,6wwz
b2b3.4,4.405,7xa3,6wwz
b2b3.11,4.659,7xa3,6wwz
b2b3.12,3.462,7xa3,6wwz
B3.1,3.274,7xa3,6wwz
B3.2,3.326,7xa3,6wwz
B3.3,3.043,7xa3,6wwz
B3.4,3.591,7xa3,6wwz
b3h.1,2.914,7xa3,6wwz
b3h.2,3.724,7xa3,6wwz
b3h.3,4.324,7xa3,6wwz
b3h.4,4.519,7xa3,6wwz
H.1,5.485,7xa3,6wwz
H.2,5.476,7xa3,6wwz
H.3,4.805,7xa3,6wwz
H.4,5.453,7xa3,6wwz
H.5,6.342,7xa3,6wwz
H.6,6.118,7xa3,6wwz
H.7,6.136,7xa3,6wwz
H.8,6.25,7xa3,6wwz
H.9,6.538,7xa3,6wwz
H.10,6.797,7xa3,6wwz
CT,6.711,7xa3,6wwz
NTc.Cm5,3.314,7xa3,6lfo
NTc.Cm4,4.381,7xa3,6lfo
NTc.Cm3,4.795,7xa3,6lfo
NTc.Cm2,6.815,7xa3,6lfo
NTc.Cm1,6.356,7xa3,6lfo
CX.1,2.852,7xa3,6lfo
CX.5,2.123,7xa3,6lfo
cxb1.1,2.138,7xa3,6lfo
cxb1.2,2.28,7xa3,6lfo
cxb1.5,2.509,7xa3,6lfo
cxb1.6,2.096,7xa3,6lfo
cxb1.7,6.152,7xa3,6lfo
cxb1.8,6.627,7xa3,6lfo
cxb1.10,7.53,7xa3,6lfo
cxb1.11,9.299,7xa3,6lfo
cxb1.14,8.391,7xa3,6lfo
cxb1.15,8.355,7xa3,6lfo
cxb1.16,8.323,7xa3,6lfo
B1.1,8.616,7xa3,6lfo
B1.2,9.011,7xa3,6lfo
B1.3,8.121,7xa3,6lfo
B1.4,7.672,7xa3,6lfo
B1.5,6.971,7xa3,6lfo
B1.6,6.314,7xa3,6lfo
B1.7,5.885,7xa3,6lfo
b1b2.4,4.988,7xa3,6lfo
b1b2.6,6.639,7xa3,6lfo
b1b2.7,8.143,7xa3,6lfo
b1b2.9,6.007,7xa3,6lfo
b1b2.10,6.157,7xa3,6lfo
b1b2.12,5.61,7xa3,6lfo
b1b2.13,6.215,7xa3,6lfo
b1b2.14,4.656,7xa3,6lfo
b1b2.16,5.202,7xa3,6lfo
B2.1,3.379,7xa3,6lfo
B2.2,4.266,7xa3,6lfo
B2.3,4.807,7xa3,6lfo
B2.4,5.874,7xa3,6lfo
B2.5,7.697,7xa3,6lfo
B2.6,7.399,7xa3,6lfo
b2b3.2,8.277,7xa3,6lfo
b2b3.4,8.242,7xa3,6lfo
b2b3.11,8.751,7xa3,6lfo
b2b3.12,7.122,7xa3,6lfo
B3.1,6.249,7xa3,6lfo
B3.2,4.752,7xa3,6lfo
B3.3,3.172,7xa3,6lfo
B3.4,4.041,7xa3,6lfo
b3h.1,3.725,7xa3,6lfo
b3h.2,5.739,7xa3,6lfo
b3h.3,5.777,7xa3,6lfo
b3h.4,6.458,7xa3,6lfo
H.1,7.744,7xa3,6lfo
H.2,8.334,7xa3,6lfo
H.3,7.661,7xa3,6lfo
H.4,8.268,7xa3,6lfo
H.5,9.566,7xa3,6lfo
H.6,9.864,7xa3,6lfo
H.7,10.054,7xa3,6lfo
H.8,10.82,7xa3,6lfo
H.9,12.062,7xa3,6lfo
H.10,12.542,7xa3,6lfo
NTc.Cm8,6.639,7xa3,ngo
NTc.Cm7,7.605,7xa3,ngo
NTc.Cm6,6.119,7xa3,ngo
NTc.Cm5,6.721,7xa3,ngo
NTc.Cm4,9.076,7xa3,ngo
NTc.Cm3,8.126,7xa3,ngo
NTc.Cm2,10.3,7xa3,ngo
NTc.Cm1,9.203,7xa3,ngo
CX.1,4.203,7xa3,ngo
CX.5,1.763,7xa3,ngo
cxb1.1,2.176,7xa3,ngo
cxb1.2,3.588,7xa3,ngo
cxb1.5,3.494,7xa3,ngo
cxb1.6,5.637,7xa3,ngo
cxb1.8,2.41,7xa3,ngo
cxb1.10,2.399,7xa3,ngo
cxb1.11,1.885,7xa3,ngo
cxb1.14,2.604,7xa3,ngo
cxb1.15,2.114,7xa3,ngo
cxb1.16,1.959,7xa3,ngo
B1.1,2.621,7xa3,ngo
B1.2,2.581,7xa3,ngo
B1.3,1.948,7xa3,ngo
B1.4,2.083,7xa3,ngo
B1.5,1.978,7xa3,ngo
B1.6,2.302,7xa3,ngo
B1.7,2.759,7xa3,ngo
b1b2.4,3.041,7xa3,ngo
b1b2.7,7.334,7xa3,ngo
b1b2.9,8.52,7xa3,ngo
b1b2.10,8.845,7xa3,ngo
b1b2.12,7.108,7xa3,ngo
b1b2.14,5.249,7xa3,ngo
b1b2.16,4.783,7xa3,ngo
B2.1,2.514,7xa3,ngo
B2.2,1.69,7xa3,ngo
B2.3,1.189,7xa3,ngo
B2.4,1.761,7xa3,ngo
B2.5,2.008,7xa3,ngo
B2.6,1.66,7xa3,ngo
b2b3.2,1.966,7xa3,ngo
b2b3.4,1.096,7xa3,ngo
b2b3.11,1.96,7xa3,ngo
b2b3.12,2.064,7xa3,ngo
B3.1,2.032,7xa3,ngo
B3.2,2.045,7xa3,ngo
B3.3,1.707,7xa3,ngo
B3.4,2.812,7xa3,ngo
b3h.1,3.577,7xa3,ngo
b3h.2,3.548,7xa3,ngo
b3h.3,5.778,7xa3,ngo
b3h.4,6.199,7xa3,ngo
H.1,6.268,7xa3,ngo
H.2,5.075,7xa3,ngo
H.3,4.695,7xa3,ngo
H.4,3.626,7xa3,ngo
H.5,3.589,7xa3,ngo
H.6,4.168,7xa3,ngo
H.7,3.267,7xa3,ngo
H.8,2.96,7xa3,ngo
H.9,4.071,7xa3,ngo
H.10,4.774,7xa3,ngo
CT,4.576,7xa3,ngo
NTc.Cm8,6.498,7xa3,7sk3
NTc.Cm7,7.074,7xa3,7sk3
NTc.Cm6,4.822,7xa3,7sk3
NTc.Cm5,3.153,7xa3,7sk3
NTc.Cm4,8.259,7xa3,7sk3
NTc.Cm3,7.144,7xa3,7sk3
NTc.Cm2,7.823,7xa3,7sk3
NTc.Cm1,7.106,7xa3,7sk3
CX.1,2.773,7xa3,7sk3
CX.5,5.285,7xa3,7sk3
cxb1.1,9.947,7xa3,7sk3
cxb1.2,13.316,7xa3,7sk3
cxb1.5,13.65,7xa3,7sk3
cxb1.6,17.406,7xa3,7sk3
cxb1.8,18.201,7xa3,7sk3
cxb1.10,20.178,7xa3,7sk3
cxb1.11,20.855,7xa3,7sk3
cxb1.14,22.97,7xa3,7sk3
cxb1.15,21.932,7xa3,7sk3
cxb1.16,28.589,7xa3,7sk3
B1.1,28.226,7xa3,7sk3
B1.2,24.469,7xa3,7sk3
B1.3,28.078,7xa3,7sk3
B1.4,24.889,7xa3,7sk3
B1.5,19.315,7xa3,7sk3
B1.6,17.144,7xa3,7sk3
B1.7,13.427,7xa3,7sk3
b1b2.4,11.749,7xa3,7sk3
b1b2.7,14.12,7xa3,7sk3
b1b2.9,15.025,7xa3,7sk3
b1b2.10,10.225,7xa3,7sk3
b1b2.12,8.583,7xa3,7sk3
b1b2.14,12.026,7xa3,7sk3
b1b2.16,9.649,7xa3,7sk3
B2.1,3.516,7xa3,7sk3
B2.2,6.959,7xa3,7sk3
B2.3,12.112,7xa3,7sk3
B2.4,16.658,7xa3,7sk3
B2.5,23.247,7xa3,7sk3
B2.6,27.154,7xa3,7sk3
b2b3.2,33.234,7xa3,7sk3
b2b3.4,35.968,7xa3,7sk3
b2b3.11,32.082,7xa3,7sk3
b2b3.12,26.863,7xa3,7sk3
B3.1,20.316,7xa3,7sk3
B3.2,17.013,7xa3,7sk3
B3.3,10.497,7xa3,7sk3
B3.4,8.01,7xa3,7sk3
b3h.1,4.397,7xa3,7sk3
b3h.2,2.123,7xa3,7sk3
b3h.3,4.011,7xa3,7sk3
b3h.4,2.81,7xa3,7sk3
H.1,1.534,7xa3,7sk3
H.2,5.901,7xa3,7sk3
H.3,6.136,7xa3,7sk3
H.4,6.087,7xa3,7sk3
H.5,8.554,7xa3,7sk3
H.6,11.686,7xa3,7sk3
H.7,12.368,7xa3,7sk3
H.8,13.729,7xa3,7sk3
H.9,16.06,7xa3,7sk3
H.10,18.362,7xa3,7sk3
CT,19.539,7xa3,7sk3
NTc.Cm7,9.558,7xa3,7xbx
NTc.Cm6,7.62,7xa3,7xbx
NTc.Cm5,4.917,7xa3,7xbx
NTc.Cm4,6.732,7xa3,7xbx
NTc.Cm3,9.885,7xa3,7xbx
NTc.Cm2,8.199,7xa3,7xbx
NTc.Cm1,9.302,7xa3,7xbx
CX.1,8.632,7xa3,7xbx
CX.5,2.187,7xa3,7xbx
cxb1.1,1.837,7xa3,7xbx
cxb1.2,2.866,7xa3,7xbx
cxb1.5,2.878,7xa3,7xbx
cxb1.6,7.541,7xa3,7xbx
cxb1.8,7.438,7xa3,7xbx
cxb1.10,6.416,7xa3,7xbx
cxb1.11,6.21,7xa3,7xbx
cxb1.14,5.926,7xa3,7xbx
cxb1.15,9.218,7xa3,7xbx
cxb1.16,7.89,7xa3,7xbx
B1.1,7.272,7xa3,7xbx
B1.2,6.456,7xa3,7xbx
B1.3,6.282,7xa3,7xbx
B1.4,5.34,7xa3,7xbx
B1.5,5.352,7xa3,7xbx
B1.6,5.861,7xa3,7xbx
B1.7,6.522,7xa3,7xbx
b1b2.4,5.854,7xa3,7xbx
b1b2.6,5.899,7xa3,7xbx
b1b2.9,11.435,7xa3,7xbx
b1b2.10,10.893,7xa3,7xbx
b1b2.12,8.248,7xa3,7xbx
b1b2.13,10.416,7xa3,7xbx
b1b2.14,8.173,7xa3,7xbx
b1b2.16,6.253,7xa3,7xbx
B2.1,4.779,7xa3,7xbx
B2.2,5.472,7xa3,7xbx
B2.3,3.562,7xa3,7xbx
B2.4,6.275,7xa3,7xbx
B2.5,7.29,7xa3,7xbx
B2.6,6.899,7xa3,7xbx
b2b3.4,7.82,7xa3,7xbx
b2b3.11,7.59,7xa3,7xbx
b2b3.12,6.888,7xa3,7xbx
B3.1,6.845,7xa3,7xbx
B3.2,6.68,7xa3,7xbx
B3.3,4.693,7xa3,7xbx
b3h.4,6.257,7xa3,7xbx
H.1,6.019,7xa3,7xbx
H.2,2.708,7xa3,7xbx
H.3,3.465,7xa3,7xbx
H.4,6.083,7xa3,7xbx
H.5,4.617,7xa3,7xbx
H.6,4.434,7xa3,7xbx
H.7,7.952,7xa3,7xbx
H.8,8.707,7xa3,7xbx
H.9,6.816,7xa3,7xbx
H.10,9.332,7xa3,7xbx
CT,11.92,7xa3,7xbx
NTc.Cm10,3.314,7xa3,4rws
NTc.Cm9,3.124,7xa3,4rws
NTc.Cm8,1.82,7xa3,4rws
NTc.Cm7,4.399,7xa3,4rws
NTc.Cm6,5.996,7xa3,4rws
NTc.Cm5,4.731,7xa3,4rws
NTc.Cm4,3.617,7xa3,4rws
NTc.Cm3,1.659,7xa3,4rws
NTc.Cm2,2.423,7xa3,4rws
NTc.Cm1,1.887,7xa3,4rws
CX.1,2.934,7xa3,4rws
CX.5,4.028,7xa3,4rws
cxb1.1,4.043,7xa3,4rws
cxb1.2,5.013,7xa3,4rws
cxb1.5,5.025,7xa3,4rws
cxb1.6,6.782,7xa3,4rws
cxb1.7,6.04,7xa3,4rws
cxb1.8,8.761,7xa3,4rws
cxb1.10,9.099,7xa3,4rws
cxb1.11,9.173,7xa3,4rws
cxb1.14,10.691,7xa3,4rws
cxb1.15,10.768,7xa3,4rws
cxb1.16,10.955,7xa3,4rws
B1.1,10.076,7xa3,4rws
B1.2,9.071,7xa3,4rws
B1.3,6.646,7xa3,4rws
B1.4,5.752,7xa3,4rws
B1.5,6.083,7xa3,4rws
B1.6,4.828,7xa3,4rws
B1.7,5.203,7xa3,4rws
b1b2.4,5.244,7xa3,4rws
b1b2.7,6.731,7xa3,4rws
b1b2.9,8.137,7xa3,4rws
b1b2.10,6.168,7xa3,4rws
b1b2.12,4.759,7xa3,4rws
b1b2.13,4.343,7xa3,4rws
b1b2.14,5.712,7xa3,4rws
b1b2.16,6.317,7xa3,4rws
B2.1,6.03,7xa3,4rws
B2.2,5.552,7xa3,4rws
B2.3,5.157,7xa3,4rws
B2.4,6.042,7xa3,4rws
B2.5,5.459,7xa3,4rws
B2.6,6.465,7xa3,4rws
b2b3.2,6.541,7xa3,4rws
b2b3.4,6.331,7xa3,4rws
b2b3.11,5.56,7xa3,4rws
b2b3.12,5.681,7xa3,4rws
B3.1,5.164,7xa3,4rws
B3.2,5.662,7xa3,4rws
B3.3,5.499,7xa3,4rws
B3.4,6.63,7xa3,4rws
b3h.1,7.148,7xa3,4rws
b3h.2,8.04,7xa3,4rws
b3h.3,9.086,7xa3,4rws
b3h.4,9.617,7xa3,4rws
H.1,10.822,7xa3,4rws
H.2,10.629,7xa3,4rws
H.3,9.463,7xa3,4rws
H.4,10.26,7xa3,4rws
H.5,11.285,7xa3,4rws
H.6,10.262,7xa3,4rws
H.7,9.755,7xa3,4rws
H.8,11.34,7xa3,4rws
H.9,11.599,7xa3,4rws
H.10,10.342,7xa3,4rws
CT,11.768,7xa3,4rws
NTc.Cm7,8.577,7xa3,4xt1
NTc.Cm6,6.015,7xa3,4xt1
NTc.Cm5,4.629,7xa3,4xt1
NTc.Cm4,7.561,7xa3,4xt1
NTc.Cm3,10.089,7xa3,4xt1
NTc.Cm2,7.93,7xa3,4xt1
NTc.Cm1,9.635,7xa3,4xt1
CX.1,8.578,7xa3,4xt1
CX.5,2.025,7xa3,4xt1
cxb1.1,3.258,7xa3,4xt1
cxb1.2,4.792,7xa3,4xt1
cxb1.5,6.009,7xa3,4xt1
cxb1.6,8.012,7xa3,4xt1
cxb1.8,4.115,7xa3,4xt1
cxb1.10,3.481,7xa3,4xt1
cxb1.11,3.096,7xa3,4xt1
cxb1.14,4.912,7xa3,4xt1
cxb1.15,5.917,7xa3,4xt1
cxb1.16,6.032,7xa3,4xt1
B1.1,5.691,7xa3,4xt1
B1.2,7.204,7xa3,4xt1
B1.3,7.598,7xa3,4xt1
B1.4,7.931,7xa3,4xt1
B1.5,7.927,7xa3,4xt1
B1.6,7.594,7xa3,4xt1
B1.7,8.445,7xa3,4xt1
b1b2.4,6.931,7xa3,4xt1
b1b2.6,10.774,7xa3,4xt1
b1b2.9,11.349,7xa3,4xt1
b1b2.10,9.513,7xa3,4xt1
b1b2.12,7.855,7xa3,4xt1
b1b2.13,11.29,7xa3,4xt1
b1b2.14,8.313,7xa3,4xt1
b1b2.16,6.976,7xa3,4xt1
B2.1,8.646,7xa3,4xt1
B2.2,8.534,7xa3,4xt1
B2.3,7.046,7xa3,4xt1
B2.4,9.019,7xa3,4xt1
B2.5,7.597,7xa3,4xt1
B2.6,8.174,7xa3,4xt1
b2b3.4,4.88,7xa3,4xt1
b2b3.11,5.47,7xa3,4xt1
b2b3.12,3.805,7xa3,4xt1
B3.1,3.797,7xa3,4xt1
B3.2,2.805,7xa3,4xt1
B3.3,3.245,7xa3,4xt1
B3.4,5.205,7xa3,4xt1
b3h.1,6.88,7xa3,4xt1
b3h.2,8.56,7xa3,4xt1
b3h.3,9.781,7xa3,4xt1
b3h.4,9.559,7xa3,4xt1
H.1,10.076,7xa3,4xt1
H.2,8.481,7xa3,4xt1
H.3,8.566,7xa3,4xt1
H.4,10.966,7xa3,4xt1
H.5,10.663,7xa3,4xt1
H.6,9.042,7xa3,4xt1
H.7,10.76,7xa3,4xt1
H.8,12.919,7xa3,4xt1
H.9,12.306,7xa3,4xt1
H.10,11.785,7xa3,4xt1
CT,13.988,7xa3,4xt1
NTc.Cm7,6.476,7xa3,5wb2
NTc.Cm6,8.331,7xa3,5wb2
NTc.Cm5,6.679,7xa3,5wb2
NTc.Cm4,5.89,7xa3,5wb2
NTc.Cm3,8.846,7xa3,5wb2
NTc.Cm2,9.378,7xa3,5wb2
NTc.Cm1,10.503,7xa3,5wb2
CX.1,8.949,7xa3,5wb2
CX.5,1.561,7xa3,5wb2
cxb1.1,0.904,7xa3,5wb2
cxb1.2,2.143,7xa3,5wb2
cxb1.5,3.789,7xa3,5wb2
cxb1.6,5.285,7xa3,5wb2
cxb1.8,4.118,7xa3,5wb2
cxb1.10,2.228,7xa3,5wb2
cxb1.11,2.184,7xa3,5wb2
cxb1.14,3.221,7xa3,5wb2
cxb1.15,3.292,7xa3,5wb2
cxb1.16,4.629,7xa3,5wb2
B1.1,4.153,7xa3,5wb2
B1.2,4.276,7xa3,5wb2
B1.3,4.375,7xa3,5wb2
B1.4,4.43,7xa3,5wb2
B1.5,4.25,7xa3,5wb2
B1.6,4.853,7xa3,5wb2
B1.7,5.538,7xa3,5wb2
b1b2.4,6.104,7xa3,5wb2
b1b2.6,12.066,7xa3,5wb2
b1b2.9,12.414,7xa3,5wb2
b1b2.10,8.623,7xa3,5wb2
b1b2.12,5.589,7xa3,5wb2
b1b2.13,6.332,7xa3,5wb2
b1b2.14,5.867,7xa3,5wb2
b1b2.16,5.142,7xa3,5wb2
B2.1,6.349,7xa3,5wb2
B2.2,6.565,7xa3,5wb2
B2.3,5.233,7xa3,5wb2
B2.4,6.379,7xa3,5wb2
B2.5,7.356,7xa3,5wb2
B2.6,6.677,7xa3,5wb2
b2b3.4,5.978,7xa3,5wb2
b2b3.11,5.431,7xa3,5wb2
b2b3.12,3.883,7xa3,5wb2
B3.1,3.106,7xa3,5wb2
B3.2,2.008,7xa3,5wb2
B3.3,1.545,7xa3,5wb2
B3.4,2.201,7xa3,5wb2
b3h.1,3.603,7xa3,5wb2
b3h.2,4.541,7xa3,5wb2
b3h.3,5.438,7xa3,5wb2
b3h.4,4.54,7xa3,5wb2
H.1,3.537,7xa3,5wb2
H.2,1.856,7xa3,5wb2
H.3,2.602,7xa3,5wb2
H.4,4.278,7xa3,5wb2
H.5,4.007,7xa3,5wb2
H.6,3.529,7xa3,5wb2
H.7,5.166,7xa3,5wb2
H.8,6.615,7xa3,5wb2
H.9,6.271,7xa3,5wb2
H.10,6.88,7xa3,5wb2
CT,8.588,7xa3,5wb2
NTc.Cm5,3.715,7f1t,6wwz
NTc.Cm4,1.133,7f1t,6wwz
NTc.Cm3,3.187,7f1t,6wwz
NTc.Cm2,2.581,7f1t,6wwz
NTc.Cm1,1.836,7f1t,6wwz
CX.1,2.233,7f1t,6wwz
CX.5,3.41,7f1t,6wwz
cxb1.1,2.081,7f1t,6wwz
cxb1.2,4.517,7f1t,6wwz
cxb1.5,6.25,7f1t,6wwz
cxb1.6,10.792,7f1t,6wwz
cxb1.7,9.555,7f1t,6wwz
cxb1.8,12.929,7f1t,6wwz
cxb1.10,13.94,7f1t,6wwz
cxb1.11,13.545,7f1t,6wwz
cxb1.14,15.168,7f1t,6wwz
cxb1.15,15.478,7f1t,6wwz
cxb1.16,16.938,7f1t,6wwz
B1.1,14.601,7f1t,6wwz
B1.2,13.056,7f1t,6wwz
B1.3,13.056,7f1t,6wwz
B1.4,12.079,7f1t,6wwz
B1.5,10.766,7f1t,6wwz
B1.6,9.571,7f1t,6wwz
B1.7,9.069,7f1t,6wwz
b1b2.4,7.196,7f1t,6wwz
b1b2.6,9.327,7f1t,6wwz
b1b2.9,6.231,7f1t,6wwz
b1b2.10,6.306,7f1t,6wwz
b1b2.12,3.734,7f1t,6wwz
b1b2.13,3.956,7f1t,6wwz
b1b2.14,3.459,7f1t,6wwz
b1b2.16,5.737,7f1t,6wwz
B2.1,6.766,7f1t,6wwz
B2.2,8.356,7f1t,6wwz
B2.3,7.912,7f1t,6wwz
B2.4,9.998,7f1t,6wwz
B2.5,10.405,7f1t,6wwz
B2.6,11.95,7f1t,6wwz
b2b3.2,13.606,7f1t,6wwz
b2b3.4,12.8,7f1t,6wwz
b2b3.11,10.638,7f1t,6wwz
b2b3.12,9.271,7f1t,6wwz
B3.1,8.057,7f1t,6wwz
B3.2,8.176,7f1t,6wwz
B3.3,6.915,7f1t,6wwz
B3.4,8.41,7f1t,6wwz
b3h.1,7.485,7f1t,6wwz
b3h.2,9.285,7f1t,6wwz
b3h.3,9.802,7f1t,6wwz
b3h.4,11.406,7f1t,6wwz
H.1,14.369,7f1t,6wwz
H.2,14.253,7f1t,6wwz
H.3,12.4,7f1t,6wwz
H.4,14.064,7f1t,6wwz
H.5,16.546,7f1t,6wwz
H.6,15.393,7f1t,6wwz
H.7,14.575,7f1t,6wwz
H.8,16.757,7f1t,6wwz
H.9,17.991,7f1t,6wwz
H.10,16.944,7f1t,6wwz
CT,17.111,7f1t,6wwz
NTc.Cm5,5.235,7f1t,6lfo
NTc.Cm4,4.423,7f1t,6lfo
NTc.Cm3,3.473,7f1t,6lfo
NTc.Cm2,6.073,7f1t,6lfo
NTc.Cm1,4.852,7f1t,6lfo
CX.1,2.702,7f1t,6lfo
CX.5,2.962,7f1t,6lfo
cxb1.1,1.441,7f1t,6lfo
cxb1.2,3.862,7f1t,6lfo
cxb1.5,6.431,7f1t,6lfo
cxb1.6,9.47,7f1t,6lfo
cxb1.7,7.32,7f1t,6lfo
cxb1.8,12.342,7f1t,6lfo
cxb1.10,14.501,7f1t,6lfo
cxb1.11,15.574,7f1t,6lfo
cxb1.14,15.84,7f1t,6lfo
cxb1.15,15.897,7f1t,6lfo
cxb1.16,17.245,7f1t,6lfo
B1.1,16.42,7f1t,6lfo
B1.2,15.651,7f1t,6lfo
B1.3,15.889,7f1t,6lfo
B1.4,14.573,7f1t,6lfo
B1.5,12.586,7f1t,6lfo
B1.6,11.665,7f1t,6lfo
B1.7,11.53,7f1t,6lfo
b1b2.4,9.497,7f1t,6lfo
b1b2.6,13.188,7f1t,6lfo
b1b2.9,8.4,7f1t,6lfo
b1b2.10,8.769,7f1t,6lfo
b1b2.12,7.996,7f1t,6lfo
b1b2.13,9.458,7f1t,6lfo
b1b2.14,7.65,7f1t,6lfo
b1b2.16,8.52,7f1t,6lfo
B2.1,6.688,7f1t,6lfo
B2.2,8.624,7f1t,6lfo
B2.3,8.309,7f1t,6lfo
B2.4,10.74,7f1t,6lfo
B2.5,12.671,7f1t,6lfo
B2.6,13.643,7f1t,6lfo
b2b3.2,15.17,7f1t,6lfo
b2b3.4,15.052,7f1t,6lfo
b2b3.11,13.29,7f1t,6lfo
b2b3.12,11.499,7f1t,6lfo
B3.1,9.689,7f1t,6lfo
B3.2,7.975,7f1t,6lfo
B3.3,5.824,7f1t,6lfo
B3.4,7.544,7f1t,6lfo
b3h.1,7.185,7f1t,6lfo
b3h.2,10.361,7f1t,6lfo
b3h.3,10.097,7f1t,6lfo
b3h.4,11.891,7f1t,6lfo
H.1,15.121,7f1t,6lfo
H.2,15.528,7f1t,6lfo
H.3,13.896,7f1t,6lfo
H.4,15.664,7f1t,6lfo
H.5,18.248,7f1t,6lfo
H.6,17.639,7f1t,6lfo
H.7,17.126,7f1t,6lfo
H.8,19.846,7f1t,6lfo
H.9,21.819,7f1t,6lfo
H.10,21.118,7f1t,6lfo
NTc.Cm7,3.274,7f1t,ngo
NTc.Cm6,3.348,7f1t,ngo
NTc.Cm5,4.425,7f1t,ngo
NTc.Cm4,7.855,7f1t,ngo
NTc.Cm3,7.153,7f1t,ngo
NTc.Cm2,9.587,7f1t,ngo
NTc.Cm1,8.155,7f1t,ngo
CX.1,3.236,7f1t,ngo
CX.5,2.064,7f1t,ngo
cxb1.1,2.155,7f1t,ngo
cxb1.2,4.72,7f1t,ngo
cxb1.5,5.786,7f1t,ngo
cxb1.6,6.825,7f1t,ngo
cxb1.8,6.931,7f1t,ngo
cxb1.10,11.448,7f1t,ngo
cxb1.11,9.798,7f1t,ngo
cxb1.14,11.048,7f1t,ngo
cxb1.15,11.68,7f1t,ngo
cxb1.16,12.767,7f1t,ngo
B1.1,10.713,7f1t,ngo
B1.2,9.737,7f1t,ngo
B1.3,9.508,7f1t,ngo
B1.4,9.102,7f1t,ngo
B1.5,8.69,7f1t,ngo
B1.6,8.555,7f1t,ngo
B1.7,8.743,7f1t,ngo
b1b2.4,7.086,7f1t,ngo
b1b2.9,10.131,7f1t,ngo
b1b2.10,10.544,7f1t,ngo
b1b2.12,8.664,7f1t,ngo
b1b2.14,7.352,7f1t,ngo
b1b2.16,7.849,7f1t,ngo
B2.1,4.728,7f1t,ngo
B2.2,6.197,7f1t,ngo
B2.3,5.362,7f1t,ngo
B2.4,6.708,7f1t,ngo
B2.5,6.612,7f1t,ngo
B2.6,7.953,7f1t,ngo
b2b3.2,8.557,7f1t,ngo
b2b3.4,9.362,7f1t,ngo
b2b3.11,5.946,7f1t,ngo
b2b3.12,4.963,7f1t,ngo
B3.1,4.255,7f1t,ngo
B3.2,4.852,7f1t,ngo
B3.3,4.209,7f1t,ngo
B3.4,6.727,7f1t,ngo
b3h.1,7.791,7f1t,ngo
b3h.2,9.199,7f1t,ngo
b3h.3,11.364,7f1t,ngo
b3h.4,11.971,7f1t,ngo
H.1,14.703,7f1t,ngo
H.2,11.762,7f1t,ngo
H.3,10.203,7f1t,ngo
H.4,11.871,7f1t,ngo
H.5,12.201,7f1t,ngo
H.6,10.154,7f1t,ngo
H.7,10.092,7f1t,ngo
H.8,12.019,7f1t,ngo
H.9,11.311,7f1t,ngo
H.10,9.65,7f1t,ngo
CT,11.301,7f1t,ngo
NTc.Cm7,1.49,7f1t,7sk3
NTc.Cm6,1.354,7f1t,7sk3
NTc.Cm5,4.598,7f1t,7sk3
NTc.Cm4,7.295,7f1t,7sk3
NTc.Cm3,5.998,7f1t,7sk3
NTc.Cm2,6.606,7f1t,7sk3
NTc.Cm1,5.403,7f1t,7sk3
CX.1,1.509,7f1t,7sk3
CX.5,3.767,7f1t,7sk3
cxb1.1,8.445,7f1t,7sk3
cxb1.2,10.844,7f1t,7sk3
cxb1.5,8.839,7f1t,7sk3
cxb1.6,12.893,7f1t,7sk3
cxb1.8,13.582,7f1t,7sk3
cxb1.10,17.121,7f1t,7sk3
cxb1.11,19.841,7f1t,7sk3
cxb1.14,23.582,7f1t,7sk3
cxb1.15,24.168,7f1t,7sk3
cxb1.16,31.311,7f1t,7sk3
B1.1,30.797,7f1t,7sk3
B1.2,27.674,7f1t,7sk3
B1.3,32.222,7f1t,7sk3
B1.4,28.944,7f1t,7sk3
B1.5,22.832,7f1t,7sk3
B1.6,20.678,7f1t,7sk3
B1.7,17.603,7f1t,7sk3
b1b2.4,13.909,7f1t,7sk3
b1b2.9,15.808,7f1t,7sk3
b1b2.10,11.505,7f1t,7sk3
b1b2.12,9.582,7f1t,7sk3
b1b2.14,13.19,7f1t,7sk3
b1b2.16,12.853,7f1t,7sk3
B2.1,7.389,7f1t,7sk3
B2.2,10.626,7f1t,7sk3
B2.3,13.776,7f1t,7sk3
B2.4,19.259,7f1t,7sk3
B2.5,25.831,7f1t,7sk3
B2.6,29.542,7f1t,7sk3
b2b3.2,36.128,7f1t,7sk3
b2b3.4,37.707,7f1t,7sk3
b2b3.11,34.95,7f1t,7sk3
b2b3.12,29.027,7f1t,7sk3
B3.1,22.267,7f1t,7sk3
B3.2,17.387,7f1t,7sk3
B3.3,10.32,7f1t,7sk3
B3.4,8.103,7f1t,7sk3
b3h.1,3.29,7f1t,7sk3
b3h.2,8.192,7f1t,7sk3
b3h.3,7.561,7f1t,7sk3
b3h.4,6.45,7f1t,7sk3
H.1,10.611,7f1t,7sk3
H.2,13.164,7f1t,7sk3
H.3,12.996,7f1t,7sk3
H.4,15.231,7f1t,7sk3
H.5,18.916,7f1t,7sk3
H.6,20.315,7f1t,7sk3
H.7,20.378,7f1t,7sk3
H.8,23.58,7f1t,7sk3
H.9,26.649,7f1t,7sk3
H.10,27.187,7f1t,7sk3
CT,28.348,7f1t,7sk3
NTc.Cm7,5.787,7f1t,7xbx
NTc.Cm6,4.128,7f1t,7xbx
NTc.Cm5,3.937,7f1t,7xbx
NTc.Cm4,5.607,7f1t,7xbx
NTc.Cm3,8.589,7f1t,7xbx
NTc.Cm2,6.554,7f1t,7xbx
NTc.Cm1,7.659,7f1t,7xbx
CX.1,7.921,7f1t,7xbx
CX.5,4.988,7f1t,7xbx
cxb1.1,3.613,7f1t,7xbx
cxb1.2,8.198,7f1t,7xbx
cxb1.5,9.266,7f1t,7xbx
cxb1.6,8.634,7f1t,7xbx
cxb1.8,11.026,7f1t,7xbx
cxb1.10,13.938,7f1t,7xbx
cxb1.11,14.38,7f1t,7xbx
cxb1.14,14.48,7f1t,7xbx
cxb1.15,19.473,7f1t,7xbx
cxb1.16,19.682,7f1t,7xbx
B1.1,17.922,7f1t,7xbx
B1.2,15.614,7f1t,7xbx
B1.3,16.418,7f1t,7xbx
B1.4,14.213,7f1t,7xbx
B1.5,11.489,7f1t,7xbx
B1.6,11.111,7f1t,7xbx
B1.7,9.388,7f1t,7xbx
b1b2.4,7.044,7f1t,7xbx
b1b2.6,6.746,7f1t,7xbx
b1b2.9,11.855,7f1t,7xbx
b1b2.10,11.251,7f1t,7xbx
b1b2.12,7.191,7f1t,7xbx
b1b2.13,9.662,7f1t,7xbx
b1b2.14,6.529,7f1t,7xbx
b1b2.16,6.69,7f1t,7xbx
B2.1,6.306,7f1t,7xbx
B2.2,9.008,7f1t,7xbx
B2.3,9.392,7f1t,7xbx
B2.4,12.454,7f1t,7xbx
B2.5,15.382,7f1t,7xbx
B2.6,16.406,7f1t,7xbx
b2b3.4,17.744,7f1t,7xbx
b2b3.11,15.428,7f1t,7xbx
b2b3.12,13.473,7f1t,7xbx
B3.1,12.025,7f1t,7xbx
B3.2,11.548,7f1t,7xbx
B3.3,9.435,7f1t,7xbx
b3h.4,9.422,7f1t,7xbx
H.1,9.601,7f1t,7xbx
H.2,10.411,7f1t,7xbx
H.3,11.953,7f1t,7xbx
H.4,12.938,7f1t,7xbx
H.5,13.701,7f1t,7xbx
H.6,15.284,7f1t,7xbx
H.7,16.698,7f1t,7xbx
H.8,17.966,7f1t,7xbx
H.9,18.974,7f1t,7xbx
H.10,20.733,7f1t,7xbx
CT,22.062,7f1t,7xbx
NTc.Cm7,7.234,7f1t,4rws
NTc.Cm6,5.234,7f1t,4rws
NTc.Cm5,4.088,7f1t,4rws
NTc.Cm4,4.745,7f1t,4rws
NTc.Cm3,2.1,7f1t,4rws
NTc.Cm2,3.626,7f1t,4rws
NTc.Cm1,3.647,7f1t,4rws
CX.1,4.555,7f1t,4rws
CX.5,5.87,7f1t,4rws
cxb1.1,4.914,7f1t,4rws
cxb1.2,7.192,7f1t,4rws
cxb1.5,9.818,7f1t,4rws
cxb1.6,12.642,7f1t,4rws
cxb1.7,13.347,7f1t,4rws
cxb1.8,17.209,7f1t,4rws
cxb1.10,17.956,7f1t,4rws
cxb1.11,17.099,7f1t,4rws
cxb1.14,19.165,7f1t,4rws
cxb1.15,19.526,7f1t,4rws
cxb1.16,20.87,7f1t,4rws
B1.1,18.073,7f1t,4rws
B1.2,16.379,7f1t,4rws
B1.3,15.19,7f1t,4rws
B1.4,14.03,7f1t,4rws
B1.5,12.94,7f1t,4rws
B1.6,11.605,7f1t,4rws
B1.7,11.403,7f1t,4rws
b1b2.4,9.059,7f1t,4rws
b1b2.9,9.629,7f1t,4rws
b1b2.10,8.002,7f1t,4rws
b1b2.12,6.174,7f1t,4rws
b1b2.13,5.478,7f1t,4rws
b1b2.14,7.181,7f1t,4rws
b1b2.16,9.45,7f1t,4rws
B2.1,10.047,7f1t,4rws
B2.2,10.772,7f1t,4rws
B2.3,9.879,7f1t,4rws
B2.4,11.862,7f1t,4rws
B2.5,11.139,7f1t,4rws
B2.6,13.031,7f1t,4rws
b2b3.2,13.768,7f1t,4rws
b2b3.4,13.057,7f1t,4rws
b2b3.11,9.749,7f1t,4rws
b2b3.12,9.564,7f1t,4rws
B3.1,9.014,7f1t,4rws
B3.2,9.777,7f1t,4rws
B3.3,9.246,7f1t,4rws
B3.4,11.514,7f1t,4rws
b3h.1,11.83,7f1t,4rws
b3h.2,13.802,7f1t,4rws
b3h.3,14.893,7f1t,4rws
b3h.4,16.623,7f1t,4rws
H.1,19.854,7f1t,4rws
H.2,19.546,7f1t,4rws
H.3,17.124,7f1t,4rws
H.4,18.898,7f1t,4rws
H.5,21.386,7f1t,4rws
H.6,19.325,7f1t,4rws
H.7,18.045,7f1t,4rws
H.8,21.607,7f1t,4rws
H.9,22.47,7f1t,4rws
H.10,19.886,7f1t,4rws
CT,20.42,7f1t,4rws
NTc.Cm7,3.874,7f1t,4xt1
NTc.Cm6,2.718,7f1t,4xt1
NTc.Cm5,4.363,7f1t,4xt1
NTc.Cm4,6.54,7f1t,4xt1
NTc.Cm3,9.008,7f1t,4xt1
NTc.Cm2,6.465,7f1t,4xt1
NTc.Cm1,8.347,7f1t,4xt1
CX.1,7.741,7f1t,4xt1
CX.5,2.083,7f1t,4xt1
cxb1.1,0.822,7f1t,4xt1
cxb1.2,0.836,7f1t,4xt1
cxb1.5,2.695,7f1t,4xt1
cxb1.6,4.808,7f1t,4xt1
cxb1.8,5.531,7f1t,4xt1
cxb1.10,10.787,7f1t,4xt1
cxb1.11,9.271,7f1t,4xt1
cxb1.14,12.217,7f1t,4xt1
cxb1.15,13.287,7f1t,4xt1
cxb1.16,15.047,7f1t,4xt1
B1.1,13.54,7f1t,4xt1
B1.2,13.151,7f1t,4xt1
B1.3,14.707,7f1t,4xt1
B1.4,13.852,7f1t,4xt1
B1.5,11.929,7f1t,4xt1
B1.6,11.41,7f1t,4xt1
B1.7,10.975,7f1t,4xt1
b1b2.4,8.384,7f1t,4xt1
b1b2.6,9.582,7f1t,4xt1
b1b2.9,11.85,7f1t,4xt1
b1b2.10,9.935,7f1t,4xt1
b1b2.12,7.62,7f1t,4xt1
b1b2.13,11.639,7f1t,4xt1
b1b2.14,8.591,7f1t,4xt1
b1b2.16,8.72,7f1t,4xt1
B2.1,10.384,7f1t,4xt1
B2.2,10.742,7f1t,4xt1
B2.3,10.523,7f1t,4xt1
B2.4,12.637,7f1t,4xt1
B2.5,13.606,7f1t,4xt1
B2.6,14.521,7f1t,4xt1
b2b3.4,13.734,7f1t,4xt1
b2b3.11,11.537,7f1t,4xt1
b2b3.12,9.53,7f1t,4xt1
B3.1,7.888,7f1t,4xt1
B3.2,5.931,7f1t,4xt1
B3.3,4.331,7f1t,4xt1
B3.4,5.856,7f1t,4xt1
b3h.1,6.41,7f1t,4xt1
b3h.2,9.195,7f1t,4xt1
b3h.3,9.73,7f1t,4xt1
b3h.4,9.213,7f1t,4xt1
H.1,11.118,7f1t,4xt1
H.2,10.75,7f1t,4xt1
H.3,10.539,7f1t,4xt1
H.4,13.568,7f1t,4xt1
H.5,15.166,7f1t,4xt1
H.6,13.986,7f1t,4xt1
H.7,14.604,7f1t,4xt1
H.8,18.249,7f1t,4xt1
H.9,19.098,7f1t,4xt1
H.10,17.868,7f1t,4xt1
CT,19.399,7f1t,4xt1
NTc.Cm7,0.852,7f1t,5wb2
NTc.Cm6,5.147,7f1t,5wb2
NTc.Cm5,4.878,7f1t,5wb2
NTc.Cm4,4.914,7f1t,5wb2
NTc.Cm3,7.548,7f1t,5wb2
NTc.Cm2,7.956,7f1t,5wb2
NTc.Cm1,8.764,7f1t,5wb2
CX.1,7.787,7f1t,5wb2
CX.5,2.283,7f1t,5wb2
cxb1.1,1.978,7f1t,5wb2
cxb1.2,2.9,7f1t,5wb2
cxb1.5,3.418,7f1t,5wb2
cxb1.6,5.836,7f1t,5wb2
cxb1.8,8.485,7f1t,5wb2
cxb1.10,9.769,7f1t,5wb2
cxb1.11,9.925,7f1t,5wb2
cxb1.14,12.67,7f1t,5wb2
cxb1.15,13.296,7f1t,5wb2
cxb1.16,16.068,7f1t,5wb2
B1.1,14.441,7f1t,5wb2
B1.2,13.076,7f1t,5wb2
B1.3,14.233,7f1t,5wb2
B1.4,12.901,7f1t,5wb2
B1.5,10.56,7f1t,5wb2
B1.6,10.246,7f1t,5wb2
B1.7,9.312,7f1t,5wb2
b1b2.4,7.91,7f1t,5wb2
b1b2.6,11.844,7f1t,5wb2
b1b2.9,12.463,7f1t,5wb2
b1b2.10,9.372,7f1t,5wb2
b1b2.12,4.653,7f1t,5wb2
b1b2.13,6.069,7f1t,5wb2
b1b2.14,5.801,7f1t,5wb2
b1b2.16,6.447,7f1t,5wb2
B2.1,8.311,7f1t,5wb2
B2.2,9.549,7f1t,5wb2
B2.3,9.817,7f1t,5wb2
B2.4,11.72,7f1t,5wb2
B2.5,14.373,7f1t,5wb2
B2.6,14.816,7f1t,5wb2
b2b3.4,15.06,7f1t,5wb2
b2b3.11,12.555,7f1t,5wb2
b2b3.12,10.605,7f1t,5wb2
B3.1,8.443,7f1t,5wb2
B3.2,6.681,7f1t,5wb2
B3.3,4.274,7f1t,5wb2
B3.4,4.416,7f1t,5wb2
b3h.1,3.305,7f1t,5wb2
b3h.2,5.613,7f1t,5wb2
b3h.3,4.936,7f1t,5wb2
b3h.4,4.841,7f1t,5wb2
H.1,7.687,7f1t,5wb2
H.2,8.8,7f1t,5wb2
H.3,8.133,7f1t,5wb2
H.4,9.801,7f1t,5wb2
H.5,11.932,7f1t,5wb2
H.6,12.075,7f1t,5wb2
H.7,11.99,7f1t,5wb2
H.8,15.175,7f1t,5wb2
H.9,16.733,7f1t,5wb2
H.10,16.217,7f1t,5wb2
CT,17.22,7f1t,5wb2
NTc.Cm5,3.757,6wwz,6lfo
NTc.Cm4,3.439,6wwz,6lfo
NTc.Cm3,5.03,6wwz,6lfo
NTc.Cm2,4.36,6wwz,6lfo
NTc.Cm1,5.877,6wwz,6lfo
CX.1,3.628,6wwz,6lfo
CX.5,1.971,6wwz,6lfo
cxb1.1,1.458,6wwz,6lfo
cxb1.2,1.525,6wwz,6lfo
cxb1.5,1.587,6wwz,6lfo
cxb1.6,1.679,6wwz,6lfo
cxb1.7,4.537,6wwz,6lfo
cxb1.8,3.612,6wwz,6lfo
cxb1.10,3.503,6wwz,6lfo
cxb1.11,4.571,6wwz,6lfo
cxb1.14,2.814,6wwz,6lfo
cxb1.15,3.073,6wwz,6lfo
cxb1.16,3.154,6wwz,6lfo
B1.1,4.094,6wwz,6lfo
B1.2,4.151,6wwz,6lfo
B1.3,4.502,6wwz,6lfo
B1.4,3.761,6wwz,6lfo
B1.5,2.641,6wwz,6lfo
B1.6,3.016,6wwz,6lfo
B1.7,2.94,6wwz,6lfo
b1b2.4,3.339,6wwz,6lfo
b1b2.6,4.29,6wwz,6lfo
b1b2.7,4.324,6wwz,6lfo
b1b2.8,3.894,6wwz,6lfo
b1b2.9,2.454,6wwz,6lfo
b1b2.10,3.217,6wwz,6lfo
b1b2.12,4.38,6wwz,6lfo
b1b2.13,5.084,6wwz,6lfo
b1b2.14,4.014,6wwz,6lfo
b1b2.16,2.942,6wwz,6lfo
B2.1,0.901,6wwz,6lfo
B2.2,1.154,6wwz,6lfo
B2.3,1.296,6wwz,6lfo
B2.4,1.902,6wwz,6lfo
B2.5,3.747,6wwz,6lfo
B2.6,3.011,6wwz,6lfo
b2b3.2,3.438,6wwz,6lfo
b2b3.4,3.838,6wwz,6lfo
b2b3.11,4.196,6wwz,6lfo
b2b3.12,3.707,6wwz,6lfo
B3.1,2.977,6wwz,6lfo
B3.2,2.229,6wwz,6lfo
B3.3,1.072,6wwz,6lfo
B3.4,0.454,6wwz,6lfo
b3h.1,0.76,6wwz,6lfo
b3h.2,2.241,6wwz,6lfo
b3h.3,2.948,6wwz,6lfo
b3h.4,3.102,6wwz,6lfo
H.1,3.999,6wwz,6lfo
H.2,4.31,6wwz,6lfo
H.3,3.933,6wwz,6lfo
H.4,3.585,6wwz,6lfo
H.5,3.804,6wwz,6lfo
H.6,4.554,6wwz,6lfo
H.7,4.298,6wwz,6lfo
H.8,4.803,6wwz,6lfo
H.9,6.054,6wwz,6lfo
H.10,6.2,6wwz,6lfo
NTc.Cm5,7.938,6wwz,ngo
NTc.Cm4,8.76,6wwz,ngo
NTc.Cm3,7.483,6wwz,ngo
NTc.Cm2,7.543,6wwz,ngo
NTc.Cm1,8.7,6wwz,ngo
CX.1,4.514,6wwz,ngo
CX.5,1.37,6wwz,ngo
cxb1.1,1.105,6wwz,ngo
cxb1.2,3.099,6wwz,ngo
cxb1.5,3.864,6wwz,ngo
cxb1.6,5.916,6wwz,ngo
cxb1.8,6.11,6wwz,ngo
cxb1.10,2.904,6wwz,ngo
cxb1.11,3.749,6wwz,ngo
cxb1.14,4.446,6wwz,ngo
cxb1.15,3.411,6wwz,ngo
cxb1.16,3.75,6wwz,ngo
B1.1,3.799,6wwz,ngo
B1.2,3.217,6wwz,ngo
B1.3,3.297,6wwz,ngo
B1.4,3.172,6wwz,ngo
B1.5,2.729,6wwz,ngo
B1.6,1.693,6wwz,ngo
B1.7,2.206,6wwz,ngo
b1b2.4,3.602,6wwz,ngo
b1b2.7,7.345,6wwz,ngo
b1b2.8,3.515,6wwz,ngo
b1b2.9,6.095,6wwz,ngo
b1b2.10,7.815,6wwz,ngo
b1b2.12,5.719,6wwz,ngo
b1b2.14,3.859,6wwz,ngo
b1b2.16,2.652,6wwz,ngo
B2.1,3.194,6wwz,ngo
B2.2,2.186,6wwz,ngo
B2.3,2.542,6wwz,ngo
B2.4,3.197,6wwz,ngo
B2.5,3.619,6wwz,ngo
B2.6,3.48,6wwz,ngo
b2b3.2,4.741,6wwz,ngo
b2b3.4,2.906,6wwz,ngo
b2b3.11,4.783,6wwz,ngo
b2b3.12,3.936,6wwz,ngo
B3.1,3.726,6wwz,ngo
B3.2,3.523,6wwz,ngo
B3.3,2.791,6wwz,ngo
B3.4,3.347,6wwz,ngo
b3h.1,2.492,6wwz,ngo
b3h.2,1.243,6wwz,ngo
b3h.3,2.602,6wwz,ngo
b3h.4,4.586,6wwz,ngo
H.1,3.156,6wwz,ngo
H.2,5.018,6wwz,ngo
H.3,4.61,6wwz,ngo
H.4,3.045,6wwz,ngo
H.5,5.421,6wwz,ngo
H.6,6.377,6wwz,ngo
H.7,5.807,6wwz,ngo
H.8,6.089,6wwz,ngo
H.9,7.798,6wwz,ngo
H.10,9.1,6wwz,ngo
CT,9.01,6wwz,ngo
NTc.Cm5,3.518,6wwz,7sk3
NTc.Cm4,6.855,6wwz,7sk3
NTc.Cm3,8.21,6wwz,7sk3
NTc.Cm2,5.216,6wwz,7sk3
NTc.Cm1,6.147,6wwz,7sk3
CX.1,3.188,6wwz,7sk3
CX.5,6.268,6wwz,7sk3
cxb1.1,10.152,6wwz,7sk3
cxb1.2,13.691,6wwz,7sk3
cxb1.5,12.339,6wwz,7sk3
cxb1.6,15.639,6wwz,7sk3
cxb1.8,20.946,6wwz,7sk3
cxb1.10,22.21,6wwz,7sk3
cxb1.11,22.161,6wwz,7sk3
cxb1.14,23.666,6wwz,7sk3
cxb1.15,21.538,6wwz,7sk3
cxb1.16,28.049,6wwz,7sk3
B1.1,28.116,6wwz,7sk3
B1.2,24.109,6wwz,7sk3
B1.3,27.367,6wwz,7sk3
B1.4,23.836,6wwz,7sk3
B1.5,17.478,6wwz,7sk3
B1.6,15.426,6wwz,7sk3
B1.7,11.441,6wwz,7sk3
b1b2.4,9.59,6wwz,7sk3
b1b2.7,14.53,6wwz,7sk3
b1b2.8,16.164,6wwz,7sk3
b1b2.9,13.726,6wwz,7sk3
b1b2.10,7.708,6wwz,7sk3
b1b2.12,6.99,6wwz,7sk3
b1b2.14,12.052,6wwz,7sk3
b1b2.16,8.939,6wwz,7sk3
B2.1,3.307,6wwz,7sk3
B2.2,6.191,6wwz,7sk3
B2.3,10.72,6wwz,7sk3
B2.4,15.884,6wwz,7sk3
B2.5,22.6,6wwz,7sk3
B2.6,27.18,6wwz,7sk3
b2b3.2,32.91,6wwz,7sk3
b2b3.4,35.306,6wwz,7sk3
b2b3.11,31.039,6wwz,7sk3
b2b3.12,25.991,6wwz,7sk3
B3.1,19.261,6wwz,7sk3
B3.2,17.11,6wwz,7sk3
B3.3,10.986,6wwz,7sk3
B3.4,8.12,6wwz,7sk3
b3h.1,5.603,6wwz,7sk3
b3h.2,1.378,6wwz,7sk3
b3h.3,4.775,6wwz,7sk3
b3h.4,5.292,6wwz,7sk3
H.1,3.933,6wwz,7sk3
H.2,5.824,6wwz,7sk3
H.3,5.064,6wwz,7sk3
H.4,2.995,6wwz,7sk3
H.5,4.796,6wwz,7sk3
H.6,8.995,6wwz,7sk3
H.7,9.121,6wwz,7sk3
H.8,10.123,6wwz,7sk3
H.9,12.562,6wwz,7sk3
H.10,14.946,6wwz,7sk3
CT,15.556,6wwz,7sk3
NTc.Cm5,6.523,6wwz,7xbx
NTc.Cm4,5.944,6wwz,7xbx
NTc.Cm3,8.438,6wwz,7xbx
NTc.Cm2,7.46,6wwz,7xbx
NTc.Cm1,9.161,6wwz,7xbx
CX.1,9.071,6wwz,7xbx
CX.5,2.602,6wwz,7xbx
cxb1.1,2.997,6wwz,7xbx
cxb1.2,3.733,6wwz,7xbx
cxb1.5,3.925,6wwz,7xbx
cxb1.6,8.1,6wwz,7xbx
cxb1.8,11.072,6wwz,7xbx
cxb1.10,8.148,6wwz,7xbx
cxb1.11,6.638,6wwz,7xbx
cxb1.14,7.568,6wwz,7xbx
cxb1.15,5.311,6wwz,7xbx
cxb1.16,4.631,6wwz,7xbx
B1.1,4.113,6wwz,7xbx
B1.2,4.161,6wwz,7xbx
B1.3,4.93,6wwz,7xbx
B1.4,3.587,6wwz,7xbx
B1.5,3.938,6wwz,7xbx
B1.6,5.898,6wwz,7xbx
B1.7,7.48,6wwz,7xbx
b1b2.4,6.877,6wwz,7xbx
b1b2.6,6.888,6wwz,7xbx
b1b2.9,8.289,6wwz,7xbx
b1b2.10,7.721,6wwz,7xbx
b1b2.12,7.337,6wwz,7xbx
b1b2.13,9.059,6wwz,7xbx
b1b2.14,9.095,6wwz,7xbx
b1b2.16,7.847,6wwz,7xbx
B2.1,6.606,6wwz,7xbx
B2.2,6.303,6wwz,7xbx
B2.3,1.705,6wwz,7xbx
B2.4,4.627,6wwz,7xbx
B2.5,3.876,6wwz,7xbx
B2.6,3.499,6wwz,7xbx
b2b3.4,4.776,6wwz,7xbx
b2b3.11,3.071,6wwz,7xbx
b2b3.12,4.548,6wwz,7xbx
B3.1,5.11,6wwz,7xbx
B3.2,5.557,6wwz,7xbx
B3.3,4.378,6wwz,7xbx
b3h.4,8.826,6wwz,7xbx
H.1,9.718,6wwz,7xbx
H.2,6.804,6wwz,7xbx
H.3,3.458,6wwz,7xbx
H.4,6.631,6wwz,7xbx
H.5,6.843,6wwz,7xbx
H.6,3.021,6wwz,7xbx
H.7,4.386,6wwz,7xbx
H.8,6.667,6wwz,7xbx
H.9,4.255,6wwz,7xbx
H.10,3.671,6wwz,7xbx
CT,6.793,6wwz,7xbx
NTc.Cm5,6.235,6wwz,4rws
NTc.Cm4,4.788,6wwz,4rws
NTc.Cm3,4.237,6wwz,4rws
NTc.Cm2,3.456,6wwz,4rws
NTc.Cm1,2.942,6wwz,4rws
CX.1,2.358,6wwz,4rws
CX.5,2.262,6wwz,4rws
cxb1.1,2.758,6wwz,4rws
cxb1.2,3.744,6wwz,4rws
cxb1.5,5.289,6wwz,4rws
cxb1.6,7.957,6wwz,4rws
cxb1.7,3.982,6wwz,4rws
cxb1.8,5.374,6wwz,4rws
cxb1.10,5.785,6wwz,4rws
cxb1.11,5.671,6wwz,4rws
cxb1.14,7.239,6wwz,4rws
cxb1.15,6.649,6wwz,4rws
cxb1.16,6.744,6wwz,4rws
B1.1,6.353,6wwz,4rws
B1.2,5.369,6wwz,4rws
B1.3,4.513,6wwz,4rws
B1.4,2.764,6wwz,4rws
B1.5,2.622,6wwz,4rws
B1.6,2.351,6wwz,4rws
B1.7,2.619,6wwz,4rws
b1b2.4,2.64,6wwz,4rws
b1b2.7,7.199,6wwz,4rws
b1b2.9,4.773,6wwz,4rws
b1b2.10,3.289,6wwz,4rws
b1b2.12,3.154,6wwz,4rws
b1b2.13,3.793,6wwz,4rws
b1b2.14,4.392,6wwz,4rws
b1b2.16,3.637,6wwz,4rws
B2.1,3.318,6wwz,4rws
B2.2,3.276,6wwz,4rws
B2.3,3.241,6wwz,4rws
B2.4,3.512,6wwz,4rws
B2.5,3.491,6wwz,4rws
B2.6,4.274,6wwz,4rws
b2b3.2,4.601,6wwz,4rws
b2b3.4,5.098,6wwz,4rws
b2b3.11,4.517,6wwz,4rws
b2b3.12,4.695,6wwz,4rws
B3.1,3.968,6wwz,4rws
B3.2,3.881,6wwz,4rws
B3.3,3.609,6wwz,4rws
B3.4,4.686,6wwz,4rws
b3h.1,5.103,6wwz,4rws
b3h.2,4.946,6wwz,4rws
b3h.3,5.25,6wwz,4rws
b3h.4,6.007,6wwz,4rws
H.1,6.037,6wwz,4rws
H.2,5.92,6wwz,4rws
H.3,5.281,6wwz,4rws
H.4,5.487,6wwz,4rws
H.5,6.257,6wwz,4rws
H.6,5.536,6wwz,4rws
H.7,4.523,6wwz,4rws
H.8,5.916,6wwz,4rws
H.9,6.654,6wwz,4rws
H.10,5.38,6wwz,4rws
CT,6.993,6wwz,4rws
NTc.Cm5,6.35,6wwz,4xt1
NTc.Cm4,6.784,6wwz,4xt1
NTc.Cm3,9.122,6wwz,4xt1
NTc.Cm2,7.311,6wwz,4xt1
NTc.Cm1,9.515,6wwz,4xt1
CX.1,9.013,6wwz,4xt1
CX.5,1.878,6wwz,4xt1
cxb1.1,2.536,6wwz,4xt1
cxb1.2,4.542,6wwz,4xt1
cxb1.5,5.636,6wwz,4xt1
cxb1.6,8.626,6wwz,4xt1
cxb1.8,8.111,6wwz,4xt1
cxb1.10,4.751,6wwz,4xt1
cxb1.11,5.316,6wwz,4xt1
cxb1.14,5.502,6wwz,4xt1
cxb1.15,5.52,6wwz,4xt1
cxb1.16,5.034,6wwz,4xt1
B1.1,3.85,6wwz,4xt1
B1.2,5.388,6wwz,4xt1
B1.3,6.656,6wwz,4xt1
B1.4,6.639,6wwz,4xt1
B1.5,6.798,6wwz,4xt1
B1.6,7.917,6wwz,4xt1
B1.7,9.143,6wwz,4xt1
b1b2.4,8.023,6wwz,4xt1
b1b2.6,11.651,6wwz,4xt1
b1b2.9,8.251,6wwz,4xt1
b1b2.10,6.515,6wwz,4xt1
b1b2.12,6.424,6wwz,4xt1
b1b2.13,9.538,6wwz,4xt1
b1b2.14,8.343,6wwz,4xt1
b1b2.16,7.511,6wwz,4xt1
B2.1,8.832,6wwz,4xt1
B2.2,8.692,6wwz,4xt1
B2.3,6.396,6wwz,4xt1
B2.4,7.754,6wwz,4xt1
B2.5,4.547,6wwz,4xt1
B2.6,5.595,6wwz,4xt1
b2b3.4,1.226,6wwz,4xt1
b2b3.11,1.854,6wwz,4xt1
b2b3.12,1.693,6wwz,4xt1
B3.1,2.719,6wwz,4xt1
B3.2,3.513,6wwz,4xt1
B3.3,4.622,6wwz,4xt1
B3.4,7.251,6wwz,4xt1
b3h.1,8.355,6wwz,4xt1
b3h.2,9.729,6wwz,4xt1
b3h.3,10.882,6wwz,4xt1
b3h.4,11.319,6wwz,4xt1
H.1,11.647,6wwz,4xt1
H.2,9.955,6wwz,4xt1
H.3,9.337,6wwz,4xt1
H.4,11.438,6wwz,4xt1
H.5,11.331,6wwz,4xt1
H.6,9,6wwz,4xt1
H.7,9.937,6wwz,4xt1
H.8,11.72,6wwz,4xt1
H.9,11.157,6wwz,4xt1
H.10,10.229,6wwz,4xt1
CT,11.845,6wwz,4xt1
NTc.Cm5,8.205,6wwz,5wb2
NTc.Cm4,5.594,6wwz,5wb2
NTc.Cm3,6.764,6wwz,5wb2
NTc.Cm2,7.838,6wwz,5wb2
NTc.Cm1,9.693,6wwz,5wb2
CX.1,9.248,6wwz,5wb2
CX.5,2.21,6wwz,5wb2
cxb1.1,1.589,6wwz,5wb2
cxb1.2,2.857,6wwz,5wb2
cxb1.5,3.521,6wwz,5wb2
cxb1.6,5.517,6wwz,5wb2
cxb1.8,7.892,6wwz,5wb2
cxb1.10,5.84,6wwz,5wb2
cxb1.11,5.051,6wwz,5wb2
cxb1.14,4.332,6wwz,5wb2
cxb1.15,3.076,6wwz,5wb2
cxb1.16,2.959,6wwz,5wb2
B1.1,2.396,6wwz,5wb2
B1.2,1.225,6wwz,5wb2
B1.3,1.623,6wwz,5wb2
B1.4,1.251,6wwz,5wb2
B1.5,1.857,6wwz,5wb2
B1.6,4.261,6wwz,5wb2
B1.7,5.867,6wwz,5wb2
b1b2.4,6.864,6wwz,5wb2
b1b2.6,12.176,6wwz,5wb2
b1b2.9,9.842,6wwz,5wb2
b1b2.10,5.116,6wwz,5wb2
b1b2.12,4.748,6wwz,5wb2
b1b2.13,4.785,6wwz,5wb2
b1b2.14,6.051,6wwz,5wb2
b1b2.16,6.005,6wwz,5wb2
B2.1,6.241,6wwz,5wb2
B2.2,6.198,6wwz,5wb2
B2.3,3.175,6wwz,5wb2
B2.4,3.895,6wwz,5wb2
B2.5,3.902,6wwz,5wb2
B2.6,2.971,6wwz,5wb2
b2b3.4,3.984,6wwz,5wb2
b2b3.11,2.792,6wwz,5wb2
b2b3.12,1.335,6wwz,5wb2
B3.1,0.351,6wwz,5wb2
B3.2,2.6,6wwz,5wb2
B3.3,3.635,6wwz,5wb2
B3.4,4.916,6wwz,5wb2
b3h.1,5.797,6wwz,5wb2
b3h.2,6.503,6wwz,5wb2
b3h.3,7.909,6wwz,5wb2
b3h.4,7.872,6wwz,5wb2
H.1,7.341,6wwz,5wb2
H.2,5.778,6wwz,5wb2
H.3,4.875,6wwz,5wb2
H.4,5.957,6wwz,5wb2
H.5,6.062,6wwz,5wb2
H.6,4.113,6wwz,5wb2
H.7,4.383,6wwz,5wb2
H.8,4.908,6wwz,5wb2
H.9,3.914,6wwz,5wb2
H.10,3.588,6wwz,5wb2
CT,4.867,6wwz,5wb2
NTc.Cm5,9.602,6lfo,ngo
NTc.Cm4,8.718,6lfo,ngo
NTc.Cm3,5.491,6lfo,ngo
NTc.Cm2,4.39,6lfo,ngo
NTc.Cm1,3.698,6lfo,ngo
CX.1,2.168,6lfo,ngo
CX.4,2.322,6lfo,ngo
CX.5,1.142,6lfo,ngo
cxb1.1,1.889,6lfo,ngo
cxb1.2,3.845,6lfo,ngo
cxb1.5,3.942,6lfo,ngo
cxb1.6,3.878,6lfo,ngo
cxb1.8,6.416,6lfo,ngo
cxb1.10,4.985,6lfo,ngo
cxb1.11,6.806,6lfo,ngo
cxb1.14,5.398,6lfo,ngo
cxb1.15,4.426,6lfo,ngo
cxb1.16,4.63,6lfo,ngo
B1.1,6.094,6lfo,ngo
B1.2,5.927,6lfo,ngo
B1.3,6.287,6lfo,ngo
B1.4,5.816,6lfo,ngo
B1.5,4.216,6lfo,ngo
B1.6,3.223,6lfo,ngo
B1.7,2.903,6lfo,ngo
b1b2.4,2.629,6lfo,ngo
b1b2.7,4.114,6lfo,ngo
b1b2.8,3.964,6lfo,ngo
b1b2.9,6.225,6lfo,ngo
b1b2.10,5.937,6lfo,ngo
b1b2.12,3.414,6lfo,ngo
b1b2.14,2.092,6lfo,ngo
b1b2.16,4.478,6lfo,ngo
B2.1,2.334,6lfo,ngo
B2.2,2.383,6lfo,ngo
B2.3,2.817,6lfo,ngo
B2.4,3.937,6lfo,ngo
B2.5,6.124,6lfo,ngo
B2.6,5.34,6lfo,ngo
b2b3.2,6.995,6lfo,ngo
b2b3.4,5.391,6lfo,ngo
b2b3.11,7.611,6lfo,ngo
b2b3.12,6.392,6lfo,ngo
B3.1,5.555,6lfo,ngo
B3.2,3.676,6lfo,ngo
B3.3,2.046,6lfo,ngo
B3.4,2.489,6lfo,ngo
b3h.1,2.002,6lfo,ngo
b3h.2,2.048,6lfo,ngo
b3h.3,3.301,6lfo,ngo
b3h.4,5.986,6lfo,ngo
H.1,5.391,6lfo,ngo
H.2,7.347,6lfo,ngo
H.3,6.598,6lfo,ngo
H.4,4.735,6lfo,ngo
H.5,7.423,6lfo,ngo
H.6,9.119,6lfo,ngo
H.7,8.678,6lfo,ngo
H.8,9.478,6lfo,ngo
H.9,12.006,6lfo,ngo
H.10,13.544,6lfo,ngo
NTc.Cm5,3.039,6lfo,7sk3
NTc.Cm4,3.628,6lfo,7sk3
NTc.Cm3,3.903,6lfo,7sk3
NTc.Cm2,2.561,6lfo,7sk3
NTc.Cm1,3.331,6lfo,7sk3
CX.1,3.629,6lfo,7sk3
CX.4,4.337,6lfo,7sk3
CX.5,5.869,6lfo,7sk3
cxb1.1,10.525,6lfo,7sk3
cxb1.2,13.961,6lfo,7sk3
cxb1.5,13.633,6lfo,7sk3
cxb1.6,17.099,6lfo,7sk3
cxb1.8,20.361,6lfo,7sk3
cxb1.10,22.102,6lfo,7sk3
cxb1.11,22.108,6lfo,7sk3
cxb1.14,23.056,6lfo,7sk3
cxb1.15,19.727,6lfo,7sk3
cxb1.16,26.08,6lfo,7sk3
B1.1,26.808,6lfo,7sk3
B1.2,23.172,6lfo,7sk3
B1.3,25.607,6lfo,7sk3
B1.4,22.241,6lfo,7sk3
B1.5,16.956,6lfo,7sk3
B1.6,14.131,6lfo,7sk3
B1.7,11.02,6lfo,7sk3
b1b2.4,11.286,6lfo,7sk3
b1b2.7,14.621,6lfo,7sk3
b1b2.8,15.803,6lfo,7sk3
b1b2.9,15.417,6lfo,7sk3
b1b2.10,9.646,6lfo,7sk3
b1b2.12,8.186,6lfo,7sk3
b1b2.14,12.512,6lfo,7sk3
b1b2.16,8.708,6lfo,7sk3
B2.1,2.917,6lfo,7sk3
B2.2,6.194,6lfo,7sk3
B2.3,11,6lfo,7sk3
B2.4,15.541,6lfo,7sk3
B2.5,21.221,6lfo,7sk3
B2.6,27.155,6lfo,7sk3
b2b3.2,32.263,6lfo,7sk3
b2b3.4,34.367,6lfo,7sk3
b2b3.11,29.383,6lfo,7sk3
b2b3.12,25.033,6lfo,7sk3
B3.1,18.899,6lfo,7sk3
B3.2,15.731,6lfo,7sk3
B3.3,10.286,6lfo,7sk3
B3.4,8.156,6lfo,7sk3
b3h.1,6.192,6lfo,7sk3
b3h.2,3.575,6lfo,7sk3
b3h.3,7.496,6lfo,7sk3
b3h.4,7.249,6lfo,7sk3
H.1,6.274,6lfo,7sk3
H.2,5.038,6lfo,7sk3
H.3,3.642,6lfo,7sk3
H.4,2.701,6lfo,7sk3
H.5,2.494,6lfo,7sk3
H.6,5.43,6lfo,7sk3
H.7,5.633,6lfo,7sk3
H.8,6.167,6lfo,7sk3
H.9,7.491,6lfo,7sk3
H.10,10.012,6lfo,7sk3
NTc.Cm5,5.798,6lfo,7xbx
NTc.Cm4,5.716,6lfo,7xbx
NTc.Cm3,7.598,6lfo,7xbx
NTc.Cm2,8.233,6lfo,7xbx
NTc.Cm1,11.433,6lfo,7xbx
CX.1,10.776,6lfo,7xbx
CX.4,4.591,6lfo,7xbx
CX.5,3.794,6lfo,7xbx
cxb1.1,3.575,6lfo,7xbx
cxb1.2,4.345,6lfo,7xbx
cxb1.5,5.015,6lfo,7xbx
cxb1.6,9.477,6lfo,7xbx
cxb1.8,11.878,6lfo,7xbx
cxb1.10,10.102,6lfo,7xbx
cxb1.11,7.997,6lfo,7xbx
cxb1.14,8.455,6lfo,7xbx
cxb1.15,3.874,6lfo,7xbx
cxb1.16,4.879,6lfo,7xbx
B1.1,5.896,6lfo,7xbx
B1.2,5.446,6lfo,7xbx
B1.3,5.113,6lfo,7xbx
B1.4,5.053,6lfo,7xbx
B1.5,5.877,6lfo,7xbx
B1.6,6.425,6lfo,7xbx
B1.7,8.741,6lfo,7xbx
b1b2.4,8.111,6lfo,7xbx
b1b2.6,8.992,6lfo,7xbx
b1b2.9,9.298,6lfo,7xbx
b1b2.10,10.166,6lfo,7xbx
b1b2.12,10.208,6lfo,7xbx
b1b2.13,10.833,6lfo,7xbx
b1b2.14,11.651,6lfo,7xbx
b1b2.16,10.245,6lfo,7xbx
B2.1,6.378,6lfo,7xbx
B2.2,6.275,6lfo,7xbx
B2.3,2.356,6lfo,7xbx
B2.4,5.19,6lfo,7xbx
B2.5,1.835,6lfo,7xbx
B2.6,2.853,6lfo,7xbx
b2b3.4,3.613,6lfo,7xbx
b2b3.11,2.942,6lfo,7xbx
b2b3.12,5.777,6lfo,7xbx
B3.1,6.539,6lfo,7xbx
B3.2,5.324,6lfo,7xbx
B3.3,4.315,6lfo,7xbx
b3h.4,11.152,6lfo,7xbx
H.1,12.536,6lfo,7xbx
H.2,9.975,6lfo,7xbx
H.3,7.526,6lfo,7xbx
H.4,10.111,6lfo,7xbx
H.5,10.744,6lfo,7xbx
H.6,7.657,6lfo,7xbx
H.7,6.834,6lfo,7xbx
H.8,9.52,6lfo,7xbx
H.9,9.233,6lfo,7xbx
H.10,6.432,6lfo,7xbx
NTc.Cm5,6.902,6lfo,4rws
NTc.Cm4,7.059,6lfo,4rws
NTc.Cm3,5.734,6lfo,4rws
NTc.Cm2,6.362,6lfo,4rws
NTc.Cm1,7.685,6lfo,4rws
CX.1,4.852,6lfo,4rws
CX.5,2.974,6lfo,4rws
cxb1.1,3.336,6lfo,4rws
cxb1.2,4.708,6lfo,4rws
cxb1.5,5.525,6lfo,4rws
cxb1.6,6.873,6lfo,4rws
cxb1.7,7.585,6lfo,4rws
cxb1.8,8.665,6lfo,4rws
cxb1.10,8.645,6lfo,4rws
cxb1.11,9.174,6lfo,4rws
cxb1.14,8.848,6lfo,4rws
cxb1.15,8.847,6lfo,4rws
cxb1.16,9.367,6lfo,4rws
B1.1,9.298,6lfo,4rws
B1.2,6.626,6lfo,4rws
B1.3,6.263,6lfo,4rws
B1.4,4.601,6lfo,4rws
B1.5,3.003,6lfo,4rws
B1.6,2.585,6lfo,4rws
B1.7,1.725,6lfo,4rws
b1b2.4,3.369,6lfo,4rws
b1b2.7,6.581,6lfo,4rws
b1b2.9,5.394,6lfo,4rws
b1b2.10,2.274,6lfo,4rws
b1b2.12,4.261,6lfo,4rws
b1b2.13,5.935,6lfo,4rws
b1b2.14,5.855,6lfo,4rws
b1b2.16,3.511,6lfo,4rws
B2.1,2.724,6lfo,4rws
B2.2,2.545,6lfo,4rws
B2.3,2.946,6lfo,4rws
B2.4,4.242,6lfo,4rws
B2.5,6.345,6lfo,4rws
B2.6,5.813,6lfo,4rws
b2b3.2,6.544,6lfo,4rws
b2b3.4,8.179,6lfo,4rws
b2b3.11,8.332,6lfo,4rws
b2b3.12,7.727,6lfo,4rws
B3.1,5.997,6lfo,4rws
B3.2,5.647,6lfo,4rws
B3.3,4.488,6lfo,4rws
B3.4,5.063,6lfo,4rws
b3h.1,5.266,6lfo,4rws
b3h.2,5.445,6lfo,4rws
b3h.3,6.427,6lfo,4rws
b3h.4,7.774,6lfo,4rws
H.1,8.522,6lfo,4rws
H.2,8.649,6lfo,4rws
H.3,7.466,6lfo,4rws
H.4,6.912,6lfo,4rws
H.5,7.856,6lfo,4rws
H.6,7.734,6lfo,4rws
H.7,5.872,6lfo,4rws
H.8,6.32,6lfo,4rws
H.9,8.572,6lfo,4rws
H.10,8.032,6lfo,4rws
NTc.Cm5,4.181,6lfo,4xt1
NTc.Cm4,6.747,6lfo,4xt1
NTc.Cm3,8.409,6lfo,4xt1
NTc.Cm2,8.299,6lfo,4xt1
NTc.Cm1,11.859,6lfo,4xt1
CX.1,10.509,6lfo,4xt1
CX.4,3.277,6lfo,4xt1
CX.5,3.429,6lfo,4xt1
cxb1.1,3.223,6lfo,4xt1
cxb1.2,5.52,6lfo,4xt1
cxb1.5,7.3,6lfo,4xt1
cxb1.6,8.467,6lfo,4xt1
cxb1.8,10.378,6lfo,4xt1
cxb1.10,8.506,6lfo,4xt1
cxb1.11,10.172,6lfo,4xt1
cxb1.14,8.483,6lfo,4xt1
cxb1.15,8.806,6lfo,4xt1
cxb1.16,8.542,6lfo,4xt1
B1.1,8.097,6lfo,4xt1
B1.2,8.011,6lfo,4xt1
B1.3,7.972,6lfo,4xt1
B1.4,7.937,6lfo,4xt1
B1.5,7.882,6lfo,4xt1
B1.6,8.133,6lfo,4xt1
B1.7,9.433,6lfo,4xt1
b1b2.4,8.057,6lfo,4xt1
b1b2.6,13.026,6lfo,4xt1
b1b2.9,9.005,6lfo,4xt1
b1b2.10,8.757,6lfo,4xt1
b1b2.12,8.871,6lfo,4xt1
b1b2.13,10.577,6lfo,4xt1
b1b2.14,9.144,6lfo,4xt1
b1b2.16,7.865,6lfo,4xt1
B2.1,8.098,6lfo,4xt1
B2.2,8.366,6lfo,4xt1
B2.3,6.28,6lfo,4xt1
B2.4,8.278,6lfo,4xt1
B2.5,5.129,6lfo,4xt1
B2.6,6.023,6lfo,4xt1
b2b3.4,3.721,6lfo,4xt1
b2b3.11,4.66,6lfo,4xt1
b2b3.12,4.724,6lfo,4xt1
B3.1,5.165,6lfo,4xt1
B3.2,5.337,6lfo,4xt1
B3.3,5.409,6lfo,4xt1
B3.4,7.943,6lfo,4xt1
b3h.1,9.308,6lfo,4xt1
b3h.2,12.015,6lfo,4xt1
b3h.3,13.705,6lfo,4xt1
b3h.4,14.463,6lfo,4xt1
H.1,15.708,6lfo,4xt1
H.2,14.503,6lfo,4xt1
H.3,13.524,6lfo,4xt1
H.4,15.088,6lfo,4xt1
H.5,15.038,6lfo,4xt1
H.6,13.183,6lfo,4xt1
H.7,13.068,6lfo,4xt1
H.8,14.485,6lfo,4xt1
H.9,15.079,6lfo,4xt1
H.10,13.982,6lfo,4xt1
NTc.Cm5,8.328,6lfo,5wb2
NTc.Cm4,5.38,6lfo,5wb2
NTc.Cm3,4.915,6lfo,5wb2
NTc.Cm2,7.534,6lfo,5wb2
NTc.Cm1,10.952,6lfo,5wb2
CX.1,10.724,6lfo,5wb2
CX.4,4.096,6lfo,5wb2
CX.5,3.559,6lfo,5wb2
cxb1.1,2.689,6lfo,5wb2
cxb1.2,3.789,6lfo,5wb2
cxb1.5,5.399,6lfo,5wb2
cxb1.6,6.034,6lfo,5wb2
cxb1.8,8.234,6lfo,5wb2
cxb1.10,7.82,6lfo,5wb2
cxb1.11,8.48,6lfo,5wb2
cxb1.14,5.841,6lfo,5wb2
cxb1.15,4.9,6lfo,5wb2
cxb1.16,3.56,6lfo,5wb2
B1.1,4.35,6lfo,5wb2
B1.2,4.621,6lfo,5wb2
B1.3,3.774,6lfo,5wb2
B1.4,3.807,6lfo,5wb2
B1.5,4.083,6lfo,5wb2
B1.6,5.182,6lfo,5wb2
B1.7,6.529,6lfo,5wb2
b1b2.4,6.789,6lfo,5wb2
b1b2.6,12.697,6lfo,5wb2
b1b2.9,11.297,6lfo,5wb2
b1b2.10,7.466,6lfo,5wb2
b1b2.12,8.415,6lfo,5wb2
b1b2.13,8.026,6lfo,5wb2
b1b2.14,7.277,6lfo,5wb2
b1b2.16,7.05,6lfo,5wb2
B2.1,5.623,6lfo,5wb2
B2.2,5.899,6lfo,5wb2
B2.3,3.049,6lfo,5wb2
B2.4,4.437,6lfo,5wb2
B2.5,2.359,6lfo,5wb2
B2.6,2.715,6lfo,5wb2
b2b3.4,3.802,6lfo,5wb2
b2b3.11,4.161,6lfo,5wb2
b2b3.12,3.151,6lfo,5wb2
B3.1,3.477,6lfo,5wb2
B3.2,3.515,6lfo,5wb2
B3.3,3.929,6lfo,5wb2
B3.4,5.57,6lfo,5wb2
b3h.1,6.845,6lfo,5wb2
b3h.2,9.014,6lfo,5wb2
b3h.3,10.391,6lfo,5wb2
b3h.4,10.521,6lfo,5wb2
H.1,10.586,6lfo,5wb2
H.2,9.371,6lfo,5wb2
H.3,8.779,6lfo,5wb2
H.4,9.811,6lfo,5wb2
H.5,10.119,6lfo,5wb2
H.6,8.643,6lfo,5wb2
H.7,8.649,6lfo,5wb2
H.8,9.119,6lfo,5wb2
H.9,9.152,6lfo,5wb2
H.10,8.517,6lfo,5wb2
NTc.Cm8,7.654,ngo,7sk3
NTc.Cm7,3.424,ngo,7sk3
NTc.Cm6,3.119,ngo,7sk3
NTc.Cm5,8.611,ngo,7sk3
NTc.Cm4,9.825,ngo,7sk3
NTc.Cm3,7.51,ngo,7sk3
NTc.Cm2,5.195,ngo,7sk3
NTc.Cm1,5.131,ngo,7sk3
CX.1,3.795,ngo,7sk3
CX.4,3.467,ngo,7sk3
CX.5,5.415,ngo,7sk3
cxb1.1,10.296,ngo,7sk3
cxb1.2,14.857,ngo,7sk3
cxb1.5,13.882,ngo,7sk3
cxb1.6,17.038,ngo,7sk3
cxb1.8,16.062,ngo,7sk3
cxb1.10,21.597,ngo,7sk3
cxb1.11,21.391,ngo,7sk3
cxb1.14,23.822,ngo,7sk3
cxb1.15,22.256,ngo,7sk3
cxb1.16,28.998,ngo,7sk3
B1.1,29.79,ngo,7sk3
B1.2,25.808,ngo,7sk3
B1.3,29.138,ngo,7sk3
B1.4,25.438,ngo,7sk3
B1.5,18.992,ngo,7sk3
B1.6,17.075,ngo,7sk3
B1.7,13.518,ngo,7sk3
b1b2.4,12.746,ngo,7sk3
b1b2.7,14.834,ngo,7sk3
b1b2.8,13.271,ngo,7sk3
b1b2.9,17.334,ngo,7sk3
b1b2.10,14.028,ngo,7sk3
b1b2.12,9.584,ngo,7sk3
b1b2.14,12.634,ngo,7sk3
b1b2.16,7.218,ngo,7sk3
B2.1,4.924,ngo,7sk3
B2.2,7.547,ngo,7sk3
B2.3,12.249,ngo,7sk3
B2.4,17.589,ngo,7sk3
B2.5,24.429,ngo,7sk3
B2.6,27.962,ngo,7sk3
b2b3.2,33.869,ngo,7sk3
b2b3.3,37.966,ngo,7sk3
b2b3.4,36.021,ngo,7sk3
b2b3.11,32.784,ngo,7sk3
b2b3.12,27.856,ngo,7sk3
B3.1,21.284,ngo,7sk3
B3.2,17.682,ngo,7sk3
B3.3,11.345,ngo,7sk3
B3.4,9.998,ngo,7sk3
b3h.1,6.909,ngo,7sk3
b3h.2,1.368,ngo,7sk3
b3h.3,5.458,ngo,7sk3
b3h.4,7.358,ngo,7sk3
H.1,5.848,ngo,7sk3
H.2,9.064,ngo,7sk3
H.3,8.767,ngo,7sk3
H.4,5.984,ngo,7sk3
H.5,9.842,ngo,7sk3
H.6,14.244,ngo,7sk3
H.7,13.991,ngo,7sk3
H.8,15.423,ngo,7sk3
H.9,19.107,ngo,7sk3
H.10,21.97,ngo,7sk3
CT,22.939,ngo,7sk3
NTc.Cm7,3.416,ngo,7xbx
NTc.Cm6,4.247,ngo,7xbx
NTc.Cm5,4.6,ngo,7xbx
NTc.Cm4,8.035,ngo,7xbx
NTc.Cm3,10.156,ngo,7xbx
NTc.Cm2,9.652,ngo,7xbx
NTc.Cm1,12.96,ngo,7xbx
CX.1,10.467,ngo,7xbx
CX.4,3.453,ngo,7xbx
CX.5,3.377,ngo,7xbx
cxb1.1,3.48,ngo,7xbx
cxb1.2,5.527,ngo,7xbx
cxb1.5,5.157,ngo,7xbx
cxb1.6,7.639,ngo,7xbx
cxb1.8,6.33,ngo,7xbx
cxb1.10,6.542,ngo,7xbx
cxb1.11,6.94,ngo,7xbx
cxb1.14,6.737,ngo,7xbx
cxb1.15,8.332,ngo,7xbx
cxb1.16,7.535,ngo,7xbx
B1.1,7.627,ngo,7xbx
B1.2,6.531,ngo,7xbx
B1.3,7.086,ngo,7xbx
B1.4,6.503,ngo,7xbx
B1.5,5.929,ngo,7xbx
B1.6,5.82,ngo,7xbx
B1.7,6.776,ngo,7xbx
b1b2.4,6.734,ngo,7xbx
b1b2.9,12.978,ngo,7xbx
b1b2.10,14.851,ngo,7xbx
b1b2.12,11.891,ngo,7xbx
b1b2.14,11.788,ngo,7xbx
b1b2.16,8.615,ngo,7xbx
B2.1,4.05,ngo,7xbx
B2.2,5.864,ngo,7xbx
B2.3,3.553,ngo,7xbx
B2.4,5.939,ngo,7xbx
B2.5,8.26,ngo,7xbx
B2.6,7.112,ngo,7xbx
b2b3.4,7.708,ngo,7xbx
b2b3.11,8.733,ngo,7xbx
b2b3.12,7.316,ngo,7xbx
B3.1,6.7,ngo,7xbx
B3.2,5.839,ngo,7xbx
B3.3,4.898,ngo,7xbx
b3h.4,7.406,ngo,7xbx
H.1,9.2,ngo,7xbx
H.2,6.936,ngo,7xbx
H.3,5.123,ngo,7xbx
H.4,6.552,ngo,7xbx
H.5,5.616,ngo,7xbx
H.6,6.345,ngo,7xbx
H.7,9.154,ngo,7xbx
H.8,10.401,ngo,7xbx
H.9,9.642,ngo,7xbx
H.10,13.018,ngo,7xbx
CT,15.653,ngo,7xbx
NTc.Cm8,6.806,ngo,4rws
NTc.Cm7,6.164,ngo,4rws
NTc.Cm6,3.221,ngo,4rws
NTc.Cm5,5.466,ngo,4rws
NTc.Cm4,9.212,ngo,4rws
NTc.Cm3,9.443,ngo,4rws
NTc.Cm2,9.835,ngo,4rws
NTc.Cm1,10.578,ngo,4rws
CX.1,6.461,ngo,4rws
CX.5,3.693,ngo,4rws
cxb1.1,2.899,ngo,4rws
cxb1.2,2.79,ngo,4rws
cxb1.5,3.923,ngo,4rws
cxb1.6,5.687,ngo,4rws
cxb1.8,10.822,ngo,4rws
cxb1.10,6.897,ngo,4rws
cxb1.11,7.571,ngo,4rws
cxb1.14,8.493,ngo,4rws
cxb1.15,8.799,ngo,4rws
cxb1.16,9.318,ngo,4rws
B1.1,8.201,ngo,4rws
B1.2,7.179,ngo,4rws
B1.3,6.098,ngo,4rws
B1.4,5.924,ngo,4rws
B1.5,5.569,ngo,4rws
B1.6,3.192,ngo,4rws
B1.7,4.354,ngo,4rws
b1b2.4,5.509,ngo,4rws
b1b2.7,5.979,ngo,4rws
b1b2.9,5.297,ngo,4rws
b1b2.10,6.005,ngo,4rws
b1b2.12,5.425,ngo,4rws
b1b2.14,6.279,ngo,4rws
b1b2.16,1.765,ngo,4rws
B2.1,6.265,ngo,4rws
B2.2,5.051,ngo,4rws
B2.3,4.815,ngo,4rws
B2.4,5.264,ngo,4rws
B2.5,4.821,ngo,4rws
B2.6,5.816,ngo,4rws
b2b3.2,6.838,ngo,4rws
b2b3.4,5.318,ngo,4rws
b2b3.11,5.94,ngo,4rws
b2b3.12,5.014,ngo,4rws
B3.1,4.579,ngo,4rws
B3.2,4.76,ngo,4rws
B3.3,4.906,ngo,4rws
B3.4,4.831,ngo,4rws
b3h.1,4.127,ngo,4rws
b3h.2,4.963,ngo,4rws
b3h.3,3.904,ngo,4rws
b3h.4,5.013,ngo,4rws
H.1,5.398,ngo,4rws
H.2,9.056,ngo,4rws
H.3,8.617,ngo,4rws
H.4,8.723,ngo,4rws
H.5,11.115,ngo,4rws
H.6,11.36,ngo,4rws
H.7,10.628,ngo,4rws
H.8,12.702,ngo,4rws
H.9,14.492,ngo,4rws
H.10,14.308,ngo,4rws
CT,15.932,ngo,4rws
NTc.Cm7,1.256,ngo,4xt1
NTc.Cm6,3.635,ngo,4xt1
NTc.Cm5,7.096,ngo,4xt1
NTc.Cm4,10.962,ngo,4xt1
NTc.Cm3,11.856,ngo,4xt1
NTc.Cm2,10.277,ngo,4xt1
NTc.Cm1,13.96,ngo,4xt1
CX.1,10.661,ngo,4xt1
CX.4,1.773,ngo,4xt1
CX.5,1.269,ngo,4xt1
cxb1.1,2.28,ngo,4xt1
cxb1.2,4.454,ngo,4xt1
cxb1.5,3.94,ngo,4xt1
cxb1.6,2.964,ngo,4xt1
cxb1.8,2.623,ngo,4xt1
cxb1.10,2.197,ngo,4xt1
cxb1.11,2.335,ngo,4xt1
cxb1.14,2.417,ngo,4xt1
cxb1.15,3.798,ngo,4xt1
cxb1.16,4.054,ngo,4xt1
B1.1,3.279,ngo,4xt1
B1.2,4.721,ngo,4xt1
B1.3,6.556,ngo,4xt1
B1.4,8.133,ngo,4xt1
B1.5,7.972,ngo,4xt1
B1.6,6.854,ngo,4xt1
B1.7,7.939,ngo,4xt1
b1b2.4,6.559,ngo,4xt1
b1b2.9,13.366,ngo,4xt1
b1b2.10,13.779,ngo,4xt1
b1b2.12,10.944,ngo,4xt1
b1b2.14,9.526,ngo,4xt1
b1b2.16,8.607,ngo,4xt1
B2.1,7.499,ngo,4xt1
B2.2,8.039,ngo,4xt1
B2.3,6.211,ngo,4xt1
B2.4,7.681,ngo,4xt1
B2.5,6.857,ngo,4xt1
B2.6,7.088,ngo,4xt1
b2b3.4,3.907,ngo,4xt1
b2b3.11,5.975,ngo,4xt1
b2b3.12,4.142,ngo,4xt1
B3.1,3.354,ngo,4xt1
B3.2,1.003,ngo,4xt1
B3.3,1.962,ngo,4xt1
B3.4,3.915,ngo,4xt1
b3h.1,6.671,ngo,4xt1
b3h.2,8.567,ngo,4xt1
b3h.3,10.331,ngo,4xt1
b3h.4,8.121,ngo,4xt1
H.1,9.475,ngo,4xt1
H.2,5.826,ngo,4xt1
H.3,6.316,ngo,4xt1
H.4,10.116,ngo,4xt1
H.5,9.526,ngo,4xt1
H.6,8.536,ngo,4xt1
H.7,11.145,ngo,4xt1
H.8,14.18,ngo,4xt1
H.9,14.147,ngo,4xt1
H.10,14.77,ngo,4xt1
CT,17.572,ngo,4xt1
NTc.Cm7,4.238,ngo,5wb2
NTc.Cm6,5.42,ngo,5wb2
NTc.Cm5,3.169,ngo,5wb2
NTc.Cm4,3.251,ngo,5wb2
NTc.Cm3,5.87,ngo,5wb2
NTc.Cm2,8.475,ngo,5wb2
NTc.Cm1,12.598,ngo,5wb2
CX.1,10.703,ngo,5wb2
CX.4,2.401,ngo,5wb2
CX.5,2.158,ngo,5wb2
cxb1.1,1.903,ngo,5wb2
cxb1.2,4.094,ngo,5wb2
cxb1.5,3.922,ngo,5wb2
cxb1.6,3.119,ngo,5wb2
cxb1.8,3.588,ngo,5wb2
cxb1.10,4.259,ngo,5wb2
cxb1.11,3.02,ngo,5wb2
cxb1.14,4.075,ngo,5wb2
cxb1.15,2.918,ngo,5wb2
cxb1.16,4.359,ngo,5wb2
B1.1,4.909,ngo,5wb2
B1.2,3.916,ngo,5wb2
B1.3,4.672,ngo,5wb2
B1.4,4.509,ngo,5wb2
B1.5,3.711,ngo,5wb2
B1.6,3.276,ngo,5wb2
B1.7,4.534,ngo,5wb2
b1b2.4,5.348,ngo,5wb2
b1b2.9,14.901,ngo,5wb2
b1b2.10,12.164,ngo,5wb2
b1b2.12,10.324,ngo,5wb2
b1b2.14,7.659,ngo,5wb2
b1b2.16,7.358,ngo,5wb2
B2.1,5.013,ngo,5wb2
B2.2,5.979,ngo,5wb2
B2.3,4.259,ngo,5wb2
B2.4,5.207,ngo,5wb2
B2.5,7.591,ngo,5wb2
B2.6,6.355,ngo,5wb2
b2b3.4,6.191,ngo,5wb2
b2b3.11,6.099,ngo,5wb2
b2b3.12,5.329,ngo,5wb2
B3.1,3.954,ngo,5wb2
B3.2,2.345,ngo,5wb2
B3.3,1.813,ngo,5wb2
B3.4,3.105,ngo,5wb2
b3h.1,5.268,ngo,5wb2
b3h.2,5.647,ngo,5wb2
b3h.3,8.356,ngo,5wb2
b3h.4,7.231,ngo,5wb2
H.1,7.192,ngo,5wb2
H.2,4.787,ngo,5wb2
H.3,3.735,ngo,5wb2
H.4,4.243,ngo,5wb2
H.5,3.784,ngo,5wb2
H.6,4.894,ngo,5wb2
H.7,5.738,ngo,5wb2
H.8,7.662,ngo,5wb2
H.9,8.705,ngo,5wb2
H.10,10.426,ngo,5wb2
CT,12.118,ngo,5wb2
NTc.Cm7,4.574,7sk3,7xbx
NTc.Cm6,3.513,7sk3,7xbx
NTc.Cm5,5.33,7sk3,7xbx
NTc.Cm4,8.202,7sk3,7xbx
NTc.Cm3,7.969,7sk3,7xbx
NTc.Cm2,7.423,7sk3,7xbx
NTc.Cm1,8.927,7sk3,7xbx
CX.1,7.949,7sk3,7xbx
CX.4,5.14,7sk3,7xbx
CX.5,6.304,7sk3,7xbx
cxb1.1,8.104,7sk3,7xbx
cxb1.2,13.363,7sk3,7xbx
cxb1.5,12.977,7sk3,7xbx
cxb1.6,11.848,7sk3,7xbx
cxb1.8,12.655,7sk3,7xbx
cxb1.10,18.345,7sk3,7xbx
cxb1.11,17.118,7sk3,7xbx
cxb1.14,19.181,7sk3,7xbx
cxb1.15,19.862,7sk3,7xbx
cxb1.16,26.304,7sk3,7xbx
B1.1,27.016,7sk3,7xbx
B1.2,23.193,7sk3,7xbx
B1.3,26.43,7sk3,7xbx
B1.4,23.505,7sk3,7xbx
B1.5,18.374,7sk3,7xbx
B1.6,16.905,7sk3,7xbx
B1.7,15.142,7sk3,7xbx
b1b2.4,11.581,7sk3,7xbx
b1b2.9,9.094,7sk3,7xbx
b1b2.10,5.038,7sk3,7xbx
b1b2.12,7.455,7sk3,7xbx
b1b2.14,11.799,7sk3,7xbx
b1b2.16,9.885,7sk3,7xbx
B2.1,6.259,7sk3,7xbx
B2.2,8.917,7sk3,7xbx
B2.3,12.159,7sk3,7xbx
B2.4,17.989,7sk3,7xbx
B2.5,21.503,7sk3,7xbx
B2.6,28.092,7sk3,7xbx
b2b3.4,32.605,7sk3,7xbx
b2b3.11,31.473,7sk3,7xbx
b2b3.12,27.242,7sk3,7xbx
B3.1,21.093,7sk3,7xbx
B3.2,18.422,7sk3,7xbx
B3.3,12.845,7sk3,7xbx
b3h.4,8.446,7sk3,7xbx
H.1,7.887,7sk3,7xbx
H.2,7.564,7sk3,7xbx
H.3,7.92,7sk3,7xbx
H.4,7.967,7sk3,7xbx
H.5,10.148,7sk3,7xbx
H.6,11.095,7sk3,7xbx
H.7,10.42,7sk3,7xbx
H.8,11.523,7sk3,7xbx
H.9,13.683,7sk3,7xbx
H.10,14.128,7sk3,7xbx
CT,13.571,7sk3,7xbx
NTc.Cm8,8.096,7sk3,4rws
NTc.Cm7,7.763,7sk3,4rws
NTc.Cm6,5.45,7sk3,4rws
NTc.Cm5,7.733,7sk3,4rws
NTc.Cm4,10.464,7sk3,4rws
NTc.Cm3,7.778,7sk3,4rws
NTc.Cm2,7.344,7sk3,4rws
NTc.Cm1,8.857,7sk3,4rws
CX.1,5.725,7sk3,4rws
CX.5,8.944,7sk3,4rws
cxb1.1,12.997,7sk3,4rws
cxb1.2,17.279,7sk3,4rws
cxb1.5,17.517,7sk3,4rws
cxb1.6,22.24,7sk3,4rws
cxb1.8,26.459,7sk3,4rws
cxb1.10,28.338,7sk3,4rws
cxb1.11,28.133,7sk3,4rws
cxb1.14,30.911,7sk3,4rws
cxb1.15,28.689,7sk3,4rws
cxb1.16,35.182,7sk3,4rws
B1.1,34.847,7sk3,4rws
B1.2,29.346,7sk3,4rws
B1.3,31.258,7sk3,4rws
B1.4,26.581,7sk3,4rws
B1.5,19.797,7sk3,4rws
B1.6,16.677,7sk3,4rws
B1.7,10.698,7sk3,4rws
b1b2.4,8.086,7sk3,4rws
b1b2.7,9.372,7sk3,4rws
b1b2.9,11.964,7sk3,4rws
b1b2.10,7.775,7sk3,4rws
b1b2.12,5.22,7sk3,4rws
b1b2.14,9.709,7sk3,4rws
b1b2.16,5.629,7sk3,4rws
B2.1,3.631,7sk3,4rws
B2.2,8.693,7sk3,4rws
B2.3,14.165,7sk3,4rws
B2.4,19.892,7sk3,4rws
B2.5,26.5,7sk3,4rws
B2.6,31.65,7sk3,4rws
b2b3.2,37.751,7sk3,4rws
b2b3.4,40.485,7sk3,4rws
b2b3.11,35.919,7sk3,4rws
b2b3.12,30.888,7sk3,4rws
B3.1,23.945,7sk3,4rws
B3.2,21.398,7sk3,4rws
B3.3,15.185,7sk3,4rws
B3.4,13.635,7sk3,4rws
b3h.1,10.844,7sk3,4rws
b3h.2,6.147,7sk3,4rws
b3h.3,8.375,7sk3,4rws
b3h.4,11.388,7sk3,4rws
H.1,10.612,7sk3,4rws
H.2,12.921,7sk3,4rws
H.3,10.925,7sk3,4rws
H.4,6.916,7sk3,4rws
H.5,9.398,7sk3,4rws
H.6,12.859,7sk3,4rws
H.7,10.809,7sk3,4rws
H.8,10.06,7sk3,4rws
H.9,13.704,7sk3,4rws
H.10,15.994,7sk3,4rws
CT,15.428,7sk3,4rws
NTc.Cm7,3.991,7sk3,4xt1
NTc.Cm6,2.205,7sk3,4xt1
NTc.Cm5,4.839,7sk3,4xt1
NTc.Cm4,8.227,7sk3,4xt1
NTc.Cm3,7.736,7sk3,4xt1
NTc.Cm2,6.938,7sk3,4xt1
NTc.Cm1,8.959,7sk3,4xt1
CX.1,7.522,7sk3,4xt1
CX.4,4.549,7sk3,4xt1
CX.5,5.754,7sk3,4xt1
cxb1.1,8.706,7sk3,4xt1
cxb1.2,11.642,7sk3,4xt1
cxb1.5,11.575,7sk3,4xt1
cxb1.6,16.519,7sk3,4xt1
cxb1.8,16.338,7sk3,4xt1
cxb1.10,22.441,7sk3,4xt1
cxb1.11,22.926,7sk3,4xt1
cxb1.14,26.25,7sk3,4xt1
cxb1.15,25.655,7sk3,4xt1
cxb1.16,31.937,7sk3,4xt1
B1.1,31.344,7sk3,4xt1
B1.2,28.408,7sk3,4xt1
B1.3,31.509,7sk3,4xt1
B1.4,28.118,7sk3,4xt1
B1.5,22.374,7sk3,4xt1
B1.6,19.662,7sk3,4xt1
B1.7,16.544,7sk3,4xt1
b1b2.4,12.888,7sk3,4xt1
b1b2.9,10.554,7sk3,4xt1
b1b2.10,7.634,7sk3,4xt1
b1b2.12,6.207,7sk3,4xt1
b1b2.14,8.68,7sk3,4xt1
b1b2.16,9.064,7sk3,4xt1
B2.1,7.953,7sk3,4xt1
B2.2,12.258,7sk3,4xt1
B2.3,16.749,7sk3,4xt1
B2.4,22.142,7sk3,4xt1
B2.5,25.897,7sk3,4xt1
B2.6,32.304,7sk3,4xt1
b2b3.4,35.995,7sk3,4xt1
b2b3.11,32.53,7sk3,4xt1
b2b3.12,27.517,7sk3,4xt1
B3.1,21.589,7sk3,4xt1
B3.2,18.38,7sk3,4xt1
B3.3,12.701,7sk3,4xt1
B3.4,12.001,7sk3,4xt1
b3h.1,7.983,7sk3,4xt1
b3h.2,8.538,7sk3,4xt1
b3h.3,6.556,7sk3,4xt1
b3h.4,9.373,7sk3,4xt1
H.1,10.44,7sk3,4xt1
H.2,13.676,7sk3,4xt1
H.3,13.711,7sk3,4xt1
H.4,13.239,7sk3,4xt1
H.5,15.053,7sk3,4xt1
H.6,16.807,7sk3,4xt1
H.7,16.634,7sk3,4xt1
H.8,16.782,7sk3,4xt1
H.9,18.977,7sk3,4xt1
H.10,20.318,7sk3,4xt1
CT,20.181,7sk3,4xt1
NTc.Cm7,2.078,7sk3,5wb2
NTc.Cm6,4.073,7sk3,5wb2
NTc.Cm5,7.347,7sk3,5wb2
NTc.Cm4,7.996,7sk3,5wb2
NTc.Cm3,6.888,7sk3,5wb2
NTc.Cm2,6.716,7sk3,5wb2
NTc.Cm1,8.071,7sk3,5wb2
CX.1,7.75,7sk3,5wb2
CX.4,4.639,7sk3,5wb2
CX.5,5.407,7sk3,5wb2
cxb1.1,8.935,7sk3,5wb2
cxb1.2,11.266,7sk3,5wb2
cxb1.5,10.203,7sk3,5wb2
cxb1.6,14.242,7sk3,5wb2
cxb1.8,13.705,7sk3,5wb2
cxb1.10,17.766,7sk3,5wb2
cxb1.11,18.986,7sk3,5wb2
cxb1.14,20.901,7sk3,5wb2
cxb1.15,20.378,7sk3,5wb2
cxb1.16,26.325,7sk3,5wb2
B1.1,26.803,7sk3,5wb2
B1.2,23.782,7sk3,5wb2
B1.3,27.303,7sk3,5wb2
B1.4,24.608,7sk3,5wb2
B1.5,19.352,7sk3,5wb2
B1.6,18.372,7sk3,5wb2
B1.7,15.145,7sk3,5wb2
b1b2.4,12.71,7sk3,5wb2
b1b2.9,6.676,7sk3,5wb2
b1b2.10,2.676,7sk3,5wb2
b1b2.12,6.93,7sk3,5wb2
b1b2.14,9.94,7sk3,5wb2
b1b2.16,9.05,7sk3,5wb2
B2.1,6.061,7sk3,5wb2
B2.2,10.247,7sk3,5wb2
B2.3,14.139,7sk3,5wb2
B2.4,19.545,7sk3,5wb2
B2.5,22.835,7sk3,5wb2
B2.6,28.896,7sk3,5wb2
b2b3.4,33.381,7sk3,5wb2
b2b3.11,30.756,7sk3,5wb2
b2b3.12,25.98,7sk3,5wb2
B3.1,20.138,7sk3,5wb2
B3.2,16.463,7sk3,5wb2
B3.3,10.802,7sk3,5wb2
B3.4,8.985,7sk3,5wb2
b3h.1,5.114,7sk3,5wb2
b3h.2,5.468,7sk3,5wb2
b3h.3,4.147,7sk3,5wb2
b3h.4,4.664,7sk3,5wb2
H.1,4.613,7sk3,5wb2
H.2,7.41,7sk3,5wb2
H.3,8.283,7sk3,5wb2
H.4,8.105,7sk3,5wb2
H.5,10.112,7sk3,5wb2
H.6,11.988,7sk3,5wb2
H.7,12.605,7sk3,5wb2
H.8,12.836,7sk3,5wb2
H.9,14.237,7sk3,5wb2
H.10,15.979,7sk3,5wb2
CT,16.55,7sk3,5wb2
NTc.Cm7,8.55,7xbx,4rws
NTc.Cm6,7.193,7xbx,4rws
NTc.Cm5,4.98,7xbx,4rws
NTc.Cm4,9.446,7xbx,4rws
NTc.Cm3,9.44,7xbx,4rws
NTc.Cm2,9.632,7xbx,4rws
NTc.Cm1,10.397,7xbx,4rws
CX.1,10.227,7xbx,4rws
CX.5,4.699,7xbx,4rws
cxb1.1,5.989,7xbx,4rws
cxb1.2,6.871,7xbx,4rws
cxb1.5,7.135,7xbx,4rws
cxb1.6,12.001,7xbx,4rws
cxb1.8,15.418,7xbx,4rws
cxb1.10,11.833,7xbx,4rws
cxb1.11,12.281,7xbx,4rws
cxb1.14,13.289,7xbx,4rws
cxb1.15,10.251,7xbx,4rws
cxb1.16,10.168,7xbx,4rws
B1.1,8.992,7xbx,4rws
B1.2,7.412,7xbx,4rws
B1.3,5.891,7xbx,4rws
B1.4,4.55,7xbx,4rws
B1.5,4.624,7xbx,4rws
B1.6,5.081,7xbx,4rws
B1.7,6.516,7xbx,4rws
b1b2.4,5.798,7xbx,4rws
b1b2.9,9.328,7xbx,4rws
b1b2.10,9.321,7xbx,4rws
b1b2.12,8.828,7xbx,4rws
b1b2.13,10.797,7xbx,4rws
b1b2.14,11.719,7xbx,4rws
b1b2.16,9.339,7xbx,4rws
B2.1,7.104,7xbx,4rws
B2.2,5.586,7xbx,4rws
B2.3,2.992,7xbx,4rws
B2.4,4.086,7xbx,4rws
B2.5,6.627,7xbx,4rws
B2.6,5.287,7xbx,4rws
b2b3.4,9.659,7xbx,4rws
b2b3.11,6.813,7xbx,4rws
b2b3.12,5.411,7xbx,4rws
B3.1,5.307,7xbx,4rws
B3.2,5.367,7xbx,4rws
B3.3,4.336,7xbx,4rws
b3h.4,10.611,7xbx,4rws
H.1,13.052,7xbx,4rws
H.2,11.907,7xbx,4rws
H.3,7.052,7xbx,4rws
H.4,7.879,7xbx,4rws
H.5,9.296,7xbx,4rws
H.6,6.576,7xbx,4rws
H.7,3.272,7xbx,4rws
H.8,5.705,7xbx,4rws
H.9,5.585,7xbx,4rws
H.10,3.356,7xbx,4rws
CT,2.36,7xbx,4rws
NTc.Cm7,3.332,7xbx,4xt1
NTc.Cm6,1.315,7xbx,4xt1
NTc.Cm5,2.266,7xbx,4xt1
NTc.Cm4,2.851,7xbx,4xt1
NTc.Cm3,2.063,7xbx,4xt1
NTc.Cm2,0.702,7xbx,4xt1
NTc.Cm1,1.206,7xbx,4xt1
CX.1,2.859,7xbx,4xt1
CX.2,1.646,7xbx,4xt1
CX.3,2.365,7xbx,4xt1
CX.4,2.569,7xbx,4xt1
CX.5,3.22,7xbx,4xt1
cxb1.1,3.463,7xbx,4xt1
cxb1.2,7.335,7xbx,4xt1
cxb1.5,7.526,7xbx,4xt1
cxb1.6,7.515,7xbx,4xt1
cxb1.8,7.247,7xbx,4xt1
cxb1.10,7.353,7xbx,4xt1
cxb1.11,8.149,7xbx,4xt1
cxb1.14,7.936,7xbx,4xt1
cxb1.15,9.256,7xbx,4xt1
cxb1.16,7.557,7xbx,4xt1
B1.1,6.332,7xbx,4xt1
B1.2,6.143,7xbx,4xt1
B1.3,5.799,7xbx,4xt1
B1.4,5.345,7xbx,4xt1
B1.5,4.943,7xbx,4xt1
B1.6,3.779,7xbx,4xt1
B1.7,3.14,7xbx,4xt1
b1b2.4,3.16,7xbx,4xt1
b1b2.6,4.393,7xbx,4xt1
b1b2.9,1.935,7xbx,4xt1
b1b2.10,4.36,7xbx,4xt1
b1b2.12,1.864,7xbx,4xt1
b1b2.13,1.911,7xbx,4xt1
b1b2.14,5.697,7xbx,4xt1
b1b2.16,7.727,7xbx,4xt1
b1b2.17,4.503,7xbx,4xt1
B2.1,4.246,7xbx,4xt1
B2.2,4.805,7xbx,4xt1
B2.3,5.169,7xbx,4xt1
B2.4,4.872,7xbx,4xt1
B2.5,5.312,7xbx,4xt1
B2.6,5.4,7xbx,4xt1
b2b3.4,4.961,7xbx,4xt1
b2b3.11,3.444,7xbx,4xt1
b2b3.12,4.745,7xbx,4xt1
B3.1,4.736,7xbx,4xt1
B3.2,5.544,7xbx,4xt1
B3.3,5.274,7xbx,4xt1
b3h.4,7.319,7xbx,4xt1
H.1,7.97,7xbx,4xt1
H.2,7.91,7xbx,4xt1
H.3,7.046,7xbx,4xt1
H.4,7.223,7xbx,4xt1
H.5,6.608,7xbx,4xt1
H.6,6.566,7xbx,4xt1
H.7,7,7xbx,4xt1
H.8,6.396,7xbx,4xt1
H.9,6.969,7xbx,4xt1
H.10,7.843,7xbx,4xt1
CT,7.625,7xbx,4xt1
NTc.Cm7,6.325,7xbx,5wb2
NTc.Cm6,1.877,7xbx,5wb2
NTc.Cm5,2.919,7xbx,5wb2
NTc.Cm4,5.966,7xbx,5wb2
NTc.Cm3,5.177,7xbx,5wb2
NTc.Cm2,2.642,7xbx,5wb2
NTc.Cm1,2.737,7xbx,5wb2
CX.1,1.503,7xbx,5wb2
CX.2,1.648,7xbx,5wb2
CX.3,2.131,7xbx,5wb2
CX.4,1.548,7xbx,5wb2
CX.5,1.68,7xbx,5wb2
cxb1.1,1.103,7xbx,5wb2
cxb1.2,4.258,7xbx,5wb2
cxb1.5,4.755,7xbx,5wb2
cxb1.6,4.821,7xbx,5wb2
cxb1.8,4.036,7xbx,5wb2
cxb1.10,4.772,7xbx,5wb2
cxb1.11,3.38,7xbx,5wb2
cxb1.14,3.163,7xbx,5wb2
cxb1.15,6.147,7xbx,5wb2
cxb1.16,4.88,7xbx,5wb2
B1.1,4.851,7xbx,5wb2
B1.2,3.623,7xbx,5wb2
B1.3,4.155,7xbx,5wb2
B1.4,3.317,7xbx,5wb2
B1.5,3.415,7xbx,5wb2
B1.6,4.239,7xbx,5wb2
B1.7,3.705,7xbx,5wb2
b1b2.4,3.353,7xbx,5wb2
b1b2.6,5.635,7xbx,5wb2
b1b2.9,2.678,7xbx,5wb2
b1b2.10,3.979,7xbx,5wb2
b1b2.12,3.283,7xbx,5wb2
b1b2.13,4.785,7xbx,5wb2
b1b2.14,5.16,7xbx,5wb2
b1b2.16,6.172,7xbx,5wb2
b1b2.17,2.751,7xbx,5wb2
B2.1,3.004,7xbx,5wb2
B2.2,3.162,7xbx,5wb2
B2.3,3.169,7xbx,5wb2
B2.4,3.634,7xbx,5wb2
B2.5,4.163,7xbx,5wb2
B2.6,5.093,7xbx,5wb2
b2b3.4,4.899,7xbx,5wb2
b2b3.11,5.081,7xbx,5wb2
b2b3.12,5.761,7xbx,5wb2
B3.1,5.415,7xbx,5wb2
B3.2,5.149,7xbx,5wb2
B3.3,4.215,7xbx,5wb2
b3h.4,5.141,7xbx,5wb2
H.1,4.57,7xbx,5wb2
H.2,1.917,7xbx,5wb2
H.3,3.068,7xbx,5wb2
H.4,4.232,7xbx,5wb2
H.5,2.559,7xbx,5wb2
H.6,2.075,7xbx,5wb2
H.7,4.568,7xbx,5wb2
H.8,4.226,7xbx,5wb2
H.9,1.716,7xbx,5wb2
H.10,3.454,7xbx,5wb2
CT,4.79,7xbx,5wb2
NTc.Cm7,6.911,4rws,4xt1
NTc.Cm6,6.244,4rws,4xt1
NTc.Cm5,5.897,4rws,4xt1
NTc.Cm4,11.071,4rws,4xt1
NTc.Cm3,9.616,4rws,4xt1
NTc.Cm2,9.574,4rws,4xt1
NTc.Cm1,10.882,4rws,4xt1
CX.1,10.249,4rws,4xt1
CX.5,3.508,4rws,4xt1
cxb1.1,4.142,4rws,4xt1
cxb1.2,5.84,4rws,4xt1
cxb1.5,6.622,4rws,4xt1
cxb1.6,6.883,4rws,4xt1
cxb1.8,10.777,4rws,4xt1
cxb1.10,6.045,4rws,4xt1
cxb1.11,6.844,4rws,4xt1
cxb1.14,5.926,4rws,4xt1
cxb1.15,5.261,4rws,4xt1
cxb1.16,4.891,4rws,4xt1
B1.1,4.042,4rws,4xt1
B1.2,2.446,4rws,4xt1
B1.3,1.965,4rws,4xt1
B1.4,4.092,4rws,4xt1
B1.5,4.878,4rws,4xt1
B1.6,6.339,4rws,4xt1
B1.7,7.923,4rws,4xt1
b1b2.4,6.824,4rws,4xt1
b1b2.9,10.142,4rws,4xt1
b1b2.10,9.147,4rws,4xt1
b1b2.12,8.002,4rws,4xt1
b1b2.13,11.487,4rws,4xt1
b1b2.14,10.332,4rws,4xt1
b1b2.16,8.963,4rws,4xt1
B2.1,7.625,4rws,4xt1
B2.2,6.092,4rws,4xt1
B2.3,3.216,4rws,4xt1
B2.4,4.279,4rws,4xt1
B2.5,3.448,4rws,4xt1
B2.6,2.622,4rws,4xt1
b2b3.4,5.04,4rws,4xt1
b2b3.11,3.999,4rws,4xt1
b2b3.12,3.452,4rws,4xt1
B3.1,1.707,4rws,4xt1
B3.2,3.219,4rws,4xt1
B3.3,4.409,4rws,4xt1
B3.4,6.494,4rws,4xt1
b3h.1,8.405,4rws,4xt1
b3h.2,9.49,4rws,4xt1
b3h.3,11.743,4rws,4xt1
b3h.4,11.661,4rws,4xt1
H.1,12.288,4rws,4xt1
H.2,10.553,4rws,4xt1
H.3,9.2,4rws,4xt1
H.4,10.54,4rws,4xt1
H.5,9.563,4rws,4xt1
H.6,6.935,4rws,4xt1
H.7,7.58,4rws,4xt1
H.8,8.736,4rws,4xt1
H.9,6.82,4rws,4xt1
H.10,5.796,4rws,4xt1
CT,5.821,4rws,4xt1
NTc.Cm7,7.432,4rws,5wb2
NTc.Cm6,8.454,4rws,5wb2
NTc.Cm5,6.123,4rws,5wb2
NTc.Cm4,6.614,4rws,5wb2
NTc.Cm3,9.248,4rws,5wb2
NTc.Cm2,10.715,4rws,5wb2
NTc.Cm1,11.867,4rws,5wb2
CX.1,10.845,4rws,5wb2
CX.5,4.324,4rws,5wb2
cxb1.1,4.145,4rws,5wb2
cxb1.2,5.824,4rws,5wb2
cxb1.5,7.045,4rws,5wb2
cxb1.6,7.806,4rws,5wb2
cxb1.8,12.445,4rws,5wb2
cxb1.10,10.341,4rws,5wb2
cxb1.11,9.295,4rws,5wb2
cxb1.14,10.248,4rws,5wb2
cxb1.15,9.2,4rws,5wb2
cxb1.16,9.707,4rws,5wb2
B1.1,8.789,4rws,5wb2
B1.2,6.115,4rws,5wb2
B1.3,4.181,4rws,5wb2
B1.4,1.864,4rws,5wb2
B1.5,2.041,4rws,5wb2
B1.6,2.963,4rws,5wb2
B1.7,5.352,4rws,5wb2
b1b2.4,6.026,4rws,5wb2
b1b2.9,10.807,4rws,5wb2
b1b2.10,6.578,4rws,5wb2
b1b2.12,6.99,4rws,5wb2
b1b2.13,6.655,4rws,5wb2
b1b2.14,9.074,4rws,5wb2
b1b2.16,8.224,4rws,5wb2
B2.1,5.761,4rws,5wb2
B2.2,4.012,4rws,5wb2
B2.3,1.859,4rws,5wb2
B2.4,0.647,4rws,5wb2
B2.5,6.103,4rws,5wb2
B2.6,5.574,4rws,5wb2
b2b3.4,8.882,4rws,5wb2
b2b3.11,6.729,4rws,5wb2
b2b3.12,5.775,4rws,5wb2
B3.1,3.56,4rws,5wb2
B3.2,4.765,4rws,5wb2
B3.3,5.106,4rws,5wb2
B3.4,6.674,4rws,5wb2
b3h.1,8.251,4rws,5wb2
b3h.2,8.57,4rws,5wb2
b3h.3,10.943,4rws,5wb2
b3h.4,11.228,4rws,5wb2
H.1,11.47,4rws,5wb2
H.2,10.368,4rws,5wb2
H.3,8.445,4rws,5wb2
H.4,8.748,4rws,5wb2
H.5,8.931,4rws,5wb2
H.6,6.942,4rws,5wb2
H.7,5.637,4rws,5wb2
H.8,6.107,4rws,5wb2
H.9,5.43,4rws,5wb2
H.10,3.476,4rws,5wb2
CT,3.339,4rws,5wb2
NTc.Cm7,4.75,4xt1,5wb2
NTc.Cm6,2.679,4xt1,5wb2
NTc.Cm5,5.027,4xt1,5wb2
NTc.Cm4,8.321,4xt1,5wb2
NTc.Cm3,6.751,4xt1,5wb2
NTc.Cm2,2.956,4xt1,5wb2
NTc.Cm1,3.56,4xt1,5wb2
CX.1,1.641,4xt1,5wb2
CX.2,0.503,4xt1,5wb2
CX.3,0.68,4xt1,5wb2
CX.4,1.221,4xt1,5wb2
CX.5,1.651,4xt1,5wb2
cxb1.1,2.629,4xt1,5wb2
cxb1.2,3.142,4xt1,5wb2
cxb1.5,3.398,4xt1,5wb2
cxb1.6,3.828,4xt1,5wb2
cxb1.8,5.459,4xt1,5wb2
cxb1.10,5.139,4xt1,5wb2
cxb1.11,4.652,4xt1,5wb2
cxb1.14,6.033,4xt1,5wb2
cxb1.15,5.963,4xt1,5wb2
cxb1.16,6.711,4xt1,5wb2
B1.1,5.551,4xt1,5wb2
B1.2,5.558,4xt1,5wb2
B1.3,5.794,4xt1,5wb2
B1.4,5.293,4xt1,5wb2
B1.5,4.66,4xt1,5wb2
B1.6,3.578,4xt1,5wb2
B1.7,3.219,4xt1,5wb2
b1b2.4,1.127,4xt1,5wb2
b1b2.6,2.756,4xt1,5wb2
b1b2.9,4.249,4xt1,5wb2
b1b2.10,5.332,4xt1,5wb2
b1b2.12,3.042,4xt1,5wb2
b1b2.13,5.657,4xt1,5wb2
b1b2.14,2.695,4xt1,5wb2
b1b2.16,2.013,4xt1,5wb2
b1b2.17,2.206,4xt1,5wb2
B2.1,2.42,4xt1,5wb2
B2.2,2.375,4xt1,5wb2
B2.3,3.524,4xt1,5wb2
B2.4,3.707,4xt1,5wb2
B2.5,4.311,4xt1,5wb2
B2.6,5.129,4xt1,5wb2
b2b3.4,4.001,4xt1,5wb2
b2b3.11,3.394,4xt1,5wb2
b2b3.12,2.32,4xt1,5wb2
B3.1,2.081,4xt1,5wb2
B3.2,2.381,4xt1,5wb2
B3.3,2.406,4xt1,5wb2
B3.4,3.531,4xt1,5wb2
b3h.1,3.894,4xt1,5wb2
b3h.2,4.222,4xt1,5wb2
b3h.3,4.891,4xt1,5wb2
b3h.4,5.746,4xt1,5wb2
H.1,6.902,4xt1,5wb2
H.2,6.886,4xt1,5wb2
H.3,6.046,4xt1,5wb2
H.4,6.745,4xt1,5wb2
H.5,6.752,4xt1,5wb2
H.6,6.114,4xt1,5wb2
H.7,6.043,4xt1,5wb2
H.8,6.882,4xt1,5wb2
H.9,7.304,4xt1,5wb2
H.10,6.645,4xt1,5wb2
CT,6.728,4xt1,5wb2
