variant,ec50,ex50_err,max,max_err,ec50_rat,max_rat
WT,0.5,0.1,37,0.6,1,1
Y7A,0.4,0.3,29.9,3.4,0.8,0.808108108
Y12A,1.7,0.7,23.2,1.8,3.4,0.627027027
Y21A,9.9,3,18.6,1.1,19.8,0.502702703